idRotulo,descricao,cor,idExpediente,etiqueta,gerenciador,siglaSetor,idUsuario,dataInclusao
ROT787DOC04,Aguardando TI,#9575CD,EXP000005,PGR-00034431/2026,DOCUMENTO,GABSUB3-DVT,GABSUB3-DVT-U05,2026-09-04T22:33:50-03:00
ROT787DOC02,Arquivar,#B0BEC5,EXP000006,PGR-00031029/2026,DOCUMENTO,GABSUB3-DVT,GABSUB3-DVT-U02,2026-09-10T23:03:49-03:00
ROT787DOC01,Responder,#64B5F6,EXP000006,PGR-00031029/2026,DOCUMENTO,GABSUB3-DVT,GABSUB3-DVT-U05,2026-09-20T03:54:50-03:00
ROT787DOC04,Aguardando TI,#9575CD,EXP000006,PGR-00031029/2026,DOCUMENTO,GABSUB3-DVT,GABSUB3-DVT-U01,2026-09-12T09:45:47-03:00
ROT787DOC04,Aguardando TI,#9575CD,EXP000008,PGR-00097767/2026,DOCUMENTO,GABSUB3-DVT,GABSUB3-DVT-U01,2026-10-01T07:39:14-03:00
ROT787DOC01,Responder,#64B5F6,EXP000008,PGR-00097767/2026,DOCUMENTO,GABSUB3-DVT,GABSUB3-DVT-U06,2026-10-05T08:58:24-03:00
ROT787DOC04,Aguardando TI,#9575CD,EXP000010,PGR-00074222/2026,DOCUMENTO,GABSUB3-DVT,GABSUB3-DVT-U01,2026-10-05T14:36:57-03:00
ROT787DOC03,Urgente,#E57373,EXP000010,PGR-00074222/2026,DOCUMENTO,GABSUB3-DVT,GABSUB3-DVT-U01,2026-10-07T16:38:37-03:00
ROT787DOC01,Responder,#64B5F6,EXP000010,PGR-00074222/2026,DOCUMENTO,GABSUB3-DVT,GABSUB3-DVT-U02,2026-10-02T22:38:13-03:00
ROT787DOC02,Arquivar,#B0BEC5,EXP000012,PGR-00042976/2026,DOCUMENTO,GABSUB3-DVT,GABSUB3-DVT-U06,2026-08-28T02:06:18-03:00
ROT787DOC04,Aguardando TI,#9575CD,EXP000014,PGR-00031148/2026,DOCUMENTO,GABSUB3-DVT,GABSUB3-DVT-U06,2026-10-06T17:18:37-03:00
ROT787DOC03,Urgente,#E57373,EXP000019,PGR-00027729/2026,DOCUMENTO,GABSUB3-DVT,GABSUB3-DVT-U05,2026-10-07T11:28:37-03:00
ROT787DOC04,Aguardando TI,#9575CD,EXP000020,PGR-00040912/2026,DOCUMENTO,GABSUB3-DVT,GABSUB3-DVT-U03,2026-09-29T23:25:26-03:00
ROT787DOC02,Arquivar,#B0BEC5,EXP000020,PGR-00040912/2026,DOCUMENTO,GABSUB3-DVT,GABSUB3-DVT-U04,2026-10-02T21:34:01-03:00
ROT787DOC01,Responder,#64B5F6,EXP000020,PGR-00040912/2026,DOCUMENTO,GABSUB3-DVT,GABSUB3-DVT-U05,2026-10-05T23:36:52-03:00
ROT787DOC04,Aguardando TI,#9575CD,EXP000021,PGR-00060377/2026,DOCUMENTO,GABSUB3-DVT,GABSUB3-DVT-U03,2026-09-20T12:22:07-03:00
ROT787DOC01,Responder,#64B5F6,EXP000029,PGR-00056907/2026,DOCUMENTO,GABSUB3-DVT,GABSUB3-DVT-U02,2026-08-19T12:35:27-03:00
ROT787DOC02,Arquivar,#B0BEC5,EXP000037,PGR-00060923/2026,DOCUMENTO,GABSUB3-DVT,GABSUB3-DVT-U05,2026-07-24T01:27:31-03:00
ROT787DOC04,Aguardando TI,#9575CD,EXP000037,PGR-00060923/2026,DOCUMENTO,GABSUB3-DVT,GABSUB3-DVT-U02,2026-08-23T22:31:38-03:00
ROT787DOC03,Urgente,#E57373,EXP000038,PGR-00079904/2026,DOCUMENTO,GABSUB3-DVT,GABSUB3-DVT-U05,2026-09-23T01:19:24-03:00
ROT787DOC01,Responder,#64B5F6,EXP000038,PGR-00079904/2026,DOCUMENTO,GABSUB3-DVT,GABSUB3-DVT-U06,2026-07-23T05:34:33-03:00
ROT787DOC01,Responder,#64B5F6,EXP000043,PGR-00018888/2026,DOCUMENTO,GABSUB3-DVT,GABSUB3-DVT-U02,2026-10-05T20:33:16-03:00
ROT787DOC01,Responder,#64B5F6,EXP000044,PGR-00079946/2026,DOCUMENTO,GABSUB3-DVT,GABSUB3-DVT-U02,2026-09-22T10:28:48-03:00
ROT787DOC04,Aguardando TI,#9575CD,EXP000045,PGR-00030143/2026,DOCUMENTO,GABSUB3-DVT,GABSUB3-DVT-U01,2026-09-16T22:39:49-03:00
ROT787DOC02,Arquivar,#B0BEC5,EXP000046,PGR-00082636/2026,DOCUMENTO,GABSUB3-DVT,GABSUB3-DVT-U03,2026-09-30T23:31:15-03:00
ROT787DOC01,Responder,#64B5F6,EXP000046,PGR-00082636/2026,DOCUMENTO,GABSUB3-DVT,GABSUB3-DVT-U05,2026-09-07T18:49:44-03:00
ROT787DOC02,Arquivar,#B0BEC5,EXP000053,PGR-00014504/2026,DOCUMENTO,GABSUB3-DVT,GABSUB3-DVT-U06,2026-09-09T17:48:57-03:00
ROT787DOC04,Aguardando TI,#9575CD,EXP000053,PGR-00014504/2026,DOCUMENTO,GABSUB3-DVT,GABSUB3-DVT-U06,2026-07-12T05:19:11-03:00
ROT787DOC03,Urgente,#E57373,EXP000053,PGR-00014504/2026,DOCUMENTO,GABSUB3-DVT,GABSUB3-DVT-U02,2026-08-20T15:45:23-03:00
ROT787DOC01,Responder,#64B5F6,EXP000054,PGR-00009625/2026,DOCUMENTO,GABSUB3-DVT,GABSUB3-DVT-U06,2026-10-03T11:32:16-03:00
ROT787DOC03,Urgente,#E57373,EXP000060,PGR-00075767/2026,DOCUMENTO,GABSUB3-DVT,GABSUB3-DVT-U04,2026-10-07T05:40:07-03:00
ROT787DOC04,Aguardando TI,#9575CD,EXP000061,PGR-00006098/2026,DOCUMENTO,GABSUB3-DVT,GABSUB3-DVT-U03,2026-09-30T05:17:17-03:00
ROT787DOC03,Urgente,#E57373,EXP000065,PGR-00038275/2026,DOCUMENTO,GABSUB3-DVT,GABSUB3-DVT-U05,2026-10-04T15:29:43-03:00
ROT787DOC01,Responder,#64B5F6,EXP000067,PGR-00043840/2026,DOCUMENTO,GABSUB3-DVT,GABSUB3-DVT-U03,2026-09-04T04:27:51-03:00
ROT787DOC01,Responder,#64B5F6,EXP000071,PGR-00003621/2026,DOCUMENTO,GABSUB3-DVT,GABSUB3-DVT-U05,2026-09-24T19:31:27-03:00
ROT787DOC03,Urgente,#E57373,EXP000072,PGR-00075516/2026,DOCUMENTO,GABSUB3-DVT,GABSUB3-DVT-U05,2026-10-04T14:15:49-03:00
ROT787DOC04,Aguardando TI,#9575CD,EXP000075,PGR-00052737/2026,DOCUMENTO,GABSUB3-DVT,GABSUB3-DVT-U05,2026-09-01T05:08:00-03:00
ROT787DOC01,Responder,#64B5F6,EXP000075,PGR-00052737/2026,DOCUMENTO,GABSUB3-DVT,GABSUB3-DVT-U03,2026-08-05T11:50:57-03:00
ROT787DOC01,Responder,#64B5F6,EXP000080,PGR-00075572/2026,DOCUMENTO,GABSUB3-DVT,GABSUB3-DVT-U03,2026-08-25T01:14:30-03:00
ROT787DOC01,Responder,#64B5F6,EXP000081,PGR-00069070/2026,DOCUMENTO,GABSUB3-DVT,GABSUB3-DVT-U02,2026-09-28T17:16:53-03:00
ROT787DOC04,Aguardando TI,#9575CD,EXP000085,PGR-00051979/2026,DOCUMENTO,GABSUB3-DVT,GABSUB3-DVT-U05,2026-09-28T12:30:44-03:00
ROT787DOC01,Responder,#64B5F6,EXP000087,PGR-00002459/2026,DOCUMENTO,GABSUB3-DVT,GABSUB3-DVT-U04,2026-10-07T17:00:00-03:00
ROT787DOC02,Arquivar,#B0BEC5,EXP000087,PGR-00002459/2026,DOCUMENTO,GABSUB3-DVT,GABSUB3-DVT-U04,2026-10-07T17:00:00-03:00
ROT787DOC04,Aguardando TI,#9575CD,EXP000092,PGR-00057253/2026,DOCUMENTO,GABSUB3-DVT,GABSUB3-DVT-U03,2026-10-02T02:59:12-03:00
ROT787DOC02,Arquivar,#B0BEC5,EXP000092,PGR-00057253/2026,DOCUMENTO,GABSUB3-DVT,GABSUB3-DVT-U06,2026-10-04T02:41:25-03:00
ROT787DOC03,Urgente,#E57373,EXP000092,PGR-00057253/2026,DOCUMENTO,GABSUB3-DVT,GABSUB3-DVT-U02,2026-09-30T13:04:08-03:00
ROT787DOC01,Responder,#64B5F6,EXP000093,PGR-00077291/2026,DOCUMENTO,GABSUB3-DVT,GABSUB3-DVT-U04,2026-10-04T12:36:58-03:00
ROT787DOC04,Aguardando TI,#9575CD,EXP000098,PGR-00092901/2026,DOCUMENTO,GABSUB3-DVT,GABSUB3-DVT-U03,2026-09-05T20:43:32-03:00
ROT787DOC03,Urgente,#E57373,EXP000099,PGR-00001512/2026,DOCUMENTO,GABSUB3-DVT,GABSUB3-DVT-U05,2026-09-19T11:05:17-03:00
ROT787DOC02,Arquivar,#B0BEC5,EXP000102,PGR-00062715/2026,DOCUMENTO,GABSUB3-DVT,GABSUB3-DVT-U03,2026-10-04T05:24:00-03:00
ROT787DOC03,Urgente,#E57373,EXP000102,PGR-00062715/2026,DOCUMENTO,GABSUB3-DVT,GABSUB3-DVT-U01,2026-09-18T18:32:54-03:00
ROT787DOC04,Aguardando TI,#9575CD,EXP000102,PGR-00062715/2026,DOCUMENTO,GABSUB3-DVT,GABSUB3-DVT-U01,2026-10-02T20:33:38-03:00
ROT787DOC03,Urgente,#E57373,EXP000104,PGR-00052055/2026,DOCUMENTO,GABSUB3-DVT,GABSUB3-DVT-U03,2026-09-03T03:42:05-03:00
ROT787DOC04,Aguardando TI,#9575CD,EXP000106,PGR-00003870/2026,DOCUMENTO,GABSUB3-DVT,GABSUB3-DVT-U04,2026-09-30T11:32:57-03:00
ROT787DOC02,Arquivar,#B0BEC5,EXP000106,PGR-00003870/2026,DOCUMENTO,GABSUB3-DVT,GABSUB3-DVT-U01,2026-10-06T17:22:15-03:00
ROT787DOC01,Responder,#64B5F6,EXP000106,PGR-00003870/2026,DOCUMENTO,GABSUB3-DVT,GABSUB3-DVT-U01,2026-09-29T18:18:23-03:00
ROT787DOC04,Aguardando TI,#9575CD,EXP000107,PGR-00076604/2026,DOCUMENTO,GABSUB3-DVT,GABSUB3-DVT-U05,2026-09-09T22:26:12-03:00
ROT787DOC01,Responder,#64B5F6,EXP000110,PGR-00094821/2026,DOCUMENTO,GABSUB3-DVT,GABSUB3-DVT-U04,2026-09-17T02:15:42-03:00
ROT787DOC04,Aguardando TI,#9575CD,EXP000112,PGR-00039565/2026,DOCUMENTO,GABSUB3-DVT,GABSUB3-DVT-U06,2026-08-06T20:52:57-03:00
ROT787DOC02,Arquivar,#B0BEC5,EXP000115,PGR-00007045/2026,DOCUMENTO,GABSUB3-DVT,GABSUB3-DVT-U04,2026-09-28T00:30:05-03:00
ROT787DOC03,Urgente,#E57373,EXP000115,PGR-00007045/2026,DOCUMENTO,GABSUB3-DVT,GABSUB3-DVT-U05,2026-09-29T15:33:15-03:00
ROT787DOC04,Aguardando TI,#9575CD,EXP000115,PGR-00007045/2026,DOCUMENTO,GABSUB3-DVT,GABSUB3-DVT-U01,2026-09-20T03:36:00-03:00
ROT787DOC02,Arquivar,#B0BEC5,EXP000120,PGR-00045363/2026,DOCUMENTO,GABSUB3-DVT,GABSUB3-DVT-U03,2026-10-02T15:51:50-03:00
ROT787DOC04,Aguardando TI,#9575CD,EXP000123,PGR-00013427/2026,DOCUMENTO,GABSUB3-DVT,GABSUB3-DVT-U06,2026-10-03T00:21:31-03:00
ROT787DOC02,Arquivar,#B0BEC5,EXP000123,PGR-00013427/2026,DOCUMENTO,GABSUB3-DVT,GABSUB3-DVT-U01,2026-10-07T14:07:39-03:00
ROT787DOC03,Urgente,#E57373,EXP000125,PGR-00001615/2026,DOCUMENTO,GABSUB3-DVT,GABSUB3-DVT-U01,2026-10-06T09:18:01-03:00
ROT787DOC02,Arquivar,#B0BEC5,EXP000125,PGR-00001615/2026,DOCUMENTO,GABSUB3-DVT,GABSUB3-DVT-U05,2026-10-06T10:38:54-03:00
ROT787DOC01,Responder,#64B5F6,EXP000125,PGR-00001615/2026,DOCUMENTO,GABSUB3-DVT,GABSUB3-DVT-U05,2026-10-06T00:16:30-03:00
ROT787DOC01,Responder,#64B5F6,EXP000127,PGR-00062130/2026,DOCUMENTO,GABSUB3-DVT,GABSUB3-DVT-U04,2026-09-26T07:07:29-03:00
ROT787DOC04,Aguardando TI,#9575CD,EXP000127,PGR-00062130/2026,DOCUMENTO,GABSUB3-DVT,GABSUB3-DVT-U04,2026-10-02T22:11:57-03:00
ROT787DOC03,Urgente,#E57373,EXP000128,PGR-00012061/2026,DOCUMENTO,GABSUB3-DVT,GABSUB3-DVT-U02,2026-10-03T20:53:40-03:00
ROT787DOC02,Arquivar,#B0BEC5,EXP000128,PGR-00012061/2026,DOCUMENTO,GABSUB3-DVT,GABSUB3-DVT-U06,2026-10-01T19:52:58-03:00
ROT787DOC03,Urgente,#E57373,EXP000134,PGR-00051460/2026,DOCUMENTO,GABSUB3-DVT,GABSUB3-DVT-U03,2026-09-28T16:52:36-03:00
ROT787DOC01,Responder,#64B5F6,EXP000135,PGR-00091572/2026,DOCUMENTO,GABSUB3-DVT,GABSUB3-DVT-U06,2026-08-02T13:48:01-03:00
ROT787DOC03,Urgente,#E57373,EXP000135,PGR-00091572/2026,DOCUMENTO,GABSUB3-DVT,GABSUB3-DVT-U06,2026-07-24T23:52:45-03:00
ROT787DOC04,Aguardando TI,#9575CD,EXP000135,PGR-00091572/2026,DOCUMENTO,GABSUB3-DVT,GABSUB3-DVT-U01,2026-09-28T01:06:40-03:00
ROT787DOC02,Arquivar,#B0BEC5,EXP000136,PGR-00082336/2026,DOCUMENTO,GABSUB3-DVT,GABSUB3-DVT-U03,2026-09-30T22:49:26-03:00
ROT787DOC04,Aguardando TI,#9575CD,EXP000136,PGR-00082336/2026,DOCUMENTO,GABSUB3-DVT,GABSUB3-DVT-U01,2026-10-05T15:46:08-03:00
ROT787DOC03,Urgente,#E57373,EXP000136,PGR-00082336/2026,DOCUMENTO,GABSUB3-DVT,GABSUB3-DVT-U04,2026-10-01T12:36:25-03:00
ROT787DOC03,Urgente,#E57373,EXP000140,PGR-00050179/2026,DOCUMENTO,GABSUB3-DVT,GABSUB3-DVT-U03,2026-09-26T15:57:54-03:00
ROT787DOC01,Responder,#64B5F6,EXP000140,PGR-00050179/2026,DOCUMENTO,GABSUB3-DVT,GABSUB3-DVT-U01,2026-09-23T23:21:37-03:00
ROT787DOC03,Urgente,#E57373,EXP000144,PGR-00026633/2026,DOCUMENTO,GABSUB3-DVT,GABSUB3-DVT-U04,2026-09-17T05:18:40-03:00
ROT787DOC01,Responder,#64B5F6,EXP000148,PGR-00082085/2026,DOCUMENTO,GABSUB3-DVT,GABSUB3-DVT-U06,2026-10-04T18:10:05-03:00
ROT787DOC01,Responder,#64B5F6,EXP000150,PGR-00076219/2026,DOCUMENTO,GABSUB3-DVT,GABSUB3-DVT-U05,2026-09-29T18:36:07-03:00
ROT787DOC04,Aguardando TI,#9575CD,EXP000150,PGR-00076219/2026,DOCUMENTO,GABSUB3-DVT,GABSUB3-DVT-U01,2026-06-30T22:48:12-03:00
ROT787DOC03,Urgente,#E57373,EXP000150,PGR-00076219/2026,DOCUMENTO,GABSUB3-DVT,GABSUB3-DVT-U02,2026-07-29T15:09:03-03:00
ROT787DOC03,Urgente,#E57373,EXP000154,PGR-00015618/2026,DOCUMENTO,GABSUB3-DVT,GABSUB3-DVT-U02,2026-10-06T20:02:17-03:00
ROT787DOC02,Arquivar,#B0BEC5,EXP000154,PGR-00015618/2026,DOCUMENTO,GABSUB3-DVT,GABSUB3-DVT-U03,2026-10-07T04:49:30-03:00
ROT787DOC04,Aguardando TI,#9575CD,EXP000154,PGR-00015618/2026,DOCUMENTO,GABSUB3-DVT,GABSUB3-DVT-U02,2026-10-07T11:44:27-03:00
ROT787DOC02,Arquivar,#B0BEC5,EXP000157,PGR-00015199/2026,DOCUMENTO,GABSUB3-DVT,GABSUB3-DVT-U03,2026-08-26T15:03:55-03:00
ROT787DOC04,Aguardando TI,#9575CD,EXP000157,PGR-00015199/2026,DOCUMENTO,GABSUB3-DVT,GABSUB3-DVT-U05,2026-09-12T11:55:46-03:00
ROT787DOC03,Urgente,#E57373,EXP000157,PGR-00015199/2026,DOCUMENTO,GABSUB3-DVT,GABSUB3-DVT-U04,2026-09-09T17:05:01-03:00
ROT787DOC02,Arquivar,#B0BEC5,EXP000159,PGR-00034512/2026,DOCUMENTO,GABSUB3-DVT,GABSUB3-DVT-U04,2026-10-06T09:31:28-03:00
ROT787DOC02,Arquivar,#B0BEC5,EXP000161,PGR-00089613/2026,DOCUMENTO,GABSUB3-DVT,GABSUB3-DVT-U03,2026-09-29T16:40:44-03:00
ROT787DOC01,Responder,#64B5F6,EXP000161,PGR-00089613/2026,DOCUMENTO,GABSUB3-DVT,GABSUB3-DVT-U05,2026-09-20T11:43:33-03:00
ROT787DOC01,Responder,#64B5F6,EXP000163,PGR-00022845/2026,DOCUMENTO,GABSUB3-DVT,GABSUB3-DVT-U06,2026-08-16T04:43:26-03:00
ROT787DOC04,Aguardando TI,#9575CD,EXP000163,PGR-00022845/2026,DOCUMENTO,GABSUB3-DVT,GABSUB3-DVT-U01,2026-08-29T19:02:08-03:00
ROT787DOC02,Arquivar,#B0BEC5,EXP000163,PGR-00022845/2026,DOCUMENTO,GABSUB3-DVT,GABSUB3-DVT-U04,2026-09-26T22:53:55-03:00
ROT787DOC02,Arquivar,#B0BEC5,EXP000170,PGR-00002469/2026,DOCUMENTO,GABSUB3-DVT,GABSUB3-DVT-U01,2026-09-28T11:54:47-03:00
ROT787DOC01,Responder,#64B5F6,EXP000173,PGR-00003835/2026,DOCUMENTO,GABSUB3-DVT,GABSUB3-DVT-U02,2026-10-03T05:09:19-03:00
ROT787DOC03,Urgente,#E57373,EXP000174,PGR-00092509/2026,DOCUMENTO,GABSUB3-DVT,GABSUB3-DVT-U04,2026-10-03T16:07:32-03:00
ROT787DOC03,Urgente,#E57373,EXP000176,PGR-00067177/2026,DOCUMENTO,GABSUB3-DVT,GABSUB3-DVT-U04,2026-10-07T17:00:00-03:00
ROT787DOC02,Arquivar,#B0BEC5,EXP000176,PGR-00067177/2026,DOCUMENTO,GABSUB3-DVT,GABSUB3-DVT-U02,2026-10-07T17:00:00-03:00
ROT787DOC04,Aguardando TI,#9575CD,EXP000176,PGR-00067177/2026,DOCUMENTO,GABSUB3-DVT,GABSUB3-DVT-U01,2026-10-07T17:00:00-03:00
ROT787DOC04,Aguardando TI,#9575CD,EXP000179,PGR-00062471/2026,DOCUMENTO,GABSUB3-DVT,GABSUB3-DVT-U02,2026-07-04T05:09:07-03:00
ROT787DOC01,Responder,#64B5F6,EXP000182,PGR-00001544/2026,DOCUMENTO,GABSUB3-DVT,GABSUB3-DVT-U01,2026-09-08T14:19:25-03:00
ROT787DOC03,Urgente,#E57373,EXP000185,PGR-00016229/2026,DOCUMENTO,GABSUB3-DVT,GABSUB3-DVT-U04,2026-10-04T16:46:24-03:00
ROT787DOC02,Arquivar,#B0BEC5,EXP000185,PGR-00016229/2026,DOCUMENTO,GABSUB3-DVT,GABSUB3-DVT-U01,2026-10-06T16:43:12-03:00
ROT787DOC04,Aguardando TI,#9575CD,EXP000185,PGR-00016229/2026,DOCUMENTO,GABSUB3-DVT,GABSUB3-DVT-U01,2026-10-04T00:22:25-03:00
ROT787DOC02,Arquivar,#B0BEC5,EXP000186,PGR-00044429/2026,DOCUMENTO,GABSUB3-DVT,GABSUB3-DVT-U01,2026-10-03T07:07:01-03:00
ROT787DOC03,Urgente,#E57373,EXP000186,PGR-00044429/2026,DOCUMENTO,GABSUB3-DVT,GABSUB3-DVT-U03,2026-08-17T11:45:18-03:00
ROT787DOC02,Arquivar,#B0BEC5,EXP000187,PGR-00005584/2026,DOCUMENTO,GABSUB3-DVT,GABSUB3-DVT-U01,2026-10-06T22:35:53-03:00
ROT787DOC02,Arquivar,#B0BEC5,EXP000193,PGR-00008147/2026,DOCUMENTO,GABSUB3-DVT,GABSUB3-DVT-U06,2026-09-20T17:32:49-03:00
ROT787DOC04,Aguardando TI,#9575CD,EXP000193,PGR-00008147/2026,DOCUMENTO,GABSUB3-DVT,GABSUB3-DVT-U02,2026-09-08T17:21:56-03:00
ROT787DOC01,Responder,#64B5F6,EXP000193,PGR-00008147/2026,DOCUMENTO,GABSUB3-DVT,GABSUB3-DVT-U01,2026-09-20T08:48:15-03:00
ROT787DOC04,Aguardando TI,#9575CD,EXP000197,PGR-00048642/2026,DOCUMENTO,GABSUB3-DVT,GABSUB3-DVT-U06,2026-10-06T14:38:48-03:00
ROT787DOC01,Responder,#64B5F6,EXP000198,PGR-00006528/2026,DOCUMENTO,GABSUB3-DVT,GABSUB3-DVT-U04,2026-10-05T13:13:50-03:00
ROT787DOC02,Arquivar,#B0BEC5,EXP000201,PGR-00036623/2026,DOCUMENTO,GABSUB3-DVT,GABSUB3-DVT-U01,2026-10-07T00:20:10-03:00
ROT787DOC01,Responder,#64B5F6,EXP000205,PGR-00072955/2026,DOCUMENTO,GABSUB3-DVT,GABSUB3-DVT-U03,2026-09-26T10:01:11-03:00
ROT787DOC04,Aguardando TI,#9575CD,EXP000209,PGR-00066797/2026,DOCUMENTO,GABSUB3-DVT,GABSUB3-DVT-U05,2026-10-05T19:36:58-03:00
ROT787DOC02,Arquivar,#B0BEC5,EXP000209,PGR-00066797/2026,DOCUMENTO,GABSUB3-DVT,GABSUB3-DVT-U02,2026-09-29T11:51:00-03:00
ROT787DOC03,Urgente,#E57373,EXP000209,PGR-00066797/2026,DOCUMENTO,GABSUB3-DVT,GABSUB3-DVT-U06,2026-10-05T12:28:18-03:00
ROT787DOC03,Urgente,#E57373,EXP000211,PGR-00043951/2026,DOCUMENTO,GABSUB3-DVT,GABSUB3-DVT-U01,2026-10-03T04:01:34-03:00
ROT787DOC01,Responder,#64B5F6,EXP000211,PGR-00043951/2026,DOCUMENTO,GABSUB3-DVT,GABSUB3-DVT-U04,2026-10-07T11:24:17-03:00
ROT787DOC02,Arquivar,#B0BEC5,EXP000211,PGR-00043951/2026,DOCUMENTO,GABSUB3-DVT,GABSUB3-DVT-U04,2026-10-04T04:10:06-03:00
ROT787DOC01,Responder,#64B5F6,EXP000214,PGR-00068244/2026,DOCUMENTO,GABSUB3-DVT,GABSUB3-DVT-U04,2026-09-13T01:58:08-03:00
ROT787DOC03,Urgente,#E57373,EXP000215,PGR-00057605/2026,DOCUMENTO,GABSUB3-DVT,GABSUB3-DVT-U03,2026-10-07T12:12:16-03:00
ROT787DOC02,Arquivar,#B0BEC5,EXP000216,PGR-00058369/2026,DOCUMENTO,GABSUB3-DVT,GABSUB3-DVT-U05,2026-10-05T19:44:05-03:00
ROT787DOC01,Responder,#64B5F6,EXP000216,PGR-00058369/2026,DOCUMENTO,GABSUB3-DVT,GABSUB3-DVT-U03,2026-09-02T19:26:10-03:00
ROT787DOC03,Urgente,#E57373,EXP000217,PGR-00011283/2026,DOCUMENTO,GABSUB3-DVT,GABSUB3-DVT-U06,2026-10-05T19:38:33-03:00
ROT787DOC01,Responder,#64B5F6,EXP000218,PGR-00070418/2026,DOCUMENTO,GABSUB3-DVT,GABSUB3-DVT-U01,2026-09-27T04:04:37-03:00
ROT787DOC03,Urgente,#E57373,EXP000218,PGR-00070418/2026,DOCUMENTO,GABSUB3-DVT,GABSUB3-DVT-U02,2026-09-16T01:35:24-03:00
ROT787DOC04,Aguardando TI,#9575CD,EXP000218,PGR-00070418/2026,DOCUMENTO,GABSUB3-DVT,GABSUB3-DVT-U06,2026-10-04T21:31:32-03:00
ROT787DOC01,Responder,#64B5F6,EXP000230,PGR-00034543/2026,DOCUMENTO,GABSUB3-DVT,GABSUB3-DVT-U05,2026-09-07T18:17:14-03:00
ROT787DOC02,Arquivar,#B0BEC5,EXP000230,PGR-00034543/2026,DOCUMENTO,GABSUB3-DVT,GABSUB3-DVT-U04,2026-10-07T02:46:30-03:00
ROT787DOC02,Arquivar,#B0BEC5,EXP000234,PGR-00066200/2026,DOCUMENTO,GABSUB3-DVT,GABSUB3-DVT-U03,2026-09-25T07:53:46-03:00
ROT787DOC04,Aguardando TI,#9575CD,EXP000234,PGR-00066200/2026,DOCUMENTO,GABSUB3-DVT,GABSUB3-DVT-U04,2026-10-06T05:31:16-03:00
ROT787DOC04,Aguardando TI,#9575CD,EXP000237,PGR-00090701/2026,DOCUMENTO,GABSUB3-DVT,GABSUB3-DVT-U01,2026-09-22T20:48:42-03:00
ROT787DOC04,Aguardando TI,#9575CD,EXP000239,PGR-00004692/2026,DOCUMENTO,GABSUB3-DVT,GABSUB3-DVT-U05,2026-09-29T17:55:43-03:00
ROT787DOC01,Responder,#64B5F6,EXP000240,PGR-00080168/2026,DOCUMENTO,GABSUB3-DVT,GABSUB3-DVT-U06,2026-08-11T18:38:01-03:00
ROT787DOC03,Urgente,#E57373,EXP000240,PGR-00080168/2026,DOCUMENTO,GABSUB3-DVT,GABSUB3-DVT-U04,2026-08-01T06:14:14-03:00
ROT787DOC04,Aguardando TI,#9575CD,EXP000241,PGR-00076927/2026,DOCUMENTO,GABSUB3-DVT,GABSUB3-DVT-U06,2026-09-24T00:40:36-03:00
ROT787DOC02,Arquivar,#B0BEC5,EXP000243,PGR-00006834/2026,DOCUMENTO,GABSUB3-DVT,GABSUB3-DVT-U01,2026-09-28T12:51:44-03:00
ROT787DOC03,Urgente,#E57373,EXP000244,PGR-00077862/2026,DOCUMENTO,GABSUB3-DVT,GABSUB3-DVT-U05,2026-10-07T15:23:24-03:00
ROT787DOC04,Aguardando TI,#9575CD,EXP000246,PGR-00070325/2026,DOCUMENTO,GABSUB3-DVT,GABSUB3-DVT-U06,2026-09-25T13:44:57-03:00
ROT787DOC04,Aguardando TI,#9575CD,EXP000249,PGR-00032534/2026,DOCUMENTO,GABSUB3-DVT,GABSUB3-DVT-U04,2026-09-18T02:39:35-03:00
ROT787DOC03,Urgente,#E57373,EXP000250,PGR-00058271/2026,DOCUMENTO,GABSUB3-DVT,GABSUB3-DVT-U06,2026-10-07T16:51:45-03:00
ROT787DOC01,Responder,#64B5F6,EXP000252,PGR-00097694/2026,DOCUMENTO,GABSUB3-DVT,GABSUB3-DVT-U03,2026-08-31T23:49:25-03:00
ROT787DOC04,Aguardando TI,#9575CD,EXP000253,PGR-00075773/2026,DOCUMENTO,GABSUB3-DVT,GABSUB3-DVT-U05,2026-09-27T19:30:31-03:00
ROT787DOC02,Arquivar,#B0BEC5,EXP000253,PGR-00075773/2026,DOCUMENTO,GABSUB3-DVT,GABSUB3-DVT-U04,2026-10-04T01:32:25-03:00
ROT787DOC04,Aguardando TI,#9575CD,EXP000255,PGR-00030065/2026,DOCUMENTO,GABSUB3-DVT,GABSUB3-DVT-U01,2026-09-28T13:38:51-03:00
ROT787DOC02,Arquivar,#B0BEC5,EXP000257,PGR-00034651/2026,DOCUMENTO,GABSUB3-DVT,GABSUB3-DVT-U03,2026-09-21T06:51:45-03:00
ROT787DOC04,Aguardando TI,#9575CD,EXP000258,PGR-00032993/2026,DOCUMENTO,GABSUB3-DVT,GABSUB3-DVT-U04,2026-09-28T09:18:04-03:00
ROT787DOC01,Responder,#64B5F6,EXP000260,PGR-00050435/2026,DOCUMENTO,GABSUB3-DVT,GABSUB3-DVT-U04,2026-10-06T17:24:40-03:00
ROT787DOC04,Aguardando TI,#9575CD,EXP000261,PGR-00072612/2026,DOCUMENTO,GABSUB3-DVT,GABSUB3-DVT-U02,2026-10-01T00:14:31-03:00
ROT787DOC04,Aguardando TI,#9575CD,EXP000270,PGR-00054378/2026,DOCUMENTO,GABSUB3-DVT,GABSUB3-DVT-U05,2026-09-01T00:03:16-03:00
ROT787DOC02,Arquivar,#B0BEC5,EXP000271,PGR-00070036/2026,DOCUMENTO,GABSUB3-DVT,GABSUB3-DVT-U04,2026-10-02T13:35:01-03:00
ROT787DOC04,Aguardando TI,#9575CD,EXP000272,PGR-00096697/2026,DOCUMENTO,GABSUB3-DVT,GABSUB3-DVT-U06,2026-10-04T20:19:03-03:00
ROT787DOC02,Arquivar,#B0BEC5,EXP000272,PGR-00096697/2026,DOCUMENTO,GABSUB3-DVT,GABSUB3-DVT-U01,2026-10-07T05:37:01-03:00
ROT787DOC03,Urgente,#E57373,EXP000279,PGR-00094240/2026,DOCUMENTO,GABSUB3-DVT,GABSUB3-DVT-U05,2026-09-07T00:40:00-03:00
ROT787DOC02,Arquivar,#B0BEC5,EXP000279,PGR-00094240/2026,DOCUMENTO,GABSUB3-DVT,GABSUB3-DVT-U03,2026-08-06T06:34:18-03:00
ROT787DOC01,Responder,#64B5F6,EXP000279,PGR-00094240/2026,DOCUMENTO,GABSUB3-DVT,GABSUB3-DVT-U01,2026-09-04T04:48:55-03:00
ROT787DOC03,Urgente,#E57373,EXP000282,PGR-00053285/2026,DOCUMENTO,GABSUB3-DVT,GABSUB3-DVT-U01,2026-09-25T08:52:58-03:00
ROT787DOC02,Arquivar,#B0BEC5,EXP000286,PGR-00014181/2026,DOCUMENTO,GABSUB3-DVT,GABSUB3-DVT-U01,2026-09-09T00:26:11-03:00
ROT787DOC03,Urgente,#E57373,EXP000288,PGR-00004199/2026,DOCUMENTO,GABSUB3-DVT,GABSUB3-DVT-U06,2026-08-25T10:53:49-03:00
ROT787DOC01,Responder,#64B5F6,EXP000288,PGR-00004199/2026,DOCUMENTO,GABSUB3-DVT,GABSUB3-DVT-U05,2026-05-27T07:46:56-03:00
ROT787DOC04,Aguardando TI,#9575CD,EXP000288,PGR-00004199/2026,DOCUMENTO,GABSUB3-DVT,GABSUB3-DVT-U03,2026-05-31T03:57:47-03:00
ROT787DOC04,Aguardando TI,#9575CD,EXP000292,PGR-00043649/2026,DOCUMENTO,GABSUB3-DVT,GABSUB3-DVT-U04,2026-09-04T13:13:01-03:00
ROT787DOC04,Aguardando TI,#9575CD,EXP000299,PGR-00091606/2026,DOCUMENTO,GABSUB3-DVT,GABSUB3-DVT-U06,2026-10-01T22:24:50-03:00
ROT787DOC02,Arquivar,#B0BEC5,EXP000300,PGR-00081908/2026,DOCUMENTO,GABSUB3-DVT,GABSUB3-DVT-U05,2026-09-29T08:47:25-03:00
ROT787DOC02,Arquivar,#B0BEC5,EXP000306,PGR-00029177/2026,DOCUMENTO,GABSUB3-DVT,GABSUB3-DVT-U01,2026-10-06T18:50:48-03:00
ROT787DOC01,Responder,#64B5F6,EXP000306,PGR-00029177/2026,DOCUMENTO,GABSUB3-DVT,GABSUB3-DVT-U02,2026-10-06T14:34:46-03:00
ROT787DOC04,Aguardando TI,#9575CD,EXP000306,PGR-00029177/2026,DOCUMENTO,GABSUB3-DVT,GABSUB3-DVT-U04,2026-10-06T22:22:58-03:00
ROT787DOC01,Responder,#64B5F6,EXP000312,PGR-00047317/2026,DOCUMENTO,GABSUB3-DVT,GABSUB3-DVT-U04,2026-10-02T15:49:31-03:00
ROT787DOC01,Responder,#64B5F6,EXP000315,PGR-00032985/2026,DOCUMENTO,GABSUB3-DVT,GABSUB3-DVT-U05,2026-09-24T07:22:31-03:00
ROT787DOC02,Arquivar,#B0BEC5,EXP000316,PGR-00020402/2026,DOCUMENTO,GABSUB3-DVT,GABSUB3-DVT-U02,2026-10-05T06:59:37-03:00
ROT787DOC03,Urgente,#E57373,EXP000322,PGR-00042808/2026,DOCUMENTO,GABSUB3-DVT,GABSUB3-DVT-U01,2026-09-22T12:07:15-03:00
ROT787DOC04,Aguardando TI,#9575CD,EXP000328,PGR-00049200/2026,DOCUMENTO,GABSUB3-DVT,GABSUB3-DVT-U06,2026-10-05T16:48:07-03:00
ROT787DOC01,Responder,#64B5F6,EXP000331,PGR-00014931/2026,DOCUMENTO,GABSUB3-DVT,GABSUB3-DVT-U03,2026-09-24T04:31:24-03:00
ROT787DOC02,Arquivar,#B0BEC5,EXP000334,PGR-00093681/2026,DOCUMENTO,GABSUB3-DVT,GABSUB3-DVT-U06,2026-09-24T19:11:21-03:00
ROT787DOC02,Arquivar,#B0BEC5,EXP000335,PGR-00060808/2026,DOCUMENTO,GABSUB3-DVT,GABSUB3-DVT-U01,2026-09-27T02:57:42-03:00
ROT787DOC03,Urgente,#E57373,EXP000337,PGR-00047758/2026,DOCUMENTO,GABSUB3-DVT,GABSUB3-DVT-U05,2026-09-21T18:23:50-03:00
ROT787DOC04,Aguardando TI,#9575CD,EXP000337,PGR-00047758/2026,DOCUMENTO,GABSUB3-DVT,GABSUB3-DVT-U01,2026-09-23T12:09:17-03:00
ROT787DOC02,Arquivar,#B0BEC5,EXP000337,PGR-00047758/2026,DOCUMENTO,GABSUB3-DVT,GABSUB3-DVT-U03,2026-10-07T14:41:05-03:00
ROT787DOC02,Arquivar,#B0BEC5,EXP000342,PGR-00080803/2026,DOCUMENTO,GABSUB3-DVT,GABSUB3-DVT-U04,2026-10-02T05:48:35-03:00
ROT787DOC02,Arquivar,#B0BEC5,EXP000346,PGR-00056295/2026,DOCUMENTO,GABSUB3-DVT,GABSUB3-DVT-U01,2026-09-04T06:04:38-03:00
ROT787DOC01,Responder,#64B5F6,EXP000347,PGR-00014284/2026,DOCUMENTO,GABSUB3-DVT,GABSUB3-DVT-U02,2026-10-06T13:14:52-03:00
ROT787DOC04,Aguardando TI,#9575CD,EXP000347,PGR-00014284/2026,DOCUMENTO,GABSUB3-DVT,GABSUB3-DVT-U04,2026-09-29T04:43:51-03:00
ROT787DOC03,Urgente,#E57373,EXP000347,PGR-00014284/2026,DOCUMENTO,GABSUB3-DVT,GABSUB3-DVT-U01,2026-10-04T15:12:12-03:00
ROT787DOC01,Responder,#64B5F6,EXP000348,PGR-00035166/2026,DOCUMENTO,GABSUB3-DVT,GABSUB3-DVT-U06,2026-10-05T08:22:05-03:00
ROT787DOC03,Urgente,#E57373,EXP000348,PGR-00035166/2026,DOCUMENTO,GABSUB3-DVT,GABSUB3-DVT-U04,2026-10-07T02:11:40-03:00
ROT787DOC04,Aguardando TI,#9575CD,EXP000348,PGR-00035166/2026,DOCUMENTO,GABSUB3-DVT,GABSUB3-DVT-U05,2026-10-06T01:15:39-03:00
ROT787DOC01,Responder,#64B5F6,EXP000349,PGR-00071102/2026,DOCUMENTO,GABSUB3-DVT,GABSUB3-DVT-U02,2026-09-26T13:04:04-03:00
ROT787DOC04,Aguardando TI,#9575CD,EXP000350,PGR-00044416/2026,DOCUMENTO,GABSUB3-DVT,GABSUB3-DVT-U05,2026-08-26T09:28:12-03:00
ROT787DOC04,Aguardando TI,#9575CD,EXP000351,PGR-00065593/2026,DOCUMENTO,GABSUB3-DVT,GABSUB3-DVT-U02,2026-09-25T08:40:42-03:00
ROT787DOC01,Responder,#64B5F6,EXP000351,PGR-00065593/2026,DOCUMENTO,GABSUB3-DVT,GABSUB3-DVT-U03,2026-09-11T11:57:57-03:00
ROT787DOC02,Arquivar,#B0BEC5,EXP000351,PGR-00065593/2026,DOCUMENTO,GABSUB3-DVT,GABSUB3-DVT-U04,2026-09-08T20:18:07-03:00
ROT787DOC02,Arquivar,#B0BEC5,EXP000353,PGR-00039411/2026,DOCUMENTO,GABSUB3-DVT,GABSUB3-DVT-U01,2026-08-26T02:19:40-03:00
ROT787DOC01,Responder,#64B5F6,EXP000353,PGR-00039411/2026,DOCUMENTO,GABSUB3-DVT,GABSUB3-DVT-U06,2026-07-30T07:02:18-03:00
ROT787DOC03,Urgente,#E57373,EXP000356,PGR-00014840/2026,DOCUMENTO,GABSUB3-DVT,GABSUB3-DVT-U04,2026-09-19T15:17:17-03:00
ROT787DOC02,Arquivar,#B0BEC5,EXP000356,PGR-00014840/2026,DOCUMENTO,GABSUB3-DVT,GABSUB3-DVT-U04,2026-10-02T17:22:54-03:00
ROT787JUD01,Acompanhar,#8BD17C,EXP000376,STJ-AGINT-2464971,JUDICIAL,GABSUB3-DVT,GABSUB3-DVT-U02,2026-09-21T05:47:23-03:00
ROT787JUD04,Ciência,#AED581,EXP000381,STJ-MS-2334313,JUDICIAL,GABSUB3-DVT,GABSUB3-DVT-U01,2026-08-20T23:51:57-03:00
ROT787JUD02,Apelação,#E57373,EXP000382,STJ-EDCL-3736879,JUDICIAL,GABSUB3-DVT,GABSUB3-DVT-U03,2026-09-26T20:03:31-03:00
ROT787JUD01,Acompanhar,#8BD17C,EXP000382,STJ-EDCL-3736879,JUDICIAL,GABSUB3-DVT,GABSUB3-DVT-U02,2026-09-22T17:28:56-03:00
ROT787JUD08,Relatório,#80CBC4,EXP000382,STJ-EDCL-3736879,JUDICIAL,GABSUB3-DVT,GABSUB3-DVT-U01,2026-10-02T11:21:15-03:00
ROT787JUD06,Pendência,#BCAAA4,EXP000385,STJ-EDCL-3547183,JUDICIAL,GABSUB3-DVT,GABSUB3-DVT-U04,2026-09-23T14:09:00-03:00
ROT787JUD06,Pendência,#BCAAA4,EXP000390,STJ-CC-2106508,JUDICIAL,GABSUB3-DVT,GABSUB3-DVT-U02,2026-10-06T07:58:29-03:00
ROT787JUD03,Atenção,#F48FB1,EXP000391,STJ-CC-1851531,JUDICIAL,GABSUB3-DVT,GABSUB3-DVT-U01,2026-10-06T03:44:16-03:00
ROT787JUD08,Relatório,#80CBC4,EXP000391,STJ-CC-1851531,JUDICIAL,GABSUB3-DVT,GABSUB3-DVT-U06,2026-10-06T07:43:01-03:00
ROT787JUD07,Repercussão geral,#DCE775,EXP000396,STJ-MS-1374443,JUDICIAL,GABSUB3-DVT,GABSUB3-DVT-U05,2026-10-03T23:43:34-03:00
ROT787JUD08,Relatório,#80CBC4,EXP000399,STJ-HC-2048662,JUDICIAL,GABSUB3-DVT,GABSUB3-DVT-U03,2026-10-06T17:24:33-03:00
ROT787JUD06,Pendência,#BCAAA4,EXP000400,STJ-AGINT-3148352,JUDICIAL,GABSUB3-DVT,GABSUB3-DVT-U05,2026-07-08T01:47:32-03:00
ROT787JUD02,Apelação,#E57373,EXP000405,STJ-RESP-1404920,JUDICIAL,GABSUB3-DVT,GABSUB3-DVT-U01,2026-09-25T00:57:14-03:00
ROT787JUD08,Relatório,#80CBC4,EXP000407,STJ-RHC-2986980,JUDICIAL,GABSUB3-DVT,GABSUB3-DVT-U02,2026-10-02T06:19:28-03:00
ROT787JUD02,Apelação,#E57373,EXP000410,STJ-ARESP-3582237,JUDICIAL,GABSUB3-DVT,GABSUB3-DVT-U01,2026-09-03T00:57:16-03:00
ROT787JUD05,Homologação,#C2185B,EXP000411,STJ-CC-3753940,JUDICIAL,GABSUB3-DVT,GABSUB3-DVT-U03,2026-09-27T10:37:40-03:00
ROT34325DOC03,Urgente,#E57373,EXP001232,PGR-00005481/2026,DOCUMENTO,CIVINT/STIC,CIVINT-STIC-U04,2026-08-23T10:56:37-03:00
ROT34325DOC01,Responder,#64B5F6,EXP001232,PGR-00005481/2026,DOCUMENTO,CIVINT/STIC,CIVINT-STIC-U02,2026-09-08T21:21:17-03:00
ROT34325DOC01,Responder,#64B5F6,EXP001235,PGR-00026135/2026,DOCUMENTO,CIVINT/STIC,CIVINT-STIC-U05,2026-09-28T04:57:01-03:00
ROT34325DOC01,Responder,#64B5F6,EXP001238,PGR-00085354/2026,DOCUMENTO,CIVINT/STIC,CIVINT-STIC-U07,2026-09-12T02:40:56-03:00
ROT34325DOC04,Aguardando TI,#9575CD,EXP001240,PGR-00011644/2026,DOCUMENTO,CIVINT/STIC,CIVINT-STIC-U04,2026-10-03T01:11:35-03:00
ROT34325DOC01,Responder,#64B5F6,EXP001241,PGR-00033615/2026,DOCUMENTO,CIVINT/STIC,CIVINT-STIC-U05,2026-09-07T14:01:59-03:00
ROT34325DOC03,Urgente,#E57373,EXP001249,PGR-00076805/2026,DOCUMENTO,CIVINT/STIC,CIVINT-STIC-U04,2026-08-08T13:25:09-03:00
ROT34325DOC01,Responder,#64B5F6,EXP001249,PGR-00076805/2026,DOCUMENTO,CIVINT/STIC,CIVINT-STIC-U03,2026-09-04T12:40:17-03:00
ROT34325DOC02,Arquivar,#B0BEC5,EXP001252,PGR-00031743/2026,DOCUMENTO,CIVINT/STIC,CIVINT-STIC-U03,2026-10-04T15:15:41-03:00
ROT34325DOC03,Urgente,#E57373,EXP001253,PGR-00035188/2026,DOCUMENTO,CIVINT/STIC,CIVINT-STIC-U07,2026-09-29T23:53:14-03:00
ROT34325DOC02,Arquivar,#B0BEC5,EXP001256,PGR-00023996/2026,DOCUMENTO,CIVINT/STIC,CIVINT-STIC-U03,2026-08-17T00:06:14-03:00
ROT34325DOC01,Responder,#64B5F6,EXP001261,PGR-00015492/2026,DOCUMENTO,CIVINT/STIC,CIVINT-STIC-U06,2026-09-21T14:26:43-03:00
ROT34325DOC03,Urgente,#E57373,EXP001261,PGR-00015492/2026,DOCUMENTO,CIVINT/STIC,CIVINT-STIC-U07,2026-09-21T12:39:24-03:00
ROT34325DOC04,Aguardando TI,#9575CD,EXP001267,PGR-00019014/2026,DOCUMENTO,CIVINT/STIC,CIVINT-STIC-U01,2026-09-24T11:45:53-03:00
ROT34325DOC03,Urgente,#E57373,EXP001270,PGR-00089684/2026,DOCUMENTO,CIVINT/STIC,CIVINT-STIC-U06,2026-09-02T20:38:15-03:00
ROT34325DOC01,Responder,#64B5F6,EXP001274,PGR-00052334/2026,DOCUMENTO,CIVINT/STIC,CIVINT-STIC-U03,2026-10-04T00:39:10-03:00
ROT34325DOC02,Arquivar,#B0BEC5,EXP001274,PGR-00052334/2026,DOCUMENTO,CIVINT/STIC,CIVINT-STIC-U05,2026-10-01T20:17:03-03:00
ROT34325DOC01,Responder,#64B5F6,EXP001278,PGR-00097447/2026,DOCUMENTO,CIVINT/STIC,CIVINT-STIC-U06,2026-09-10T07:00:05-03:00
ROT34325DOC01,Responder,#64B5F6,EXP001281,PGR-00072546/2026,DOCUMENTO,CIVINT/STIC,CIVINT-STIC-U04,2026-08-23T13:38:56-03:00
ROT34325DOC02,Arquivar,#B0BEC5,EXP001283,PGR-00071672/2026,DOCUMENTO,CIVINT/STIC,CIVINT-STIC-U04,2026-09-28T00:01:17-03:00
ROT34325DOC04,Aguardando TI,#9575CD,EXP001283,PGR-00071672/2026,DOCUMENTO,CIVINT/STIC,CIVINT-STIC-U01,2026-09-23T10:06:21-03:00
ROT34325DOC04,Aguardando TI,#9575CD,EXP001284,PGR-00021596/2026,DOCUMENTO,CIVINT/STIC,CIVINT-STIC-U08,2026-09-28T19:40:26-03:00
ROT34325DOC04,Aguardando TI,#9575CD,EXP001285,PGR-00065509/2026,DOCUMENTO,CIVINT/STIC,CIVINT-STIC-U02,2026-09-13T16:15:34-03:00
ROT34325DOC03,Urgente,#E57373,EXP001285,PGR-00065509/2026,DOCUMENTO,CIVINT/STIC,CIVINT-STIC-U02,2026-09-01T20:55:48-03:00
ROT34325DOC01,Responder,#64B5F6,EXP001285,PGR-00065509/2026,DOCUMENTO,CIVINT/STIC,CIVINT-STIC-U04,2026-09-30T03:30:52-03:00
ROT34325DOC04,Aguardando TI,#9575CD,EXP001296,PGR-00086286/2026,DOCUMENTO,CIVINT/STIC,CIVINT-STIC-U05,2026-09-22T15:33:12-03:00
ROT34325DOC01,Responder,#64B5F6,EXP001296,PGR-00086286/2026,DOCUMENTO,CIVINT/STIC,CIVINT-STIC-U08,2026-09-23T09:38:10-03:00
ROT34325DOC03,Urgente,#E57373,EXP001297,PGR-00068646/2026,DOCUMENTO,CIVINT/STIC,CIVINT-STIC-U01,2026-09-27T02:45:20-03:00
ROT34325DOC02,Arquivar,#B0BEC5,EXP001302,PGR-00003568/2026,DOCUMENTO,CIVINT/STIC,CIVINT-STIC-U07,2026-09-24T19:25:24-03:00
ROT34325DOC03,Urgente,#E57373,EXP001302,PGR-00003568/2026,DOCUMENTO,CIVINT/STIC,CIVINT-STIC-U05,2026-09-24T22:38:48-03:00
ROT34325DOC04,Aguardando TI,#9575CD,EXP001303,PGR-00091067/2026,DOCUMENTO,CIVINT/STIC,CIVINT-STIC-U03,2026-09-29T18:28:54-03:00
ROT34325DOC01,Responder,#64B5F6,EXP001303,PGR-00091067/2026,DOCUMENTO,CIVINT/STIC,CIVINT-STIC-U03,2026-09-30T01:08:06-03:00
ROT34325DOC04,Aguardando TI,#9575CD,EXP001307,PGR-00085328/2026,DOCUMENTO,CIVINT/STIC,CIVINT-STIC-U05,2026-09-17T23:18:51-03:00
ROT34325DOC01,Responder,#64B5F6,EXP001308,PGR-00045361/2026,DOCUMENTO,CIVINT/STIC,CIVINT-STIC-U04,2026-06-16T03:29:13-03:00
ROT34325DOC04,Aguardando TI,#9575CD,EXP001308,PGR-00045361/2026,DOCUMENTO,CIVINT/STIC,CIVINT-STIC-U02,2026-08-17T13:59:28-03:00
ROT34325DOC03,Urgente,#E57373,EXP001308,PGR-00045361/2026,DOCUMENTO,CIVINT/STIC,CIVINT-STIC-U08,2026-09-16T22:24:56-03:00
ROT34325DOC02,Arquivar,#B0BEC5,EXP001312,PGR-00050892/2026,DOCUMENTO,CIVINT/STIC,CIVINT-STIC-U07,2026-09-26T00:19:34-03:00
ROT34325DOC03,Urgente,#E57373,EXP001312,PGR-00050892/2026,DOCUMENTO,CIVINT/STIC,CIVINT-STIC-U07,2026-09-26T07:51:25-03:00
ROT34325DOC03,Urgente,#E57373,EXP001313,PGR-00050761/2026,DOCUMENTO,CIVINT/STIC,CIVINT-STIC-U08,2026-09-17T18:15:08-03:00
ROT34325DOC02,Arquivar,#B0BEC5,EXP001316,PGR-00099682/2026,DOCUMENTO,CIVINT/STIC,CIVINT-STIC-U06,2026-09-24T18:04:35-03:00
ROT34325DOC01,Responder,#64B5F6,EXP001316,PGR-00099682/2026,DOCUMENTO,CIVINT/STIC,CIVINT-STIC-U05,2026-09-26T13:27:44-03:00
ROT34325DOC01,Responder,#64B5F6,EXP001317,PGR-00003836/2026,DOCUMENTO,CIVINT/STIC,CIVINT-STIC-U02,2026-08-22T17:18:04-03:00
ROT34325DOC02,Arquivar,#B0BEC5,EXP001317,PGR-00003836/2026,DOCUMENTO,CIVINT/STIC,CIVINT-STIC-U05,2026-08-22T17:30:59-03:00
ROT34325DOC03,Urgente,#E57373,EXP001317,PGR-00003836/2026,DOCUMENTO,CIVINT/STIC,CIVINT-STIC-U05,2026-08-31T11:52:39-03:00
ROT34325DOC04,Aguardando TI,#9575CD,EXP001319,PGR-00079615/2026,DOCUMENTO,CIVINT/STIC,CIVINT-STIC-U01,2026-10-02T04:48:22-03:00
ROT34325DOC04,Aguardando TI,#9575CD,EXP001320,PGR-00044369/2026,DOCUMENTO,CIVINT/STIC,CIVINT-STIC-U01,2026-09-26T22:25:55-03:00
ROT34325DOC02,Arquivar,#B0BEC5,EXP001320,PGR-00044369/2026,DOCUMENTO,CIVINT/STIC,CIVINT-STIC-U06,2026-09-26T22:58:12-03:00
ROT34325DOC03,Urgente,#E57373,EXP001321,PGR-00057772/2026,DOCUMENTO,CIVINT/STIC,CIVINT-STIC-U05,2026-10-07T10:14:43-03:00
ROT34325DOC04,Aguardando TI,#9575CD,EXP001322,PGR-00015455/2026,DOCUMENTO,CIVINT/STIC,CIVINT-STIC-U07,2026-09-16T11:53:56-03:00
ROT34325DOC02,Arquivar,#B0BEC5,EXP001325,PGR-00079365/2026,DOCUMENTO,CIVINT/STIC,CIVINT-STIC-U08,2026-09-22T20:08:43-03:00
ROT34325DOC03,Urgente,#E57373,EXP001325,PGR-00079365/2026,DOCUMENTO,CIVINT/STIC,CIVINT-STIC-U08,2026-09-25T12:14:13-03:00
ROT34325DOC04,Aguardando TI,#9575CD,EXP001325,PGR-00079365/2026,DOCUMENTO,CIVINT/STIC,CIVINT-STIC-U04,2026-09-21T10:28:20-03:00
ROT34325DOC02,Arquivar,#B0BEC5,EXP001328,PGR-00019546/2026,DOCUMENTO,CIVINT/STIC,CIVINT-STIC-U02,2026-09-19T09:37:32-03:00
ROT34325DOC02,Arquivar,#B0BEC5,EXP001330,PGR-00080673/2026,DOCUMENTO,CIVINT/STIC,CIVINT-STIC-U04,2026-09-12T09:45:57-03:00
ROT34325DOC01,Responder,#64B5F6,EXP001332,PGR-00066540/2026,DOCUMENTO,CIVINT/STIC,CIVINT-STIC-U04,2026-08-25T07:39:02-03:00
ROT34325DOC02,Arquivar,#B0BEC5,EXP001332,PGR-00066540/2026,DOCUMENTO,CIVINT/STIC,CIVINT-STIC-U02,2026-08-07T14:35:59-03:00
ROT34325DOC03,Urgente,#E57373,EXP001332,PGR-00066540/2026,DOCUMENTO,CIVINT/STIC,CIVINT-STIC-U06,2026-08-27T14:11:37-03:00
ROT34325DOC03,Urgente,#E57373,EXP001340,PGR-00072890/2026,DOCUMENTO,CIVINT/STIC,CIVINT-STIC-U04,2026-09-27T09:14:06-03:00
ROT34325DOC01,Responder,#64B5F6,EXP001342,PGR-00024836/2026,DOCUMENTO,CIVINT/STIC,CIVINT-STIC-U03,2026-09-24T19:02:53-03:00
ROT34325DOC02,Arquivar,#B0BEC5,EXP001342,PGR-00024836/2026,DOCUMENTO,CIVINT/STIC,CIVINT-STIC-U03,2026-09-24T19:07:39-03:00
ROT34325DOC04,Aguardando TI,#9575CD,EXP001354,PGR-00016088/2026,DOCUMENTO,CIVINT/STIC,CIVINT-STIC-U07,2026-09-28T14:39:22-03:00
ROT34325DOC01,Responder,#64B5F6,EXP001354,PGR-00016088/2026,DOCUMENTO,CIVINT/STIC,CIVINT-STIC-U08,2026-09-25T18:17:22-03:00
ROT34325DOC01,Responder,#64B5F6,EXP001355,PGR-00022283/2026,DOCUMENTO,CIVINT/STIC,CIVINT-STIC-U08,2026-09-12T08:24:39-03:00
ROT34325DOC03,Urgente,#E57373,EXP001355,PGR-00022283/2026,DOCUMENTO,CIVINT/STIC,CIVINT-STIC-U07,2026-09-25T13:31:22-03:00
ROT34325DOC04,Aguardando TI,#9575CD,EXP001355,PGR-00022283/2026,DOCUMENTO,CIVINT/STIC,CIVINT-STIC-U04,2026-09-23T03:39:07-03:00
ROT34325DOC02,Arquivar,#B0BEC5,EXP001357,PGR-00067549/2026,DOCUMENTO,CIVINT/STIC,CIVINT-STIC-U08,2026-10-03T23:22:52-03:00
ROT34325DOC02,Arquivar,#B0BEC5,EXP001358,PGR-00092986/2026,DOCUMENTO,CIVINT/STIC,CIVINT-STIC-U04,2026-09-24T03:48:49-03:00
ROT34325DOC03,Urgente,#E57373,EXP001358,PGR-00092986/2026,DOCUMENTO,CIVINT/STIC,CIVINT-STIC-U02,2026-10-03T09:36:36-03:00
ROT34325DOC02,Arquivar,#B0BEC5,EXP001361,PGR-00016312/2026,DOCUMENTO,CIVINT/STIC,CIVINT-STIC-U08,2026-10-07T17:00:00-03:00
ROT34325DOC03,Urgente,#E57373,EXP001361,PGR-00016312/2026,DOCUMENTO,CIVINT/STIC,CIVINT-STIC-U08,2026-10-07T17:00:00-03:00
ROT34325DOC01,Responder,#64B5F6,EXP001361,PGR-00016312/2026,DOCUMENTO,CIVINT/STIC,CIVINT-STIC-U04,2026-10-07T17:00:00-03:00
ROT34325DOC04,Aguardando TI,#9575CD,EXP001363,PGR-00018389/2026,DOCUMENTO,CIVINT/STIC,CIVINT-STIC-U06,2026-09-01T04:23:28-03:00
ROT34325DOC03,Urgente,#E57373,EXP001363,PGR-00018389/2026,DOCUMENTO,CIVINT/STIC,CIVINT-STIC-U05,2026-07-23T12:36:03-03:00
ROT34325DOC01,Responder,#64B5F6,EXP001363,PGR-00018389/2026,DOCUMENTO,CIVINT/STIC,CIVINT-STIC-U05,2026-08-01T17:56:02-03:00
ROT34325DOC02,Arquivar,#B0BEC5,EXP001365,PGR-00055315/2026,DOCUMENTO,CIVINT/STIC,CIVINT-STIC-U05,2026-09-23T05:30:17-03:00
ROT34325DOC04,Aguardando TI,#9575CD,EXP001365,PGR-00055315/2026,DOCUMENTO,CIVINT/STIC,CIVINT-STIC-U03,2026-09-14T11:59:39-03:00
ROT34325DOC01,Responder,#64B5F6,EXP001365,PGR-00055315/2026,DOCUMENTO,CIVINT/STIC,CIVINT-STIC-U01,2026-09-16T13:12:48-03:00
ROT34325DOC03,Urgente,#E57373,EXP001367,PGR-00057085/2026,DOCUMENTO,CIVINT/STIC,CIVINT-STIC-U02,2026-10-07T16:46:10-03:00
ROT34325DOC03,Urgente,#E57373,EXP001370,PGR-00077411/2026,DOCUMENTO,CIVINT/STIC,CIVINT-STIC-U01,2026-09-18T00:10:01-03:00
ROT34325DOC02,Arquivar,#B0BEC5,EXP001372,PGR-00017142/2026,DOCUMENTO,CIVINT/STIC,CIVINT-STIC-U06,2026-09-14T10:03:57-03:00
ROT34325DOC01,Responder,#64B5F6,EXP001372,PGR-00017142/2026,DOCUMENTO,CIVINT/STIC,CIVINT-STIC-U08,2026-09-18T05:00:41-03:00
ROT34325DOC04,Aguardando TI,#9575CD,EXP001372,PGR-00017142/2026,DOCUMENTO,CIVINT/STIC,CIVINT-STIC-U06,2026-09-18T23:48:09-03:00
ROT34325DOC01,Responder,#64B5F6,EXP001375,PGR-00059772/2026,DOCUMENTO,CIVINT/STIC,CIVINT-STIC-U05,2026-10-05T06:34:47-03:00
ROT34325DOC04,Aguardando TI,#9575CD,EXP001375,PGR-00059772/2026,DOCUMENTO,CIVINT/STIC,CIVINT-STIC-U01,2026-10-05T23:25:31-03:00
ROT34325DOC03,Urgente,#E57373,EXP001375,PGR-00059772/2026,DOCUMENTO,CIVINT/STIC,CIVINT-STIC-U07,2026-09-30T20:00:41-03:00
ROT34325DOC02,Arquivar,#B0BEC5,EXP001378,PGR-00009367/2026,DOCUMENTO,CIVINT/STIC,CIVINT-STIC-U07,2026-09-03T05:38:27-03:00
ROT34325DOC03,Urgente,#E57373,EXP001378,PGR-00009367/2026,DOCUMENTO,CIVINT/STIC,CIVINT-STIC-U03,2026-08-29T00:13:11-03:00
ROT34325DOC03,Urgente,#E57373,EXP001380,PGR-00000628/2026,DOCUMENTO,CIVINT/STIC,CIVINT-STIC-U02,2026-09-16T05:23:11-03:00
ROT34325DOC04,Aguardando TI,#9575CD,EXP001380,PGR-00000628/2026,DOCUMENTO,CIVINT/STIC,CIVINT-STIC-U04,2026-09-19T12:49:39-03:00
ROT34325DOC01,Responder,#64B5F6,EXP001381,PGR-00014169/2026,DOCUMENTO,CIVINT/STIC,CIVINT-STIC-U04,2026-09-20T06:57:35-03:00
ROT34325DOC04,Aguardando TI,#9575CD,EXP001383,PGR-00086516/2026,DOCUMENTO,CIVINT/STIC,CIVINT-STIC-U07,2026-09-24T07:39:41-03:00
ROT34325DOC03,Urgente,#E57373,EXP001383,PGR-00086516/2026,DOCUMENTO,CIVINT/STIC,CIVINT-STIC-U05,2026-09-24T07:45:42-03:00
ROT34325DOC03,Urgente,#E57373,EXP001392,PGR-00041655/2026,DOCUMENTO,CIVINT/STIC,CIVINT-STIC-U07,2026-08-21T15:15:40-03:00
ROT34325DOC04,Aguardando TI,#9575CD,EXP001393,PGR-00068053/2026,DOCUMENTO,CIVINT/STIC,CIVINT-STIC-U04,2026-09-23T01:48:48-03:00
ROT34325DOC01,Responder,#64B5F6,EXP001397,PGR-00017589/2026,DOCUMENTO,CIVINT/STIC,CIVINT-STIC-U07,2026-09-21T17:37:16-03:00
ROT34325DOC03,Urgente,#E57373,EXP001399,PGR-00024244/2026,DOCUMENTO,CIVINT/STIC,CIVINT-STIC-U08,2026-09-26T14:30:51-03:00
ROT34325DOC04,Aguardando TI,#9575CD,EXP001401,PGR-00000969/2026,DOCUMENTO,CIVINT/STIC,CIVINT-STIC-U05,2026-09-17T12:56:16-03:00
ROT34325DOC03,Urgente,#E57373,EXP001401,PGR-00000969/2026,DOCUMENTO,CIVINT/STIC,CIVINT-STIC-U08,2026-09-11T16:54:45-03:00
ROT34325DOC01,Responder,#64B5F6,EXP001401,PGR-00000969/2026,DOCUMENTO,CIVINT/STIC,CIVINT-STIC-U08,2026-09-16T15:34:21-03:00
ROT34325DOC04,Aguardando TI,#9575CD,EXP001404,PGR-00030625/2026,DOCUMENTO,CIVINT/STIC,CIVINT-STIC-U05,2026-06-15T08:54:43-03:00
ROT34325DOC02,Arquivar,#B0BEC5,EXP001404,PGR-00030625/2026,DOCUMENTO,CIVINT/STIC,CIVINT-STIC-U04,2026-06-13T04:03:02-03:00
ROT34325DOC01,Responder,#64B5F6,EXP001404,PGR-00030625/2026,DOCUMENTO,CIVINT/STIC,CIVINT-STIC-U01,2026-09-07T15:10:24-03:00
ROT34325DOC03,Urgente,#E57373,EXP001407,PGR-00020423/2026,DOCUMENTO,CIVINT/STIC,CIVINT-STIC-U05,2026-09-25T18:49:48-03:00
ROT34325DOC01,Responder,#64B5F6,EXP001407,PGR-00020423/2026,DOCUMENTO,CIVINT/STIC,CIVINT-STIC-U02,2026-09-25T16:40:39-03:00
ROT34325DOC04,Aguardando TI,#9575CD,EXP001411,PGR-00006978/2026,DOCUMENTO,CIVINT/STIC,CIVINT-STIC-U03,2026-09-16T13:40:54-03:00
ROT34325DOC04,Aguardando TI,#9575CD,EXP001414,PGR-00009179/2026,DOCUMENTO,CIVINT/STIC,CIVINT-STIC-U08,2026-10-01T08:40:26-03:00
ROT34325DOC02,Arquivar,#B0BEC5,EXP001414,PGR-00009179/2026,DOCUMENTO,CIVINT/STIC,CIVINT-STIC-U07,2026-10-01T08:39:54-03:00
ROT34325DOC03,Urgente,#E57373,EXP001414,PGR-00009179/2026,DOCUMENTO,CIVINT/STIC,CIVINT-STIC-U01,2026-10-01T07:41:59-03:00
ROT34325DOC03,Urgente,#E57373,EXP001415,PGR-00047067/2026,DOCUMENTO,CIVINT/STIC,CIVINT-STIC-U05,2026-09-17T05:04:20-03:00
ROT34325DOC04,Aguardando TI,#9575CD,EXP001416,PGR-00080308/2026,DOCUMENTO,CIVINT/STIC,CIVINT-STIC-U08,2026-09-28T02:47:01-03:00
ROT34325DOC02,Arquivar,#B0BEC5,EXP001416,PGR-00080308/2026,DOCUMENTO,CIVINT/STIC,CIVINT-STIC-U05,2026-09-27T14:00:35-03:00
ROT34325DOC03,Urgente,#E57373,EXP001416,PGR-00080308/2026,DOCUMENTO,CIVINT/STIC,CIVINT-STIC-U07,2026-09-27T02:44:24-03:00
ROT34325DOC01,Responder,#64B5F6,EXP001423,PGR-00079781/2026,DOCUMENTO,CIVINT/STIC,CIVINT-STIC-U01,2026-09-30T04:15:09-03:00
ROT34325DOC02,Arquivar,#B0BEC5,EXP001423,PGR-00079781/2026,DOCUMENTO,CIVINT/STIC,CIVINT-STIC-U02,2026-10-01T07:44:02-03:00
ROT34325DOC04,Aguardando TI,#9575CD,EXP001423,PGR-00079781/2026,DOCUMENTO,CIVINT/STIC,CIVINT-STIC-U01,2026-09-29T17:39:57-03:00
ROT34325DOC01,Responder,#64B5F6,EXP001424,PGR-00048047/2026,DOCUMENTO,CIVINT/STIC,CIVINT-STIC-U06,2026-08-30T11:14:27-03:00
ROT34325DOC02,Arquivar,#B0BEC5,EXP001426,PGR-00085744/2026,DOCUMENTO,CIVINT/STIC,CIVINT-STIC-U03,2026-09-18T00:56:01-03:00
ROT34325DOC03,Urgente,#E57373,EXP001426,PGR-00085744/2026,DOCUMENTO,CIVINT/STIC,CIVINT-STIC-U04,2026-09-23T16:53:11-03:00
ROT34325DOC04,Aguardando TI,#9575CD,EXP001426,PGR-00085744/2026,DOCUMENTO,CIVINT/STIC,CIVINT-STIC-U03,2026-09-26T21:55:39-03:00
ROT34325DOC03,Urgente,#E57373,EXP001428,PGR-00012165/2026,DOCUMENTO,CIVINT/STIC,CIVINT-STIC-U08,2026-09-26T06:07:26-03:00
ROT34325DOC03,Urgente,#E57373,EXP001432,PGR-00050240/2026,DOCUMENTO,CIVINT/STIC,CIVINT-STIC-U03,2026-09-12T10:31:48-03:00
ROT34325DOC03,Urgente,#E57373,EXP001433,PGR-00042639/2026,DOCUMENTO,CIVINT/STIC,CIVINT-STIC-U04,2026-09-23T20:06:32-03:00
ROT34325DOC04,Aguardando TI,#9575CD,EXP001434,PGR-00032948/2026,DOCUMENTO,CIVINT/STIC,CIVINT-STIC-U05,2026-08-18T15:03:34-03:00
ROT34325DOC03,Urgente,#E57373,EXP001436,PGR-00051954/2026,DOCUMENTO,CIVINT/STIC,CIVINT-STIC-U05,2026-09-27T11:16:13-03:00
ROT34325DOC04,Aguardando TI,#9575CD,EXP001440,PGR-00023730/2026,DOCUMENTO,CIVINT/STIC,CIVINT-STIC-U06,2026-08-29T16:45:08-03:00
ROT34325DOC03,Urgente,#E57373,EXP001440,PGR-00023730/2026,DOCUMENTO,CIVINT/STIC,CIVINT-STIC-U05,2026-09-10T12:22:46-03:00
ROT34325DOC01,Responder,#64B5F6,EXP001446,PGR-00050216/2026,DOCUMENTO,CIVINT/STIC,CIVINT-STIC-U04,2026-08-29T01:44:32-03:00
ROT34325DOC03,Urgente,#E57373,EXP001446,PGR-00050216/2026,DOCUMENTO,CIVINT/STIC,CIVINT-STIC-U02,2026-08-24T17:00:08-03:00
ROT34325DOC02,Arquivar,#B0BEC5,EXP001446,PGR-00050216/2026,DOCUMENTO,CIVINT/STIC,CIVINT-STIC-U03,2026-08-31T20:33:40-03:00
ROT34325DOC04,Aguardando TI,#9575CD,EXP001450,PGR-00019798/2026,DOCUMENTO,CIVINT/STIC,CIVINT-STIC-U05,2026-09-19T06:08:38-03:00
ROT34325DOC04,Aguardando TI,#9575CD,EXP001451,PGR-00063308/2026,DOCUMENTO,CIVINT/STIC,CIVINT-STIC-U04,2026-09-27T22:48:48-03:00
ROT34325DOC02,Arquivar,#B0BEC5,EXP001451,PGR-00063308/2026,DOCUMENTO,CIVINT/STIC,CIVINT-STIC-U01,2026-09-27T23:08:05-03:00
ROT34325DOC02,Arquivar,#B0BEC5,EXP001458,PGR-00054992/2026,DOCUMENTO,CIVINT/STIC,CIVINT-STIC-U07,2026-10-07T17:00:00-03:00
ROT34325DOC02,Arquivar,#B0BEC5,EXP001459,PGR-00041803/2026,DOCUMENTO,CIVINT/STIC,CIVINT-STIC-U05,2026-09-14T20:34:46-03:00
ROT34325DOC03,Urgente,#E57373,EXP001459,PGR-00041803/2026,DOCUMENTO,CIVINT/STIC,CIVINT-STIC-U07,2026-09-18T21:23:50-03:00
ROT34325DOC01,Responder,#64B5F6,EXP001459,PGR-00041803/2026,DOCUMENTO,CIVINT/STIC,CIVINT-STIC-U01,2026-09-17T05:45:27-03:00
ROT34325DOC01,Responder,#64B5F6,EXP001464,PGR-00091543/2026,DOCUMENTO,CIVINT/STIC,CIVINT-STIC-U06,2026-09-09T22:31:43-03:00
ROT34325DOC04,Aguardando TI,#9575CD,EXP001464,PGR-00091543/2026,DOCUMENTO,CIVINT/STIC,CIVINT-STIC-U08,2026-08-22T12:59:32-03:00
ROT34325DOC02,Arquivar,#B0BEC5,EXP001464,PGR-00091543/2026,DOCUMENTO,CIVINT/STIC,CIVINT-STIC-U04,2026-09-16T02:42:14-03:00
ROT34325DOC01,Responder,#64B5F6,EXP001465,PGR-00079986/2026,DOCUMENTO,CIVINT/STIC,CIVINT-STIC-U01,2026-10-05T04:56:31-03:00
ROT34325DOC03,Urgente,#E57373,EXP001466,PGR-00055962/2026,DOCUMENTO,CIVINT/STIC,CIVINT-STIC-U06,2026-09-11T16:38:50-03:00
ROT34325DOC02,Arquivar,#B0BEC5,EXP001466,PGR-00055962/2026,DOCUMENTO,CIVINT/STIC,CIVINT-STIC-U03,2026-09-08T03:12:07-03:00
ROT34325DOC01,Responder,#64B5F6,EXP001467,PGR-00071411/2026,DOCUMENTO,CIVINT/STIC,CIVINT-STIC-U01,2026-10-05T12:45:19-03:00
ROT34325DOC04,Aguardando TI,#9575CD,EXP001468,PGR-00060585/2026,DOCUMENTO,CIVINT/STIC,CIVINT-STIC-U03,2026-10-04T03:32:12-03:00
ROT34325DOC04,Aguardando TI,#9575CD,EXP001469,PGR-00069600/2026,DOCUMENTO,CIVINT/STIC,CIVINT-STIC-U07,2026-10-07T04:49:56-03:00
ROT34325DOC01,Responder,#64B5F6,EXP001476,PGR-00094939/2026,DOCUMENTO,CIVINT/STIC,CIVINT-STIC-U08,2026-09-17T02:10:32-03:00
ROT34325DOC02,Arquivar,#B0BEC5,EXP001478,PGR-00010462/2026,DOCUMENTO,CIVINT/STIC,CIVINT-STIC-U04,2026-10-01T05:46:11-03:00
ROT34325DOC01,Responder,#64B5F6,EXP001478,PGR-00010462/2026,DOCUMENTO,CIVINT/STIC,CIVINT-STIC-U06,2026-09-20T17:32:35-03:00
ROT34325DOC03,Urgente,#E57373,EXP001478,PGR-00010462/2026,DOCUMENTO,CIVINT/STIC,CIVINT-STIC-U01,2026-09-19T14:36:55-03:00
ROT34325DOC02,Arquivar,#B0BEC5,EXP001479,PGR-00020270/2026,DOCUMENTO,CIVINT/STIC,CIVINT-STIC-U04,2026-09-05T07:29:31-03:00
ROT34325DOC02,Arquivar,#B0BEC5,EXP001484,PGR-00075709/2026,DOCUMENTO,CIVINT/STIC,CIVINT-STIC-U02,2026-07-20T15:34:00-03:00
ROT34325DOC03,Urgente,#E57373,EXP001488,PGR-00042371/2026,DOCUMENTO,CIVINT/STIC,CIVINT-STIC-U08,2026-04-18T11:41:30-03:00
ROT34325DOC01,Responder,#64B5F6,EXP001488,PGR-00042371/2026,DOCUMENTO,CIVINT/STIC,CIVINT-STIC-U01,2026-06-18T14:33:12-03:00
ROT34325DOC03,Urgente,#E57373,EXP001499,PGR-00093508/2026,DOCUMENTO,CIVINT/STIC,CIVINT-STIC-U05,2026-10-01T19:57:28-03:00
ROT34325DOC02,Arquivar,#B0BEC5,EXP001501,PGR-00082721/2026,DOCUMENTO,CIVINT/STIC,CIVINT-STIC-U01,2026-09-29T06:33:21-03:00
ROT34325DOC03,Urgente,#E57373,EXP001508,PGR-00044324/2026,DOCUMENTO,CIVINT/STIC,CIVINT-STIC-U02,2026-09-26T10:56:40-03:00
ROT34325DOC01,Responder,#64B5F6,EXP001508,PGR-00044324/2026,DOCUMENTO,CIVINT/STIC,CIVINT-STIC-U01,2026-09-26T11:03:16-03:00
ROT34325DOC04,Aguardando TI,#9575CD,EXP001508,PGR-00044324/2026,DOCUMENTO,CIVINT/STIC,CIVINT-STIC-U04,2026-09-26T11:27:11-03:00
ROT34325DOC01,Responder,#64B5F6,EXP001509,PGR-00025529/2026,DOCUMENTO,CIVINT/STIC,CIVINT-STIC-U07,2026-09-15T17:37:23-03:00
ROT34325DOC02,Arquivar,#B0BEC5,EXP001509,PGR-00025529/2026,DOCUMENTO,CIVINT/STIC,CIVINT-STIC-U07,2026-09-19T07:19:31-03:00
ROT34325DOC02,Arquivar,#B0BEC5,EXP001510,PGR-00062053/2026,DOCUMENTO,CIVINT/STIC,CIVINT-STIC-U01,2026-09-05T15:29:33-03:00
ROT34325DOC02,Arquivar,#B0BEC5,EXP001514,PGR-00088625/2026,DOCUMENTO,CIVINT/STIC,CIVINT-STIC-U01,2026-09-24T19:46:14-03:00
ROT34325DOC04,Aguardando TI,#9575CD,EXP001518,PGR-00079050/2026,DOCUMENTO,CIVINT/STIC,CIVINT-STIC-U02,2026-09-10T22:19:12-03:00
ROT34325DOC01,Responder,#64B5F6,EXP001520,PGR-00065092/2026,DOCUMENTO,CIVINT/STIC,CIVINT-STIC-U01,2026-09-02T16:43:00-03:00
ROT34325DOC01,Responder,#64B5F6,EXP001521,PGR-00070511/2026,DOCUMENTO,CIVINT/STIC,CIVINT-STIC-U05,2026-09-18T09:15:06-03:00
ROT34325DOC04,Aguardando TI,#9575CD,EXP001522,PGR-00027725/2026,DOCUMENTO,CIVINT/STIC,CIVINT-STIC-U06,2026-09-07T01:37:59-03:00
ROT34325DOC02,Arquivar,#B0BEC5,EXP001523,PGR-00038112/2026,DOCUMENTO,CIVINT/STIC,CIVINT-STIC-U08,2026-09-18T20:12:17-03:00
ROT34325DOC01,Responder,#64B5F6,EXP001523,PGR-00038112/2026,DOCUMENTO,CIVINT/STIC,CIVINT-STIC-U03,2026-09-15T11:23:35-03:00
ROT34325DOC04,Aguardando TI,#9575CD,EXP001524,PGR-00042038/2026,DOCUMENTO,CIVINT/STIC,CIVINT-STIC-U05,2026-08-22T07:15:31-03:00
ROT34325DOC02,Arquivar,#B0BEC5,EXP001525,PGR-00071347/2026,DOCUMENTO,CIVINT/STIC,CIVINT-STIC-U01,2026-07-28T03:08:35-03:00
ROT34325DOC03,Urgente,#E57373,EXP001526,PGR-00080762/2026,DOCUMENTO,CIVINT/STIC,CIVINT-STIC-U08,2026-09-28T21:12:07-03:00
ROT34325DOC04,Aguardando TI,#9575CD,EXP001526,PGR-00080762/2026,DOCUMENTO,CIVINT/STIC,CIVINT-STIC-U02,2026-09-28T21:34:49-03:00
ROT34325DOC02,Arquivar,#B0BEC5,EXP001526,PGR-00080762/2026,DOCUMENTO,CIVINT/STIC,CIVINT-STIC-U04,2026-09-28T20:47:15-03:00
ROT34325DOC01,Responder,#64B5F6,EXP001532,PGR-00025646/2026,DOCUMENTO,CIVINT/STIC,CIVINT-STIC-U08,2026-09-20T04:48:50-03:00
ROT34325DOC04,Aguardando TI,#9575CD,EXP001539,PGR-00063600/2026,DOCUMENTO,CIVINT/STIC,CIVINT-STIC-U06,2026-10-04T16:48:20-03:00
ROT34325DOC04,Aguardando TI,#9575CD,EXP001545,PGR-00088931/2026,DOCUMENTO,CIVINT/STIC,CIVINT-STIC-U06,2026-09-28T02:53:40-03:00
ROT34325DOC01,Responder,#64B5F6,EXP001546,PGR-00021181/2026,DOCUMENTO,CIVINT/STIC,CIVINT-STIC-U03,2026-09-30T11:07:18-03:00
ROT34325DOC03,Urgente,#E57373,EXP001551,PGR-00083685/2026,DOCUMENTO,CIVINT/STIC,CIVINT-STIC-U01,2026-08-30T19:34:53-03:00
ROT34325DOC02,Arquivar,#B0BEC5,EXP001553,PGR-00045675/2026,DOCUMENTO,CIVINT/STIC,CIVINT-STIC-U05,2026-08-14T08:53:41-03:00
ROT34325DOC02,Arquivar,#B0BEC5,EXP001558,PGR-00012494/2026,DOCUMENTO,CIVINT/STIC,CIVINT-STIC-U08,2026-09-27T16:42:37-03:00
ROT34325DOC02,Arquivar,#B0BEC5,EXP001559,PGR-00054700/2026,DOCUMENTO,CIVINT/STIC,CIVINT-STIC-U06,2026-08-16T11:09:30-03:00
ROT34325DOC01,Responder,#64B5F6,EXP001561,PGR-00075221/2026,DOCUMENTO,CIVINT/STIC,CIVINT-STIC-U01,2026-09-13T00:22:10-03:00
ROT34325DOC02,Arquivar,#B0BEC5,EXP001563,PGR-00092941/2026,DOCUMENTO,CIVINT/STIC,CIVINT-STIC-U04,2026-09-30T03:52:38-03:00
ROT34325DOC04,Aguardando TI,#9575CD,EXP001563,PGR-00092941/2026,DOCUMENTO,CIVINT/STIC,CIVINT-STIC-U07,2026-09-30T03:36:28-03:00
ROT34325DOC03,Urgente,#E57373,EXP001563,PGR-00092941/2026,DOCUMENTO,CIVINT/STIC,CIVINT-STIC-U03,2026-09-30T03:55:00-03:00
ROT34325DOC01,Responder,#64B5F6,EXP001568,PGR-00043508/2026,DOCUMENTO,CIVINT/STIC,CIVINT-STIC-U06,2026-08-30T13:11:45-03:00
ROT34325DOC04,Aguardando TI,#9575CD,EXP001574,PGR-00040988/2026,DOCUMENTO,CIVINT/STIC,CIVINT-STIC-U05,2026-09-26T13:46:07-03:00
ROT34325DOC02,Arquivar,#B0BEC5,EXP001574,PGR-00040988/2026,DOCUMENTO,CIVINT/STIC,CIVINT-STIC-U01,2026-09-25T09:52:54-03:00
ROT34325DOC01,Responder,#64B5F6,EXP001574,PGR-00040988/2026,DOCUMENTO,CIVINT/STIC,CIVINT-STIC-U08,2026-09-26T18:36:46-03:00
ROT34325DOC01,Responder,#64B5F6,EXP001575,PGR-00001430/2026,DOCUMENTO,CIVINT/STIC,CIVINT-STIC-U06,2026-09-30T14:11:51-03:00
ROT34325DOC01,Responder,#64B5F6,EXP001579,PGR-00070217/2026,DOCUMENTO,CIVINT/STIC,CIVINT-STIC-U04,2026-09-30T00:29:13-03:00
ROT34325DOC02,Arquivar,#B0BEC5,EXP001579,PGR-00070217/2026,DOCUMENTO,CIVINT/STIC,CIVINT-STIC-U05,2026-09-11T06:53:00-03:00
ROT34325DOC02,Arquivar,#B0BEC5,EXP001581,PGR-00064673/2026,DOCUMENTO,CIVINT/STIC,CIVINT-STIC-U04,2026-09-14T03:58:38-03:00
ROT34325DOC01,Responder,#64B5F6,EXP001583,PGR-00028776/2026,DOCUMENTO,CIVINT/STIC,CIVINT-STIC-U06,2026-09-22T15:07:01-03:00
ROT34325DOC03,Urgente,#E57373,EXP001585,PGR-00019553/2026,DOCUMENTO,CIVINT/STIC,CIVINT-STIC-U02,2026-09-13T17:41:16-03:00
ROT34325DOC04,Aguardando TI,#9575CD,EXP001587,PGR-00023868/2026,DOCUMENTO,CIVINT/STIC,CIVINT-STIC-U02,2026-10-02T22:07:32-03:00
ROT34325DOC02,Arquivar,#B0BEC5,EXP001587,PGR-00023868/2026,DOCUMENTO,CIVINT/STIC,CIVINT-STIC-U07,2026-10-02T21:46:48-03:00
ROT34325DOC04,Aguardando TI,#9575CD,EXP001590,PGR-00031881/2026,DOCUMENTO,CIVINT/STIC,CIVINT-STIC-U02,2026-09-10T15:53:39-03:00
ROT34325DOC01,Responder,#64B5F6,EXP001590,PGR-00031881/2026,DOCUMENTO,CIVINT/STIC,CIVINT-STIC-U07,2026-05-10T21:42:31-03:00
ROT34325DOC03,Urgente,#E57373,EXP001590,PGR-00031881/2026,DOCUMENTO,CIVINT/STIC,CIVINT-STIC-U06,2026-09-06T09:22:02-03:00
ROT34325DOC02,Arquivar,#B0BEC5,EXP001591,PGR-00095526/2026,DOCUMENTO,CIVINT/STIC,CIVINT-STIC-U08,2026-10-04T13:00:55-03:00
ROT34325DOC03,Urgente,#E57373,EXP001592,PGR-00080350/2026,DOCUMENTO,CIVINT/STIC,CIVINT-STIC-U08,2026-09-19T15:37:29-03:00
ROT34325DOC02,Arquivar,#B0BEC5,EXP001604,PGR-00040659/2026,DOCUMENTO,CIVINT/STIC,CIVINT-STIC-U08,2026-10-06T12:46:48-03:00
ROT34325DOC02,Arquivar,#B0BEC5,EXP001607,PGR-00071572/2026,DOCUMENTO,CIVINT/STIC,CIVINT-STIC-U02,2026-09-25T08:15:56-03:00
ROT34325DOC04,Aguardando TI,#9575CD,EXP001607,PGR-00071572/2026,DOCUMENTO,CIVINT/STIC,CIVINT-STIC-U05,2026-09-25T03:04:55-03:00
ROT34325DOC01,Responder,#64B5F6,EXP001607,PGR-00071572/2026,DOCUMENTO,CIVINT/STIC,CIVINT-STIC-U01,2026-09-24T22:24:53-03:00
ROT34325DOC02,Arquivar,#B0BEC5,EXP001612,PGR-00069383/2026,DOCUMENTO,CIVINT/STIC,CIVINT-STIC-U03,2026-09-29T01:26:27-03:00
ROT34325DOC02,Arquivar,#B0BEC5,EXP001613,PGR-00032704/2026,DOCUMENTO,CIVINT/STIC,CIVINT-STIC-U06,2026-09-09T16:04:59-03:00
ROT34325DOC02,Arquivar,#B0BEC5,EXP001617,PGR-00073967/2026,DOCUMENTO,CIVINT/STIC,CIVINT-STIC-U05,2026-09-28T13:30:22-03:00
ROT34325DOC02,Arquivar,#B0BEC5,EXP001620,PGR-00001852/2026,DOCUMENTO,CIVINT/STIC,CIVINT-STIC-U05,2026-10-05T09:02:10-03:00
ROT34325DOC04,Aguardando TI,#9575CD,EXP001623,PGR-00029250/2026,DOCUMENTO,CIVINT/STIC,CIVINT-STIC-U03,2026-08-28T22:02:11-03:00
ROT34325DOC01,Responder,#64B5F6,EXP001632,PGR-00041053/2026,DOCUMENTO,CIVINT/STIC,CIVINT-STIC-U01,2026-08-14T18:17:55-03:00
ROT34325DOC01,Responder,#64B5F6,EXP001634,PGR-00078595/2026,DOCUMENTO,CIVINT/STIC,CIVINT-STIC-U04,2026-09-05T05:16:44-03:00
ROT34325DOC04,Aguardando TI,#9575CD,EXP001636,PGR-00052530/2026,DOCUMENTO,CIVINT/STIC,CIVINT-STIC-U02,2026-10-04T10:07:36-03:00
ROT34325DOC03,Urgente,#E57373,EXP001638,PGR-00035372/2026,DOCUMENTO,CIVINT/STIC,CIVINT-STIC-U04,2026-10-07T16:47:35-03:00
ROT34325DOC01,Responder,#64B5F6,EXP001640,PGR-00086940/2026,DOCUMENTO,CIVINT/STIC,CIVINT-STIC-U05,2026-10-01T20:05:39-03:00
ROT34325DOC03,Urgente,#E57373,EXP001640,PGR-00086940/2026,DOCUMENTO,CIVINT/STIC,CIVINT-STIC-U04,2026-09-28T15:01:16-03:00
ROT34325DOC03,Urgente,#E57373,EXP001641,PGR-00039273/2026,DOCUMENTO,CIVINT/STIC,CIVINT-STIC-U02,2026-09-07T00:33:51-03:00
ROT34325DOC02,Arquivar,#B0BEC5,EXP001645,PGR-00046862/2026,DOCUMENTO,CIVINT/STIC,CIVINT-STIC-U04,2026-09-05T01:36:38-03:00
ROT34325DOC03,Urgente,#E57373,EXP001648,PGR-00029385/2026,DOCUMENTO,CIVINT/STIC,CIVINT-STIC-U02,2026-10-07T17:00:00-03:00
ROT34325DOC02,Arquivar,#B0BEC5,EXP001650,PGR-00081672/2026,DOCUMENTO,CIVINT/STIC,CIVINT-STIC-U04,2026-09-05T07:28:48-03:00
ROT34325DOC04,Aguardando TI,#9575CD,EXP001657,PGR-00032536/2026,DOCUMENTO,CIVINT/STIC,CIVINT-STIC-U07,2026-09-20T22:08:10-03:00
ROT34325DOC04,Aguardando TI,#9575CD,EXP001660,PGR-00071541/2026,DOCUMENTO,CIVINT/STIC,CIVINT-STIC-U01,2026-09-16T23:27:09-03:00
ROT34325DOC04,Aguardando TI,#9575CD,EXP001669,PGR-00077698/2026,DOCUMENTO,CIVINT/STIC,CIVINT-STIC-U06,2026-08-25T08:19:47-03:00
ROT34325DOC03,Urgente,#E57373,EXP001674,PGR-00025269/2026,DOCUMENTO,CIVINT/STIC,CIVINT-STIC-U04,2026-09-20T09:10:49-03:00
ROT34325DOC01,Responder,#64B5F6,EXP001676,PGR-00087296/2026,DOCUMENTO,CIVINT/STIC,CIVINT-STIC-U07,2026-09-09T07:10:17-03:00
ROT34325DOC04,Aguardando TI,#9575CD,EXP001676,PGR-00087296/2026,DOCUMENTO,CIVINT/STIC,CIVINT-STIC-U07,2026-08-25T17:01:27-03:00
ROT34325DOC03,Urgente,#E57373,EXP001691,PGR-00032474/2026,DOCUMENTO,CIVINT/STIC,CIVINT-STIC-U04,2026-09-18T20:40:44-03:00
ROT34325DOC01,Responder,#64B5F6,EXP001693,PGR-00079103/2026,DOCUMENTO,CIVINT/STIC,CIVINT-STIC-U07,2026-09-13T17:34:41-03:00
ROT34325DOC04,Aguardando TI,#9575CD,EXP001695,PGR-00025741/2026,DOCUMENTO,CIVINT/STIC,CIVINT-STIC-U08,2026-09-18T21:47:03-03:00
ROT34325DOC01,Responder,#64B5F6,EXP001696,PGR-00074361/2026,DOCUMENTO,CIVINT/STIC,CIVINT-STIC-U02,2026-09-28T20:00:08-03:00
ROT34325DOC01,Responder,#64B5F6,EXP001697,PGR-00072100/2026,DOCUMENTO,CIVINT/STIC,CIVINT-STIC-U08,2026-09-25T18:52:49-03:00
ROT34325DOC02,Arquivar,#B0BEC5,EXP001698,PGR-00030565/2026,DOCUMENTO,CIVINT/STIC,CIVINT-STIC-U02,2026-09-17T20:16:34-03:00
ROT34325DOC03,Urgente,#E57373,EXP001702,PGR-00023112/2026,DOCUMENTO,CIVINT/STIC,CIVINT-STIC-U02,2026-10-05T07:20:03-03:00
ROT34325DOC02,Arquivar,#B0BEC5,EXP001703,PGR-00049863/2026,DOCUMENTO,CIVINT/STIC,CIVINT-STIC-U07,2026-09-26T09:13:22-03:00
ROT34325DOC04,Aguardando TI,#9575CD,EXP001703,PGR-00049863/2026,DOCUMENTO,CIVINT/STIC,CIVINT-STIC-U03,2026-09-26T09:33:44-03:00
ROT34325DOC04,Aguardando TI,#9575CD,EXP001705,PGR-00084155/2026,DOCUMENTO,CIVINT/STIC,CIVINT-STIC-U07,2026-10-02T21:12:10-03:00
ROT34325DOC01,Responder,#64B5F6,EXP001706,PGR-00037557/2026,DOCUMENTO,CIVINT/STIC,CIVINT-STIC-U05,2026-09-22T20:24:53-03:00
ROT34325DOC04,Aguardando TI,#9575CD,EXP001706,PGR-00037557/2026,DOCUMENTO,CIVINT/STIC,CIVINT-STIC-U01,2026-09-15T21:08:23-03:00
ROT34325DOC01,Responder,#64B5F6,EXP001707,PGR-00008444/2026,DOCUMENTO,CIVINT/STIC,CIVINT-STIC-U02,2026-09-16T07:48:06-03:00
ROT34325DOC01,Responder,#64B5F6,EXP001715,PGR-00002458/2026,DOCUMENTO,CIVINT/STIC,CIVINT-STIC-U04,2026-09-27T23:19:20-03:00
ROT34325DOC02,Arquivar,#B0BEC5,EXP001716,PGR-00019671/2026,DOCUMENTO,CIVINT/STIC,CIVINT-STIC-U06,2026-10-07T13:48:54-03:00
ROT34325DOC04,Aguardando TI,#9575CD,EXP001722,PGR-00022435/2026,DOCUMENTO,CIVINT/STIC,CIVINT-STIC-U06,2026-08-21T06:05:27-03:00
ROT34325DOC01,Responder,#64B5F6,EXP001733,PGR-00066934/2026,DOCUMENTO,CIVINT/STIC,CIVINT-STIC-U06,2026-09-22T23:21:43-03:00
ROT34325DOC03,Urgente,#E57373,EXP001733,PGR-00066934/2026,DOCUMENTO,CIVINT/STIC,CIVINT-STIC-U04,2026-09-16T14:58:25-03:00
ROT34325DOC02,Arquivar,#B0BEC5,EXP001740,PGR-00089537/2026,DOCUMENTO,CIVINT/STIC,CIVINT-STIC-U03,2026-09-10T03:32:12-03:00
ROT34325DOC03,Urgente,#E57373,EXP001740,PGR-00089537/2026,DOCUMENTO,CIVINT/STIC,CIVINT-STIC-U08,2026-09-13T00:16:22-03:00
ROT34325DOC03,Urgente,#E57373,EXP001742,PGR-00033867/2026,DOCUMENTO,CIVINT/STIC,CIVINT-STIC-U04,2026-09-24T00:06:39-03:00
ROT34325DOC01,Responder,#64B5F6,EXP001744,PGR-00052318/2026,DOCUMENTO,CIVINT/STIC,CIVINT-STIC-U05,2026-09-07T14:12:20-03:00
ROT34325DOC04,Aguardando TI,#9575CD,EXP001744,PGR-00052318/2026,DOCUMENTO,CIVINT/STIC,CIVINT-STIC-U06,2026-06-27T19:07:51-03:00
ROT34325DOC03,Urgente,#E57373,EXP001745,PGR-00024801/2026,DOCUMENTO,CIVINT/STIC,CIVINT-STIC-U03,2026-10-03T22:41:05-03:00
ROT34325DOC04,Aguardando TI,#9575CD,EXP001746,PGR-00040676/2026,DOCUMENTO,CIVINT/STIC,CIVINT-STIC-U07,2026-09-12T15:19:50-03:00
ROT34325DOC03,Urgente,#E57373,EXP001746,PGR-00040676/2026,DOCUMENTO,CIVINT/STIC,CIVINT-STIC-U02,2026-09-14T18:48:48-03:00
ROT34325DOC01,Responder,#64B5F6,EXP001746,PGR-00040676/2026,DOCUMENTO,CIVINT/STIC,CIVINT-STIC-U04,2026-08-24T00:55:11-03:00
ROT34325DOC02,Arquivar,#B0BEC5,EXP001747,PGR-00077749/2026,DOCUMENTO,CIVINT/STIC,CIVINT-STIC-U01,2026-07-09T16:29:49-03:00
ROT34325DOC01,Responder,#64B5F6,EXP001747,PGR-00077749/2026,DOCUMENTO,CIVINT/STIC,CIVINT-STIC-U04,2026-08-07T10:12:16-03:00
ROT34325DOC04,Aguardando TI,#9575CD,EXP001747,PGR-00077749/2026,DOCUMENTO,CIVINT/STIC,CIVINT-STIC-U07,2026-07-26T12:45:45-03:00
ROT34325DOC02,Arquivar,#B0BEC5,EXP001748,PGR-00089426/2026,DOCUMENTO,CIVINT/STIC,CIVINT-STIC-U05,2026-09-28T13:53:48-03:00
ROT34325DOC03,Urgente,#E57373,EXP001749,PGR-00025062/2026,DOCUMENTO,CIVINT/STIC,CIVINT-STIC-U02,2026-09-28T09:49:50-03:00
ROT34325DOC04,Aguardando TI,#9575CD,EXP001749,PGR-00025062/2026,DOCUMENTO,CIVINT/STIC,CIVINT-STIC-U02,2026-09-25T23:59:22-03:00
ROT34325DOC03,Urgente,#E57373,EXP001750,PGR-00074313/2026,DOCUMENTO,CIVINT/STIC,CIVINT-STIC-U01,2026-08-20T03:20:36-03:00
ROT34325DOC01,Responder,#64B5F6,EXP001750,PGR-00074313/2026,DOCUMENTO,CIVINT/STIC,CIVINT-STIC-U05,2026-08-21T15:41:26-03:00
ROT34325DOC04,Aguardando TI,#9575CD,EXP001750,PGR-00074313/2026,DOCUMENTO,CIVINT/STIC,CIVINT-STIC-U07,2026-07-09T05:31:23-03:00
ROT34325DOC04,Aguardando TI,#9575CD,EXP001751,PGR-00072369/2026,DOCUMENTO,CIVINT/STIC,CIVINT-STIC-U07,2026-09-30T18:13:00-03:00
ROT34325DOC01,Responder,#64B5F6,EXP001753,PGR-00035508/2026,DOCUMENTO,CIVINT/STIC,CIVINT-STIC-U06,2026-09-28T19:07:04-03:00
ROT34325DOC03,Urgente,#E57373,EXP001754,PGR-00047106/2026,DOCUMENTO,CIVINT/STIC,CIVINT-STIC-U01,2026-08-20T13:18:20-03:00
ROT34325DOC04,Aguardando TI,#9575CD,EXP001760,PGR-00028408/2026,DOCUMENTO,CIVINT/STIC,CIVINT-STIC-U08,2026-10-07T09:21:15-03:00
ROT34325DOC03,Urgente,#E57373,EXP001760,PGR-00028408/2026,DOCUMENTO,CIVINT/STIC,CIVINT-STIC-U05,2026-10-07T09:48:27-03:00
ROT34325DOC02,Arquivar,#B0BEC5,EXP001760,PGR-00028408/2026,DOCUMENTO,CIVINT/STIC,CIVINT-STIC-U08,2026-10-07T09:12:34-03:00
ROT34325DOC01,Responder,#64B5F6,EXP001764,PGR-00020005/2026,DOCUMENTO,CIVINT/STIC,CIVINT-STIC-U01,2026-09-17T19:24:52-03:00
ROT34325DOC04,Aguardando TI,#9575CD,EXP001765,PGR-00066504/2026,DOCUMENTO,CIVINT/STIC,CIVINT-STIC-U06,2026-08-28T17:00:54-03:00
ROT34325DOC03,Urgente,#E57373,EXP001765,PGR-00066504/2026,DOCUMENTO,CIVINT/STIC,CIVINT-STIC-U08,2026-09-25T14:38:34-03:00
ROT34325DOC01,Responder,#64B5F6,EXP001765,PGR-00066504/2026,DOCUMENTO,CIVINT/STIC,CIVINT-STIC-U04,2026-09-12T02:02:36-03:00
ROT34325DOC03,Urgente,#E57373,EXP001766,PGR-00016062/2026,DOCUMENTO,CIVINT/STIC,CIVINT-STIC-U07,2026-09-13T12:55:37-03:00
ROT34325DOC02,Arquivar,#B0BEC5,EXP001767,PGR-00036345/2026,DOCUMENTO,CIVINT/STIC,CIVINT-STIC-U01,2026-09-12T08:38:42-03:00
ROT34325DOC03,Urgente,#E57373,EXP001767,PGR-00036345/2026,DOCUMENTO,CIVINT/STIC,CIVINT-STIC-U04,2026-09-22T22:10:50-03:00
ROT34325DOC04,Aguardando TI,#9575CD,EXP001772,PGR-00020408/2026,DOCUMENTO,CIVINT/STIC,CIVINT-STIC-U02,2026-10-04T17:44:43-03:00
ROT34325DOC03,Urgente,#E57373,EXP001772,PGR-00020408/2026,DOCUMENTO,CIVINT/STIC,CIVINT-STIC-U04,2026-10-04T17:18:00-03:00
ROT34325DOC02,Arquivar,#B0BEC5,EXP001772,PGR-00020408/2026,DOCUMENTO,CIVINT/STIC,CIVINT-STIC-U05,2026-10-04T17:25:44-03:00
ROT34325DOC03,Urgente,#E57373,EXP001773,PGR-00011055/2026,DOCUMENTO,CIVINT/STIC,CIVINT-STIC-U03,2026-09-17T10:59:11-03:00
ROT34325DOC01,Responder,#64B5F6,EXP001773,PGR-00011055/2026,DOCUMENTO,CIVINT/STIC,CIVINT-STIC-U03,2026-09-19T01:52:18-03:00
ROT34325DOC01,Responder,#64B5F6,EXP001781,PGR-00021794/2026,DOCUMENTO,CIVINT/STIC,CIVINT-STIC-U07,2026-10-07T16:22:15-03:00
ROT34325DOC03,Urgente,#E57373,EXP001786,PGR-00072668/2026,DOCUMENTO,CIVINT/STIC,CIVINT-STIC-U08,2026-09-13T22:22:38-03:00
ROT34325DOC02,Arquivar,#B0BEC5,EXP001786,PGR-00072668/2026,DOCUMENTO,CIVINT/STIC,CIVINT-STIC-U07,2026-08-27T22:51:30-03:00
ROT34325DOC01,Responder,#64B5F6,EXP001786,PGR-00072668/2026,DOCUMENTO,CIVINT/STIC,CIVINT-STIC-U07,2026-09-23T00:33:37-03:00
ROT34325DOC01,Responder,#64B5F6,EXP001787,PGR-00097482/2026,DOCUMENTO,CIVINT/STIC,CIVINT-STIC-U07,2026-09-22T01:42:23-03:00
ROT34325DOC04,Aguardando TI,#9575CD,EXP001790,PGR-00086507/2026,DOCUMENTO,CIVINT/STIC,CIVINT-STIC-U07,2026-10-05T09:23:31-03:00
ROT34325DOC01,Responder,#64B5F6,EXP001792,PGR-00049801/2026,DOCUMENTO,CIVINT/STIC,CIVINT-STIC-U07,2026-08-27T23:24:29-03:00
ROT34325DOC04,Aguardando TI,#9575CD,EXP001792,PGR-00049801/2026,DOCUMENTO,CIVINT/STIC,CIVINT-STIC-U05,2026-09-22T06:40:48-03:00
ROT34325DOC01,Responder,#64B5F6,EXP001797,PGR-00035084/2026,DOCUMENTO,CIVINT/STIC,CIVINT-STIC-U04,2026-09-13T10:45:34-03:00
ROT34325DOC02,Arquivar,#B0BEC5,EXP001797,PGR-00035084/2026,DOCUMENTO,CIVINT/STIC,CIVINT-STIC-U03,2026-09-20T08:19:06-03:00
ROT34325DOC01,Responder,#64B5F6,EXP001798,PGR-00085810/2026,DOCUMENTO,CIVINT/STIC,CIVINT-STIC-U06,2026-08-17T05:42:50-03:00
ROT34325DOC01,Responder,#64B5F6,EXP001799,PGR-00066048/2026,DOCUMENTO,CIVINT/STIC,CIVINT-STIC-U04,2026-10-05T12:19:22-03:00
ROT34325DOC03,Urgente,#E57373,EXP001799,PGR-00066048/2026,DOCUMENTO,CIVINT/STIC,CIVINT-STIC-U07,2026-10-03T19:46:21-03:00
ROT34325DOC02,Arquivar,#B0BEC5,EXP001800,PGR-00013054/2026,DOCUMENTO,CIVINT/STIC,CIVINT-STIC-U08,2026-10-02T03:55:10-03:00
ROT34325DOC04,Aguardando TI,#9575CD,EXP001805,PGR-00092983/2026,DOCUMENTO,CIVINT/STIC,CIVINT-STIC-U01,2026-10-03T10:29:35-03:00
ROT34325DOC02,Arquivar,#B0BEC5,EXP001807,PGR-00075622/2026,DOCUMENTO,CIVINT/STIC,CIVINT-STIC-U03,2026-09-10T19:44:04-03:00
ROT34325DOC03,Urgente,#E57373,EXP001807,PGR-00075622/2026,DOCUMENTO,CIVINT/STIC,CIVINT-STIC-U03,2026-08-14T03:41:44-03:00
ROT34325DOC04,Aguardando TI,#9575CD,EXP001808,PGR-00007792/2026,DOCUMENTO,CIVINT/STIC,CIVINT-STIC-U01,2026-10-07T17:00:00-03:00
ROT34325DOC04,Aguardando TI,#9575CD,EXP001813,PGR-00051258/2026,DOCUMENTO,CIVINT/STIC,CIVINT-STIC-U07,2026-10-06T23:36:29-03:00
ROT34325DOC01,Responder,#64B5F6,EXP001814,PGR-00062732/2026,DOCUMENTO,CIVINT/STIC,CIVINT-STIC-U04,2026-10-07T13:20:45-03:00
ROT34325DOC03,Urgente,#E57373,EXP001819,PGR-00034808/2026,DOCUMENTO,CIVINT/STIC,CIVINT-STIC-U05,2026-09-16T16:24:04-03:00
ROT34325DOC01,Responder,#64B5F6,EXP001819,PGR-00034808/2026,DOCUMENTO,CIVINT/STIC,CIVINT-STIC-U02,2026-09-21T21:37:56-03:00
ROT34325DOC02,Arquivar,#B0BEC5,EXP001821,PGR-00048588/2026,DOCUMENTO,CIVINT/STIC,CIVINT-STIC-U05,2026-09-13T04:54:11-03:00
ROT34325DOC03,Urgente,#E57373,EXP001824,PGR-00054138/2026,DOCUMENTO,CIVINT/STIC,CIVINT-STIC-U08,2026-07-29T15:21:45-03:00
ROT34325DOC04,Aguardando TI,#9575CD,EXP001824,PGR-00054138/2026,DOCUMENTO,CIVINT/STIC,CIVINT-STIC-U07,2026-08-23T02:18:02-03:00
ROT34325DOC03,Urgente,#E57373,EXP001827,PGR-00025913/2026,DOCUMENTO,CIVINT/STIC,CIVINT-STIC-U08,2026-10-05T12:38:21-03:00
ROT34325DOC01,Responder,#64B5F6,EXP001828,PGR-00026406/2026,DOCUMENTO,CIVINT/STIC,CIVINT-STIC-U01,2026-09-30T22:41:32-03:00
ROT34325DOC01,Responder,#64B5F6,EXP001829,PGR-00016703/2026,DOCUMENTO,CIVINT/STIC,CIVINT-STIC-U04,2026-09-12T17:32:20-03:00
ROT34325DOC02,Arquivar,#B0BEC5,EXP001829,PGR-00016703/2026,DOCUMENTO,CIVINT/STIC,CIVINT-STIC-U04,2026-09-12T08:21:35-03:00
ROT34325DOC03,Urgente,#E57373,EXP001830,PGR-00030501/2026,DOCUMENTO,CIVINT/STIC,CIVINT-STIC-U03,2026-10-07T17:00:00-03:00
ROT34325DOC01,Responder,#64B5F6,EXP001832,PGR-00010049/2026,DOCUMENTO,CIVINT/STIC,CIVINT-STIC-U02,2026-10-05T16:30:23-03:00
ROT34325DOC04,Aguardando TI,#9575CD,EXP001833,PGR-00084576/2026,DOCUMENTO,CIVINT/STIC,CIVINT-STIC-U01,2026-10-06T21:03:16-03:00
ROT34325DOC03,Urgente,#E57373,EXP001834,PGR-00020138/2026,DOCUMENTO,CIVINT/STIC,CIVINT-STIC-U01,2026-10-06T10:38:15-03:00
ROT34325DOC04,Aguardando TI,#9575CD,EXP001835,PGR-00002027/2026,DOCUMENTO,CIVINT/STIC,CIVINT-STIC-U08,2026-08-13T22:18:49-03:00
ROT34325DOC03,Urgente,#E57373,EXP001837,PGR-00022966/2026,DOCUMENTO,CIVINT/STIC,CIVINT-STIC-U07,2026-09-23T05:41:03-03:00
ROT34325DOC03,Urgente,#E57373,EXP001841,PGR-00006506/2026,DOCUMENTO,CIVINT/STIC,CIVINT-STIC-U04,2026-09-05T16:32:04-03:00
ROT34325DOC01,Responder,#64B5F6,EXP001842,PGR-00094204/2026,DOCUMENTO,CIVINT/STIC,CIVINT-STIC-U08,2026-10-02T02:06:14-03:00
ROT34325DOC03,Urgente,#E57373,EXP001842,PGR-00094204/2026,DOCUMENTO,CIVINT/STIC,CIVINT-STIC-U07,2026-10-03T02:01:52-03:00
ROT34325DOC03,Urgente,#E57373,EXP001843,PGR-00089004/2026,DOCUMENTO,CIVINT/STIC,CIVINT-STIC-U06,2026-07-03T17:28:19-03:00
ROT34325DOC01,Responder,#64B5F6,EXP001843,PGR-00089004/2026,DOCUMENTO,CIVINT/STIC,CIVINT-STIC-U02,2026-09-24T03:02:44-03:00
ROT34325DOC03,Urgente,#E57373,EXP001844,PGR-00021465/2026,DOCUMENTO,CIVINT/STIC,CIVINT-STIC-U08,2026-10-07T15:20:03-03:00
ROT34325DOC04,Aguardando TI,#9575CD,EXP001852,PGR-00080568/2026,DOCUMENTO,CIVINT/STIC,CIVINT-STIC-U08,2026-09-12T20:53:59-03:00
ROT34325DOC01,Responder,#64B5F6,EXP001854,PGR-00007500/2026,DOCUMENTO,CIVINT/STIC,CIVINT-STIC-U07,2026-10-02T23:49:42-03:00
ROT34325DOC03,Urgente,#E57373,EXP001859,PGR-00000818/2026,DOCUMENTO,CIVINT/STIC,CIVINT-STIC-U07,2026-09-29T07:59:04-03:00
ROT34325DOC04,Aguardando TI,#9575CD,EXP001860,PGR-00037610/2026,DOCUMENTO,CIVINT/STIC,CIVINT-STIC-U07,2026-10-07T08:41:32-03:00
ROT34325DOC03,Urgente,#E57373,EXP001861,PGR-00070204/2026,DOCUMENTO,CIVINT/STIC,CIVINT-STIC-U01,2026-10-03T14:25:28-03:00
ROT34325DOC04,Aguardando TI,#9575CD,EXP001865,PGR-00089946/2026,DOCUMENTO,CIVINT/STIC,CIVINT-STIC-U07,2026-10-06T23:44:13-03:00
ROT34325DOC02,Arquivar,#B0BEC5,EXP001865,PGR-00089946/2026,DOCUMENTO,CIVINT/STIC,CIVINT-STIC-U07,2026-09-21T12:45:28-03:00
ROT34325DOC01,Responder,#64B5F6,EXP001868,PGR-00097101/2026,DOCUMENTO,CIVINT/STIC,CIVINT-STIC-U06,2026-10-04T07:34:10-03:00
ROT34325DOC03,Urgente,#E57373,EXP001875,PGR-00021902/2026,DOCUMENTO,CIVINT/STIC,CIVINT-STIC-U06,2026-09-20T10:06:44-03:00
ROT34325DOC04,Aguardando TI,#9575CD,EXP001876,PGR-00009118/2026,DOCUMENTO,CIVINT/STIC,CIVINT-STIC-U01,2026-09-12T08:35:34-03:00
ROT34325DOC03,Urgente,#E57373,EXP001876,PGR-00009118/2026,DOCUMENTO,CIVINT/STIC,CIVINT-STIC-U01,2026-09-19T13:39:55-03:00
ROT34325DOC01,Responder,#64B5F6,EXP001876,PGR-00009118/2026,DOCUMENTO,CIVINT/STIC,CIVINT-STIC-U07,2026-10-02T06:44:18-03:00
ROT34325DOC02,Arquivar,#B0BEC5,EXP001877,PGR-00006762/2026,DOCUMENTO,CIVINT/STIC,CIVINT-STIC-U07,2026-09-24T15:33:47-03:00
ROT34325DOC04,Aguardando TI,#9575CD,EXP001880,PGR-00035316/2026,DOCUMENTO,CIVINT/STIC,CIVINT-STIC-U03,2026-10-05T16:42:57-03:00
ROT34325DOC02,Arquivar,#B0BEC5,EXP001880,PGR-00035316/2026,DOCUMENTO,CIVINT/STIC,CIVINT-STIC-U02,2026-10-05T10:33:48-03:00
ROT34325DOC01,Responder,#64B5F6,EXP001880,PGR-00035316/2026,DOCUMENTO,CIVINT/STIC,CIVINT-STIC-U04,2026-10-05T20:50:14-03:00
ROT34325DOC04,Aguardando TI,#9575CD,EXP001885,PGR-00036536/2026,DOCUMENTO,CIVINT/STIC,CIVINT-STIC-U03,2026-10-04T15:07:28-03:00
ROT34325DOC02,Arquivar,#B0BEC5,EXP001887,PGR-00022572/2026,DOCUMENTO,CIVINT/STIC,CIVINT-STIC-U03,2026-08-29T19:52:44-03:00
ROT34325DOC01,Responder,#64B5F6,EXP001887,PGR-00022572/2026,DOCUMENTO,CIVINT/STIC,CIVINT-STIC-U03,2026-08-12T13:25:43-03:00
ROT34325DOC04,Aguardando TI,#9575CD,EXP001887,PGR-00022572/2026,DOCUMENTO,CIVINT/STIC,CIVINT-STIC-U08,2026-09-14T19:14:36-03:00
ROT34325DOC02,Arquivar,#B0BEC5,EXP001888,PGR-00087259/2026,DOCUMENTO,CIVINT/STIC,CIVINT-STIC-U04,2026-08-29T15:05:56-03:00
ROT34325DOC01,Responder,#64B5F6,EXP001888,PGR-00087259/2026,DOCUMENTO,CIVINT/STIC,CIVINT-STIC-U02,2026-09-30T11:30:11-03:00
ROT34325DOC01,Responder,#64B5F6,EXP001892,PGR-00073428/2026,DOCUMENTO,CIVINT/STIC,CIVINT-STIC-U06,2026-10-06T06:44:42-03:00
ROT34325DOC03,Urgente,#E57373,EXP001892,PGR-00073428/2026,DOCUMENTO,CIVINT/STIC,CIVINT-STIC-U04,2026-09-27T21:47:59-03:00
ROT34325DOC01,Responder,#64B5F6,EXP001895,PGR-00016005/2026,DOCUMENTO,CIVINT/STIC,CIVINT-STIC-U08,2026-10-01T19:25:58-03:00
ROT34325DOC03,Urgente,#E57373,EXP001896,PGR-00083159/2026,DOCUMENTO,CIVINT/STIC,CIVINT-STIC-U03,2026-10-06T20:35:17-03:00
ROT34325DOC01,Responder,#64B5F6,EXP001902,PGR-00021753/2026,DOCUMENTO,CIVINT/STIC,CIVINT-STIC-U06,2026-08-22T11:12:41-03:00
ROT34325DOC02,Arquivar,#B0BEC5,EXP001902,PGR-00021753/2026,DOCUMENTO,CIVINT/STIC,CIVINT-STIC-U05,2026-09-11T10:14:05-03:00
ROT34325DOC04,Aguardando TI,#9575CD,EXP001902,PGR-00021753/2026,DOCUMENTO,CIVINT/STIC,CIVINT-STIC-U06,2026-09-23T16:10:49-03:00
ROT34325DOC04,Aguardando TI,#9575CD,EXP001903,PGR-00017205/2026,DOCUMENTO,CIVINT/STIC,CIVINT-STIC-U05,2026-09-25T23:06:07-03:00
ROT34325DOC03,Urgente,#E57373,EXP001903,PGR-00017205/2026,DOCUMENTO,CIVINT/STIC,CIVINT-STIC-U04,2026-09-09T09:07:29-03:00
ROT34325DOC01,Responder,#64B5F6,EXP001903,PGR-00017205/2026,DOCUMENTO,CIVINT/STIC,CIVINT-STIC-U05,2026-09-20T06:11:48-03:00
ROT34325DOC03,Urgente,#E57373,EXP001905,PGR-00099362/2026,DOCUMENTO,CIVINT/STIC,CIVINT-STIC-U03,2026-10-05T15:42:51-03:00
ROT34325DOC02,Arquivar,#B0BEC5,EXP001905,PGR-00099362/2026,DOCUMENTO,CIVINT/STIC,CIVINT-STIC-U08,2026-10-06T15:18:52-03:00
ROT34325DOC03,Urgente,#E57373,EXP001906,PGR-00065655/2026,DOCUMENTO,CIVINT/STIC,CIVINT-STIC-U07,2026-09-01T09:50:09-03:00
ROT34325DOC02,Arquivar,#B0BEC5,EXP001906,PGR-00065655/2026,DOCUMENTO,CIVINT/STIC,CIVINT-STIC-U02,2026-09-23T18:55:17-03:00
ROT34325DOC03,Urgente,#E57373,EXP001910,PGR-00091570/2026,DOCUMENTO,CIVINT/STIC,CIVINT-STIC-U03,2026-09-07T19:43:25-03:00
ROT34325DOC04,Aguardando TI,#9575CD,EXP001910,PGR-00091570/2026,DOCUMENTO,CIVINT/STIC,CIVINT-STIC-U06,2026-09-16T09:32:07-03:00
ROT34325DOC03,Urgente,#E57373,EXP001912,PGR-00000702/2026,DOCUMENTO,CIVINT/STIC,CIVINT-STIC-U02,2026-09-30T12:38:07-03:00
ROT34325DOC01,Responder,#64B5F6,EXP001912,PGR-00000702/2026,DOCUMENTO,CIVINT/STIC,CIVINT-STIC-U01,2026-09-24T08:30:07-03:00
ROT34325DOC04,Aguardando TI,#9575CD,EXP001915,PGR-00050018/2026,DOCUMENTO,CIVINT/STIC,CIVINT-STIC-U02,2026-09-23T10:42:38-03:00
ROT34325DOC01,Responder,#64B5F6,EXP001917,PGR-00039393/2026,DOCUMENTO,CIVINT/STIC,CIVINT-STIC-U07,2026-10-06T17:45:45-03:00
ROT34325DOC04,Aguardando TI,#9575CD,EXP001922,PGR-00073229/2026,DOCUMENTO,CIVINT/STIC,CIVINT-STIC-U02,2026-10-04T21:45:15-03:00
ROT34325DOC02,Arquivar,#B0BEC5,EXP001922,PGR-00073229/2026,DOCUMENTO,CIVINT/STIC,CIVINT-STIC-U06,2026-10-05T10:23:47-03:00
ROT34325DOC01,Responder,#64B5F6,EXP001922,PGR-00073229/2026,DOCUMENTO,CIVINT/STIC,CIVINT-STIC-U05,2026-10-05T16:38:33-03:00
ROT34325DOC04,Aguardando TI,#9575CD,EXP001924,PGR-00013953/2026,DOCUMENTO,CIVINT/STIC,CIVINT-STIC-U01,2026-09-29T07:19:58-03:00
ROT34325DOC02,Arquivar,#B0BEC5,EXP001924,PGR-00013953/2026,DOCUMENTO,CIVINT/STIC,CIVINT-STIC-U06,2026-10-01T18:51:46-03:00
ROT34325DOC01,Responder,#64B5F6,EXP001924,PGR-00013953/2026,DOCUMENTO,CIVINT/STIC,CIVINT-STIC-U02,2026-09-24T09:05:32-03:00
ROT34325DOC04,Aguardando TI,#9575CD,EXP001926,PGR-00017060/2026,DOCUMENTO,CIVINT/STIC,CIVINT-STIC-U01,2026-09-27T08:42:15-03:00
ROT34325DOC04,Aguardando TI,#9575CD,EXP001927,PGR-00024670/2026,DOCUMENTO,CIVINT/STIC,CIVINT-STIC-U06,2026-10-05T16:52:41-03:00
ROT34325DOC01,Responder,#64B5F6,EXP001927,PGR-00024670/2026,DOCUMENTO,CIVINT/STIC,CIVINT-STIC-U01,2026-10-03T20:10:12-03:00
ROT34325DOC02,Arquivar,#B0BEC5,EXP001929,PGR-00074819/2026,DOCUMENTO,CIVINT/STIC,CIVINT-STIC-U07,2026-10-04T19:40:59-03:00
ROT34325DOC02,Arquivar,#B0BEC5,EXP001934,PGR-00087403/2026,DOCUMENTO,CIVINT/STIC,CIVINT-STIC-U03,2026-10-07T06:03:48-03:00
ROT34325DOC03,Urgente,#E57373,EXP001935,PGR-00024934/2026,DOCUMENTO,CIVINT/STIC,CIVINT-STIC-U03,2026-10-01T01:49:06-03:00
ROT34325DOC03,Urgente,#E57373,EXP001936,PGR-00011225/2026,DOCUMENTO,CIVINT/STIC,CIVINT-STIC-U06,2026-09-23T03:49:24-03:00
ROT34325DOC01,Responder,#64B5F6,EXP001936,PGR-00011225/2026,DOCUMENTO,CIVINT/STIC,CIVINT-STIC-U04,2026-09-23T02:23:54-03:00
ROT34325DOC02,Arquivar,#B0BEC5,EXP001937,PGR-00014031/2026,DOCUMENTO,CIVINT/STIC,CIVINT-STIC-U05,2026-08-17T23:45:02-03:00
ROT34325DOC02,Arquivar,#B0BEC5,EXP001938,PGR-00083494/2026,DOCUMENTO,CIVINT/STIC,CIVINT-STIC-U02,2026-09-27T21:37:32-03:00
ROT34325DOC02,Arquivar,#B0BEC5,EXP001941,PGR-00010636/2026,DOCUMENTO,CIVINT/STIC,CIVINT-STIC-U05,2026-08-10T13:09:04-03:00
ROT34325DOC03,Urgente,#E57373,EXP001941,PGR-00010636/2026,DOCUMENTO,CIVINT/STIC,CIVINT-STIC-U02,2026-07-12T03:16:17-03:00
ROT34325DOC03,Urgente,#E57373,EXP001943,PGR-00077199/2026,DOCUMENTO,CIVINT/STIC,CIVINT-STIC-U03,2026-09-14T21:34:05-03:00
ROT34325DOC01,Responder,#64B5F6,EXP001949,PGR-00067421/2026,DOCUMENTO,CIVINT/STIC,CIVINT-STIC-U06,2026-08-28T01:40:53-03:00
ROT34325DOC01,Responder,#64B5F6,EXP001950,PGR-00078436/2026,DOCUMENTO,CIVINT/STIC,CIVINT-STIC-U01,2026-09-26T18:35:40-03:00
ROT34325DOC01,Responder,#64B5F6,EXP001953,PGR-00009714/2026,DOCUMENTO,CIVINT/STIC,CIVINT-STIC-U05,2026-10-04T21:37:16-03:00
ROT34325DOC02,Arquivar,#B0BEC5,EXP001956,PGR-00025295/2026,DOCUMENTO,CIVINT/STIC,CIVINT-STIC-U05,2026-10-01T01:53:51-03:00
ROT34325DOC02,Arquivar,#B0BEC5,EXP001959,PGR-00002503/2026,DOCUMENTO,CIVINT/STIC,CIVINT-STIC-U07,2026-09-25T09:58:34-03:00
ROT34325DOC03,Urgente,#E57373,EXP001960,PGR-00060494/2026,DOCUMENTO,CIVINT/STIC,CIVINT-STIC-U07,2026-10-01T10:44:27-03:00
ROT34325DOC01,Responder,#64B5F6,EXP001960,PGR-00060494/2026,DOCUMENTO,CIVINT/STIC,CIVINT-STIC-U08,2026-09-14T14:37:24-03:00
ROT34325DOC04,Aguardando TI,#9575CD,EXP001960,PGR-00060494/2026,DOCUMENTO,CIVINT/STIC,CIVINT-STIC-U07,2026-09-27T02:10:20-03:00
ROT34325DOC01,Responder,#64B5F6,EXP001962,PGR-00081812/2026,DOCUMENTO,CIVINT/STIC,CIVINT-STIC-U06,2026-09-24T19:20:09-03:00
ROT34325DOC03,Urgente,#E57373,EXP001962,PGR-00081812/2026,DOCUMENTO,CIVINT/STIC,CIVINT-STIC-U07,2026-10-03T10:33:25-03:00
ROT34325DOC04,Aguardando TI,#9575CD,EXP001962,PGR-00081812/2026,DOCUMENTO,CIVINT/STIC,CIVINT-STIC-U06,2026-10-01T11:02:58-03:00
ROT34325DOC02,Arquivar,#B0BEC5,EXP001969,PGR-00022001/2026,DOCUMENTO,CIVINT/STIC,CIVINT-STIC-U02,2026-09-19T05:31:53-03:00
ROT34325DOC01,Responder,#64B5F6,EXP001969,PGR-00022001/2026,DOCUMENTO,CIVINT/STIC,CIVINT-STIC-U07,2026-10-03T03:25:36-03:00
ROT34325DOC03,Urgente,#E57373,EXP001969,PGR-00022001/2026,DOCUMENTO,CIVINT/STIC,CIVINT-STIC-U02,2026-09-29T07:51:32-03:00
ROT34325DOC02,Arquivar,#B0BEC5,EXP001970,PGR-00060278/2026,DOCUMENTO,CIVINT/STIC,CIVINT-STIC-U06,2026-09-09T03:22:49-03:00
ROT34325DOC04,Aguardando TI,#9575CD,EXP001970,PGR-00060278/2026,DOCUMENTO,CIVINT/STIC,CIVINT-STIC-U01,2026-09-02T12:51:33-03:00
ROT34325DOC01,Responder,#64B5F6,EXP001970,PGR-00060278/2026,DOCUMENTO,CIVINT/STIC,CIVINT-STIC-U03,2026-09-30T23:04:34-03:00
ROT34325DOC02,Arquivar,#B0BEC5,EXP001972,PGR-00015935/2026,DOCUMENTO,CIVINT/STIC,CIVINT-STIC-U05,2026-10-07T02:15:31-03:00
ROT34325DOC04,Aguardando TI,#9575CD,EXP001972,PGR-00015935/2026,DOCUMENTO,CIVINT/STIC,CIVINT-STIC-U08,2026-10-04T04:05:00-03:00
ROT34325DOC01,Responder,#64B5F6,EXP001972,PGR-00015935/2026,DOCUMENTO,CIVINT/STIC,CIVINT-STIC-U06,2026-10-05T07:47:24-03:00
ROT34325DOC04,Aguardando TI,#9575CD,EXP001978,PGR-00020301/2026,DOCUMENTO,CIVINT/STIC,CIVINT-STIC-U08,2026-09-16T09:33:28-03:00
ROT34325DOC04,Aguardando TI,#9575CD,EXP001979,PGR-00049196/2026,DOCUMENTO,CIVINT/STIC,CIVINT-STIC-U07,2026-10-07T14:17:58-03:00
ROT34325DOC03,Urgente,#E57373,EXP001979,PGR-00049196/2026,DOCUMENTO,CIVINT/STIC,CIVINT-STIC-U01,2026-09-20T04:44:01-03:00
ROT34325DOC02,Arquivar,#B0BEC5,EXP001979,PGR-00049196/2026,DOCUMENTO,CIVINT/STIC,CIVINT-STIC-U02,2026-09-17T00:12:27-03:00
ROT34325DOC04,Aguardando TI,#9575CD,EXP001981,PGR-00002184/2026,DOCUMENTO,CIVINT/STIC,CIVINT-STIC-U06,2026-10-01T23:13:11-03:00
ROT34325DOC03,Urgente,#E57373,EXP001984,PGR-00005401/2026,DOCUMENTO,CIVINT/STIC,CIVINT-STIC-U05,2026-09-24T16:37:45-03:00
ROT34325DOC02,Arquivar,#B0BEC5,EXP001987,PGR-00024540/2026,DOCUMENTO,CIVINT/STIC,CIVINT-STIC-U07,2026-09-15T14:19:44-03:00
ROT34325DOC04,Aguardando TI,#9575CD,EXP001987,PGR-00024540/2026,DOCUMENTO,CIVINT/STIC,CIVINT-STIC-U01,2026-09-10T17:08:04-03:00
ROT34325DOC02,Arquivar,#B0BEC5,EXP001990,PGR-00013325/2026,DOCUMENTO,CIVINT/STIC,CIVINT-STIC-U04,2026-10-04T15:26:06-03:00
ROT34325DOC01,Responder,#64B5F6,EXP001990,PGR-00013325/2026,DOCUMENTO,CIVINT/STIC,CIVINT-STIC-U06,2026-10-05T20:06:21-03:00
ROT34325DOC04,Aguardando TI,#9575CD,EXP002001,PGR-00055849/2026,DOCUMENTO,CIVINT/STIC,CIVINT-STIC-U06,2026-09-01T21:57:57-03:00
ROT34325DOC01,Responder,#64B5F6,EXP002003,PGR-00085203/2026,DOCUMENTO,CIVINT/STIC,CIVINT-STIC-U08,2026-10-03T21:13:19-03:00
ROT34325DOC04,Aguardando TI,#9575CD,EXP002003,PGR-00085203/2026,DOCUMENTO,CIVINT/STIC,CIVINT-STIC-U01,2026-10-05T23:09:07-03:00
ROT34325DOC03,Urgente,#E57373,EXP002003,PGR-00085203/2026,DOCUMENTO,CIVINT/STIC,CIVINT-STIC-U05,2026-10-05T18:21:59-03:00
ROT34325DOC01,Responder,#64B5F6,EXP002005,PGR-00080463/2026,DOCUMENTO,CIVINT/STIC,CIVINT-STIC-U01,2026-08-29T07:03:14-03:00
ROT34325DOC04,Aguardando TI,#9575CD,EXP002005,PGR-00080463/2026,DOCUMENTO,CIVINT/STIC,CIVINT-STIC-U07,2026-10-07T02:00:37-03:00
ROT34325DOC03,Urgente,#E57373,EXP002012,PGR-00024687/2026,DOCUMENTO,CIVINT/STIC,CIVINT-STIC-U07,2026-10-01T11:19:04-03:00
ROT34325DOC01,Responder,#64B5F6,EXP002014,PGR-00034080/2026,DOCUMENTO,CIVINT/STIC,CIVINT-STIC-U07,2026-09-27T10:32:17-03:00
ROT34325DOC04,Aguardando TI,#9575CD,EXP002014,PGR-00034080/2026,DOCUMENTO,CIVINT/STIC,CIVINT-STIC-U04,2026-09-20T19:32:01-03:00
ROT34325DOC02,Arquivar,#B0BEC5,EXP002014,PGR-00034080/2026,DOCUMENTO,CIVINT/STIC,CIVINT-STIC-U01,2026-09-20T08:03:39-03:00
ROT34325DOC03,Urgente,#E57373,EXP002015,PGR-00064446/2026,DOCUMENTO,CIVINT/STIC,CIVINT-STIC-U08,2026-09-24T00:10:56-03:00
ROT34325DOC02,Arquivar,#B0BEC5,EXP002015,PGR-00064446/2026,DOCUMENTO,CIVINT/STIC,CIVINT-STIC-U06,2026-09-23T11:19:53-03:00
ROT34325DOC04,Aguardando TI,#9575CD,EXP002015,PGR-00064446/2026,DOCUMENTO,CIVINT/STIC,CIVINT-STIC-U01,2026-10-01T21:40:22-03:00
ROT34325DOC04,Aguardando TI,#9575CD,EXP002019,PGR-00058759/2026,DOCUMENTO,CIVINT/STIC,CIVINT-STIC-U06,2026-09-30T05:07:19-03:00
ROT34325DOC01,Responder,#64B5F6,EXP002020,PGR-00084168/2026,DOCUMENTO,CIVINT/STIC,CIVINT-STIC-U06,2026-10-06T02:41:24-03:00
ROT34325DOC02,Arquivar,#B0BEC5,EXP002023,PGR-00004762/2026,DOCUMENTO,CIVINT/STIC,CIVINT-STIC-U05,2026-09-15T18:51:10-03:00
ROT34325DOC01,Responder,#64B5F6,EXP002024,PGR-00054451/2026,DOCUMENTO,CIVINT/STIC,CIVINT-STIC-U05,2026-10-06T17:10:53-03:00
ROT34325DOC02,Arquivar,#B0BEC5,EXP002024,PGR-00054451/2026,DOCUMENTO,CIVINT/STIC,CIVINT-STIC-U02,2026-09-25T07:10:01-03:00
ROT34325DOC03,Urgente,#E57373,EXP002024,PGR-00054451/2026,DOCUMENTO,CIVINT/STIC,CIVINT-STIC-U02,2026-10-05T01:26:58-03:00
ROT34325DOC01,Responder,#64B5F6,EXP002026,PGR-00048512/2026,DOCUMENTO,CIVINT/STIC,CIVINT-STIC-U03,2026-09-02T19:56:43-03:00
ROT34325DOC04,Aguardando TI,#9575CD,EXP002027,PGR-00045349/2026,DOCUMENTO,CIVINT/STIC,CIVINT-STIC-U08,2026-09-30T01:24:13-03:00
ROT34325DOC03,Urgente,#E57373,EXP002030,PGR-00003821/2026,DOCUMENTO,CIVINT/STIC,CIVINT-STIC-U05,2026-10-07T11:12:04-03:00
ROT34325DOC01,Responder,#64B5F6,EXP002030,PGR-00003821/2026,DOCUMENTO,CIVINT/STIC,CIVINT-STIC-U05,2026-10-07T04:52:24-03:00
ROT34325DOC04,Aguardando TI,#9575CD,EXP002033,PGR-00091841/2026,DOCUMENTO,CIVINT/STIC,CIVINT-STIC-U04,2026-10-04T00:49:17-03:00
ROT34325DOC03,Urgente,#E57373,EXP002033,PGR-00091841/2026,DOCUMENTO,CIVINT/STIC,CIVINT-STIC-U07,2026-09-23T17:44:13-03:00
ROT34325DOC03,Urgente,#E57373,EXP002034,PGR-00011900/2026,DOCUMENTO,CIVINT/STIC,CIVINT-STIC-U06,2026-09-29T23:08:57-03:00
ROT34325DOC01,Responder,#64B5F6,EXP002035,PGR-00058000/2026,DOCUMENTO,CIVINT/STIC,CIVINT-STIC-U03,2026-09-25T22:14:55-03:00
ROT34325DOC03,Urgente,#E57373,EXP002037,PGR-00072667/2026,DOCUMENTO,CIVINT/STIC,CIVINT-STIC-U04,2026-10-02T12:05:11-03:00
ROT34325DOC02,Arquivar,#B0BEC5,EXP002040,PGR-00033885/2026,DOCUMENTO,CIVINT/STIC,CIVINT-STIC-U01,2026-09-24T03:21:49-03:00
ROT34325DOC04,Aguardando TI,#9575CD,EXP002040,PGR-00033885/2026,DOCUMENTO,CIVINT/STIC,CIVINT-STIC-U01,2026-09-24T20:53:19-03:00
ROT34325DOC03,Urgente,#E57373,EXP002040,PGR-00033885/2026,DOCUMENTO,CIVINT/STIC,CIVINT-STIC-U05,2026-10-02T05:56:44-03:00
ROT34325DOC01,Responder,#64B5F6,EXP002041,PGR-00066686/2026,DOCUMENTO,CIVINT/STIC,CIVINT-STIC-U01,2026-10-03T15:50:40-03:00
ROT34325DOC01,Responder,#64B5F6,EXP002042,PGR-00015776/2026,DOCUMENTO,CIVINT/STIC,CIVINT-STIC-U03,2026-08-28T20:51:42-03:00
ROT34325DOC04,Aguardando TI,#9575CD,EXP002042,PGR-00015776/2026,DOCUMENTO,CIVINT/STIC,CIVINT-STIC-U03,2026-09-30T15:14:06-03:00
ROT34325DOC01,Responder,#64B5F6,EXP002044,PGR-00067859/2026,DOCUMENTO,CIVINT/STIC,CIVINT-STIC-U04,2026-08-19T10:13:19-03:00
ROT34325DOC04,Aguardando TI,#9575CD,EXP002045,PGR-00011626/2026,DOCUMENTO,CIVINT/STIC,CIVINT-STIC-U08,2026-09-15T15:26:11-03:00
ROT34325DOC03,Urgente,#E57373,EXP002045,PGR-00011626/2026,DOCUMENTO,CIVINT/STIC,CIVINT-STIC-U03,2026-09-20T18:03:10-03:00
ROT34325DOC02,Arquivar,#B0BEC5,EXP002045,PGR-00011626/2026,DOCUMENTO,CIVINT/STIC,CIVINT-STIC-U04,2026-09-30T13:04:48-03:00
ROT34325DOC01,Responder,#64B5F6,EXP002050,PGR-00072014/2026,DOCUMENTO,CIVINT/STIC,CIVINT-STIC-U06,2026-08-30T10:37:30-03:00
ROT34325DOC03,Urgente,#E57373,EXP002051,PGR-00004710/2026,DOCUMENTO,CIVINT/STIC,CIVINT-STIC-U04,2026-10-04T18:43:39-03:00
ROT34325DOC02,Arquivar,#B0BEC5,EXP002058,PGR-00089001/2026,DOCUMENTO,CIVINT/STIC,CIVINT-STIC-U07,2026-09-14T19:00:49-03:00
ROT34325DOC02,Arquivar,#B0BEC5,EXP002059,PGR-00012667/2026,DOCUMENTO,CIVINT/STIC,CIVINT-STIC-U08,2026-10-02T15:14:02-03:00
ROT34325DOC03,Urgente,#E57373,EXP002059,PGR-00012667/2026,DOCUMENTO,CIVINT/STIC,CIVINT-STIC-U05,2026-09-20T12:48:18-03:00
ROT34325DOC01,Responder,#64B5F6,EXP002059,PGR-00012667/2026,DOCUMENTO,CIVINT/STIC,CIVINT-STIC-U02,2026-08-12T22:26:40-03:00
ROT34325DOC04,Aguardando TI,#9575CD,EXP002062,PGR-00051889/2026,DOCUMENTO,CIVINT/STIC,CIVINT-STIC-U02,2026-09-12T08:37:23-03:00
ROT34325DOC03,Urgente,#E57373,EXP002062,PGR-00051889/2026,DOCUMENTO,CIVINT/STIC,CIVINT-STIC-U01,2026-10-05T00:59:55-03:00
ROT34325DOC02,Arquivar,#B0BEC5,EXP002062,PGR-00051889/2026,DOCUMENTO,CIVINT/STIC,CIVINT-STIC-U05,2026-09-08T04:40:13-03:00
ROT34325DOC03,Urgente,#E57373,EXP002064,PGR-00080570/2026,DOCUMENTO,CIVINT/STIC,CIVINT-STIC-U02,2026-09-07T01:33:22-03:00
ROT34325DOC04,Aguardando TI,#9575CD,EXP002066,PGR-00086528/2026,DOCUMENTO,CIVINT/STIC,CIVINT-STIC-U07,2026-09-19T17:11:43-03:00
ROT34325DOC02,Arquivar,#B0BEC5,EXP002066,PGR-00086528/2026,DOCUMENTO,CIVINT/STIC,CIVINT-STIC-U06,2026-09-15T04:54:55-03:00
ROT34325DOC02,Arquivar,#B0BEC5,EXP002067,PGR-00010110/2026,DOCUMENTO,CIVINT/STIC,CIVINT-STIC-U01,2026-09-11T08:22:55-03:00
ROT34325DOC01,Responder,#64B5F6,EXP002068,PGR-00057505/2026,DOCUMENTO,CIVINT/STIC,CIVINT-STIC-U05,2026-09-19T01:58:37-03:00
ROT34325DOC02,Arquivar,#B0BEC5,EXP002068,PGR-00057505/2026,DOCUMENTO,CIVINT/STIC,CIVINT-STIC-U02,2026-09-22T12:40:41-03:00
ROT34325DOC04,Aguardando TI,#9575CD,EXP002068,PGR-00057505/2026,DOCUMENTO,CIVINT/STIC,CIVINT-STIC-U03,2026-08-23T12:34:49-03:00
ROT34325DOC03,Urgente,#E57373,EXP002071,PGR-00039093/2026,DOCUMENTO,CIVINT/STIC,CIVINT-STIC-U07,2026-09-25T15:46:47-03:00
ROT34325DOC01,Responder,#64B5F6,EXP002074,PGR-00019333/2026,DOCUMENTO,CIVINT/STIC,CIVINT-STIC-U03,2026-10-07T10:50:14-03:00
ROT34325DOC03,Urgente,#E57373,EXP002080,PGR-00030466/2026,DOCUMENTO,CIVINT/STIC,CIVINT-STIC-U08,2026-07-18T03:11:57-03:00
ROT34325DOC02,Arquivar,#B0BEC5,EXP002085,PGR-00045941/2026,DOCUMENTO,CIVINT/STIC,CIVINT-STIC-U01,2026-09-15T09:59:50-03:00
ROT34325DOC03,Urgente,#E57373,EXP002090,PGR-00013753/2026,DOCUMENTO,CIVINT/STIC,CIVINT-STIC-U08,2026-09-02T05:06:10-03:00
ROT34325DOC02,Arquivar,#B0BEC5,EXP002092,PGR-00059895/2026,DOCUMENTO,CIVINT/STIC,CIVINT-STIC-U04,2026-09-30T07:38:18-03:00
ROT34325DOC04,Aguardando TI,#9575CD,EXP002093,PGR-00014372/2026,DOCUMENTO,CIVINT/STIC,CIVINT-STIC-U03,2026-05-16T02:40:31-03:00
ROT34325DOC02,Arquivar,#B0BEC5,EXP002093,PGR-00014372/2026,DOCUMENTO,CIVINT/STIC,CIVINT-STIC-U06,2026-09-01T01:14:52-03:00
ROT34325DOC03,Urgente,#E57373,EXP002094,PGR-00017530/2026,DOCUMENTO,CIVINT/STIC,CIVINT-STIC-U04,2026-10-06T13:17:14-03:00
ROT34325DOC01,Responder,#64B5F6,EXP002097,PGR-00069564/2026,DOCUMENTO,CIVINT/STIC,CIVINT-STIC-U08,2026-09-27T21:22:16-03:00
ROT34325DOC04,Aguardando TI,#9575CD,EXP002097,PGR-00069564/2026,DOCUMENTO,CIVINT/STIC,CIVINT-STIC-U04,2026-09-09T00:13:05-03:00
ROT34325DOC03,Urgente,#E57373,EXP002100,PGR-00056883/2026,DOCUMENTO,CIVINT/STIC,CIVINT-STIC-U04,2026-07-19T16:25:41-03:00
ROT34325DOC04,Aguardando TI,#9575CD,EXP002101,PGR-00052297/2026,DOCUMENTO,CIVINT/STIC,CIVINT-STIC-U08,2026-10-01T15:53:28-03:00
ROT34325DOC04,Aguardando TI,#9575CD,EXP002105,PGR-00010439/2026,DOCUMENTO,CIVINT/STIC,CIVINT-STIC-U03,2026-10-05T01:57:56-03:00
ROT34325DOC02,Arquivar,#B0BEC5,EXP002108,PGR-00038448/2026,DOCUMENTO,CIVINT/STIC,CIVINT-STIC-U03,2026-08-05T21:46:48-03:00
ROT34325DOC03,Urgente,#E57373,EXP002115,PGR-00034819/2026,DOCUMENTO,CIVINT/STIC,CIVINT-STIC-U06,2026-10-07T17:00:00-03:00
ROT34325DOC04,Aguardando TI,#9575CD,EXP002116,PGR-00091989/2026,DOCUMENTO,CIVINT/STIC,CIVINT-STIC-U01,2026-09-27T00:47:57-03:00
ROT34325DOC04,Aguardando TI,#9575CD,EXP002117,PGR-00041808/2026,DOCUMENTO,CIVINT/STIC,CIVINT-STIC-U06,2026-08-26T08:05:18-03:00
ROT34325DOC02,Arquivar,#B0BEC5,EXP002119,PGR-00022648/2026,DOCUMENTO,CIVINT/STIC,CIVINT-STIC-U01,2026-10-04T17:40:36-03:00
ROT34325DOC01,Responder,#64B5F6,EXP002121,PGR-00038773/2026,DOCUMENTO,CIVINT/STIC,CIVINT-STIC-U03,2026-08-12T10:53:50-03:00
ROT34325DOC02,Arquivar,#B0BEC5,EXP002121,PGR-00038773/2026,DOCUMENTO,CIVINT/STIC,CIVINT-STIC-U05,2026-09-09T06:03:19-03:00
ROT34325DOC04,Aguardando TI,#9575CD,EXP002121,PGR-00038773/2026,DOCUMENTO,CIVINT/STIC,CIVINT-STIC-U07,2026-09-09T02:51:38-03:00
ROT34325DOC01,Responder,#64B5F6,EXP002122,PGR-00046611/2026,DOCUMENTO,CIVINT/STIC,CIVINT-STIC-U08,2026-10-04T18:35:06-03:00
ROT34325DOC02,Arquivar,#B0BEC5,EXP002122,PGR-00046611/2026,DOCUMENTO,CIVINT/STIC,CIVINT-STIC-U07,2026-09-27T12:49:57-03:00
ROT34325DOC01,Responder,#64B5F6,EXP002124,PGR-00038402/2026,DOCUMENTO,CIVINT/STIC,CIVINT-STIC-U03,2026-09-28T00:30:18-03:00
ROT34325DOC02,Arquivar,#B0BEC5,EXP002124,PGR-00038402/2026,DOCUMENTO,CIVINT/STIC,CIVINT-STIC-U03,2026-09-27T22:17:25-03:00
ROT34325DOC03,Urgente,#E57373,EXP002124,PGR-00038402/2026,DOCUMENTO,CIVINT/STIC,CIVINT-STIC-U06,2026-09-30T11:18:01-03:00
ROT34325DOC01,Responder,#64B5F6,EXP002126,PGR-00071250/2026,DOCUMENTO,CIVINT/STIC,CIVINT-STIC-U08,2026-08-07T02:48:20-03:00
ROT34325DOC02,Arquivar,#B0BEC5,EXP002126,PGR-00071250/2026,DOCUMENTO,CIVINT/STIC,CIVINT-STIC-U03,2026-09-29T23:05:16-03:00
ROT34325DOC02,Arquivar,#B0BEC5,EXP002128,PGR-00006975/2026,DOCUMENTO,CIVINT/STIC,CIVINT-STIC-U03,2026-09-20T11:20:58-03:00
ROT34325DOC01,Responder,#64B5F6,EXP002128,PGR-00006975/2026,DOCUMENTO,CIVINT/STIC,CIVINT-STIC-U03,2026-09-12T06:33:46-03:00
ROT34325DOC04,Aguardando TI,#9575CD,EXP002128,PGR-00006975/2026,DOCUMENTO,CIVINT/STIC,CIVINT-STIC-U05,2026-09-15T05:11:31-03:00
ROT34325DOC04,Aguardando TI,#9575CD,EXP002130,PGR-00042240/2026,DOCUMENTO,CIVINT/STIC,CIVINT-STIC-U07,2026-09-30T03:44:27-03:00
ROT34325DOC01,Responder,#64B5F6,EXP002134,PGR-00055649/2026,DOCUMENTO,CIVINT/STIC,CIVINT-STIC-U05,2026-09-15T10:06:35-03:00
ROT34325DOC02,Arquivar,#B0BEC5,EXP002135,PGR-00039424/2026,DOCUMENTO,CIVINT/STIC,CIVINT-STIC-U02,2026-09-15T00:46:49-03:00
ROT34325DOC04,Aguardando TI,#9575CD,EXP002135,PGR-00039424/2026,DOCUMENTO,CIVINT/STIC,CIVINT-STIC-U07,2026-09-17T22:23:21-03:00
ROT34325DOC03,Urgente,#E57373,EXP002135,PGR-00039424/2026,DOCUMENTO,CIVINT/STIC,CIVINT-STIC-U03,2026-09-24T23:07:31-03:00
ROT34325DOC04,Aguardando TI,#9575CD,EXP002139,PGR-00096937/2026,DOCUMENTO,CIVINT/STIC,CIVINT-STIC-U06,2026-09-20T22:06:08-03:00
ROT34325DOC03,Urgente,#E57373,EXP002142,PGR-00055728/2026,DOCUMENTO,CIVINT/STIC,CIVINT-STIC-U07,2026-09-25T13:07:32-03:00
ROT34325DOC04,Aguardando TI,#9575CD,EXP002143,PGR-00009193/2026,DOCUMENTO,CIVINT/STIC,CIVINT-STIC-U08,2026-09-23T15:35:09-03:00
ROT34325DOC02,Arquivar,#B0BEC5,EXP002145,PGR-00086760/2026,DOCUMENTO,CIVINT/STIC,CIVINT-STIC-U03,2026-10-07T17:00:00-03:00
ROT34325DOC01,Responder,#64B5F6,EXP002146,PGR-00068541/2026,DOCUMENTO,CIVINT/STIC,CIVINT-STIC-U06,2026-10-04T16:10:24-03:00
ROT34325DOC02,Arquivar,#B0BEC5,EXP002146,PGR-00068541/2026,DOCUMENTO,CIVINT/STIC,CIVINT-STIC-U05,2026-09-18T11:32:44-03:00
ROT34325DOC03,Urgente,#E57373,EXP002146,PGR-00068541/2026,DOCUMENTO,CIVINT/STIC,CIVINT-STIC-U07,2026-09-15T13:23:05-03:00
ROT34325DOC02,Arquivar,#B0BEC5,EXP002147,PGR-00078301/2026,DOCUMENTO,CIVINT/STIC,CIVINT-STIC-U05,2026-09-14T16:00:19-03:00
ROT34325DOC02,Arquivar,#B0BEC5,EXP002149,PGR-00092662/2026,DOCUMENTO,CIVINT/STIC,CIVINT-STIC-U07,2026-08-09T00:28:03-03:00
ROT34325DOC03,Urgente,#E57373,EXP002149,PGR-00092662/2026,DOCUMENTO,CIVINT/STIC,CIVINT-STIC-U05,2026-07-25T20:32:29-03:00
ROT34325DOC04,Aguardando TI,#9575CD,EXP002154,PGR-00098200/2026,DOCUMENTO,CIVINT/STIC,CIVINT-STIC-U07,2026-08-26T21:17:21-03:00
ROT34325DOC01,Responder,#64B5F6,EXP002155,PGR-00020549/2026,DOCUMENTO,CIVINT/STIC,CIVINT-STIC-U05,2026-09-15T21:28:46-03:00
ROT34325DOC03,Urgente,#E57373,EXP002155,PGR-00020549/2026,DOCUMENTO,CIVINT/STIC,CIVINT-STIC-U05,2026-09-26T04:06:42-03:00
ROT34325DOC02,Arquivar,#B0BEC5,EXP002155,PGR-00020549/2026,DOCUMENTO,CIVINT/STIC,CIVINT-STIC-U06,2026-10-06T08:50:14-03:00
ROT34325DOC02,Arquivar,#B0BEC5,EXP002158,PGR-00057264/2026,DOCUMENTO,CIVINT/STIC,CIVINT-STIC-U04,2026-09-23T15:53:54-03:00
ROT34325DOC01,Responder,#64B5F6,EXP002162,PGR-00084197/2026,DOCUMENTO,CIVINT/STIC,CIVINT-STIC-U04,2026-10-07T13:49:31-03:00
ROT34325DOC03,Urgente,#E57373,EXP002164,PGR-00063132/2026,DOCUMENTO,CIVINT/STIC,CIVINT-STIC-U02,2026-10-05T00:28:50-03:00
ROT34325DOC02,Arquivar,#B0BEC5,EXP002168,PGR-00095696/2026,DOCUMENTO,CIVINT/STIC,CIVINT-STIC-U03,2026-09-26T11:11:46-03:00
ROT34325DOC03,Urgente,#E57373,EXP002171,PGR-00028607/2026,DOCUMENTO,CIVINT/STIC,CIVINT-STIC-U06,2026-09-12T13:07:09-03:00
ROT34325DOC04,Aguardando TI,#9575CD,EXP002171,PGR-00028607/2026,DOCUMENTO,CIVINT/STIC,CIVINT-STIC-U05,2026-10-05T01:22:52-03:00
ROT34325DOC02,Arquivar,#B0BEC5,EXP002171,PGR-00028607/2026,DOCUMENTO,CIVINT/STIC,CIVINT-STIC-U08,2026-09-06T04:45:15-03:00
ROT34325DOC04,Aguardando TI,#9575CD,EXP002173,PGR-00089250/2026,DOCUMENTO,CIVINT/STIC,CIVINT-STIC-U05,2026-10-06T03:05:04-03:00
ROT34325DOC02,Arquivar,#B0BEC5,EXP002173,PGR-00089250/2026,DOCUMENTO,CIVINT/STIC,CIVINT-STIC-U04,2026-10-06T15:56:45-03:00
ROT34325DOC03,Urgente,#E57373,EXP002175,PGR-00090729/2026,DOCUMENTO,CIVINT/STIC,CIVINT-STIC-U04,2026-09-29T01:26:17-03:00
ROT34325DOC04,Aguardando TI,#9575CD,EXP002178,PGR-00055016/2026,DOCUMENTO,CIVINT/STIC,CIVINT-STIC-U04,2026-09-30T20:25:55-03:00
ROT34325DOC04,Aguardando TI,#9575CD,EXP002181,PGR-00041055/2026,DOCUMENTO,CIVINT/STIC,CIVINT-STIC-U02,2026-10-06T03:06:10-03:00
ROT34325DOC01,Responder,#64B5F6,EXP002182,PGR-00066629/2026,DOCUMENTO,CIVINT/STIC,CIVINT-STIC-U03,2026-09-04T23:44:13-03:00
ROT34325DOC03,Urgente,#E57373,EXP002184,PGR-00072222/2026,DOCUMENTO,CIVINT/STIC,CIVINT-STIC-U03,2026-09-27T04:11:14-03:00
ROT34325DOC03,Urgente,#E57373,EXP002185,PGR-00067780/2026,DOCUMENTO,CIVINT/STIC,CIVINT-STIC-U02,2026-09-26T19:43:18-03:00
ROT34325DOC01,Responder,#64B5F6,EXP002185,PGR-00067780/2026,DOCUMENTO,CIVINT/STIC,CIVINT-STIC-U05,2026-09-20T07:08:49-03:00
ROT34325DOC04,Aguardando TI,#9575CD,EXP002185,PGR-00067780/2026,DOCUMENTO,CIVINT/STIC,CIVINT-STIC-U05,2026-09-11T14:54:47-03:00
ROT34325DOC02,Arquivar,#B0BEC5,EXP002192,PGR-00036430/2026,DOCUMENTO,CIVINT/STIC,CIVINT-STIC-U07,2026-09-30T13:15:40-03:00
ROT34325DOC03,Urgente,#E57373,EXP002193,PGR-00066372/2026,DOCUMENTO,CIVINT/STIC,CIVINT-STIC-U07,2026-10-07T17:00:00-03:00
ROT34325DOC02,Arquivar,#B0BEC5,EXP002199,PGR-00051475/2026,DOCUMENTO,CIVINT/STIC,CIVINT-STIC-U04,2026-09-12T03:50:01-03:00
ROT34325DOC01,Responder,#64B5F6,EXP002199,PGR-00051475/2026,DOCUMENTO,CIVINT/STIC,CIVINT-STIC-U06,2026-10-02T10:21:26-03:00
ROT34325DOC03,Urgente,#E57373,EXP002199,PGR-00051475/2026,DOCUMENTO,CIVINT/STIC,CIVINT-STIC-U04,2026-09-07T22:07:42-03:00
ROT34325DOC01,Responder,#64B5F6,EXP002201,PGR-00070549/2026,DOCUMENTO,CIVINT/STIC,CIVINT-STIC-U08,2026-09-26T11:35:31-03:00
ROT34325DOC02,Arquivar,#B0BEC5,EXP002201,PGR-00070549/2026,DOCUMENTO,CIVINT/STIC,CIVINT-STIC-U06,2026-07-28T18:45:08-03:00
ROT34325DOC04,Aguardando TI,#9575CD,EXP002201,PGR-00070549/2026,DOCUMENTO,CIVINT/STIC,CIVINT-STIC-U06,2026-09-07T05:14:52-03:00
ROT34325DOC02,Arquivar,#B0BEC5,EXP002203,PGR-00049786/2026,DOCUMENTO,CIVINT/STIC,CIVINT-STIC-U07,2026-09-03T17:09:57-03:00
ROT34325DOC03,Urgente,#E57373,EXP002204,PGR-00065257/2026,DOCUMENTO,CIVINT/STIC,CIVINT-STIC-U03,2026-09-30T09:28:31-03:00
ROT34325DOC02,Arquivar,#B0BEC5,EXP002204,PGR-00065257/2026,DOCUMENTO,CIVINT/STIC,CIVINT-STIC-U08,2026-09-30T14:54:36-03:00
ROT34325DOC04,Aguardando TI,#9575CD,EXP002204,PGR-00065257/2026,DOCUMENTO,CIVINT/STIC,CIVINT-STIC-U03,2026-09-23T08:48:13-03:00
ROT34325DOC03,Urgente,#E57373,EXP002206,PGR-00094967/2026,DOCUMENTO,CIVINT/STIC,CIVINT-STIC-U03,2026-10-06T17:19:27-03:00
ROT34325DOC02,Arquivar,#B0BEC5,EXP002216,PGR-00033405/2026,DOCUMENTO,CIVINT/STIC,CIVINT-STIC-U07,2026-10-06T11:10:44-03:00
ROT34325DOC01,Responder,#64B5F6,EXP002216,PGR-00033405/2026,DOCUMENTO,CIVINT/STIC,CIVINT-STIC-U06,2026-10-04T07:19:26-03:00
ROT34325DOC03,Urgente,#E57373,EXP002216,PGR-00033405/2026,DOCUMENTO,CIVINT/STIC,CIVINT-STIC-U08,2026-10-06T18:51:41-03:00
ROT34325DOC02,Arquivar,#B0BEC5,EXP002225,PGR-00086408/2026,DOCUMENTO,CIVINT/STIC,CIVINT-STIC-U05,2026-09-10T13:26:03-03:00
ROT34325DOC01,Responder,#64B5F6,EXP002227,PGR-00044721/2026,DOCUMENTO,CIVINT/STIC,CIVINT-STIC-U05,2026-09-25T02:21:31-03:00
ROT34325DOC02,Arquivar,#B0BEC5,EXP002233,PGR-00068290/2026,DOCUMENTO,CIVINT/STIC,CIVINT-STIC-U05,2026-10-03T03:54:11-03:00
ROT34325DOC04,Aguardando TI,#9575CD,EXP002233,PGR-00068290/2026,DOCUMENTO,CIVINT/STIC,CIVINT-STIC-U01,2026-10-07T10:42:23-03:00
ROT34325DOC03,Urgente,#E57373,EXP002233,PGR-00068290/2026,DOCUMENTO,CIVINT/STIC,CIVINT-STIC-U02,2026-10-03T06:26:01-03:00
ROT34325DOC04,Aguardando TI,#9575CD,EXP002237,PGR-00088289/2026,DOCUMENTO,CIVINT/STIC,CIVINT-STIC-U04,2026-10-07T11:56:19-03:00
ROT34325DOC01,Responder,#64B5F6,EXP002237,PGR-00088289/2026,DOCUMENTO,CIVINT/STIC,CIVINT-STIC-U03,2026-10-07T14:42:51-03:00
ROT34325DOC03,Urgente,#E57373,EXP002237,PGR-00088289/2026,DOCUMENTO,CIVINT/STIC,CIVINT-STIC-U06,2026-10-07T09:49:43-03:00
ROT34325DOC03,Urgente,#E57373,EXP002239,PGR-00080695/2026,DOCUMENTO,CIVINT/STIC,CIVINT-STIC-U01,2026-10-05T09:43:55-03:00
ROT34325DOC04,Aguardando TI,#9575CD,EXP002240,PGR-00070423/2026,DOCUMENTO,CIVINT/STIC,CIVINT-STIC-U05,2026-10-02T04:39:39-03:00
ROT34325DOC02,Arquivar,#B0BEC5,EXP002240,PGR-00070423/2026,DOCUMENTO,CIVINT/STIC,CIVINT-STIC-U06,2026-10-03T06:59:58-03:00
ROT34325DOC01,Responder,#64B5F6,EXP002240,PGR-00070423/2026,DOCUMENTO,CIVINT/STIC,CIVINT-STIC-U01,2026-09-24T11:19:52-03:00
ROT34325DOC03,Urgente,#E57373,EXP002246,PGR-00024522/2026,DOCUMENTO,CIVINT/STIC,CIVINT-STIC-U01,2026-09-25T04:59:23-03:00
ROT34325DOC02,Arquivar,#B0BEC5,EXP002249,PGR-00031923/2026,DOCUMENTO,CIVINT/STIC,CIVINT-STIC-U02,2026-09-10T02:49:27-03:00
ROT34325DOC03,Urgente,#E57373,EXP002249,PGR-00031923/2026,DOCUMENTO,CIVINT/STIC,CIVINT-STIC-U05,2026-08-30T00:25:24-03:00
ROT34325DOC01,Responder,#64B5F6,EXP002250,PGR-00076669/2026,DOCUMENTO,CIVINT/STIC,CIVINT-STIC-U01,2026-09-27T08:03:14-03:00
ROT34325DOC04,Aguardando TI,#9575CD,EXP002251,PGR-00067214/2026,DOCUMENTO,CIVINT/STIC,CIVINT-STIC-U05,2026-10-02T17:37:22-03:00
ROT34325DOC01,Responder,#64B5F6,EXP002253,PGR-00047226/2026,DOCUMENTO,CIVINT/STIC,CIVINT-STIC-U06,2026-09-22T13:45:02-03:00
ROT34325DOC03,Urgente,#E57373,EXP002253,PGR-00047226/2026,DOCUMENTO,CIVINT/STIC,CIVINT-STIC-U02,2026-10-02T08:38:24-03:00
ROT34325DOC03,Urgente,#E57373,EXP002256,PGR-00063657/2026,DOCUMENTO,CIVINT/STIC,CIVINT-STIC-U05,2026-09-08T15:05:40-03:00
ROT34325DOC02,Arquivar,#B0BEC5,EXP002256,PGR-00063657/2026,DOCUMENTO,CIVINT/STIC,CIVINT-STIC-U08,2026-10-04T01:16:30-03:00
ROT34325DOC01,Responder,#64B5F6,EXP002256,PGR-00063657/2026,DOCUMENTO,CIVINT/STIC,CIVINT-STIC-U04,2026-09-15T08:55:19-03:00
ROT34325DOC03,Urgente,#E57373,EXP002257,PGR-00013702/2026,DOCUMENTO,CIVINT/STIC,CIVINT-STIC-U08,2026-09-23T11:18:13-03:00
ROT34325DOC01,Responder,#64B5F6,EXP002257,PGR-00013702/2026,DOCUMENTO,CIVINT/STIC,CIVINT-STIC-U08,2026-09-22T15:44:40-03:00
ROT34325DOC03,Urgente,#E57373,EXP002258,PGR-00023053/2026,DOCUMENTO,CIVINT/STIC,CIVINT-STIC-U03,2026-10-06T07:09:28-03:00
ROT34325DOC02,Arquivar,#B0BEC5,EXP002266,PGR-00068195/2026,DOCUMENTO,CIVINT/STIC,CIVINT-STIC-U02,2026-10-04T00:56:56-03:00
ROT34325DOC01,Responder,#64B5F6,EXP002266,PGR-00068195/2026,DOCUMENTO,CIVINT/STIC,CIVINT-STIC-U08,2026-09-25T05:55:49-03:00
ROT34325DOC04,Aguardando TI,#9575CD,EXP002266,PGR-00068195/2026,DOCUMENTO,CIVINT/STIC,CIVINT-STIC-U08,2026-09-26T07:11:02-03:00
ROT34325DOC04,Aguardando TI,#9575CD,EXP002267,PGR-00046612/2026,DOCUMENTO,CIVINT/STIC,CIVINT-STIC-U05,2026-09-27T22:52:38-03:00
ROT34325DOC02,Arquivar,#B0BEC5,EXP002267,PGR-00046612/2026,DOCUMENTO,CIVINT/STIC,CIVINT-STIC-U02,2026-09-29T10:37:53-03:00
ROT34325DOC01,Responder,#64B5F6,EXP002267,PGR-00046612/2026,DOCUMENTO,CIVINT/STIC,CIVINT-STIC-U05,2026-10-04T17:33:49-03:00
ROT34325DOC04,Aguardando TI,#9575CD,EXP002269,PGR-00094718/2026,DOCUMENTO,CIVINT/STIC,CIVINT-STIC-U04,2026-10-05T07:57:45-03:00
ROT34325DOC01,Responder,#64B5F6,EXP002271,PGR-00038627/2026,DOCUMENTO,CIVINT/STIC,CIVINT-STIC-U06,2026-10-05T15:46:42-03:00
ROT34325DOC02,Arquivar,#B0BEC5,EXP002271,PGR-00038627/2026,DOCUMENTO,CIVINT/STIC,CIVINT-STIC-U03,2026-10-07T01:25:38-03:00
ROT34325DOC03,Urgente,#E57373,EXP002271,PGR-00038627/2026,DOCUMENTO,CIVINT/STIC,CIVINT-STIC-U08,2026-10-06T20:28:00-03:00
ROT34325DOC02,Arquivar,#B0BEC5,EXP002278,PGR-00068885/2026,DOCUMENTO,CIVINT/STIC,CIVINT-STIC-U02,2026-10-07T16:45:00-03:00
ROT34325DOC01,Responder,#64B5F6,EXP002278,PGR-00068885/2026,DOCUMENTO,CIVINT/STIC,CIVINT-STIC-U02,2026-10-07T16:31:56-03:00
ROT34325DOC02,Arquivar,#B0BEC5,EXP002279,PGR-00027291/2026,DOCUMENTO,CIVINT/STIC,CIVINT-STIC-U04,2026-10-07T17:00:00-03:00
ROT34325DOC02,Arquivar,#B0BEC5,EXP002282,PGR-00080960/2026,DOCUMENTO,CIVINT/STIC,CIVINT-STIC-U05,2026-10-05T08:01:13-03:00
ROT34325DOC04,Aguardando TI,#9575CD,EXP002284,PGR-00049006/2026,DOCUMENTO,CIVINT/STIC,CIVINT-STIC-U05,2026-06-24T20:09:37-03:00
ROT34325DOC01,Responder,#64B5F6,EXP002284,PGR-00049006/2026,DOCUMENTO,CIVINT/STIC,CIVINT-STIC-U08,2026-06-22T01:18:30-03:00
ROT34325DOC02,Arquivar,#B0BEC5,EXP002284,PGR-00049006/2026,DOCUMENTO,CIVINT/STIC,CIVINT-STIC-U02,2026-06-28T19:04:16-03:00
ROT34325DOC04,Aguardando TI,#9575CD,EXP002285,PGR-00082525/2026,DOCUMENTO,CIVINT/STIC,CIVINT-STIC-U03,2026-10-04T22:53:11-03:00
ROT34325DOC04,Aguardando TI,#9575CD,EXP002287,PGR-00014434/2026,DOCUMENTO,CIVINT/STIC,CIVINT-STIC-U01,2026-09-30T23:57:17-03:00
ROT34325DOC01,Responder,#64B5F6,EXP002288,PGR-00082961/2026,DOCUMENTO,CIVINT/STIC,CIVINT-STIC-U04,2026-10-06T21:06:25-03:00
ROT34325DOC03,Urgente,#E57373,EXP002290,PGR-00080071/2026,DOCUMENTO,CIVINT/STIC,CIVINT-STIC-U08,2026-09-23T22:55:19-03:00
ROT34325DOC04,Aguardando TI,#9575CD,EXP002290,PGR-00080071/2026,DOCUMENTO,CIVINT/STIC,CIVINT-STIC-U01,2026-09-24T17:32:07-03:00
ROT34325DOC01,Responder,#64B5F6,EXP002290,PGR-00080071/2026,DOCUMENTO,CIVINT/STIC,CIVINT-STIC-U02,2026-09-22T01:19:28-03:00
ROT34325DOC02,Arquivar,#B0BEC5,EXP002294,PGR-00097531/2026,DOCUMENTO,CIVINT/STIC,CIVINT-STIC-U02,2026-09-29T03:07:36-03:00
ROT34325DOC03,Urgente,#E57373,EXP002297,PGR-00095798/2026,DOCUMENTO,CIVINT/STIC,CIVINT-STIC-U07,2026-09-29T18:21:02-03:00
ROT34325DOC01,Responder,#64B5F6,EXP002300,PGR-00066067/2026,DOCUMENTO,CIVINT/STIC,CIVINT-STIC-U01,2026-09-22T16:27:12-03:00
ROT34325DOC04,Aguardando TI,#9575CD,EXP002300,PGR-00066067/2026,DOCUMENTO,CIVINT/STIC,CIVINT-STIC-U07,2026-10-05T22:53:42-03:00
ROT34325DOC02,Arquivar,#B0BEC5,EXP002300,PGR-00066067/2026,DOCUMENTO,CIVINT/STIC,CIVINT-STIC-U07,2026-09-08T08:33:19-03:00
ROT34325DOC04,Aguardando TI,#9575CD,EXP002304,PGR-00048531/2026,DOCUMENTO,CIVINT/STIC,CIVINT-STIC-U05,2026-10-07T07:41:59-03:00
ROT34325DOC02,Arquivar,#B0BEC5,EXP002304,PGR-00048531/2026,DOCUMENTO,CIVINT/STIC,CIVINT-STIC-U01,2026-10-03T12:02:49-03:00
ROT34325DOC03,Urgente,#E57373,EXP002307,PGR-00024028/2026,DOCUMENTO,CIVINT/STIC,CIVINT-STIC-U06,2026-10-06T20:16:53-03:00
ROT34325DOC02,Arquivar,#B0BEC5,EXP002317,PGR-00048149/2026,DOCUMENTO,CIVINT/STIC,CIVINT-STIC-U02,2026-10-07T04:19:36-03:00
ROT34325DOC03,Urgente,#E57373,EXP002321,PGR-00042488/2026,DOCUMENTO,CIVINT/STIC,CIVINT-STIC-U06,2026-10-06T00:19:14-03:00
ROT34325DOC01,Responder,#64B5F6,EXP002324,PGR-00090825/2026,DOCUMENTO,CIVINT/STIC,CIVINT-STIC-U03,2026-08-30T02:07:22-03:00
ROT34325DOC03,Urgente,#E57373,EXP002327,PGR-00025593/2026,DOCUMENTO,CIVINT/STIC,CIVINT-STIC-U03,2026-09-20T16:57:29-03:00
ROT34325DOC03,Urgente,#E57373,EXP002329,PGR-00027024/2026,DOCUMENTO,CIVINT/STIC,CIVINT-STIC-U07,2026-08-11T09:17:47-03:00
ROT34325DOC02,Arquivar,#B0BEC5,EXP002329,PGR-00027024/2026,DOCUMENTO,CIVINT/STIC,CIVINT-STIC-U05,2026-08-30T11:23:16-03:00
ROT34325DOC04,Aguardando TI,#9575CD,EXP002336,PGR-00035404/2026,DOCUMENTO,CIVINT/STIC,CIVINT-STIC-U06,2026-10-06T16:01:59-03:00
ROT34325DOC02,Arquivar,#B0BEC5,EXP002336,PGR-00035404/2026,DOCUMENTO,CIVINT/STIC,CIVINT-STIC-U07,2026-10-06T08:49:48-03:00
ROT34325DOC02,Arquivar,#B0BEC5,EXP002340,PGR-00059446/2026,DOCUMENTO,CIVINT/STIC,CIVINT-STIC-U07,2026-09-19T23:18:05-03:00
ROT34325DOC02,Arquivar,#B0BEC5,EXP002341,PGR-00015826/2026,DOCUMENTO,CIVINT/STIC,CIVINT-STIC-U08,2026-09-02T15:51:51-03:00
ROT34325DOC01,Responder,#64B5F6,EXP002341,PGR-00015826/2026,DOCUMENTO,CIVINT/STIC,CIVINT-STIC-U07,2026-09-01T18:54:48-03:00
ROT34325DOC03,Urgente,#E57373,EXP002341,PGR-00015826/2026,DOCUMENTO,CIVINT/STIC,CIVINT-STIC-U04,2026-09-07T07:19:26-03:00
ROT34325DOC03,Urgente,#E57373,EXP002342,PGR-00064709/2026,DOCUMENTO,CIVINT/STIC,CIVINT-STIC-U07,2026-10-01T21:25:45-03:00
ROT34325DOC01,Responder,#64B5F6,EXP002343,PGR-00039178/2026,DOCUMENTO,CIVINT/STIC,CIVINT-STIC-U01,2026-10-01T23:31:03-03:00
ROT34325DOC02,Arquivar,#B0BEC5,EXP002344,PGR-00077495/2026,DOCUMENTO,CIVINT/STIC,CIVINT-STIC-U02,2026-10-03T15:51:46-03:00
ROT34325DOC04,Aguardando TI,#9575CD,EXP002344,PGR-00077495/2026,DOCUMENTO,CIVINT/STIC,CIVINT-STIC-U05,2026-09-16T07:19:21-03:00
ROT34325DOC01,Responder,#64B5F6,EXP002349,PGR-00065744/2026,DOCUMENTO,CIVINT/STIC,CIVINT-STIC-U03,2026-09-26T03:17:29-03:00
ROT34325DOC02,Arquivar,#B0BEC5,EXP002353,PGR-00023805/2026,DOCUMENTO,CIVINT/STIC,CIVINT-STIC-U08,2026-10-01T21:31:42-03:00
ROT34325DOC03,Urgente,#E57373,EXP002353,PGR-00023805/2026,DOCUMENTO,CIVINT/STIC,CIVINT-STIC-U01,2026-10-02T18:18:27-03:00
ROT34325DOC01,Responder,#64B5F6,EXP002353,PGR-00023805/2026,DOCUMENTO,CIVINT/STIC,CIVINT-STIC-U03,2026-10-01T21:36:15-03:00
ROT34325DOC02,Arquivar,#B0BEC5,EXP002355,PGR-00022447/2026,DOCUMENTO,CIVINT/STIC,CIVINT-STIC-U06,2026-10-04T15:09:11-03:00
ROT34325DOC03,Urgente,#E57373,EXP002356,PGR-00012780/2026,DOCUMENTO,CIVINT/STIC,CIVINT-STIC-U02,2026-10-03T18:07:55-03:00
ROT34325DOC04,Aguardando TI,#9575CD,EXP002356,PGR-00012780/2026,DOCUMENTO,CIVINT/STIC,CIVINT-STIC-U06,2026-09-22T08:55:02-03:00
ROT34325DOC01,Responder,#64B5F6,EXP002357,PGR-00064739/2026,DOCUMENTO,CIVINT/STIC,CIVINT-STIC-U05,2026-10-06T09:42:49-03:00
ROT34325DOC04,Aguardando TI,#9575CD,EXP002357,PGR-00064739/2026,DOCUMENTO,CIVINT/STIC,CIVINT-STIC-U04,2026-09-24T22:16:15-03:00
ROT34325DOC02,Arquivar,#B0BEC5,EXP002357,PGR-00064739/2026,DOCUMENTO,CIVINT/STIC,CIVINT-STIC-U05,2026-10-06T13:46:18-03:00
ROT34325DOC03,Urgente,#E57373,EXP002361,PGR-00026433/2026,DOCUMENTO,CIVINT/STIC,CIVINT-STIC-U08,2026-10-05T20:17:28-03:00
ROT34325DOC04,Aguardando TI,#9575CD,EXP002361,PGR-00026433/2026,DOCUMENTO,CIVINT/STIC,CIVINT-STIC-U03,2026-10-07T07:40:37-03:00
ROT34325DOC02,Arquivar,#B0BEC5,EXP002363,PGR-00026989/2026,DOCUMENTO,CIVINT/STIC,CIVINT-STIC-U05,2026-10-03T23:44:56-03:00
ROT34325DOC01,Responder,#64B5F6,EXP002366,PGR-00020113/2026,DOCUMENTO,CIVINT/STIC,CIVINT-STIC-U03,2026-10-03T15:39:26-03:00
ROT34325DOC02,Arquivar,#B0BEC5,EXP002368,PGR-00022525/2026,DOCUMENTO,CIVINT/STIC,CIVINT-STIC-U07,2026-10-07T12:41:13-03:00
ROT34325DOC01,Responder,#64B5F6,EXP002369,PGR-00077170/2026,DOCUMENTO,CIVINT/STIC,CIVINT-STIC-U03,2026-10-07T17:00:00-03:00
ROT34325DOC03,Urgente,#E57373,EXP002372,PGR-00011430/2026,DOCUMENTO,CIVINT/STIC,CIVINT-STIC-U04,2026-09-10T04:16:25-03:00
ROT34325DOC01,Responder,#64B5F6,EXP002372,PGR-00011430/2026,DOCUMENTO,CIVINT/STIC,CIVINT-STIC-U07,2026-09-30T15:15:21-03:00
ROT34325DOC02,Arquivar,#B0BEC5,EXP002372,PGR-00011430/2026,DOCUMENTO,CIVINT/STIC,CIVINT-STIC-U07,2026-09-19T09:57:18-03:00
ROT34325DOC03,Urgente,#E57373,EXP002373,PGR-00089428/2026,DOCUMENTO,CIVINT/STIC,CIVINT-STIC-U08,2026-10-07T11:34:43-03:00
ROT34325DOC01,Responder,#64B5F6,EXP002373,PGR-00089428/2026,DOCUMENTO,CIVINT/STIC,CIVINT-STIC-U06,2026-10-06T10:06:54-03:00
ROT34325DOC04,Aguardando TI,#9575CD,EXP002373,PGR-00089428/2026,DOCUMENTO,CIVINT/STIC,CIVINT-STIC-U02,2026-10-07T04:13:52-03:00
ROT34325DOC01,Responder,#64B5F6,EXP002374,PGR-00026858/2026,DOCUMENTO,CIVINT/STIC,CIVINT-STIC-U04,2026-09-15T21:29:56-03:00
ROT34325DOC03,Urgente,#E57373,EXP002374,PGR-00026858/2026,DOCUMENTO,CIVINT/STIC,CIVINT-STIC-U02,2026-09-25T22:33:21-03:00
ROT34325DOC04,Aguardando TI,#9575CD,EXP002374,PGR-00026858/2026,DOCUMENTO,CIVINT/STIC,CIVINT-STIC-U08,2026-10-05T05:42:41-03:00
ROT34325DOC02,Arquivar,#B0BEC5,EXP002377,PGR-00066967/2026,DOCUMENTO,CIVINT/STIC,CIVINT-STIC-U03,2026-09-14T17:35:22-03:00
ROT34325DOC01,Responder,#64B5F6,EXP002377,PGR-00066967/2026,DOCUMENTO,CIVINT/STIC,CIVINT-STIC-U06,2026-10-04T13:00:08-03:00
ROT34325DOC03,Urgente,#E57373,EXP002379,PGR-00079988/2026,DOCUMENTO,CIVINT/STIC,CIVINT-STIC-U07,2026-09-30T01:46:46-03:00
ROT34325DOC02,Arquivar,#B0BEC5,EXP002382,PGR-00005130/2026,DOCUMENTO,CIVINT/STIC,CIVINT-STIC-U08,2026-09-20T14:17:29-03:00
ROT34325DOC02,Arquivar,#B0BEC5,EXP002384,PGR-00064551/2026,DOCUMENTO,CIVINT/STIC,CIVINT-STIC-U03,2026-09-01T07:03:28-03:00
ROT34325DOC02,Arquivar,#B0BEC5,EXP002386,PGR-00033117/2026,DOCUMENTO,CIVINT/STIC,CIVINT-STIC-U01,2026-10-06T18:02:00-03:00
ROT34325DOC01,Responder,#64B5F6,EXP002386,PGR-00033117/2026,DOCUMENTO,CIVINT/STIC,CIVINT-STIC-U03,2026-07-25T22:14:59-03:00
ROT34325DOC03,Urgente,#E57373,EXP002386,PGR-00033117/2026,DOCUMENTO,CIVINT/STIC,CIVINT-STIC-U05,2026-07-25T06:44:58-03:00
ROT34325DOC01,Responder,#64B5F6,EXP002389,PGR-00080453/2026,DOCUMENTO,CIVINT/STIC,CIVINT-STIC-U07,2026-09-12T04:30:26-03:00
ROT34325DOC02,Arquivar,#B0BEC5,EXP002389,PGR-00080453/2026,DOCUMENTO,CIVINT/STIC,CIVINT-STIC-U08,2026-09-17T19:54:47-03:00
ROT34325DOC03,Urgente,#E57373,EXP002389,PGR-00080453/2026,DOCUMENTO,CIVINT/STIC,CIVINT-STIC-U07,2026-09-10T03:03:37-03:00
ROT34325DOC02,Arquivar,#B0BEC5,EXP002392,PGR-00091462/2026,DOCUMENTO,CIVINT/STIC,CIVINT-STIC-U06,2026-09-19T22:35:58-03:00
ROT34325DOC03,Urgente,#E57373,EXP002394,PGR-00098190/2026,DOCUMENTO,CIVINT/STIC,CIVINT-STIC-U01,2026-09-25T19:02:19-03:00
ROT34325DOC02,Arquivar,#B0BEC5,EXP002397,PGR-00091729/2026,DOCUMENTO,CIVINT/STIC,CIVINT-STIC-U07,2026-10-07T08:36:01-03:00
ROT34325DOC03,Urgente,#E57373,EXP002397,PGR-00091729/2026,DOCUMENTO,CIVINT/STIC,CIVINT-STIC-U08,2026-10-07T04:15:32-03:00
ROT34325DOC01,Responder,#64B5F6,EXP002397,PGR-00091729/2026,DOCUMENTO,CIVINT/STIC,CIVINT-STIC-U01,2026-10-06T18:23:14-03:00
ROT34325DOC02,Arquivar,#B0BEC5,EXP002404,PGR-00082593/2026,DOCUMENTO,CIVINT/STIC,CIVINT-STIC-U05,2026-09-19T02:12:40-03:00
ROT34325DOC02,Arquivar,#B0BEC5,EXP002406,PGR-00096964/2026,DOCUMENTO,CIVINT/STIC,CIVINT-STIC-U05,2026-09-25T18:16:52-03:00
ROT34325DOC03,Urgente,#E57373,EXP002406,PGR-00096964/2026,DOCUMENTO,CIVINT/STIC,CIVINT-STIC-U05,2026-09-25T23:29:28-03:00
ROT34325DOC01,Responder,#64B5F6,EXP002406,PGR-00096964/2026,DOCUMENTO,CIVINT/STIC,CIVINT-STIC-U01,2026-09-26T04:18:42-03:00
ROT34325DOC02,Arquivar,#B0BEC5,EXP002407,PGR-00079576/2026,DOCUMENTO,CIVINT/STIC,CIVINT-STIC-U05,2026-09-24T23:44:06-03:00
ROT34325DOC04,Aguardando TI,#9575CD,EXP002408,PGR-00018497/2026,DOCUMENTO,CIVINT/STIC,CIVINT-STIC-U03,2026-09-08T09:41:44-03:00
ROT34325DOC03,Urgente,#E57373,EXP002408,PGR-00018497/2026,DOCUMENTO,CIVINT/STIC,CIVINT-STIC-U08,2026-09-16T18:58:07-03:00
ROT34325DOC02,Arquivar,#B0BEC5,EXP002413,PGR-00043919/2026,DOCUMENTO,CIVINT/STIC,CIVINT-STIC-U03,2026-10-04T21:56:30-03:00
ROT34325DOC02,Arquivar,#B0BEC5,EXP002414,PGR-00065261/2026,DOCUMENTO,CIVINT/STIC,CIVINT-STIC-U08,2026-10-04T16:23:54-03:00
ROT34325DOC02,Arquivar,#B0BEC5,EXP002419,PGR-00049060/2026,DOCUMENTO,CIVINT/STIC,CIVINT-STIC-U01,2026-09-02T13:03:43-03:00
ROT34325DOC01,Responder,#64B5F6,EXP002423,PGR-00033377/2026,DOCUMENTO,CIVINT/STIC,CIVINT-STIC-U07,2026-10-05T18:28:55-03:00
ROT34325DOC01,Responder,#64B5F6,EXP002425,PGR-00013788/2026,DOCUMENTO,CIVINT/STIC,CIVINT-STIC-U02,2026-08-23T17:07:40-03:00
ROT34325DOC02,Arquivar,#B0BEC5,EXP002426,PGR-00013881/2026,DOCUMENTO,CIVINT/STIC,CIVINT-STIC-U03,2026-08-18T05:19:23-03:00
ROT34325DOC02,Arquivar,#B0BEC5,EXP002440,PGR-00056250/2026,DOCUMENTO,CIVINT/STIC,CIVINT-STIC-U07,2026-09-26T23:34:40-03:00
ROT34325DOC04,Aguardando TI,#9575CD,EXP002440,PGR-00056250/2026,DOCUMENTO,CIVINT/STIC,CIVINT-STIC-U01,2026-10-03T22:17:27-03:00
ROT34325DOC03,Urgente,#E57373,EXP002441,PGR-00096318/2026,DOCUMENTO,CIVINT/STIC,CIVINT-STIC-U04,2026-09-25T06:27:31-03:00
ROT34325DOC02,Arquivar,#B0BEC5,EXP002444,PGR-00010599/2026,DOCUMENTO,CIVINT/STIC,CIVINT-STIC-U05,2026-10-05T04:31:43-03:00
ROT34325DOC01,Responder,#64B5F6,EXP002445,PGR-00083581/2026,DOCUMENTO,CIVINT/STIC,CIVINT-STIC-U05,2026-10-07T10:44:57-03:00
ROT34325DOC03,Urgente,#E57373,EXP002447,PGR-00059683/2026,DOCUMENTO,CIVINT/STIC,CIVINT-STIC-U02,2026-09-17T15:55:28-03:00
ROT34325DOC02,Arquivar,#B0BEC5,EXP002447,PGR-00059683/2026,DOCUMENTO,CIVINT/STIC,CIVINT-STIC-U06,2026-09-12T05:27:48-03:00
ROT34325DOC04,Aguardando TI,#9575CD,EXP002447,PGR-00059683/2026,DOCUMENTO,CIVINT/STIC,CIVINT-STIC-U02,2026-09-05T06:31:02-03:00
ROT34325DOC03,Urgente,#E57373,EXP002455,PGR-00054673/2026,DOCUMENTO,CIVINT/STIC,CIVINT-STIC-U01,2026-09-26T08:58:50-03:00
ROT34325DOC03,Urgente,#E57373,EXP002456,PGR-00055988/2026,DOCUMENTO,CIVINT/STIC,CIVINT-STIC-U07,2026-10-05T19:13:21-03:00
ROT34325DOC02,Arquivar,#B0BEC5,EXP002456,PGR-00055988/2026,DOCUMENTO,CIVINT/STIC,CIVINT-STIC-U02,2026-09-29T02:01:15-03:00
ROT34325DOC03,Urgente,#E57373,EXP002457,PGR-00037045/2026,DOCUMENTO,CIVINT/STIC,CIVINT-STIC-U06,2026-10-03T22:26:31-03:00
ROT34325DOC02,Arquivar,#B0BEC5,EXP002461,PGR-00034474/2026,DOCUMENTO,CIVINT/STIC,CIVINT-STIC-U06,2026-10-02T10:08:06-03:00
ROT34325DOC04,Aguardando TI,#9575CD,EXP002463,PGR-00061005/2026,DOCUMENTO,CIVINT/STIC,CIVINT-STIC-U01,2026-07-30T20:31:14-03:00
ROT34325DOC02,Arquivar,#B0BEC5,EXP002463,PGR-00061005/2026,DOCUMENTO,CIVINT/STIC,CIVINT-STIC-U02,2026-09-10T01:23:44-03:00
ROT34325DOC03,Urgente,#E57373,EXP002474,PGR-00098702/2026,DOCUMENTO,CIVINT/STIC,CIVINT-STIC-U02,2026-09-05T16:40:19-03:00
ROT34325DOC04,Aguardando TI,#9575CD,EXP002474,PGR-00098702/2026,DOCUMENTO,CIVINT/STIC,CIVINT-STIC-U08,2026-09-13T18:39:42-03:00
ROT34325DOC02,Arquivar,#B0BEC5,EXP002474,PGR-00098702/2026,DOCUMENTO,CIVINT/STIC,CIVINT-STIC-U03,2026-09-18T17:17:21-03:00
ROT34325DOC04,Aguardando TI,#9575CD,EXP002476,PGR-00073620/2026,DOCUMENTO,CIVINT/STIC,CIVINT-STIC-U01,2026-09-14T08:02:47-03:00
ROT34325DOC02,Arquivar,#B0BEC5,EXP002476,PGR-00073620/2026,DOCUMENTO,CIVINT/STIC,CIVINT-STIC-U03,2026-10-07T02:11:50-03:00
ROT34325DOC03,Urgente,#E57373,EXP002476,PGR-00073620/2026,DOCUMENTO,CIVINT/STIC,CIVINT-STIC-U06,2026-10-04T15:46:22-03:00
ROT34325DOC03,Urgente,#E57373,EXP002481,PGR-00033694/2026,DOCUMENTO,CIVINT/STIC,CIVINT-STIC-U07,2026-08-20T19:56:44-03:00
ROT34325DOC02,Arquivar,#B0BEC5,EXP002481,PGR-00033694/2026,DOCUMENTO,CIVINT/STIC,CIVINT-STIC-U07,2026-08-19T17:33:51-03:00
ROT34325DOC02,Arquivar,#B0BEC5,EXP002482,PGR-00093826/2026,DOCUMENTO,CIVINT/STIC,CIVINT-STIC-U06,2026-09-11T16:34:10-03:00
ROT34325DOC01,Responder,#64B5F6,EXP002488,PGR-00069444/2026,DOCUMENTO,CIVINT/STIC,CIVINT-STIC-U01,2026-09-15T18:09:45-03:00
ROT34325DOC03,Urgente,#E57373,EXP002490,PGR-00039156/2026,DOCUMENTO,CIVINT/STIC,CIVINT-STIC-U02,2026-10-01T14:54:19-03:00
ROT34325DOC01,Responder,#64B5F6,EXP002490,PGR-00039156/2026,DOCUMENTO,CIVINT/STIC,CIVINT-STIC-U07,2026-10-05T10:42:05-03:00
ROT34325DOC02,Arquivar,#B0BEC5,EXP002495,PGR-00096497/2026,DOCUMENTO,CIVINT/STIC,CIVINT-STIC-U03,2026-06-14T05:42:16-03:00
ROT34325DOC01,Responder,#64B5F6,EXP002496,PGR-00041643/2026,DOCUMENTO,CIVINT/STIC,CIVINT-STIC-U03,2026-09-22T16:36:18-03:00
ROT34325DOC03,Urgente,#E57373,EXP002496,PGR-00041643/2026,DOCUMENTO,CIVINT/STIC,CIVINT-STIC-U02,2026-09-28T01:12:58-03:00
ROT34325DOC03,Urgente,#E57373,EXP002497,PGR-00051272/2026,DOCUMENTO,CIVINT/STIC,CIVINT-STIC-U04,2026-10-07T06:42:23-03:00
ROT34325DOC01,Responder,#64B5F6,EXP002500,PGR-00017464/2026,DOCUMENTO,CIVINT/STIC,CIVINT-STIC-U05,2026-09-20T22:23:44-03:00
ROT34325DOC02,Arquivar,#B0BEC5,EXP002502,PGR-00048936/2026,DOCUMENTO,CIVINT/STIC,CIVINT-STIC-U02,2026-10-05T19:28:38-03:00
ROT34325DOC02,Arquivar,#B0BEC5,EXP002503,PGR-00036422/2026,DOCUMENTO,CIVINT/STIC,CIVINT-STIC-U03,2026-09-25T09:51:30-03:00
ROT34325DOC03,Urgente,#E57373,EXP002505,PGR-00040382/2026,DOCUMENTO,CIVINT/STIC,CIVINT-STIC-U05,2026-08-30T23:01:26-03:00
ROT34325DOC04,Aguardando TI,#9575CD,EXP002508,PGR-00058172/2026,DOCUMENTO,CIVINT/STIC,CIVINT-STIC-U04,2026-09-20T06:07:07-03:00
ROT34325DOC01,Responder,#64B5F6,EXP002508,PGR-00058172/2026,DOCUMENTO,CIVINT/STIC,CIVINT-STIC-U01,2026-09-22T22:42:36-03:00
ROT34325DOC03,Urgente,#E57373,EXP002508,PGR-00058172/2026,DOCUMENTO,CIVINT/STIC,CIVINT-STIC-U07,2026-09-27T08:38:56-03:00
ROT34325DOC01,Responder,#64B5F6,EXP002515,PGR-00092763/2026,DOCUMENTO,CIVINT/STIC,CIVINT-STIC-U08,2026-09-25T15:39:38-03:00
ROT34325DOC04,Aguardando TI,#9575CD,EXP002515,PGR-00092763/2026,DOCUMENTO,CIVINT/STIC,CIVINT-STIC-U03,2026-10-07T05:13:02-03:00
ROT34325DOC03,Urgente,#E57373,EXP002515,PGR-00092763/2026,DOCUMENTO,CIVINT/STIC,CIVINT-STIC-U03,2026-09-18T01:22:45-03:00
ROT34325DOC03,Urgente,#E57373,EXP002517,PGR-00026808/2026,DOCUMENTO,CIVINT/STIC,CIVINT-STIC-U06,2026-08-28T14:38:35-03:00
ROT34325DOC04,Aguardando TI,#9575CD,EXP002517,PGR-00026808/2026,DOCUMENTO,CIVINT/STIC,CIVINT-STIC-U08,2026-07-30T05:33:15-03:00
ROT34325DOC02,Arquivar,#B0BEC5,EXP002534,PGR-00068565/2026,DOCUMENTO,CIVINT/STIC,CIVINT-STIC-U03,2026-10-04T07:32:54-03:00
ROT34325DOC04,Aguardando TI,#9575CD,EXP002535,PGR-00067566/2026,DOCUMENTO,CIVINT/STIC,CIVINT-STIC-U02,2026-10-01T05:34:52-03:00
ROT34325DOC03,Urgente,#E57373,EXP002542,PGR-00050408/2026,DOCUMENTO,CIVINT/STIC,CIVINT-STIC-U02,2026-10-01T03:38:47-03:00
ROT34325DOC04,Aguardando TI,#9575CD,EXP002543,PGR-00081681/2026,DOCUMENTO,CIVINT/STIC,CIVINT-STIC-U07,2026-10-01T17:39:37-03:00
ROT34325DOC04,Aguardando TI,#9575CD,EXP002545,PGR-00084214/2026,DOCUMENTO,CIVINT/STIC,CIVINT-STIC-U06,2026-09-09T23:13:32-03:00
ROT34325DOC04,Aguardando TI,#9575CD,EXP002546,PGR-00066157/2026,DOCUMENTO,CIVINT/STIC,CIVINT-STIC-U01,2026-10-01T21:47:47-03:00
ROT34325DOC04,Aguardando TI,#9575CD,EXP002550,PGR-00075930/2026,DOCUMENTO,CIVINT/STIC,CIVINT-STIC-U02,2026-09-15T07:14:22-03:00
ROT34325DOC03,Urgente,#E57373,EXP002550,PGR-00075930/2026,DOCUMENTO,CIVINT/STIC,CIVINT-STIC-U06,2026-09-27T00:15:10-03:00
ROT34325DOC04,Aguardando TI,#9575CD,EXP002558,PGR-00017109/2026,DOCUMENTO,CIVINT/STIC,CIVINT-STIC-U02,2026-10-07T08:59:50-03:00
ROT34325DOC01,Responder,#64B5F6,EXP002558,PGR-00017109/2026,DOCUMENTO,CIVINT/STIC,CIVINT-STIC-U01,2026-10-04T17:12:39-03:00
ROT34325DOC04,Aguardando TI,#9575CD,EXP002562,PGR-00041482/2026,DOCUMENTO,CIVINT/STIC,CIVINT-STIC-U08,2026-10-01T09:05:33-03:00
ROT34325DOC01,Responder,#64B5F6,EXP002562,PGR-00041482/2026,DOCUMENTO,CIVINT/STIC,CIVINT-STIC-U06,2026-10-01T21:16:05-03:00
ROT34325DOC02,Arquivar,#B0BEC5,EXP002562,PGR-00041482/2026,DOCUMENTO,CIVINT/STIC,CIVINT-STIC-U02,2026-10-03T16:34:29-03:00
ROT34325DOC01,Responder,#64B5F6,EXP002564,PGR-00009651/2026,DOCUMENTO,CIVINT/STIC,CIVINT-STIC-U07,2026-10-06T19:13:17-03:00
ROT34325DOC02,Arquivar,#B0BEC5,EXP002565,PGR-00058112/2026,DOCUMENTO,CIVINT/STIC,CIVINT-STIC-U02,2026-08-12T20:43:03-03:00
ROT34325DOC01,Responder,#64B5F6,EXP002572,PGR-00030231/2026,DOCUMENTO,CIVINT/STIC,CIVINT-STIC-U03,2026-08-19T01:21:56-03:00
ROT34325DOC04,Aguardando TI,#9575CD,EXP002573,PGR-00020863/2026,DOCUMENTO,CIVINT/STIC,CIVINT-STIC-U04,2026-10-07T05:18:30-03:00
ROT34325DOC02,Arquivar,#B0BEC5,EXP002573,PGR-00020863/2026,DOCUMENTO,CIVINT/STIC,CIVINT-STIC-U02,2026-10-07T00:49:54-03:00
ROT34325DOC03,Urgente,#E57373,EXP002576,PGR-00098049/2026,DOCUMENTO,CIVINT/STIC,CIVINT-STIC-U04,2026-09-30T10:02:41-03:00
ROT34325DOC01,Responder,#64B5F6,EXP002576,PGR-00098049/2026,DOCUMENTO,CIVINT/STIC,CIVINT-STIC-U02,2026-10-06T08:30:49-03:00
ROT34325DOC04,Aguardando TI,#9575CD,EXP002576,PGR-00098049/2026,DOCUMENTO,CIVINT/STIC,CIVINT-STIC-U07,2026-10-06T16:27:13-03:00
ROT34325DOC04,Aguardando TI,#9575CD,EXP002583,PGR-00094398/2026,DOCUMENTO,CIVINT/STIC,CIVINT-STIC-U04,2026-09-30T04:08:52-03:00
ROT34325DOC03,Urgente,#E57373,EXP002584,PGR-00092966/2026,DOCUMENTO,CIVINT/STIC,CIVINT-STIC-U03,2026-08-25T14:11:39-03:00
ROT34325DOC04,Aguardando TI,#9575CD,EXP002586,PGR-00096356/2026,DOCUMENTO,CIVINT/STIC,CIVINT-STIC-U01,2026-10-07T16:13:19-03:00
ROT34325DOC02,Arquivar,#B0BEC5,EXP002586,PGR-00096356/2026,DOCUMENTO,CIVINT/STIC,CIVINT-STIC-U05,2026-10-07T10:11:54-03:00
ROT34325DOC03,Urgente,#E57373,EXP002586,PGR-00096356/2026,DOCUMENTO,CIVINT/STIC,CIVINT-STIC-U06,2026-10-07T05:58:57-03:00
ROT34325DOC04,Aguardando TI,#9575CD,EXP002588,PGR-00012054/2026,DOCUMENTO,CIVINT/STIC,CIVINT-STIC-U04,2026-10-02T11:43:58-03:00
ROT34325DOC01,Responder,#64B5F6,EXP002590,PGR-00051626/2026,DOCUMENTO,CIVINT/STIC,CIVINT-STIC-U06,2026-09-26T01:15:57-03:00
ROT34325DOC04,Aguardando TI,#9575CD,EXP002590,PGR-00051626/2026,DOCUMENTO,CIVINT/STIC,CIVINT-STIC-U01,2026-10-04T11:38:35-03:00
ROT34325DOC02,Arquivar,#B0BEC5,EXP002595,PGR-00018406/2026,DOCUMENTO,CIVINT/STIC,CIVINT-STIC-U04,2026-08-24T13:52:39-03:00
ROT34325DOC01,Responder,#64B5F6,EXP002596,PGR-00041491/2026,DOCUMENTO,CIVINT/STIC,CIVINT-STIC-U03,2026-09-14T00:56:19-03:00
ROT34325DOC02,Arquivar,#B0BEC5,EXP002598,PGR-00049422/2026,DOCUMENTO,CIVINT/STIC,CIVINT-STIC-U08,2026-09-18T23:08:19-03:00
ROT34325DOC01,Responder,#64B5F6,EXP002599,PGR-00033624/2026,DOCUMENTO,CIVINT/STIC,CIVINT-STIC-U03,2026-09-22T18:08:25-03:00
ROT34325DOC01,Responder,#64B5F6,EXP002601,PGR-00067005/2026,DOCUMENTO,CIVINT/STIC,CIVINT-STIC-U08,2026-10-03T10:58:17-03:00
ROT34325DOC04,Aguardando TI,#9575CD,EXP002606,PGR-00058453/2026,DOCUMENTO,CIVINT/STIC,CIVINT-STIC-U02,2026-07-14T01:35:34-03:00
ROT34325DOC04,Aguardando TI,#9575CD,EXP002607,PGR-00065419/2026,DOCUMENTO,CIVINT/STIC,CIVINT-STIC-U02,2026-10-07T09:38:57-03:00
ROT34325DOC03,Urgente,#E57373,EXP002607,PGR-00065419/2026,DOCUMENTO,CIVINT/STIC,CIVINT-STIC-U01,2026-10-07T04:47:54-03:00
ROT34325DOC04,Aguardando TI,#9575CD,EXP002618,PGR-00046724/2026,DOCUMENTO,CIVINT/STIC,CIVINT-STIC-U06,2026-07-11T10:17:57-03:00
ROT34325DOC02,Arquivar,#B0BEC5,EXP002618,PGR-00046724/2026,DOCUMENTO,CIVINT/STIC,CIVINT-STIC-U05,2026-08-19T04:36:18-03:00
ROT34325DOC01,Responder,#64B5F6,EXP002618,PGR-00046724/2026,DOCUMENTO,CIVINT/STIC,CIVINT-STIC-U05,2026-08-24T10:52:49-03:00
ROT34325DOC02,Arquivar,#B0BEC5,EXP002620,PGR-00059795/2026,DOCUMENTO,CIVINT/STIC,CIVINT-STIC-U03,2026-10-06T07:16:18-03:00
ROT34325DOC01,Responder,#64B5F6,EXP002623,PGR-00011486/2026,DOCUMENTO,CIVINT/STIC,CIVINT-STIC-U01,2026-10-04T11:00:51-03:00
ROT34325DOC02,Arquivar,#B0BEC5,EXP002625,PGR-00081801/2026,DOCUMENTO,CIVINT/STIC,CIVINT-STIC-U03,2026-09-27T17:50:12-03:00
ROT34325DOC01,Responder,#64B5F6,EXP002626,PGR-00004235/2026,DOCUMENTO,CIVINT/STIC,CIVINT-STIC-U08,2026-10-04T21:23:06-03:00
ROT34325DOC03,Urgente,#E57373,EXP002626,PGR-00004235/2026,DOCUMENTO,CIVINT/STIC,CIVINT-STIC-U06,2026-09-29T20:04:50-03:00
ROT34325DOC04,Aguardando TI,#9575CD,EXP002626,PGR-00004235/2026,DOCUMENTO,CIVINT/STIC,CIVINT-STIC-U08,2026-09-25T16:16:04-03:00
ROT34325DOC01,Responder,#64B5F6,EXP002629,PGR-00003535/2026,DOCUMENTO,CIVINT/STIC,CIVINT-STIC-U05,2026-09-19T12:51:48-03:00
ROT34325DOC01,Responder,#64B5F6,EXP002630,PGR-00076521/2026,DOCUMENTO,CIVINT/STIC,CIVINT-STIC-U03,2026-09-29T02:22:37-03:00
ROT34325DOC04,Aguardando TI,#9575CD,EXP002633,PGR-00040463/2026,DOCUMENTO,CIVINT/STIC,CIVINT-STIC-U07,2026-09-09T12:11:35-03:00
ROT34325DOC04,Aguardando TI,#9575CD,EXP002639,PGR-00074910/2026,DOCUMENTO,CIVINT/STIC,CIVINT-STIC-U03,2026-09-29T09:37:35-03:00
ROT34325DOC01,Responder,#64B5F6,EXP002639,PGR-00074910/2026,DOCUMENTO,CIVINT/STIC,CIVINT-STIC-U03,2026-10-07T09:45:37-03:00
ROT34325DOC02,Arquivar,#B0BEC5,EXP002639,PGR-00074910/2026,DOCUMENTO,CIVINT/STIC,CIVINT-STIC-U05,2026-10-07T12:36:53-03:00
ROT34325DOC04,Aguardando TI,#9575CD,EXP002645,PGR-00020649/2026,DOCUMENTO,CIVINT/STIC,CIVINT-STIC-U06,2026-10-02T21:33:21-03:00
ROT34325DOC04,Aguardando TI,#9575CD,EXP002646,PGR-00031403/2026,DOCUMENTO,CIVINT/STIC,CIVINT-STIC-U01,2026-09-21T05:09:32-03:00
ROT34325DOC02,Arquivar,#B0BEC5,EXP002646,PGR-00031403/2026,DOCUMENTO,CIVINT/STIC,CIVINT-STIC-U08,2026-09-21T22:18:16-03:00
ROT34325DOC03,Urgente,#E57373,EXP002646,PGR-00031403/2026,DOCUMENTO,CIVINT/STIC,CIVINT-STIC-U07,2026-09-27T05:04:38-03:00
ROT34325DOC02,Arquivar,#B0BEC5,EXP002647,PGR-00062553/2026,DOCUMENTO,CIVINT/STIC,CIVINT-STIC-U06,2026-09-11T03:57:43-03:00
ROT34325DOC03,Urgente,#E57373,EXP002651,PGR-00039635/2026,DOCUMENTO,CIVINT/STIC,CIVINT-STIC-U05,2026-09-24T22:39:08-03:00
ROT34325DOC03,Urgente,#E57373,EXP002655,PGR-00028856/2026,DOCUMENTO,CIVINT/STIC,CIVINT-STIC-U07,2026-10-07T16:09:42-03:00
ROT34325DOC03,Urgente,#E57373,EXP002656,PGR-00078271/2026,DOCUMENTO,CIVINT/STIC,CIVINT-STIC-U04,2026-09-03T16:16:18-03:00
ROT34325DOC04,Aguardando TI,#9575CD,EXP002656,PGR-00078271/2026,DOCUMENTO,CIVINT/STIC,CIVINT-STIC-U06,2026-09-19T23:00:44-03:00
ROT34325DOC03,Urgente,#E57373,EXP002658,PGR-00037583/2026,DOCUMENTO,CIVINT/STIC,CIVINT-STIC-U08,2026-07-27T22:26:54-03:00
ROT34325DOC01,Responder,#64B5F6,EXP002660,PGR-00064563/2026,DOCUMENTO,CIVINT/STIC,CIVINT-STIC-U07,2026-10-03T18:38:21-03:00
ROT34325DOC02,Arquivar,#B0BEC5,EXP002667,PGR-00010567/2026,DOCUMENTO,CIVINT/STIC,CIVINT-STIC-U06,2026-10-01T16:10:26-03:00
ROT34325DOC03,Urgente,#E57373,EXP002668,PGR-00006995/2026,DOCUMENTO,CIVINT/STIC,CIVINT-STIC-U05,2026-10-06T16:26:56-03:00
ROT34325DOC02,Arquivar,#B0BEC5,EXP002668,PGR-00006995/2026,DOCUMENTO,CIVINT/STIC,CIVINT-STIC-U02,2026-10-02T21:53:30-03:00
ROT34325DOC01,Responder,#64B5F6,EXP002671,PGR-00063423/2026,DOCUMENTO,CIVINT/STIC,CIVINT-STIC-U02,2026-10-06T07:28:18-03:00
ROT34325DOC02,Arquivar,#B0BEC5,EXP002672,PGR-00095912/2026,DOCUMENTO,CIVINT/STIC,CIVINT-STIC-U07,2026-10-02T21:45:59-03:00
ROT34325DOC04,Aguardando TI,#9575CD,EXP002676,PGR-00013666/2026,DOCUMENTO,CIVINT/STIC,CIVINT-STIC-U05,2026-10-02T17:48:32-03:00
ROT34325DOC02,Arquivar,#B0BEC5,EXP002676,PGR-00013666/2026,DOCUMENTO,CIVINT/STIC,CIVINT-STIC-U01,2026-10-01T06:27:14-03:00
ROT34325DOC03,Urgente,#E57373,EXP002677,PGR-00048250/2026,DOCUMENTO,CIVINT/STIC,CIVINT-STIC-U05,2026-09-17T00:48:44-03:00
ROT34325DOC03,Urgente,#E57373,EXP002680,PGR-00011001/2026,DOCUMENTO,CIVINT/STIC,CIVINT-STIC-U03,2026-09-08T13:25:51-03:00
ROT34325DOC04,Aguardando TI,#9575CD,EXP002685,PGR-00087261/2026,DOCUMENTO,CIVINT/STIC,CIVINT-STIC-U07,2026-10-02T01:28:50-03:00
ROT34325DOC01,Responder,#64B5F6,EXP002685,PGR-00087261/2026,DOCUMENTO,CIVINT/STIC,CIVINT-STIC-U04,2026-09-30T14:46:10-03:00
ROT34325DOC03,Urgente,#E57373,EXP002685,PGR-00087261/2026,DOCUMENTO,CIVINT/STIC,CIVINT-STIC-U04,2026-10-03T05:59:05-03:00
ROT34325DOC03,Urgente,#E57373,EXP002692,PGR-00000601/2026,DOCUMENTO,CIVINT/STIC,CIVINT-STIC-U05,2026-10-07T02:59:55-03:00
ROT34325DOC03,Urgente,#E57373,EXP002693,PGR-00071890/2026,DOCUMENTO,CIVINT/STIC,CIVINT-STIC-U01,2026-08-12T10:04:10-03:00
ROT34325DOC03,Urgente,#E57373,EXP002700,PGR-00055138/2026,DOCUMENTO,CIVINT/STIC,CIVINT-STIC-U08,2026-10-02T11:26:40-03:00
ROT34325DOC04,Aguardando TI,#9575CD,EXP002700,PGR-00055138/2026,DOCUMENTO,CIVINT/STIC,CIVINT-STIC-U08,2026-10-03T01:51:39-03:00
ROT34325DOC03,Urgente,#E57373,EXP002701,PGR-00083510/2026,DOCUMENTO,CIVINT/STIC,CIVINT-STIC-U03,2026-09-26T02:53:23-03:00
ROT34325DOC04,Aguardando TI,#9575CD,EXP002706,PGR-00091675/2026,DOCUMENTO,CIVINT/STIC,CIVINT-STIC-U08,2026-10-02T03:35:39-03:00
ROT34325DOC01,Responder,#64B5F6,EXP002706,PGR-00091675/2026,DOCUMENTO,CIVINT/STIC,CIVINT-STIC-U05,2026-09-23T12:21:01-03:00
ROT34325DOC02,Arquivar,#B0BEC5,EXP002706,PGR-00091675/2026,DOCUMENTO,CIVINT/STIC,CIVINT-STIC-U07,2026-09-24T00:38:13-03:00
ROT34325DOC02,Arquivar,#B0BEC5,EXP002710,PGR-00007572/2026,DOCUMENTO,CIVINT/STIC,CIVINT-STIC-U07,2026-10-07T17:00:00-03:00
ROT34325DOC04,Aguardando TI,#9575CD,EXP002710,PGR-00007572/2026,DOCUMENTO,CIVINT/STIC,CIVINT-STIC-U06,2026-10-07T17:00:00-03:00
ROT34325DOC03,Urgente,#E57373,EXP002726,PGR-00020581/2026,DOCUMENTO,CIVINT/STIC,CIVINT-STIC-U04,2026-10-05T19:38:57-03:00
ROT34325DOC04,Aguardando TI,#9575CD,EXP002726,PGR-00020581/2026,DOCUMENTO,CIVINT/STIC,CIVINT-STIC-U04,2026-10-06T20:44:10-03:00
ROT34325DOC02,Arquivar,#B0BEC5,EXP002728,PGR-00008885/2026,DOCUMENTO,CIVINT/STIC,CIVINT-STIC-U05,2026-10-06T11:43:11-03:00
ROT34325DOC04,Aguardando TI,#9575CD,EXP002728,PGR-00008885/2026,DOCUMENTO,CIVINT/STIC,CIVINT-STIC-U01,2026-10-06T15:13:53-03:00
ROT34325DOC01,Responder,#64B5F6,EXP002728,PGR-00008885/2026,DOCUMENTO,CIVINT/STIC,CIVINT-STIC-U08,2026-10-02T23:59:07-03:00
ROT34325DOC04,Aguardando TI,#9575CD,EXP002729,PGR-00086319/2026,DOCUMENTO,CIVINT/STIC,CIVINT-STIC-U02,2026-10-04T09:44:09-03:00
ROT34325DOC02,Arquivar,#B0BEC5,EXP002729,PGR-00086319/2026,DOCUMENTO,CIVINT/STIC,CIVINT-STIC-U06,2026-10-06T15:48:10-03:00
ROT34325DOC04,Aguardando TI,#9575CD,EXP002731,PGR-00001327/2026,DOCUMENTO,CIVINT/STIC,CIVINT-STIC-U07,2026-10-04T05:48:19-03:00
ROT34325DOC02,Arquivar,#B0BEC5,EXP002737,PGR-00098627/2026,DOCUMENTO,CIVINT/STIC,CIVINT-STIC-U08,2026-09-28T10:25:13-03:00
ROT34325DOC02,Arquivar,#B0BEC5,EXP002741,PGR-00083636/2026,DOCUMENTO,CIVINT/STIC,CIVINT-STIC-U08,2026-09-23T02:57:49-03:00
ROT34325DOC01,Responder,#64B5F6,EXP002747,PGR-00044312/2026,DOCUMENTO,CIVINT/STIC,CIVINT-STIC-U03,2026-08-19T21:42:05-03:00
ROT34325DOC04,Aguardando TI,#9575CD,EXP002747,PGR-00044312/2026,DOCUMENTO,CIVINT/STIC,CIVINT-STIC-U06,2026-07-21T08:02:24-03:00
ROT34325DOC03,Urgente,#E57373,EXP002749,PGR-00015538/2026,DOCUMENTO,CIVINT/STIC,CIVINT-STIC-U05,2026-10-04T04:35:05-03:00
ROT34325DOC03,Urgente,#E57373,EXP002750,PGR-00044098/2026,DOCUMENTO,CIVINT/STIC,CIVINT-STIC-U06,2026-10-03T02:10:38-03:00
ROT34325DOC02,Arquivar,#B0BEC5,EXP002750,PGR-00044098/2026,DOCUMENTO,CIVINT/STIC,CIVINT-STIC-U04,2026-09-18T23:12:24-03:00
ROT34325DOC04,Aguardando TI,#9575CD,EXP002750,PGR-00044098/2026,DOCUMENTO,CIVINT/STIC,CIVINT-STIC-U02,2026-09-25T22:45:55-03:00
ROT34325DOC03,Urgente,#E57373,EXP002752,PGR-00091930/2026,DOCUMENTO,CIVINT/STIC,CIVINT-STIC-U03,2026-09-24T01:31:33-03:00
ROT34325DOC02,Arquivar,#B0BEC5,EXP002752,PGR-00091930/2026,DOCUMENTO,CIVINT/STIC,CIVINT-STIC-U07,2026-10-03T22:25:25-03:00
ROT34325DOC02,Arquivar,#B0BEC5,EXP002755,PGR-00062590/2026,DOCUMENTO,CIVINT/STIC,CIVINT-STIC-U02,2026-10-03T19:09:37-03:00
ROT34325DOC01,Responder,#64B5F6,EXP002756,PGR-00024780/2026,DOCUMENTO,CIVINT/STIC,CIVINT-STIC-U02,2026-08-25T03:58:40-03:00
ROT34325DOC03,Urgente,#E57373,EXP002756,PGR-00024780/2026,DOCUMENTO,CIVINT/STIC,CIVINT-STIC-U02,2026-09-30T18:12:07-03:00
ROT34325DOC02,Arquivar,#B0BEC5,EXP002756,PGR-00024780/2026,DOCUMENTO,CIVINT/STIC,CIVINT-STIC-U06,2026-08-22T06:00:02-03:00
ROT34325DOC03,Urgente,#E57373,EXP002759,PGR-00015978/2026,DOCUMENTO,CIVINT/STIC,CIVINT-STIC-U06,2026-10-05T21:10:28-03:00
ROT34325DOC02,Arquivar,#B0BEC5,EXP002760,PGR-00013496/2026,DOCUMENTO,CIVINT/STIC,CIVINT-STIC-U01,2026-10-04T01:55:04-03:00
ROT34325DOC03,Urgente,#E57373,EXP002761,PGR-00054244/2026,DOCUMENTO,CIVINT/STIC,CIVINT-STIC-U04,2026-09-30T23:33:32-03:00
ROT34325DOC04,Aguardando TI,#9575CD,EXP002762,PGR-00091095/2026,DOCUMENTO,CIVINT/STIC,CIVINT-STIC-U02,2026-09-25T13:49:10-03:00
ROT34325DOC03,Urgente,#E57373,EXP002764,PGR-00068038/2026,DOCUMENTO,CIVINT/STIC,CIVINT-STIC-U02,2026-09-22T14:03:53-03:00
ROT34325DOC03,Urgente,#E57373,EXP002765,PGR-00060851/2026,DOCUMENTO,CIVINT/STIC,CIVINT-STIC-U06,2026-09-28T16:53:11-03:00
ROT34325DOC02,Arquivar,#B0BEC5,EXP002766,PGR-00085677/2026,DOCUMENTO,CIVINT/STIC,CIVINT-STIC-U02,2026-10-01T00:38:11-03:00
ROT34325DOC03,Urgente,#E57373,EXP002769,PGR-00054716/2026,DOCUMENTO,CIVINT/STIC,CIVINT-STIC-U04,2026-09-06T04:30:14-03:00
ROT34325DOC01,Responder,#64B5F6,EXP002769,PGR-00054716/2026,DOCUMENTO,CIVINT/STIC,CIVINT-STIC-U05,2026-09-09T19:05:50-03:00
ROT34325DOC01,Responder,#64B5F6,EXP002776,PGR-00037882/2026,DOCUMENTO,CIVINT/STIC,CIVINT-STIC-U02,2026-09-01T23:15:13-03:00
ROT34325DOC02,Arquivar,#B0BEC5,EXP002776,PGR-00037882/2026,DOCUMENTO,CIVINT/STIC,CIVINT-STIC-U05,2026-08-10T22:10:31-03:00
ROT34325DOC01,Responder,#64B5F6,EXP002780,PGR-00086462/2026,DOCUMENTO,CIVINT/STIC,CIVINT-STIC-U08,2026-09-26T21:57:59-03:00
ROT34325DOC04,Aguardando TI,#9575CD,EXP002783,PGR-00025939/2026,DOCUMENTO,CIVINT/STIC,CIVINT-STIC-U06,2026-10-02T06:05:41-03:00
ROT34325DOC02,Arquivar,#B0BEC5,EXP002784,PGR-00008816/2026,DOCUMENTO,CIVINT/STIC,CIVINT-STIC-U04,2026-10-03T07:22:43-03:00
ROT34325DOC01,Responder,#64B5F6,EXP002784,PGR-00008816/2026,DOCUMENTO,CIVINT/STIC,CIVINT-STIC-U08,2026-09-17T10:28:11-03:00
ROT34325DOC03,Urgente,#E57373,EXP002784,PGR-00008816/2026,DOCUMENTO,CIVINT/STIC,CIVINT-STIC-U01,2026-09-06T00:27:19-03:00
ROT34325DOC02,Arquivar,#B0BEC5,EXP002785,PGR-00030929/2026,DOCUMENTO,CIVINT/STIC,CIVINT-STIC-U08,2026-10-06T08:21:26-03:00
ROT34325DOC01,Responder,#64B5F6,EXP002786,PGR-00083697/2026,DOCUMENTO,CIVINT/STIC,CIVINT-STIC-U02,2026-10-06T02:32:13-03:00
ROT34325DOC02,Arquivar,#B0BEC5,EXP002786,PGR-00083697/2026,DOCUMENTO,CIVINT/STIC,CIVINT-STIC-U02,2026-10-07T04:29:28-03:00
ROT34325DOC01,Responder,#64B5F6,EXP002793,PGR-00018643/2026,DOCUMENTO,CIVINT/STIC,CIVINT-STIC-U08,2026-10-03T09:46:26-03:00
ROT34325DOC01,Responder,#64B5F6,EXP002795,PGR-00085568/2026,DOCUMENTO,CIVINT/STIC,CIVINT-STIC-U08,2026-09-23T22:56:27-03:00
ROT34325DOC02,Arquivar,#B0BEC5,EXP002798,PGR-00041962/2026,DOCUMENTO,CIVINT/STIC,CIVINT-STIC-U04,2026-09-09T06:36:34-03:00
ROT34325DOC04,Aguardando TI,#9575CD,EXP002799,PGR-00088645/2026,DOCUMENTO,CIVINT/STIC,CIVINT-STIC-U08,2026-09-21T18:18:07-03:00
ROT34325DOC04,Aguardando TI,#9575CD,EXP002807,PGR-00070578/2026,DOCUMENTO,CIVINT/STIC,CIVINT-STIC-U01,2026-10-06T04:30:47-03:00
ROT34325DOC01,Responder,#64B5F6,EXP002807,PGR-00070578/2026,DOCUMENTO,CIVINT/STIC,CIVINT-STIC-U06,2026-10-06T23:05:16-03:00
ROT34325DOC04,Aguardando TI,#9575CD,EXP002810,PGR-00099820/2026,DOCUMENTO,CIVINT/STIC,CIVINT-STIC-U01,2026-10-06T15:41:45-03:00
ROT34325DOC02,Arquivar,#B0BEC5,EXP002810,PGR-00099820/2026,DOCUMENTO,CIVINT/STIC,CIVINT-STIC-U05,2026-10-07T16:17:18-03:00
ROT34325DOC01,Responder,#64B5F6,EXP002811,PGR-00020293/2026,DOCUMENTO,CIVINT/STIC,CIVINT-STIC-U03,2026-09-20T05:09:27-03:00
ROT34325DOC01,Responder,#64B5F6,EXP002812,PGR-00031446/2026,DOCUMENTO,CIVINT/STIC,CIVINT-STIC-U03,2026-10-07T17:00:00-03:00
ROT34325DOC04,Aguardando TI,#9575CD,EXP002814,PGR-00092448/2026,DOCUMENTO,CIVINT/STIC,CIVINT-STIC-U03,2026-10-07T01:46:31-03:00
ROT34325DOC01,Responder,#64B5F6,EXP002817,PGR-00055003/2026,DOCUMENTO,CIVINT/STIC,CIVINT-STIC-U01,2026-10-07T17:00:00-03:00
ROT34325DOC04,Aguardando TI,#9575CD,EXP002817,PGR-00055003/2026,DOCUMENTO,CIVINT/STIC,CIVINT-STIC-U08,2026-10-07T17:00:00-03:00
ROT34325DOC02,Arquivar,#B0BEC5,EXP002817,PGR-00055003/2026,DOCUMENTO,CIVINT/STIC,CIVINT-STIC-U04,2026-10-07T17:00:00-03:00
ROT34325DOC01,Responder,#64B5F6,EXP002822,PGR-00041451/2026,DOCUMENTO,CIVINT/STIC,CIVINT-STIC-U03,2026-10-05T13:54:52-03:00
ROT34325DOC01,Responder,#64B5F6,EXP002823,PGR-00014183/2026,DOCUMENTO,CIVINT/STIC,CIVINT-STIC-U05,2026-09-19T22:01:32-03:00
ROT34325DOC04,Aguardando TI,#9575CD,EXP002823,PGR-00014183/2026,DOCUMENTO,CIVINT/STIC,CIVINT-STIC-U04,2026-09-28T04:01:18-03:00
ROT34325DOC03,Urgente,#E57373,EXP002823,PGR-00014183/2026,DOCUMENTO,CIVINT/STIC,CIVINT-STIC-U08,2026-10-02T20:21:00-03:00
ROT34325DOC04,Aguardando TI,#9575CD,EXP002828,PGR-00058896/2026,DOCUMENTO,CIVINT/STIC,CIVINT-STIC-U01,2026-09-18T09:57:46-03:00
ROT34325DOC03,Urgente,#E57373,EXP002828,PGR-00058896/2026,DOCUMENTO,CIVINT/STIC,CIVINT-STIC-U05,2026-09-12T22:03:17-03:00
ROT34325DOC02,Arquivar,#B0BEC5,EXP002828,PGR-00058896/2026,DOCUMENTO,CIVINT/STIC,CIVINT-STIC-U02,2026-09-29T22:01:58-03:00
ROT34325DOC02,Arquivar,#B0BEC5,EXP002829,PGR-00032703/2026,DOCUMENTO,CIVINT/STIC,CIVINT-STIC-U01,2026-09-21T18:53:56-03:00
ROT34325DOC04,Aguardando TI,#9575CD,EXP002829,PGR-00032703/2026,DOCUMENTO,CIVINT/STIC,CIVINT-STIC-U05,2026-09-21T06:15:03-03:00
ROT34325DOC01,Responder,#64B5F6,EXP002829,PGR-00032703/2026,DOCUMENTO,CIVINT/STIC,CIVINT-STIC-U05,2026-09-10T18:48:17-03:00
ROT34325DOC01,Responder,#64B5F6,EXP002830,PGR-00009028/2026,DOCUMENTO,CIVINT/STIC,CIVINT-STIC-U04,2026-09-07T09:16:37-03:00
ROT34325DOC03,Urgente,#E57373,EXP002831,PGR-00009354/2026,DOCUMENTO,CIVINT/STIC,CIVINT-STIC-U01,2026-09-18T06:00:18-03:00
ROT34325DOC02,Arquivar,#B0BEC5,EXP002836,PGR-00030210/2026,DOCUMENTO,CIVINT/STIC,CIVINT-STIC-U04,2026-10-04T02:47:00-03:00
ROT34325DOC04,Aguardando TI,#9575CD,EXP002839,PGR-00021388/2026,DOCUMENTO,CIVINT/STIC,CIVINT-STIC-U03,2026-10-05T23:09:46-03:00
ROT34325DOC04,Aguardando TI,#9575CD,EXP002842,PGR-00073316/2026,DOCUMENTO,CIVINT/STIC,CIVINT-STIC-U05,2026-08-12T20:34:06-03:00
ROT34325DOC04,Aguardando TI,#9575CD,EXP002843,PGR-00091189/2026,DOCUMENTO,CIVINT/STIC,CIVINT-STIC-U01,2026-09-06T11:54:02-03:00
ROT34325DOC01,Responder,#64B5F6,EXP002847,PGR-00055686/2026,DOCUMENTO,CIVINT/STIC,CIVINT-STIC-U03,2026-10-03T18:14:10-03:00
ROT34325DOC04,Aguardando TI,#9575CD,EXP002852,PGR-00080924/2026,DOCUMENTO,CIVINT/STIC,CIVINT-STIC-U07,2026-09-19T09:43:40-03:00
ROT34325DOC01,Responder,#64B5F6,EXP002853,PGR-00002665/2026,DOCUMENTO,CIVINT/STIC,CIVINT-STIC-U04,2026-10-02T14:20:13-03:00
ROT34325DOC04,Aguardando TI,#9575CD,EXP002853,PGR-00002665/2026,DOCUMENTO,CIVINT/STIC,CIVINT-STIC-U03,2026-10-04T06:28:12-03:00
ROT34325DOC01,Responder,#64B5F6,EXP002860,PGR-00011544/2026,DOCUMENTO,CIVINT/STIC,CIVINT-STIC-U03,2026-10-04T03:03:17-03:00
ROT34325DOC04,Aguardando TI,#9575CD,EXP002864,PGR-00024330/2026,DOCUMENTO,CIVINT/STIC,CIVINT-STIC-U05,2026-10-05T10:58:37-03:00
ROT34325DOC03,Urgente,#E57373,EXP002864,PGR-00024330/2026,DOCUMENTO,CIVINT/STIC,CIVINT-STIC-U03,2026-09-27T22:59:12-03:00
ROT34325DOC02,Arquivar,#B0BEC5,EXP002866,PGR-00039104/2026,DOCUMENTO,CIVINT/STIC,CIVINT-STIC-U04,2026-08-16T11:46:24-03:00
ROT34325DOC01,Responder,#64B5F6,EXP002869,PGR-00094709/2026,DOCUMENTO,CIVINT/STIC,CIVINT-STIC-U03,2026-09-21T07:50:14-03:00
ROT34325DOC03,Urgente,#E57373,EXP002871,PGR-00029746/2026,DOCUMENTO,CIVINT/STIC,CIVINT-STIC-U08,2026-09-12T04:48:08-03:00
ROT34325DOC04,Aguardando TI,#9575CD,EXP002876,PGR-00041376/2026,DOCUMENTO,CIVINT/STIC,CIVINT-STIC-U01,2026-09-29T18:41:07-03:00
ROT34325DOC02,Arquivar,#B0BEC5,EXP002876,PGR-00041376/2026,DOCUMENTO,CIVINT/STIC,CIVINT-STIC-U05,2026-09-28T10:14:58-03:00
ROT34325DOC01,Responder,#64B5F6,EXP002876,PGR-00041376/2026,DOCUMENTO,CIVINT/STIC,CIVINT-STIC-U07,2026-10-06T21:29:25-03:00
ROT34325DOC01,Responder,#64B5F6,EXP002879,PGR-00030576/2026,DOCUMENTO,CIVINT/STIC,CIVINT-STIC-U04,2026-09-15T15:45:18-03:00
ROT34325DOC03,Urgente,#E57373,EXP002885,PGR-00054499/2026,DOCUMENTO,CIVINT/STIC,CIVINT-STIC-U06,2026-08-31T23:41:44-03:00
ROT34325DOC04,Aguardando TI,#9575CD,EXP002887,PGR-00091940/2026,DOCUMENTO,CIVINT/STIC,CIVINT-STIC-U05,2026-10-04T13:28:24-03:00
ROT34325DOC03,Urgente,#E57373,EXP002892,PGR-00023753/2026,DOCUMENTO,CIVINT/STIC,CIVINT-STIC-U02,2026-08-31T16:30:33-03:00
ROT34325DOC04,Aguardando TI,#9575CD,EXP002892,PGR-00023753/2026,DOCUMENTO,CIVINT/STIC,CIVINT-STIC-U06,2026-09-08T00:51:37-03:00
ROT34325DOC02,Arquivar,#B0BEC5,EXP002892,PGR-00023753/2026,DOCUMENTO,CIVINT/STIC,CIVINT-STIC-U01,2026-09-27T04:58:32-03:00
ROT34325DOC03,Urgente,#E57373,EXP002893,PGR-00024302/2026,DOCUMENTO,CIVINT/STIC,CIVINT-STIC-U03,2026-10-01T12:01:08-03:00
ROT34325DOC01,Responder,#64B5F6,EXP002907,PGR-00097270/2026,DOCUMENTO,CIVINT/STIC,CIVINT-STIC-U06,2026-09-28T04:34:46-03:00
ROT34325DOC02,Arquivar,#B0BEC5,EXP002916,PGR-00009998/2026,DOCUMENTO,CIVINT/STIC,CIVINT-STIC-U01,2026-10-07T07:51:46-03:00
ROT34325DOC02,Arquivar,#B0BEC5,EXP002917,PGR-00055816/2026,DOCUMENTO,CIVINT/STIC,CIVINT-STIC-U07,2026-09-15T02:05:39-03:00
ROT34325DOC02,Arquivar,#B0BEC5,EXP002921,PGR-00055798/2026,DOCUMENTO,CIVINT/STIC,CIVINT-STIC-U01,2026-08-18T07:47:50-03:00
ROT34325DOC02,Arquivar,#B0BEC5,EXP002926,PGR-00016035/2026,DOCUMENTO,CIVINT/STIC,CIVINT-STIC-U01,2026-10-03T00:54:24-03:00
ROT34325DOC04,Aguardando TI,#9575CD,EXP002932,PGR-00097085/2026,DOCUMENTO,CIVINT/STIC,CIVINT-STIC-U07,2026-10-07T07:05:31-03:00
ROT34325DOC01,Responder,#64B5F6,EXP002937,PGR-00054046/2026,DOCUMENTO,CIVINT/STIC,CIVINT-STIC-U06,2026-10-07T01:16:12-03:00
ROT34325DOC04,Aguardando TI,#9575CD,EXP002938,PGR-00035178/2026,DOCUMENTO,CIVINT/STIC,CIVINT-STIC-U01,2026-10-06T11:54:12-03:00
ROT34325DOC04,Aguardando TI,#9575CD,EXP002939,PGR-00039934/2026,DOCUMENTO,CIVINT/STIC,CIVINT-STIC-U01,2026-10-06T05:44:58-03:00
ROT34325DOC01,Responder,#64B5F6,EXP002939,PGR-00039934/2026,DOCUMENTO,CIVINT/STIC,CIVINT-STIC-U08,2026-10-02T12:23:38-03:00
ROT34325DOC02,Arquivar,#B0BEC5,EXP002939,PGR-00039934/2026,DOCUMENTO,CIVINT/STIC,CIVINT-STIC-U04,2026-10-03T07:36:04-03:00
ROT34325DOC01,Responder,#64B5F6,EXP002940,PGR-00035125/2026,DOCUMENTO,CIVINT/STIC,CIVINT-STIC-U05,2026-09-08T19:39:38-03:00
ROT34325DOC03,Urgente,#E57373,EXP002941,PGR-00025089/2026,DOCUMENTO,CIVINT/STIC,CIVINT-STIC-U03,2026-09-25T12:05:20-03:00
ROT34325DOC02,Arquivar,#B0BEC5,EXP002941,PGR-00025089/2026,DOCUMENTO,CIVINT/STIC,CIVINT-STIC-U08,2026-09-14T04:55:43-03:00
ROT34325DOC03,Urgente,#E57373,EXP002946,PGR-00096730/2026,DOCUMENTO,CIVINT/STIC,CIVINT-STIC-U03,2026-10-03T01:26:10-03:00
ROT34325DOC04,Aguardando TI,#9575CD,EXP002950,PGR-00004714/2026,DOCUMENTO,CIVINT/STIC,CIVINT-STIC-U05,2026-10-01T09:50:50-03:00
ROT34325DOC01,Responder,#64B5F6,EXP002950,PGR-00004714/2026,DOCUMENTO,CIVINT/STIC,CIVINT-STIC-U02,2026-09-20T13:13:35-03:00
ROT34325DOC03,Urgente,#E57373,EXP002952,PGR-00097106/2026,DOCUMENTO,CIVINT/STIC,CIVINT-STIC-U06,2026-09-17T03:49:55-03:00
ROT34325DOC01,Responder,#64B5F6,EXP002954,PGR-00078881/2026,DOCUMENTO,CIVINT/STIC,CIVINT-STIC-U03,2026-10-02T00:14:01-03:00
ROT34325DOC02,Arquivar,#B0BEC5,EXP002954,PGR-00078881/2026,DOCUMENTO,CIVINT/STIC,CIVINT-STIC-U05,2026-10-01T13:24:31-03:00
ROT34325DOC01,Responder,#64B5F6,EXP002957,PGR-00040108/2026,DOCUMENTO,CIVINT/STIC,CIVINT-STIC-U02,2026-10-05T10:34:17-03:00
ROT34325DOC02,Arquivar,#B0BEC5,EXP002957,PGR-00040108/2026,DOCUMENTO,CIVINT/STIC,CIVINT-STIC-U05,2026-09-29T10:52:24-03:00
ROT34325DOC01,Responder,#64B5F6,EXP002962,PGR-00042415/2026,DOCUMENTO,CIVINT/STIC,CIVINT-STIC-U01,2026-10-07T14:36:57-03:00
ROT34325DOC03,Urgente,#E57373,EXP002962,PGR-00042415/2026,DOCUMENTO,CIVINT/STIC,CIVINT-STIC-U04,2026-10-07T14:48:30-03:00
ROT34325DOC02,Arquivar,#B0BEC5,EXP002962,PGR-00042415/2026,DOCUMENTO,CIVINT/STIC,CIVINT-STIC-U08,2026-10-07T15:43:17-03:00
ROT34325DOC01,Responder,#64B5F6,EXP002966,PGR-00019787/2026,DOCUMENTO,CIVINT/STIC,CIVINT-STIC-U06,2026-10-02T11:11:58-03:00
ROT34325DOC03,Urgente,#E57373,EXP002967,PGR-00061254/2026,DOCUMENTO,CIVINT/STIC,CIVINT-STIC-U07,2026-07-28T08:19:26-03:00
ROT34325DOC01,Responder,#64B5F6,EXP002969,PGR-00088560/2026,DOCUMENTO,CIVINT/STIC,CIVINT-STIC-U02,2026-09-30T10:11:49-03:00
ROT34325DOC02,Arquivar,#B0BEC5,EXP002970,PGR-00053954/2026,DOCUMENTO,CIVINT/STIC,CIVINT-STIC-U02,2026-09-22T08:57:26-03:00
ROT34325DOC04,Aguardando TI,#9575CD,EXP002971,PGR-00084643/2026,DOCUMENTO,CIVINT/STIC,CIVINT-STIC-U01,2026-09-27T03:52:40-03:00
ROT34325DOC02,Arquivar,#B0BEC5,EXP002974,PGR-00018816/2026,DOCUMENTO,CIVINT/STIC,CIVINT-STIC-U08,2026-10-01T06:19:17-03:00
ROT34325DOC02,Arquivar,#B0BEC5,EXP002975,PGR-00057470/2026,DOCUMENTO,CIVINT/STIC,CIVINT-STIC-U02,2026-09-15T21:00:48-03:00
ROT34325DOC04,Aguardando TI,#9575CD,EXP002975,PGR-00057470/2026,DOCUMENTO,CIVINT/STIC,CIVINT-STIC-U04,2026-09-10T01:02:15-03:00
ROT34325DOC03,Urgente,#E57373,EXP002975,PGR-00057470/2026,DOCUMENTO,CIVINT/STIC,CIVINT-STIC-U08,2026-09-18T01:03:47-03:00
ROT34325DOC03,Urgente,#E57373,EXP002976,PGR-00067659/2026,DOCUMENTO,CIVINT/STIC,CIVINT-STIC-U04,2026-08-31T01:35:14-03:00
ROT34325DOC04,Aguardando TI,#9575CD,EXP002983,PGR-00011728/2026,DOCUMENTO,CIVINT/STIC,CIVINT-STIC-U03,2026-09-10T22:55:53-03:00
ROT34325DOC02,Arquivar,#B0BEC5,EXP002984,PGR-00020670/2026,DOCUMENTO,CIVINT/STIC,CIVINT-STIC-U05,2026-09-26T23:13:27-03:00
ROT34325DOC02,Arquivar,#B0BEC5,EXP002987,PGR-00047360/2026,DOCUMENTO,CIVINT/STIC,CIVINT-STIC-U04,2026-10-02T08:42:04-03:00
ROT34325DOC01,Responder,#64B5F6,EXP002990,PGR-00024013/2026,DOCUMENTO,CIVINT/STIC,CIVINT-STIC-U01,2026-10-02T16:19:00-03:00
ROT34325DOC04,Aguardando TI,#9575CD,EXP002991,PGR-00062700/2026,DOCUMENTO,CIVINT/STIC,CIVINT-STIC-U04,2026-09-07T23:06:31-03:00
ROT34325DOC04,Aguardando TI,#9575CD,EXP002993,PGR-00013501/2026,DOCUMENTO,CIVINT/STIC,CIVINT-STIC-U05,2026-07-03T07:01:36-03:00
ROT34325DOC02,Arquivar,#B0BEC5,EXP003003,PGR-00019020/2026,DOCUMENTO,CIVINT/STIC,CIVINT-STIC-U05,2026-09-15T23:59:37-03:00
ROT34325DOC03,Urgente,#E57373,EXP003009,PGR-00065750/2026,DOCUMENTO,CIVINT/STIC,CIVINT-STIC-U08,2026-09-26T23:24:49-03:00
ROT34325DOC03,Urgente,#E57373,EXP003011,PGR-00077450/2026,DOCUMENTO,CIVINT/STIC,CIVINT-STIC-U07,2026-10-01T11:33:49-03:00
ROT34325DOC01,Responder,#64B5F6,EXP003011,PGR-00077450/2026,DOCUMENTO,CIVINT/STIC,CIVINT-STIC-U05,2026-09-30T00:41:57-03:00
ROT34325DOC02,Arquivar,#B0BEC5,EXP003011,PGR-00077450/2026,DOCUMENTO,CIVINT/STIC,CIVINT-STIC-U05,2026-10-06T05:13:30-03:00
ROT34325DOC02,Arquivar,#B0BEC5,EXP003013,PGR-00073854/2026,DOCUMENTO,CIVINT/STIC,CIVINT-STIC-U04,2026-08-18T18:55:15-03:00
ROT34325DOC04,Aguardando TI,#9575CD,EXP003015,PGR-00043401/2026,DOCUMENTO,CIVINT/STIC,CIVINT-STIC-U06,2026-09-13T22:50:46-03:00
ROT34325DOC03,Urgente,#E57373,EXP003023,PGR-00014741/2026,DOCUMENTO,CIVINT/STIC,CIVINT-STIC-U07,2026-09-16T15:55:05-03:00
ROT34325DOC01,Responder,#64B5F6,EXP003033,PGR-00066734/2026,DOCUMENTO,CIVINT/STIC,CIVINT-STIC-U08,2026-10-07T14:14:15-03:00
ROT34325DOC03,Urgente,#E57373,EXP003036,PGR-00075772/2026,DOCUMENTO,CIVINT/STIC,CIVINT-STIC-U07,2026-09-18T02:54:56-03:00
ROT34325DOC01,Responder,#64B5F6,EXP003045,PGR-00078743/2026,DOCUMENTO,CIVINT/STIC,CIVINT-STIC-U06,2026-08-21T17:13:24-03:00
ROT34325DOC04,Aguardando TI,#9575CD,EXP003046,PGR-00027944/2026,DOCUMENTO,CIVINT/STIC,CIVINT-STIC-U07,2026-08-16T18:15:49-03:00
ROT34325DOC01,Responder,#64B5F6,EXP003046,PGR-00027944/2026,DOCUMENTO,CIVINT/STIC,CIVINT-STIC-U06,2026-10-05T16:20:13-03:00
ROT34325DOC04,Aguardando TI,#9575CD,EXP003049,PGR-00040624/2026,DOCUMENTO,CIVINT/STIC,CIVINT-STIC-U03,2026-09-17T19:02:24-03:00
ROT34325DOC01,Responder,#64B5F6,EXP003050,PGR-00051210/2026,DOCUMENTO,CIVINT/STIC,CIVINT-STIC-U04,2026-09-05T02:01:58-03:00
ROT34325DOC03,Urgente,#E57373,EXP003052,PGR-00028784/2026,DOCUMENTO,CIVINT/STIC,CIVINT-STIC-U03,2026-09-22T21:46:26-03:00
ROT34325DOC03,Urgente,#E57373,EXP003055,PGR-00011353/2026,DOCUMENTO,CIVINT/STIC,CIVINT-STIC-U07,2026-09-27T07:15:25-03:00
ROT34325DOC02,Arquivar,#B0BEC5,EXP003058,PGR-00000939/2026,DOCUMENTO,CIVINT/STIC,CIVINT-STIC-U04,2026-09-24T08:12:21-03:00
ROT34325DOC04,Aguardando TI,#9575CD,EXP003058,PGR-00000939/2026,DOCUMENTO,CIVINT/STIC,CIVINT-STIC-U05,2026-10-06T19:37:04-03:00
ROT34325DOC03,Urgente,#E57373,EXP003058,PGR-00000939/2026,DOCUMENTO,CIVINT/STIC,CIVINT-STIC-U07,2026-09-27T20:28:34-03:00
ROT34325DOC01,Responder,#64B5F6,EXP003060,PGR-00053503/2026,DOCUMENTO,CIVINT/STIC,CIVINT-STIC-U08,2026-09-20T02:10:06-03:00
ROT34325DOC01,Responder,#64B5F6,EXP003069,PGR-00096412/2026,DOCUMENTO,CIVINT/STIC,CIVINT-STIC-U02,2026-08-14T22:47:38-03:00
ROT34325DOC02,Arquivar,#B0BEC5,EXP003069,PGR-00096412/2026,DOCUMENTO,CIVINT/STIC,CIVINT-STIC-U05,2026-10-06T06:36:46-03:00
ROT34325DOC04,Aguardando TI,#9575CD,EXP003069,PGR-00096412/2026,DOCUMENTO,CIVINT/STIC,CIVINT-STIC-U03,2026-08-11T06:31:59-03:00
ROT34325DOC02,Arquivar,#B0BEC5,EXP003070,PGR-00023242/2026,DOCUMENTO,CIVINT/STIC,CIVINT-STIC-U04,2026-09-26T09:44:35-03:00
ROT34325DOC04,Aguardando TI,#9575CD,EXP003071,PGR-00083852/2026,DOCUMENTO,CIVINT/STIC,CIVINT-STIC-U06,2026-08-06T00:50:09-03:00
ROT34325DOC03,Urgente,#E57373,EXP003074,PGR-00040149/2026,DOCUMENTO,CIVINT/STIC,CIVINT-STIC-U07,2026-10-07T00:10:38-03:00
ROT34325DOC01,Responder,#64B5F6,EXP003074,PGR-00040149/2026,DOCUMENTO,CIVINT/STIC,CIVINT-STIC-U05,2026-10-03T19:25:29-03:00
ROT34325DOC02,Arquivar,#B0BEC5,EXP003074,PGR-00040149/2026,DOCUMENTO,CIVINT/STIC,CIVINT-STIC-U07,2026-10-07T01:58:22-03:00
ROT34325DOC04,Aguardando TI,#9575CD,EXP003076,PGR-00004764/2026,DOCUMENTO,CIVINT/STIC,CIVINT-STIC-U03,2026-10-07T17:00:00-03:00
ROT34325DOC03,Urgente,#E57373,EXP003076,PGR-00004764/2026,DOCUMENTO,CIVINT/STIC,CIVINT-STIC-U07,2026-10-07T17:00:00-03:00
ROT34325DOC02,Arquivar,#B0BEC5,EXP003078,PGR-00093559/2026,DOCUMENTO,CIVINT/STIC,CIVINT-STIC-U03,2026-10-06T19:16:06-03:00
ROT34325DOC01,Responder,#64B5F6,EXP003082,PGR-00005846/2026,DOCUMENTO,CIVINT/STIC,CIVINT-STIC-U05,2026-08-07T03:07:59-03:00
ROT34325DOC03,Urgente,#E57373,EXP003082,PGR-00005846/2026,DOCUMENTO,CIVINT/STIC,CIVINT-STIC-U04,2026-08-12T08:25:43-03:00
ROT34325DOC02,Arquivar,#B0BEC5,EXP003082,PGR-00005846/2026,DOCUMENTO,CIVINT/STIC,CIVINT-STIC-U04,2026-08-20T07:14:21-03:00
ROT34325DOC01,Responder,#64B5F6,EXP003085,PGR-00058627/2026,DOCUMENTO,CIVINT/STIC,CIVINT-STIC-U07,2026-10-07T14:21:16-03:00
ROT34325DOC03,Urgente,#E57373,EXP003085,PGR-00058627/2026,DOCUMENTO,CIVINT/STIC,CIVINT-STIC-U08,2026-10-07T16:45:29-03:00
ROT34325DOC02,Arquivar,#B0BEC5,EXP003086,PGR-00099580/2026,DOCUMENTO,CIVINT/STIC,CIVINT-STIC-U05,2026-07-17T12:19:50-03:00
ROT34325DOC02,Arquivar,#B0BEC5,EXP003088,PGR-00027192/2026,DOCUMENTO,CIVINT/STIC,CIVINT-STIC-U06,2026-09-15T22:00:35-03:00
ROT34325DOC01,Responder,#64B5F6,EXP003088,PGR-00027192/2026,DOCUMENTO,CIVINT/STIC,CIVINT-STIC-U03,2026-09-23T00:45:15-03:00
ROT34325DOC04,Aguardando TI,#9575CD,EXP003088,PGR-00027192/2026,DOCUMENTO,CIVINT/STIC,CIVINT-STIC-U07,2026-10-03T02:47:39-03:00
ROT34325DOC02,Arquivar,#B0BEC5,EXP003089,PGR-00093133/2026,DOCUMENTO,CIVINT/STIC,CIVINT-STIC-U05,2026-10-07T06:00:41-03:00
ROT34325DOC04,Aguardando TI,#9575CD,EXP003092,PGR-00058404/2026,DOCUMENTO,CIVINT/STIC,CIVINT-STIC-U03,2026-10-06T01:49:17-03:00
ROT34325DOC04,Aguardando TI,#9575CD,EXP003094,PGR-00072582/2026,DOCUMENTO,CIVINT/STIC,CIVINT-STIC-U01,2026-08-28T20:56:39-03:00
ROT34325DOC03,Urgente,#E57373,EXP003094,PGR-00072582/2026,DOCUMENTO,CIVINT/STIC,CIVINT-STIC-U07,2026-08-10T05:12:53-03:00
ROT34325DOC03,Urgente,#E57373,EXP003097,PGR-00066113/2026,DOCUMENTO,CIVINT/STIC,CIVINT-STIC-U02,2026-10-04T21:26:34-03:00
ROT34325DOC04,Aguardando TI,#9575CD,EXP003103,PGR-00011224/2026,DOCUMENTO,CIVINT/STIC,CIVINT-STIC-U05,2026-07-16T17:48:44-03:00
ROT34325DOC01,Responder,#64B5F6,EXP003109,PGR-00001356/2026,DOCUMENTO,CIVINT/STIC,CIVINT-STIC-U02,2026-09-19T06:23:34-03:00
ROT34325DOC02,Arquivar,#B0BEC5,EXP003109,PGR-00001356/2026,DOCUMENTO,CIVINT/STIC,CIVINT-STIC-U06,2026-09-30T04:20:43-03:00
ROT34325DOC02,Arquivar,#B0BEC5,EXP003112,PGR-00057582/2026,DOCUMENTO,CIVINT/STIC,CIVINT-STIC-U05,2026-09-11T09:25:12-03:00
ROT34325DOC03,Urgente,#E57373,EXP003116,PGR-00010690/2026,DOCUMENTO,CIVINT/STIC,CIVINT-STIC-U07,2026-09-28T02:21:23-03:00
ROT34325DOC01,Responder,#64B5F6,EXP003121,PGR-00092767/2026,DOCUMENTO,CIVINT/STIC,CIVINT-STIC-U02,2026-09-29T18:49:06-03:00
ROT34325DOC02,Arquivar,#B0BEC5,EXP003121,PGR-00092767/2026,DOCUMENTO,CIVINT/STIC,CIVINT-STIC-U03,2026-09-18T16:38:04-03:00
ROT34325DOC04,Aguardando TI,#9575CD,EXP003123,PGR-00061836/2026,DOCUMENTO,CIVINT/STIC,CIVINT-STIC-U06,2026-10-07T16:53:43-03:00
ROT34325DOC03,Urgente,#E57373,EXP003128,PGR-00040459/2026,DOCUMENTO,CIVINT/STIC,CIVINT-STIC-U01,2026-09-18T15:54:19-03:00
ROT34325DOC03,Urgente,#E57373,EXP003131,PGR-00083227/2026,DOCUMENTO,CIVINT/STIC,CIVINT-STIC-U01,2026-10-01T23:52:59-03:00
ROT34325DOC03,Urgente,#E57373,EXP003132,PGR-00047130/2026,DOCUMENTO,CIVINT/STIC,CIVINT-STIC-U08,2026-10-01T11:39:54-03:00
ROT34325DOC03,Urgente,#E57373,EXP003133,PGR-00006070/2026,DOCUMENTO,CIVINT/STIC,CIVINT-STIC-U07,2026-10-01T23:10:55-03:00
ROT34325DOC02,Arquivar,#B0BEC5,EXP003138,PGR-00021292/2026,DOCUMENTO,CIVINT/STIC,CIVINT-STIC-U03,2026-10-05T20:21:36-03:00
ROT34325DOC02,Arquivar,#B0BEC5,EXP003141,PGR-00064924/2026,DOCUMENTO,CIVINT/STIC,CIVINT-STIC-U01,2026-09-15T04:49:50-03:00
ROT34325DOC04,Aguardando TI,#9575CD,EXP003142,PGR-00087488/2026,DOCUMENTO,CIVINT/STIC,CIVINT-STIC-U06,2026-09-30T09:30:54-03:00
ROT34325DOC01,Responder,#64B5F6,EXP003149,PGR-00043258/2026,DOCUMENTO,CIVINT/STIC,CIVINT-STIC-U08,2026-09-19T17:45:15-03:00
ROT34325DOC03,Urgente,#E57373,EXP003150,PGR-00081450/2026,DOCUMENTO,CIVINT/STIC,CIVINT-STIC-U04,2026-09-19T00:56:44-03:00
ROT34325DOC04,Aguardando TI,#9575CD,EXP003152,PGR-00022812/2025,DOCUMENTO,CIVINT/STIC,CIVINT-STIC-U06,2026-04-28T14:35:10-03:00
ROT34325DOC01,Responder,#64B5F6,EXP003152,PGR-00022812/2025,DOCUMENTO,CIVINT/STIC,CIVINT-STIC-U05,2026-05-15T01:25:43-03:00
ROT34325DOC02,Arquivar,#B0BEC5,EXP003152,PGR-00022812/2025,DOCUMENTO,CIVINT/STIC,CIVINT-STIC-U04,2026-07-20T20:10:35-03:00
ROT34325DOC03,Urgente,#E57373,EXP003159,PGR-00067057/2026,DOCUMENTO,CIVINT/STIC,CIVINT-STIC-U04,2026-10-03T03:28:59-03:00
ROT34325DOC04,Aguardando TI,#9575CD,EXP003159,PGR-00067057/2026,DOCUMENTO,CIVINT/STIC,CIVINT-STIC-U03,2026-09-30T06:19:57-03:00
ROT34325DOC01,Responder,#64B5F6,EXP003167,PGR-00085721/2026,DOCUMENTO,CIVINT/STIC,CIVINT-STIC-U01,2026-10-06T22:33:10-03:00
ROT34325DOC01,Responder,#64B5F6,EXP003176,PGR-00044616/2026,DOCUMENTO,CIVINT/STIC,CIVINT-STIC-U01,2026-09-30T16:20:54-03:00
ROT34325DOC04,Aguardando TI,#9575CD,EXP003176,PGR-00044616/2026,DOCUMENTO,CIVINT/STIC,CIVINT-STIC-U08,2026-09-26T01:13:54-03:00
ROT34325DOC02,Arquivar,#B0BEC5,EXP003176,PGR-00044616/2026,DOCUMENTO,CIVINT/STIC,CIVINT-STIC-U08,2026-09-30T17:33:57-03:00
ROT34325EXT03,Prorrogar,#F06292,EXP003183,1.24.353.754546/2022-95,EXTRAJUDICIAL,CIVINT/STIC,CIVINT-STIC-U03,2026-10-05T17:26:18-03:00
ROT34325EXT03,Prorrogar,#F06292,EXP003189,1.24.821.302341/2023-96,EXTRAJUDICIAL,CIVINT/STIC,CIVINT-STIC-U05,2026-09-23T21:21:16-03:00
ROT34325EXT01,Para parecer,#80CBC4,EXP003189,1.24.821.302341/2023-96,EXTRAJUDICIAL,CIVINT/STIC,CIVINT-STIC-U08,2026-09-27T10:14:29-03:00
