idPrazo,idExpediente,etiqueta,gerenciador,siglaSetor,tipoPrazo,dataInicio,dataPrazo,duracaoDias,situacao,dataEncerramento,diasAtraso
PRZ000001,EXP000001,PGR-00087434/2026,DOCUMENTO,GABSUB3-DVT,RESPOSTA,2026-10-05,2026-10-06,1,ABERTO,,1
PRZ000002,EXP000002,PGR-00024595/2026,DOCUMENTO,GABSUB3-DVT,RESPOSTA,2026-09-29,2026-11-04,36,ABERTO,,0
PRZ000003,EXP000003,PGR-00032211/2026,DOCUMENTO,GABSUB3-DVT,RESPOSTA,2026-06-19,2026-12-02,166,ABERTO,,0
PRZ000004,EXP000003,PGR-00032211/2026,DOCUMENTO,GABSUB3-DVT,RESPOSTA,2026-06-19,2026-11-20,154,PRORROGADO,2026-08-14T12:46:17-03:00,0
PRZ000005,EXP000004,PGR-00010919/2026,DOCUMENTO,GABSUB3-DVT,RESPOSTA,2026-09-21,2026-11-05,45,ABERTO,,0
PRZ000006,EXP000005,PGR-00034431/2026,DOCUMENTO,GABSUB3-DVT,RESPOSTA,2026-09-01,2026-10-14,43,ABERTO,,0
PRZ000007,EXP000006,PGR-00031029/2026,DOCUMENTO,GABSUB3-DVT,RESPOSTA,2026-08-28,2026-11-17,81,ABERTO,,0
PRZ000008,EXP000007,PGR-00027478/2026,DOCUMENTO,GABSUB3-DVT,RESPOSTA,2026-09-27,2026-10-07,10,ABERTO,,0
PRZ000009,EXP000008,PGR-00097767/2026,DOCUMENTO,GABSUB3-DVT,RESPOSTA,2026-09-30,2026-10-24,24,ABERTO,,0
PRZ000010,EXP000009,PGR-00087968/2026,DOCUMENTO,GABSUB3-DVT,RESPOSTA,2026-08-22,2026-10-08,47,ABERTO,,0
PRZ000011,EXP000009,PGR-00087968/2026,DOCUMENTO,GABSUB3-DVT,RESPOSTA,2026-08-22,2026-10-01,40,PRORROGADO,2026-10-06T14:23:50-03:00,0
PRZ000012,EXP000010,PGR-00074222/2026,DOCUMENTO,GABSUB3-DVT,RESPOSTA,2026-10-02,2026-10-07,5,ABERTO,,0
PRZ000013,EXP000011,PGR-00009035/2026,DOCUMENTO,GABSUB3-DVT,RESPOSTA,2026-09-05,2026-10-07,32,ABERTO,,0
PRZ000014,EXP000012,PGR-00042976/2026,DOCUMENTO,GABSUB3-DVT,RESPOSTA,2026-07-25,2026-10-28,95,ABERTO,,0
PRZ000015,EXP000013,PGR-00053193/2026,DOCUMENTO,GABSUB3-DVT,RESPOSTA,2026-08-07,2026-08-27,20,ABERTO,,41
PRZ000016,EXP000014,PGR-00031148/2026,DOCUMENTO,GABSUB3-DVT,RESPOSTA,2026-10-05,2026-10-12,7,ABERTO,,0
PRZ000017,EXP000015,PGR-00090570/2026,DOCUMENTO,GABSUB3-DVT,RESPOSTA,2026-10-07,2026-10-18,11,ABERTO,,0
PRZ000018,EXP000016,PGR-00080888/2026,DOCUMENTO,GABSUB3-DVT,RESPOSTA,2026-07-19,2026-11-26,130,ABERTO,,0
PRZ000019,EXP000017,PGR-00062276/2026,DOCUMENTO,GABSUB3-DVT,RESPOSTA,2026-09-19,2026-10-09,20,ABERTO,,0
PRZ000020,EXP000018,PGR-00002448/2026,DOCUMENTO,GABSUB3-DVT,RESPOSTA,2026-10-03,2026-10-24,21,ABERTO,,0
PRZ000021,EXP000019,PGR-00027729/2026,DOCUMENTO,GABSUB3-DVT,RESPOSTA,2026-10-06,2027-01-01,87,ABERTO,,0
PRZ000022,EXP000020,PGR-00040912/2026,DOCUMENTO,GABSUB3-DVT,RESPOSTA,2026-09-22,2026-10-14,22,ABERTO,,0
PRZ000023,EXP000021,PGR-00060377/2026,DOCUMENTO,GABSUB3-DVT,RESPOSTA,2026-09-15,2026-12-29,105,ABERTO,,0
PRZ000024,EXP000022,PGR-00026902/2026,DOCUMENTO,GABSUB3-DVT,RESPOSTA,2026-09-27,2026-11-15,49,ABERTO,,0
PRZ000025,EXP000023,PGR-00041001/2026,DOCUMENTO,GABSUB3-DVT,RESPOSTA,2026-08-16,2026-10-06,51,ABERTO,,1
PRZ000026,EXP000024,PGR-00042663/2026,DOCUMENTO,GABSUB3-DVT,RESPOSTA,2026-09-01,2026-11-03,63,ABERTO,,0
PRZ000027,EXP000025,PGR-00020377/2026,DOCUMENTO,GABSUB3-DVT,RESPOSTA,2026-07-26,2026-11-29,126,ABERTO,,0
PRZ000028,EXP000026,PGR-00072324/2026,DOCUMENTO,GABSUB3-DVT,RESPOSTA,2026-08-24,2026-11-23,91,ABERTO,,0
PRZ000029,EXP000027,PGR-00072907/2026,DOCUMENTO,GABSUB3-DVT,RESPOSTA,2026-08-22,2026-11-21,91,ABERTO,,0
PRZ000030,EXP000028,PGR-00007873/2026,DOCUMENTO,GABSUB3-DVT,RESPOSTA,2026-09-01,2026-10-09,38,ABERTO,,0
PRZ000031,EXP000029,PGR-00056907/2026,DOCUMENTO,GABSUB3-DVT,RESPOSTA,2026-08-19,2026-10-11,53,ABERTO,,0
PRZ000032,EXP000030,PGR-00073757/2026,DOCUMENTO,GABSUB3-DVT,RESPOSTA,2026-08-26,2026-10-08,43,ABERTO,,0
PRZ000033,EXP000031,PGR-00008348/2026,DOCUMENTO,GABSUB3-DVT,RESPOSTA,2026-08-27,2026-10-18,52,ABERTO,,0
PRZ000034,EXP000032,PGR-00009479/2026,DOCUMENTO,GABSUB3-DVT,RESPOSTA,2026-09-24,2026-12-24,91,ABERTO,,0
PRZ000035,EXP000033,PGR-00090832/2026,DOCUMENTO,GABSUB3-DVT,RESPOSTA,2026-08-31,2026-10-08,38,ABERTO,,0
PRZ000036,EXP000034,PGR-00090339/2026,DOCUMENTO,GABSUB3-DVT,RESPOSTA,2026-09-09,2026-10-14,35,ABERTO,,0
PRZ000037,EXP000035,PGR-00058971/2026,DOCUMENTO,GABSUB3-DVT,RESPOSTA,2026-08-24,2026-12-02,100,ABERTO,,0
PRZ000038,EXP000036,PGR-00018222/2026,DOCUMENTO,GABSUB3-DVT,RESPOSTA,2026-09-15,2026-10-07,22,ABERTO,,0
PRZ000039,EXP000037,PGR-00060923/2026,DOCUMENTO,GABSUB3-DVT,RESPOSTA,2026-07-10,2026-08-26,47,ABERTO,,42
PRZ000040,EXP000038,PGR-00079904/2026,DOCUMENTO,GABSUB3-DVT,RESPOSTA,2026-07-18,2026-11-09,114,ABERTO,,0
PRZ000041,EXP000039,PGR-00007536/2026,DOCUMENTO,GABSUB3-DVT,RESPOSTA,2026-09-29,2026-10-31,32,ABERTO,,0
PRZ000042,EXP000040,PGR-00009220/2026,DOCUMENTO,GABSUB3-DVT,RESPOSTA,2026-08-24,2026-11-17,85,ABERTO,,0
PRZ000043,EXP000041,PGR-00056079/2026,DOCUMENTO,GABSUB3-DVT,RESPOSTA,2026-09-02,2026-10-10,38,ABERTO,,0
PRZ000044,EXP000042,PGR-00075952/2026,DOCUMENTO,GABSUB3-DVT,RESPOSTA,2026-08-28,2026-09-09,12,ABERTO,,28
PRZ000045,EXP000042,PGR-00075952/2026,DOCUMENTO,GABSUB3-DVT,RESPOSTA,2026-08-28,2026-08-29,1,PRORROGADO,2026-09-09T13:31:32-03:00,0
PRZ000046,EXP000043,PGR-00018888/2026,DOCUMENTO,GABSUB3-DVT,RESPOSTA,2026-10-05,2026-11-06,32,ABERTO,,0
PRZ000047,EXP000043,PGR-00018888/2026,DOCUMENTO,GABSUB3-DVT,RESPOSTA,2026-10-05,2026-10-19,14,PRORROGADO,2026-10-06T15:32:22-03:00,0
PRZ000048,EXP000044,PGR-00079946/2026,DOCUMENTO,GABSUB3-DVT,RESPOSTA,2026-09-15,2026-10-11,26,ABERTO,,0
PRZ000049,EXP000045,PGR-00030143/2026,DOCUMENTO,GABSUB3-DVT,RESPOSTA,2026-09-12,2026-11-13,62,ABERTO,,0
PRZ000050,EXP000046,PGR-00082636/2026,DOCUMENTO,GABSUB3-DVT,RESPOSTA,2026-08-20,2026-12-08,110,ABERTO,,0
PRZ000051,EXP000047,PGR-00059145/2026,DOCUMENTO,GABSUB3-DVT,RESPOSTA,2026-06-02,2026-11-23,174,ABERTO,,0
PRZ000052,EXP000048,PGR-00000744/2026,DOCUMENTO,GABSUB3-DVT,RESPOSTA,2026-09-21,2026-10-21,30,ABERTO,,0
PRZ000053,EXP000049,PGR-00075605/2026,DOCUMENTO,GABSUB3-DVT,RESPOSTA,2026-09-26,2026-09-27,1,ABERTO,,10
PRZ000054,EXP000050,PGR-00062177/2026,DOCUMENTO,GABSUB3-DVT,RESPOSTA,2026-09-08,2026-11-30,83,ABERTO,,0
PRZ000055,EXP000051,PGR-00043005/2026,DOCUMENTO,GABSUB3-DVT,RESPOSTA,2026-10-03,2026-12-26,84,ABERTO,,0
PRZ000056,EXP000052,PGR-00003928/2026,DOCUMENTO,GABSUB3-DVT,RESPOSTA,2026-09-13,2026-10-11,28,ABERTO,,0
PRZ000057,EXP000053,PGR-00014504/2026,DOCUMENTO,GABSUB3-DVT,RESPOSTA,2026-04-27,2027-01-05,253,ABERTO,,0
PRZ000058,EXP000054,PGR-00009625/2026,DOCUMENTO,GABSUB3-DVT,RESPOSTA,2026-09-25,2026-10-12,17,ABERTO,,0
PRZ000059,EXP000055,PGR-00023266/2026,DOCUMENTO,GABSUB3-DVT,RESPOSTA,2026-10-02,2027-01-01,91,ABERTO,,0
PRZ000060,EXP000056,PGR-00080486/2026,DOCUMENTO,GABSUB3-DVT,RESPOSTA,2026-08-16,2026-12-24,130,ABERTO,,0
PRZ000061,EXP000057,PGR-00018228/2026,DOCUMENTO,GABSUB3-DVT,RESPOSTA,2026-10-05,2026-10-12,7,ABERTO,,0
PRZ000062,EXP000058,PGR-00063120/2026,DOCUMENTO,GABSUB3-DVT,RESPOSTA,2026-08-06,2027-01-02,149,ABERTO,,0
PRZ000063,EXP000059,PGR-00006454/2026,DOCUMENTO,GABSUB3-DVT,RESPOSTA,2026-09-29,2026-09-30,1,ABERTO,,7
PRZ000064,EXP000060,PGR-00075767/2026,DOCUMENTO,GABSUB3-DVT,RESPOSTA,2026-10-01,2026-12-23,83,ABERTO,,0
PRZ000065,EXP000061,PGR-00006098/2026,DOCUMENTO,GABSUB3-DVT,RESPOSTA,2026-09-14,2026-09-15,1,ABERTO,,22
PRZ000066,EXP000062,PGR-00098861/2026,DOCUMENTO,GABSUB3-DVT,RESPOSTA,2026-10-05,2026-10-10,5,ABERTO,,0
PRZ000067,EXP000062,PGR-00098861/2026,DOCUMENTO,GABSUB3-DVT,RESPOSTA,2026-10-05,2026-10-06,1,PRORROGADO,2026-10-06T23:41:42-03:00,0
PRZ000068,EXP000063,PGR-00091735/2026,DOCUMENTO,GABSUB3-DVT,RESPOSTA,2026-10-07,2026-12-16,70,ABERTO,,0
PRZ000069,EXP000064,PGR-00016209/2026,DOCUMENTO,GABSUB3-DVT,RESPOSTA,2026-09-09,2026-11-14,66,ABERTO,,0
PRZ000070,EXP000064,PGR-00016209/2026,DOCUMENTO,GABSUB3-DVT,RESPOSTA,2026-09-09,2026-10-28,49,PRORROGADO,2026-10-03T03:57:03-03:00,0
PRZ000071,EXP000065,PGR-00038275/2026,DOCUMENTO,GABSUB3-DVT,RESPOSTA,2026-10-02,2026-10-31,29,ABERTO,,0
PRZ000072,EXP000066,PGR-00018068/2026,DOCUMENTO,GABSUB3-DVT,RESPOSTA,2026-09-25,2026-10-18,23,ABERTO,,0
PRZ000073,EXP000067,PGR-00043840/2026,DOCUMENTO,GABSUB3-DVT,RESPOSTA,2026-08-11,2026-10-12,62,ABERTO,,0
PRZ000074,EXP000068,PGR-00022996/2026,DOCUMENTO,GABSUB3-DVT,RESPOSTA,2026-09-27,2026-12-13,77,ABERTO,,0
PRZ000075,EXP000068,PGR-00022996/2026,DOCUMENTO,GABSUB3-DVT,RESPOSTA,2026-09-27,2026-11-23,57,PRORROGADO,2026-10-04T08:02:38-03:00,0
PRZ000076,EXP000069,PGR-00020535/2026,DOCUMENTO,GABSUB3-DVT,RESPOSTA,2026-09-21,2026-12-24,94,ABERTO,,0
PRZ000077,EXP000070,PGR-00042841/2026,DOCUMENTO,GABSUB3-DVT,RESPOSTA,2026-10-06,2026-10-14,8,ABERTO,,0
PRZ000078,EXP000071,PGR-00003621/2026,DOCUMENTO,GABSUB3-DVT,RESPOSTA,2026-09-22,2026-12-28,97,ABERTO,,0
PRZ000079,EXP000072,PGR-00075516/2026,DOCUMENTO,GABSUB3-DVT,RESPOSTA,2026-09-30,2026-12-02,63,ABERTO,,0
PRZ000080,EXP000073,PGR-00054790/2026,DOCUMENTO,GABSUB3-DVT,RESPOSTA,2026-09-08,2026-09-09,1,ABERTO,,28
PRZ000081,EXP000074,PGR-00033512/2026,DOCUMENTO,GABSUB3-DVT,RESPOSTA,2026-09-28,2026-11-01,34,ABERTO,,0
PRZ000082,EXP000075,PGR-00052737/2026,DOCUMENTO,GABSUB3-DVT,RESPOSTA,2026-07-17,2026-11-21,127,ABERTO,,0
PRZ000083,EXP000076,PGR-00028644/2026,DOCUMENTO,GABSUB3-DVT,RESPOSTA,2026-08-31,2026-12-05,96,ABERTO,,0
PRZ000084,EXP000076,PGR-00028644/2026,DOCUMENTO,GABSUB3-DVT,RESPOSTA,2026-08-31,2026-11-18,79,PRORROGADO,2026-09-11T21:31:36-03:00,0
PRZ000085,EXP000077,PGR-00000898/2026,DOCUMENTO,GABSUB3-DVT,RESPOSTA,2026-09-07,2026-10-13,36,ABERTO,,0
PRZ000086,EXP000078,PGR-00073797/2026,DOCUMENTO,GABSUB3-DVT,RESPOSTA,2026-08-08,2026-10-29,82,ABERTO,,0
PRZ000087,EXP000079,PGR-00092557/2026,DOCUMENTO,GABSUB3-DVT,RESPOSTA,2026-09-17,2026-09-18,1,ABERTO,,19
PRZ000088,EXP000080,PGR-00075572/2026,DOCUMENTO,GABSUB3-DVT,RESPOSTA,2026-05-27,2026-11-28,185,ABERTO,,0
PRZ000089,EXP000081,PGR-00069070/2026,DOCUMENTO,GABSUB3-DVT,RESPOSTA,2026-09-16,2026-10-08,22,ABERTO,,0
PRZ000090,EXP000082,PGR-00069132/2026,DOCUMENTO,GABSUB3-DVT,RESPOSTA,2026-09-25,2026-10-10,15,ABERTO,,0
PRZ000091,EXP000082,PGR-00069132/2026,DOCUMENTO,GABSUB3-DVT,RESPOSTA,2026-09-25,2026-09-26,1,PRORROGADO,2026-10-07T00:22:11-03:00,0
PRZ000092,EXP000083,PGR-00067793/2026,DOCUMENTO,GABSUB3-DVT,RESPOSTA,2026-10-03,2026-12-07,65,ABERTO,,0
PRZ000093,EXP000084,PGR-00071663/2026,DOCUMENTO,GABSUB3-DVT,RESPOSTA,2026-08-12,2026-09-22,41,ABERTO,,15
PRZ000094,EXP000085,PGR-00051979/2026,DOCUMENTO,GABSUB3-DVT,RESPOSTA,2026-09-22,2026-11-12,51,ABERTO,,0
PRZ000095,EXP000086,PGR-00073887/2026,DOCUMENTO,GABSUB3-DVT,RESPOSTA,2026-09-30,2026-10-21,21,ABERTO,,0
PRZ000096,EXP000087,PGR-00002459/2026,DOCUMENTO,GABSUB3-DVT,RESPOSTA,2026-10-07,2026-10-12,5,ABERTO,,0
PRZ000097,EXP000088,PGR-00096511/2026,DOCUMENTO,GABSUB3-DVT,RESPOSTA,2026-08-30,2026-10-09,40,ABERTO,,0
PRZ000098,EXP000089,PGR-00022700/2026,DOCUMENTO,GABSUB3-DVT,RESPOSTA,2026-09-29,2026-12-03,65,ABERTO,,0
PRZ000099,EXP000089,PGR-00022700/2026,DOCUMENTO,GABSUB3-DVT,RESPOSTA,2026-09-29,2026-11-15,47,PRORROGADO,2026-10-02T19:24:06-03:00,0
PRZ000100,EXP000090,PGR-00033686/2026,DOCUMENTO,GABSUB3-DVT,RESPOSTA,2026-09-19,2026-10-12,23,ABERTO,,0
PRZ000101,EXP000091,PGR-00084425/2026,DOCUMENTO,GABSUB3-DVT,RESPOSTA,2026-10-01,2026-12-03,63,ABERTO,,0
PRZ000102,EXP000092,PGR-00057253/2026,DOCUMENTO,GABSUB3-DVT,RESPOSTA,2026-09-26,2026-10-08,12,ABERTO,,0
PRZ000103,EXP000093,PGR-00077291/2026,DOCUMENTO,GABSUB3-DVT,RESPOSTA,2026-09-26,2026-09-28,2,ABERTO,,9
PRZ000104,EXP000094,PGR-00054205/2026,DOCUMENTO,GABSUB3-DVT,RESPOSTA,2026-09-17,2026-10-25,38,ABERTO,,0
PRZ000105,EXP000095,PGR-00024889/2026,DOCUMENTO,GABSUB3-DVT,RESPOSTA,2026-09-21,2026-09-22,1,ABERTO,,15
PRZ000106,EXP000096,PGR-00064236/2026,DOCUMENTO,GABSUB3-DVT,RESPOSTA,2026-08-11,2026-12-13,124,ABERTO,,0
PRZ000107,EXP000097,PGR-00026780/2026,DOCUMENTO,GABSUB3-DVT,RESPOSTA,2026-09-18,2026-10-08,20,ABERTO,,0
PRZ000108,EXP000098,PGR-00092901/2026,DOCUMENTO,GABSUB3-DVT,RESPOSTA,2026-08-30,2026-10-07,38,ABERTO,,0
PRZ000109,EXP000099,PGR-00001512/2026,DOCUMENTO,GABSUB3-DVT,RESPOSTA,2026-09-01,2026-11-21,81,ABERTO,,0
PRZ000110,EXP000100,PGR-00065932/2026,DOCUMENTO,GABSUB3-DVT,RESPOSTA,2026-09-16,2026-11-05,50,ABERTO,,0
PRZ000111,EXP000101,PGR-00013390/2026,DOCUMENTO,GABSUB3-DVT,RESPOSTA,2026-07-12,2026-12-04,145,ABERTO,,0
PRZ000112,EXP000102,PGR-00062715/2026,DOCUMENTO,GABSUB3-DVT,RESPOSTA,2026-09-17,2026-11-11,55,ABERTO,,0
PRZ000113,EXP000103,PGR-00066116/2026,DOCUMENTO,GABSUB3-DVT,RESPOSTA,2026-09-18,2026-11-16,59,ABERTO,,0
PRZ000114,EXP000104,PGR-00052055/2026,DOCUMENTO,GABSUB3-DVT,RESPOSTA,2026-08-27,2026-10-11,45,ABERTO,,0
PRZ000115,EXP000105,PGR-00055493/2026,DOCUMENTO,GABSUB3-DVT,RESPOSTA,2026-09-18,2026-12-29,102,ABERTO,,0
PRZ000116,EXP000106,PGR-00003870/2026,DOCUMENTO,GABSUB3-DVT,RESPOSTA,2026-09-29,2026-12-30,92,ABERTO,,0
PRZ000117,EXP000107,PGR-00076604/2026,DOCUMENTO,GABSUB3-DVT,RESPOSTA,2026-07-10,2026-11-03,116,ABERTO,,0
PRZ000118,EXP000108,PGR-00097257/2026,DOCUMENTO,GABSUB3-DVT,RESPOSTA,2026-10-06,2026-10-07,1,ABERTO,,0
PRZ000119,EXP000109,PGR-00032064/2026,DOCUMENTO,GABSUB3-DVT,RESPOSTA,2026-08-18,2026-10-14,57,ABERTO,,0
PRZ000120,EXP000110,PGR-00094821/2026,DOCUMENTO,GABSUB3-DVT,RESPOSTA,2026-09-15,2026-10-13,28,ABERTO,,0
PRZ000121,EXP000111,PGR-00019662/2026,DOCUMENTO,GABSUB3-DVT,RESPOSTA,2026-09-26,2026-09-27,1,ABERTO,,10
PRZ000122,EXP000112,PGR-00039565/2026,DOCUMENTO,GABSUB3-DVT,RESPOSTA,2026-06-04,2026-12-18,197,ABERTO,,0
PRZ000123,EXP000113,PGR-00017152/2026,DOCUMENTO,GABSUB3-DVT,RESPOSTA,2026-10-02,2026-11-10,39,ABERTO,,0
PRZ000124,EXP000113,PGR-00017152/2026,DOCUMENTO,GABSUB3-DVT,RESPOSTA,2026-10-02,2026-10-26,24,PRORROGADO,2026-10-03T00:48:55-03:00,0
PRZ000125,EXP000114,PGR-00029255/2026,DOCUMENTO,GABSUB3-DVT,RESPOSTA,2026-08-25,2026-11-15,82,ABERTO,,0
PRZ000126,EXP000115,PGR-00007045/2026,DOCUMENTO,GABSUB3-DVT,RESPOSTA,2026-09-18,2026-12-02,75,ABERTO,,0
PRZ000127,EXP000116,PGR-00004314/2026,DOCUMENTO,GABSUB3-DVT,RESPOSTA,2026-09-19,2026-12-26,98,ABERTO,,0
PRZ000128,EXP000116,PGR-00004314/2026,DOCUMENTO,GABSUB3-DVT,RESPOSTA,2026-09-19,2026-12-06,78,PRORROGADO,2026-10-02T09:34:45-03:00,0
PRZ000129,EXP000117,PGR-00014628/2026,DOCUMENTO,GABSUB3-DVT,RESPOSTA,2026-10-04,2026-10-09,5,ABERTO,,0
PRZ000130,EXP000118,PGR-00078567/2026,DOCUMENTO,GABSUB3-DVT,RESPOSTA,2026-08-05,2026-09-22,48,ABERTO,,15
PRZ000131,EXP000119,PGR-00066954/2026,DOCUMENTO,GABSUB3-DVT,RESPOSTA,2026-08-26,2026-10-12,47,ABERTO,,0
PRZ000132,EXP000120,PGR-00045363/2026,DOCUMENTO,GABSUB3-DVT,RESPOSTA,2026-09-28,2026-12-26,89,ABERTO,,0
PRZ000133,EXP000121,PGR-00084352/2026,DOCUMENTO,GABSUB3-DVT,RESPOSTA,2026-09-02,2026-09-16,14,ABERTO,,21
PRZ000134,EXP000122,PGR-00094479/2026,DOCUMENTO,GABSUB3-DVT,RESPOSTA,2026-09-23,2026-10-18,25,ABERTO,,0
PRZ000135,EXP000123,PGR-00013427/2026,DOCUMENTO,GABSUB3-DVT,RESPOSTA,2026-09-29,2027-01-03,96,ABERTO,,0
PRZ000136,EXP000124,PGR-00066622/2026,DOCUMENTO,GABSUB3-DVT,RESPOSTA,2026-09-21,2026-10-04,13,ABERTO,,3
PRZ000137,EXP000125,PGR-00001615/2026,DOCUMENTO,GABSUB3-DVT,RESPOSTA,2026-10-04,2026-11-05,32,ABERTO,,0
PRZ000138,EXP000126,PGR-00023585/2026,DOCUMENTO,GABSUB3-DVT,RESPOSTA,2026-10-03,2026-11-17,45,ABERTO,,0
PRZ000139,EXP000127,PGR-00062130/2026,DOCUMENTO,GABSUB3-DVT,RESPOSTA,2026-09-21,2026-10-09,18,ABERTO,,0
PRZ000140,EXP000128,PGR-00012061/2026,DOCUMENTO,GABSUB3-DVT,RESPOSTA,2026-09-30,2026-10-14,14,ABERTO,,0
PRZ000141,EXP000129,PGR-00084106/2026,DOCUMENTO,GABSUB3-DVT,RESPOSTA,2026-08-01,2026-10-08,68,ABERTO,,0
PRZ000142,EXP000130,PGR-00030818/2026,DOCUMENTO,GABSUB3-DVT,RESPOSTA,2026-09-30,2026-12-31,92,ABERTO,,0
PRZ000143,EXP000131,PGR-00070465/2026,DOCUMENTO,GABSUB3-DVT,RESPOSTA,2026-10-01,2026-10-02,1,ABERTO,,5
PRZ000144,EXP000132,PGR-00044749/2026,DOCUMENTO,GABSUB3-DVT,RESPOSTA,2026-08-04,2026-09-14,41,ABERTO,,23
PRZ000145,EXP000133,PGR-00088252/2026,DOCUMENTO,GABSUB3-DVT,RESPOSTA,2026-09-18,2026-10-25,37,ABERTO,,0
PRZ000146,EXP000134,PGR-00051460/2026,DOCUMENTO,GABSUB3-DVT,RESPOSTA,2026-09-17,2026-09-18,1,ABERTO,,19
PRZ000147,EXP000135,PGR-00091572/2026,DOCUMENTO,GABSUB3-DVT,RESPOSTA,2026-07-23,2026-10-31,100,ABERTO,,0
PRZ000148,EXP000136,PGR-00082336/2026,DOCUMENTO,GABSUB3-DVT,RESPOSTA,2026-09-29,2026-10-07,8,ABERTO,,0
PRZ000149,EXP000137,PGR-00014776/2026,DOCUMENTO,GABSUB3-DVT,RESPOSTA,2026-10-05,2026-11-21,47,ABERTO,,0
PRZ000150,EXP000138,PGR-00089867/2026,DOCUMENTO,GABSUB3-DVT,RESPOSTA,2026-08-01,2026-09-17,47,ABERTO,,20
PRZ000151,EXP000139,PGR-00045388/2026,DOCUMENTO,GABSUB3-DVT,RESPOSTA,2026-08-22,2027-01-01,132,ABERTO,,0
PRZ000152,EXP000139,PGR-00045388/2026,DOCUMENTO,GABSUB3-DVT,RESPOSTA,2026-08-22,2026-12-17,117,PRORROGADO,2026-08-23T10:07:41-03:00,0
PRZ000153,EXP000140,PGR-00050179/2026,DOCUMENTO,GABSUB3-DVT,RESPOSTA,2026-09-13,2026-10-03,20,ABERTO,,4
PRZ000154,EXP000141,PGR-00097893/2026,DOCUMENTO,GABSUB3-DVT,RESPOSTA,2026-09-16,2026-09-18,2,ABERTO,,19
PRZ000155,EXP000142,PGR-00049443/2026,DOCUMENTO,GABSUB3-DVT,RESPOSTA,2026-06-24,2026-10-29,127,ABERTO,,0
PRZ000156,EXP000143,PGR-00006445/2026,DOCUMENTO,GABSUB3-DVT,RESPOSTA,2026-07-20,2026-11-27,130,ABERTO,,0
PRZ000157,EXP000144,PGR-00026633/2026,DOCUMENTO,GABSUB3-DVT,RESPOSTA,2026-09-10,2026-10-13,33,ABERTO,,0
PRZ000158,EXP000145,PGR-00079857/2026,DOCUMENTO,GABSUB3-DVT,RESPOSTA,2026-08-26,2026-11-06,72,ABERTO,,0
PRZ000159,EXP000146,PGR-00075012/2026,DOCUMENTO,GABSUB3-DVT,RESPOSTA,2026-09-12,2026-11-21,70,ABERTO,,0
PRZ000160,EXP000147,PGR-00025523/2026,DOCUMENTO,GABSUB3-DVT,RESPOSTA,2026-09-13,2026-10-21,38,ABERTO,,0
PRZ000161,EXP000148,PGR-00082085/2026,DOCUMENTO,GABSUB3-DVT,RESPOSTA,2026-09-27,2026-10-08,11,ABERTO,,0
PRZ000162,EXP000149,PGR-00018713/2026,DOCUMENTO,GABSUB3-DVT,RESPOSTA,2026-10-05,2026-10-13,8,ABERTO,,0
PRZ000163,EXP000150,PGR-00076219/2026,DOCUMENTO,GABSUB3-DVT,RESPOSTA,2026-06-18,2026-12-01,166,ABERTO,,0
PRZ000164,EXP000151,PGR-00056579/2026,DOCUMENTO,GABSUB3-DVT,RESPOSTA,2026-08-29,2026-10-09,41,ABERTO,,0
PRZ000165,EXP000152,PGR-00071274/2026,DOCUMENTO,GABSUB3-DVT,RESPOSTA,2026-08-14,2026-10-10,57,ABERTO,,0
PRZ000166,EXP000153,PGR-00042219/2026,DOCUMENTO,GABSUB3-DVT,RESPOSTA,2026-10-06,2026-11-04,29,ABERTO,,0
PRZ000167,EXP000154,PGR-00015618/2026,DOCUMENTO,GABSUB3-DVT,RESPOSTA,2026-10-06,2026-10-07,1,ABERTO,,0
PRZ000168,EXP000155,PGR-00076989/2026,DOCUMENTO,GABSUB3-DVT,RESPOSTA,2026-09-23,2027-01-03,102,ABERTO,,0
PRZ000169,EXP000156,PGR-00046258/2026,DOCUMENTO,GABSUB3-DVT,RESPOSTA,2026-09-10,2026-11-01,52,ABERTO,,0
PRZ000170,EXP000157,PGR-00015199/2026,DOCUMENTO,GABSUB3-DVT,RESPOSTA,2026-08-19,2026-10-03,45,ABERTO,,4
PRZ000171,EXP000158,PGR-00030154/2026,DOCUMENTO,GABSUB3-DVT,RESPOSTA,2026-07-25,2026-10-30,97,ABERTO,,0
PRZ000172,EXP000159,PGR-00034512/2026,DOCUMENTO,GABSUB3-DVT,RESPOSTA,2026-10-02,2026-12-30,89,ABERTO,,0
PRZ000173,EXP000160,PGR-00088749/2026,DOCUMENTO,GABSUB3-DVT,RESPOSTA,2026-09-14,2026-09-15,1,ABERTO,,22
PRZ000174,EXP000161,PGR-00089613/2026,DOCUMENTO,GABSUB3-DVT,RESPOSTA,2026-08-31,2026-11-13,74,ABERTO,,0
PRZ000175,EXP000162,PGR-00045366/2026,DOCUMENTO,GABSUB3-DVT,RESPOSTA,2026-08-26,2026-10-12,47,ABERTO,,0
PRZ000176,EXP000163,PGR-00022845/2026,DOCUMENTO,GABSUB3-DVT,RESPOSTA,2026-08-15,2026-10-30,76,ABERTO,,0
PRZ000177,EXP000164,PGR-00035141/2026,DOCUMENTO,GABSUB3-DVT,RESPOSTA,2026-09-21,2026-12-20,90,ABERTO,,0
PRZ000178,EXP000165,PGR-00071571/2026,DOCUMENTO,GABSUB3-DVT,RESPOSTA,2026-03-20,2026-12-24,279,ABERTO,,0
PRZ000179,EXP000166,PGR-00056131/2026,DOCUMENTO,GABSUB3-DVT,RESPOSTA,2026-09-13,2026-11-15,63,ABERTO,,0
PRZ000180,EXP000167,PGR-00040783/2026,DOCUMENTO,GABSUB3-DVT,RESPOSTA,2026-08-29,2026-10-13,45,ABERTO,,0
PRZ000181,EXP000168,PGR-00093288/2026,DOCUMENTO,GABSUB3-DVT,RESPOSTA,2026-09-29,2026-12-17,79,ABERTO,,0
PRZ000182,EXP000169,PGR-00027114/2026,DOCUMENTO,GABSUB3-DVT,RESPOSTA,2026-05-14,2026-10-19,158,ABERTO,,0
PRZ000183,EXP000170,PGR-00002469/2026,DOCUMENTO,GABSUB3-DVT,RESPOSTA,2026-09-21,2026-10-12,21,ABERTO,,0
PRZ000184,EXP000171,PGR-00039686/2026,DOCUMENTO,GABSUB3-DVT,RESPOSTA,2026-10-01,2026-10-10,9,ABERTO,,0
PRZ000185,EXP000172,PGR-00050390/2026,DOCUMENTO,GABSUB3-DVT,RESPOSTA,2026-09-08,2026-11-06,59,ABERTO,,0
PRZ000186,EXP000173,PGR-00003835/2026,DOCUMENTO,GABSUB3-DVT,RESPOSTA,2026-10-02,2026-11-30,59,ABERTO,,0
PRZ000187,EXP000174,PGR-00092509/2026,DOCUMENTO,GABSUB3-DVT,RESPOSTA,2026-09-10,2026-10-12,32,ABERTO,,0
PRZ000188,EXP000175,PGR-00095550/2026,DOCUMENTO,GABSUB3-DVT,RESPOSTA,2026-09-11,2026-10-26,45,ABERTO,,0
PRZ000189,EXP000176,PGR-00067177/2026,DOCUMENTO,GABSUB3-DVT,RESPOSTA,2026-10-07,2026-10-12,5,ABERTO,,0
PRZ000190,EXP000177,PGR-00043830/2026,DOCUMENTO,GABSUB3-DVT,RESPOSTA,2026-09-17,2026-10-10,23,ABERTO,,0
PRZ000191,EXP000178,PGR-00078313/2026,DOCUMENTO,GABSUB3-DVT,RESPOSTA,2026-09-23,2026-10-09,16,ABERTO,,0
PRZ000192,EXP000179,PGR-00062471/2026,DOCUMENTO,GABSUB3-DVT,RESPOSTA,2026-07-03,2026-10-11,100,ABERTO,,0
PRZ000193,EXP000180,PGR-00021996/2026,DOCUMENTO,GABSUB3-DVT,RESPOSTA,2026-09-21,2026-10-07,16,ABERTO,,0
PRZ000194,EXP000181,PGR-00036123/2026,DOCUMENTO,GABSUB3-DVT,RESPOSTA,2026-09-21,2026-12-23,93,ABERTO,,0
PRZ000195,EXP000181,PGR-00036123/2026,DOCUMENTO,GABSUB3-DVT,RESPOSTA,2026-09-21,2026-12-14,84,PRORROGADO,2026-10-02T00:07:59-03:00,0
PRZ000196,EXP000182,PGR-00001544/2026,DOCUMENTO,GABSUB3-DVT,RESPOSTA,2026-09-02,2026-12-03,92,ABERTO,,0
PRZ000197,EXP000183,PGR-00017122/2026,DOCUMENTO,GABSUB3-DVT,RESPOSTA,2026-10-02,2026-10-24,22,ABERTO,,0
PRZ000198,EXP000184,PGR-00016196/2026,DOCUMENTO,GABSUB3-DVT,RESPOSTA,2026-10-06,2026-10-10,4,ABERTO,,0
PRZ000199,EXP000185,PGR-00016229/2026,DOCUMENTO,GABSUB3-DVT,RESPOSTA,2026-10-02,2026-11-25,54,ABERTO,,0
PRZ000200,EXP000186,PGR-00044429/2026,DOCUMENTO,GABSUB3-DVT,RESPOSTA,2026-05-15,2026-09-21,129,ABERTO,,16
PRZ000201,EXP000187,PGR-00005584/2026,DOCUMENTO,GABSUB3-DVT,RESPOSTA,2026-10-05,2026-10-16,11,ABERTO,,0
PRZ000202,EXP000188,PGR-00022388/2026,DOCUMENTO,GABSUB3-DVT,RESPOSTA,2026-09-15,2026-12-16,92,ABERTO,,0
PRZ000203,EXP000189,PGR-00066817/2026,DOCUMENTO,GABSUB3-DVT,RESPOSTA,2026-09-24,2026-09-25,1,ABERTO,,12
PRZ000204,EXP000190,PGR-00013228/2026,DOCUMENTO,GABSUB3-DVT,RESPOSTA,2026-08-22,2026-09-29,38,ABERTO,,8
PRZ000205,EXP000191,PGR-00023828/2026,DOCUMENTO,GABSUB3-DVT,RESPOSTA,2026-09-27,2026-10-27,30,ABERTO,,0
PRZ000206,EXP000192,PGR-00022409/2026,DOCUMENTO,GABSUB3-DVT,RESPOSTA,2026-09-24,2027-01-03,101,ABERTO,,0
PRZ000207,EXP000193,PGR-00008147/2026,DOCUMENTO,GABSUB3-DVT,RESPOSTA,2026-08-24,2026-10-12,49,ABERTO,,0
PRZ000208,EXP000194,PGR-00037355/2026,DOCUMENTO,GABSUB3-DVT,RESPOSTA,2026-07-26,2026-10-01,67,ABERTO,,6
PRZ000209,EXP000195,PGR-00032433/2026,DOCUMENTO,GABSUB3-DVT,RESPOSTA,2026-09-14,2026-10-23,39,ABERTO,,0
PRZ000210,EXP000196,PGR-00059314/2026,DOCUMENTO,GABSUB3-DVT,RESPOSTA,2026-09-11,2026-10-21,40,ABERTO,,0
PRZ000211,EXP000197,PGR-00048642/2026,DOCUMENTO,GABSUB3-DVT,RESPOSTA,2026-10-04,2026-10-10,6,ABERTO,,0
PRZ000212,EXP000198,PGR-00006528/2026,DOCUMENTO,GABSUB3-DVT,RESPOSTA,2026-08-18,2026-10-13,56,ABERTO,,0
PRZ000213,EXP000199,PGR-00099488/2026,DOCUMENTO,GABSUB3-DVT,RESPOSTA,2026-09-17,2026-10-08,21,ABERTO,,0
PRZ000214,EXP000199,PGR-00099488/2026,DOCUMENTO,GABSUB3-DVT,RESPOSTA,2026-09-17,2026-09-20,3,PRORROGADO,2026-09-22T03:31:10-03:00,0
PRZ000215,EXP000200,PGR-00028361/2026,DOCUMENTO,GABSUB3-DVT,RESPOSTA,2026-09-05,2026-10-13,38,ABERTO,,0
PRZ000216,EXP000201,PGR-00036623/2026,DOCUMENTO,GABSUB3-DVT,RESPOSTA,2026-10-06,2026-10-13,7,ABERTO,,0
PRZ000217,EXP000201,PGR-00036623/2026,DOCUMENTO,GABSUB3-DVT,RESPOSTA,2026-10-06,2026-10-07,1,PRORROGADO,2026-10-07T03:34:52-03:00,0
PRZ000218,EXP000202,PGR-00077466/2026,DOCUMENTO,GABSUB3-DVT,RESPOSTA,2026-09-26,2026-10-18,22,ABERTO,,0
PRZ000219,EXP000203,PGR-00078511/2026,DOCUMENTO,GABSUB3-DVT,RESPOSTA,2026-10-06,2026-11-29,54,ABERTO,,0
PRZ000220,EXP000204,PGR-00035895/2026,DOCUMENTO,GABSUB3-DVT,RESPOSTA,2026-09-06,2026-11-22,77,ABERTO,,0
PRZ000221,EXP000205,PGR-00072955/2026,DOCUMENTO,GABSUB3-DVT,RESPOSTA,2026-08-12,2026-12-20,130,ABERTO,,0
PRZ000222,EXP000206,PGR-00080157/2026,DOCUMENTO,GABSUB3-DVT,RESPOSTA,2026-09-12,2026-10-09,27,ABERTO,,0
PRZ000223,EXP000207,PGR-00072211/2026,DOCUMENTO,GABSUB3-DVT,RESPOSTA,2026-10-02,2026-10-07,5,ABERTO,,0
PRZ000224,EXP000208,PGR-00010859/2026,DOCUMENTO,GABSUB3-DVT,RESPOSTA,2026-08-11,2026-12-14,125,ABERTO,,0
PRZ000225,EXP000209,PGR-00066797/2026,DOCUMENTO,GABSUB3-DVT,RESPOSTA,2026-09-27,2026-10-14,17,ABERTO,,0
PRZ000226,EXP000209,PGR-00066797/2026,DOCUMENTO,GABSUB3-DVT,RESPOSTA,2026-09-27,2026-09-28,1,PRORROGADO,2026-09-28T18:44:03-03:00,0
PRZ000227,EXP000210,PGR-00056109/2026,DOCUMENTO,GABSUB3-DVT,RESPOSTA,2026-09-09,2026-10-26,47,ABERTO,,0
PRZ000228,EXP000211,PGR-00043951/2026,DOCUMENTO,GABSUB3-DVT,RESPOSTA,2026-09-30,2026-12-05,66,ABERTO,,0
PRZ000229,EXP000212,PGR-00047044/2026,DOCUMENTO,GABSUB3-DVT,RESPOSTA,2026-08-30,2026-10-07,38,ABERTO,,0
PRZ000230,EXP000213,PGR-00035765/2026,DOCUMENTO,GABSUB3-DVT,RESPOSTA,2026-09-17,2026-12-18,92,ABERTO,,0
PRZ000231,EXP000214,PGR-00068244/2026,DOCUMENTO,GABSUB3-DVT,RESPOSTA,2026-06-16,2026-10-10,116,ABERTO,,0
PRZ000232,EXP000215,PGR-00057605/2026,DOCUMENTO,GABSUB3-DVT,RESPOSTA,2026-10-02,2026-10-03,1,ABERTO,,4
PRZ000233,EXP000216,PGR-00058369/2026,DOCUMENTO,GABSUB3-DVT,RESPOSTA,2026-08-31,2026-11-02,63,ABERTO,,0
PRZ000234,EXP000217,PGR-00011283/2026,DOCUMENTO,GABSUB3-DVT,RESPOSTA,2026-09-21,2026-10-20,29,ABERTO,,0
PRZ000235,EXP000218,PGR-00070418/2026,DOCUMENTO,GABSUB3-DVT,RESPOSTA,2026-08-28,2026-10-08,41,ABERTO,,0
PRZ000236,EXP000219,PGR-00000031/2026,DOCUMENTO,GABSUB3-DVT,RESPOSTA,2026-09-16,2026-09-17,1,ABERTO,,20
PRZ000237,EXP000220,PGR-00051078/2026,DOCUMENTO,GABSUB3-DVT,RESPOSTA,2026-09-01,2026-10-15,44,ABERTO,,0
PRZ000238,EXP000221,PGR-00021933/2026,DOCUMENTO,GABSUB3-DVT,RESPOSTA,2026-08-03,2026-10-13,71,ABERTO,,0
PRZ000239,EXP000222,PGR-00089216/2026,DOCUMENTO,GABSUB3-DVT,RESPOSTA,2026-10-06,2026-10-12,6,ABERTO,,0
PRZ000240,EXP000223,PGR-00094123/2026,DOCUMENTO,GABSUB3-DVT,RESPOSTA,2026-09-22,2026-11-13,52,ABERTO,,0
PRZ000241,EXP000224,PGR-00078905/2026,DOCUMENTO,GABSUB3-DVT,RESPOSTA,2026-08-10,2026-09-04,25,ABERTO,,33
PRZ000242,EXP000225,PGR-00019296/2026,DOCUMENTO,GABSUB3-DVT,RESPOSTA,2026-10-01,2026-10-25,24,ABERTO,,0
PRZ000243,EXP000226,PGR-00069188/2026,DOCUMENTO,GABSUB3-DVT,RESPOSTA,2026-07-01,2026-11-08,130,ABERTO,,0
PRZ000244,EXP000227,PGR-00004743/2026,DOCUMENTO,GABSUB3-DVT,RESPOSTA,2026-10-04,2026-10-10,6,ABERTO,,0
PRZ000245,EXP000228,PGR-00061931/2026,DOCUMENTO,GABSUB3-DVT,RESPOSTA,2026-08-24,2026-11-09,77,ABERTO,,0
PRZ000246,EXP000229,PGR-00076940/2026,DOCUMENTO,GABSUB3-DVT,RESPOSTA,2026-09-02,2026-10-13,41,ABERTO,,0
PRZ000247,EXP000230,PGR-00034543/2026,DOCUMENTO,GABSUB3-DVT,RESPOSTA,2026-07-31,2026-10-10,71,ABERTO,,0
PRZ000248,EXP000231,PGR-00002701/2026,DOCUMENTO,GABSUB3-DVT,RESPOSTA,2026-09-10,2026-10-14,34,ABERTO,,0
PRZ000249,EXP000232,PGR-00012687/2026,DOCUMENTO,GABSUB3-DVT,RESPOSTA,2026-08-27,2026-11-26,91,ABERTO,,0
PRZ000250,EXP000233,PGR-00033198/2026,DOCUMENTO,GABSUB3-DVT,RESPOSTA,2026-08-17,2026-10-09,53,ABERTO,,0
PRZ000251,EXP000234,PGR-00066200/2026,DOCUMENTO,GABSUB3-DVT,RESPOSTA,2026-09-04,2026-10-24,50,ABERTO,,0
PRZ000252,EXP000234,PGR-00066200/2026,DOCUMENTO,GABSUB3-DVT,RESPOSTA,2026-09-04,2026-10-13,39,PRORROGADO,2026-09-07T23:45:03-03:00,0
PRZ000253,EXP000235,PGR-00050459/2026,DOCUMENTO,GABSUB3-DVT,RESPOSTA,2026-07-29,2026-12-24,148,ABERTO,,0
PRZ000254,EXP000236,PGR-00072602/2026,DOCUMENTO,GABSUB3-DVT,RESPOSTA,2026-08-05,2026-10-08,64,ABERTO,,0
PRZ000255,EXP000237,PGR-00090701/2026,DOCUMENTO,GABSUB3-DVT,RESPOSTA,2026-09-19,2026-10-13,24,ABERTO,,0
PRZ000256,EXP000238,PGR-00018518/2026,DOCUMENTO,GABSUB3-DVT,RESPOSTA,2026-09-04,2026-09-26,22,ABERTO,,11
PRZ000257,EXP000239,PGR-00004692/2026,DOCUMENTO,GABSUB3-DVT,RESPOSTA,2026-09-21,2026-10-12,21,ABERTO,,0
PRZ000258,EXP000239,PGR-00004692/2026,DOCUMENTO,GABSUB3-DVT,RESPOSTA,2026-09-21,2026-09-25,4,PRORROGADO,2026-09-23T18:03:33-03:00,0
PRZ000259,EXP000240,PGR-00080168/2026,DOCUMENTO,GABSUB3-DVT,RESPOSTA,2026-07-14,2026-09-11,59,ABERTO,,26
PRZ000260,EXP000241,PGR-00076927/2026,DOCUMENTO,GABSUB3-DVT,RESPOSTA,2026-09-06,2026-12-27,112,ABERTO,,0
PRZ000261,EXP000241,PGR-00076927/2026,DOCUMENTO,GABSUB3-DVT,RESPOSTA,2026-09-06,2026-12-13,98,PRORROGADO,2026-10-02T10:58:05-03:00,0
PRZ000262,EXP000242,PGR-00041522/2026,DOCUMENTO,GABSUB3-DVT,RESPOSTA,2026-09-11,2026-10-07,26,ABERTO,,0
PRZ000263,EXP000243,PGR-00006834/2026,DOCUMENTO,GABSUB3-DVT,RESPOSTA,2026-09-18,2026-11-27,70,ABERTO,,0
PRZ000264,EXP000244,PGR-00077862/2026,DOCUMENTO,GABSUB3-DVT,RESPOSTA,2026-10-07,2026-10-08,1,ABERTO,,0
PRZ000265,EXP000245,PGR-00013918/2026,DOCUMENTO,GABSUB3-DVT,RESPOSTA,2026-09-11,2026-10-12,31,ABERTO,,0
PRZ000266,EXP000246,PGR-00070325/2026,DOCUMENTO,GABSUB3-DVT,RESPOSTA,2026-09-16,2026-10-14,28,ABERTO,,0
PRZ000267,EXP000247,PGR-00025511/2026,DOCUMENTO,GABSUB3-DVT,RESPOSTA,2026-10-04,2026-12-05,62,ABERTO,,0
PRZ000268,EXP000248,PGR-00021680/2026,DOCUMENTO,GABSUB3-DVT,RESPOSTA,2026-10-04,2026-12-02,59,ABERTO,,0
PRZ000269,EXP000249,PGR-00032534/2026,DOCUMENTO,GABSUB3-DVT,RESPOSTA,2026-09-14,2026-10-14,30,ABERTO,,0
PRZ000270,EXP000250,PGR-00058271/2026,DOCUMENTO,GABSUB3-DVT,RESPOSTA,2026-09-09,2026-10-10,31,ABERTO,,0
PRZ000271,EXP000250,PGR-00058271/2026,DOCUMENTO,GABSUB3-DVT,RESPOSTA,2026-09-09,2026-09-25,16,PRORROGADO,2026-09-27T19:53:30-03:00,0
PRZ000272,EXP000251,PGR-00009041/2026,DOCUMENTO,GABSUB3-DVT,RESPOSTA,2026-04-21,2026-10-13,175,ABERTO,,0
PRZ000273,EXP000252,PGR-00097694/2026,DOCUMENTO,GABSUB3-DVT,RESPOSTA,2026-05-12,2026-11-27,199,ABERTO,,0
PRZ000274,EXP000253,PGR-00075773/2026,DOCUMENTO,GABSUB3-DVT,RESPOSTA,2026-06-19,2026-10-11,114,ABERTO,,0
PRZ000275,EXP000254,PGR-00075658/2026,DOCUMENTO,GABSUB3-DVT,RESPOSTA,2026-09-03,2026-12-09,97,ABERTO,,0
PRZ000276,EXP000255,PGR-00030065/2026,DOCUMENTO,GABSUB3-DVT,RESPOSTA,2026-09-27,2026-12-08,72,ABERTO,,0
PRZ000277,EXP000256,PGR-00057464/2026,DOCUMENTO,GABSUB3-DVT,RESPOSTA,2026-09-24,2026-10-07,13,ABERTO,,0
PRZ000278,EXP000257,PGR-00034651/2026,DOCUMENTO,GABSUB3-DVT,RESPOSTA,2026-08-06,2026-10-10,65,ABERTO,,0
PRZ000279,EXP000258,PGR-00032993/2026,DOCUMENTO,GABSUB3-DVT,RESPOSTA,2026-07-18,2026-11-14,119,ABERTO,,0
PRZ000280,EXP000259,PGR-00091035/2026,DOCUMENTO,GABSUB3-DVT,RESPOSTA,2026-08-23,2026-10-15,53,ABERTO,,0
PRZ000281,EXP000260,PGR-00050435/2026,DOCUMENTO,GABSUB3-DVT,RESPOSTA,2026-09-06,2026-09-07,1,ABERTO,,30
PRZ000282,EXP000261,PGR-00072612/2026,DOCUMENTO,GABSUB3-DVT,RESPOSTA,2026-09-30,2026-10-09,9,ABERTO,,0
PRZ000283,EXP000262,PGR-00006752/2026,DOCUMENTO,GABSUB3-DVT,RESPOSTA,2026-09-22,2026-10-14,22,ABERTO,,0
PRZ000284,EXP000263,PGR-00067121/2026,DOCUMENTO,GABSUB3-DVT,RESPOSTA,2026-10-01,2026-10-14,13,ABERTO,,0
PRZ000285,EXP000264,PGR-00070313/2026,DOCUMENTO,GABSUB3-DVT,RESPOSTA,2026-09-18,2026-09-19,1,ABERTO,,18
PRZ000286,EXP000265,PGR-00005881/2026,DOCUMENTO,GABSUB3-DVT,RESPOSTA,2026-08-02,2026-12-28,148,ABERTO,,0
PRZ000287,EXP000266,PGR-00012659/2026,DOCUMENTO,GABSUB3-DVT,RESPOSTA,2026-09-06,2026-11-26,81,ABERTO,,0
PRZ000288,EXP000267,PGR-00074083/2026,DOCUMENTO,GABSUB3-DVT,RESPOSTA,2026-09-09,2026-10-14,35,ABERTO,,0
PRZ000289,EXP000268,PGR-00078420/2026,DOCUMENTO,GABSUB3-DVT,RESPOSTA,2026-09-30,2026-10-10,10,ABERTO,,0
PRZ000290,EXP000269,PGR-00094008/2026,DOCUMENTO,GABSUB3-DVT,RESPOSTA,2026-09-18,2026-10-20,32,ABERTO,,0
PRZ000291,EXP000270,PGR-00054378/2026,DOCUMENTO,GABSUB3-DVT,RESPOSTA,2026-08-31,2026-12-11,102,ABERTO,,0
PRZ000292,EXP000270,PGR-00054378/2026,DOCUMENTO,GABSUB3-DVT,RESPOSTA,2026-08-31,2026-12-03,94,PRORROGADO,2026-08-31T18:40:58-03:00,0
PRZ000293,EXP000271,PGR-00070036/2026,DOCUMENTO,GABSUB3-DVT,RESPOSTA,2026-09-01,2026-11-22,82,ABERTO,,0
PRZ000294,EXP000272,PGR-00096697/2026,DOCUMENTO,GABSUB3-DVT,RESPOSTA,2026-10-01,2026-12-14,74,ABERTO,,0
PRZ000295,EXP000273,PGR-00019169/2026,DOCUMENTO,GABSUB3-DVT,RESPOSTA,2026-08-25,2027-01-05,133,ABERTO,,0
PRZ000296,EXP000274,PGR-00036785/2026,DOCUMENTO,GABSUB3-DVT,RESPOSTA,2026-08-31,2026-11-04,65,ABERTO,,0
PRZ000297,EXP000275,PGR-00065240/2026,DOCUMENTO,GABSUB3-DVT,RESPOSTA,2026-09-29,2026-11-27,59,ABERTO,,0
PRZ000298,EXP000276,PGR-00027266/2026,DOCUMENTO,GABSUB3-DVT,RESPOSTA,2026-08-11,2026-10-07,57,ABERTO,,0
PRZ000299,EXP000277,PGR-00040065/2026,DOCUMENTO,GABSUB3-DVT,RESPOSTA,2026-09-22,2026-11-01,40,ABERTO,,0
PRZ000300,EXP000278,PGR-00084646/2026,DOCUMENTO,GABSUB3-DVT,RESPOSTA,2026-09-17,2027-01-05,110,ABERTO,,0
PRZ000301,EXP000279,PGR-00094240/2026,DOCUMENTO,GABSUB3-DVT,RESPOSTA,2026-07-16,2027-01-02,170,ABERTO,,0
PRZ000302,EXP000280,PGR-00064387/2026,DOCUMENTO,GABSUB3-DVT,RESPOSTA,2026-09-11,2026-10-07,26,ABERTO,,0
PRZ000303,EXP000281,PGR-00038650/2026,DOCUMENTO,GABSUB3-DVT,RESPOSTA,2026-09-23,2026-10-09,16,ABERTO,,0
PRZ000304,EXP000282,PGR-00053285/2026,DOCUMENTO,GABSUB3-DVT,RESPOSTA,2026-08-16,2026-12-16,122,ABERTO,,0
PRZ000305,EXP000283,PGR-00096178/2026,DOCUMENTO,GABSUB3-DVT,RESPOSTA,2026-10-04,2026-10-10,6,ABERTO,,0
PRZ000306,EXP000284,PGR-00020478/2026,DOCUMENTO,GABSUB3-DVT,RESPOSTA,2026-09-16,2026-10-11,25,ABERTO,,0
PRZ000307,EXP000285,PGR-00095800/2026,DOCUMENTO,GABSUB3-DVT,RESPOSTA,2026-10-01,2026-11-07,37,ABERTO,,0
PRZ000308,EXP000286,PGR-00014181/2026,DOCUMENTO,GABSUB3-DVT,RESPOSTA,2026-09-06,2026-09-07,1,ABERTO,,30
PRZ000309,EXP000287,PGR-00005052/2026,DOCUMENTO,GABSUB3-DVT,RESPOSTA,2026-09-19,2026-10-29,40,ABERTO,,0
PRZ000310,EXP000287,PGR-00005052/2026,DOCUMENTO,GABSUB3-DVT,RESPOSTA,2026-09-19,2026-10-21,32,PRORROGADO,2026-09-25T19:16:05-03:00,0
PRZ000311,EXP000288,PGR-00004199/2026,DOCUMENTO,GABSUB3-DVT,RESPOSTA,2026-05-13,2026-11-05,176,ABERTO,,0
PRZ000312,EXP000289,PGR-00037117/2026,DOCUMENTO,GABSUB3-DVT,RESPOSTA,2026-02-13,2026-10-10,239,ABERTO,,0
PRZ000313,EXP000289,PGR-00037117/2026,DOCUMENTO,GABSUB3-DVT,RESPOSTA,2026-02-13,2026-10-05,234,PRORROGADO,2026-04-21T19:34:09-03:00,0
PRZ000314,EXP000290,PGR-00017643/2026,DOCUMENTO,GABSUB3-DVT,RESPOSTA,2026-08-14,2026-12-03,111,ABERTO,,0
PRZ000315,EXP000291,PGR-00082550/2026,DOCUMENTO,GABSUB3-DVT,RESPOSTA,2026-07-10,2026-12-31,174,ABERTO,,0
PRZ000316,EXP000292,PGR-00043649/2026,DOCUMENTO,GABSUB3-DVT,RESPOSTA,2026-08-22,2026-12-25,125,ABERTO,,0
PRZ000317,EXP000293,PGR-00016246/2026,DOCUMENTO,GABSUB3-DVT,RESPOSTA,2026-09-29,2026-09-30,1,ABERTO,,7
PRZ000318,EXP000294,PGR-00092975/2026,DOCUMENTO,GABSUB3-DVT,RESPOSTA,2026-10-04,2026-10-11,7,ABERTO,,0
PRZ000319,EXP000295,PGR-00099941/2026,DOCUMENTO,GABSUB3-DVT,RESPOSTA,2026-09-04,2026-10-11,37,ABERTO,,0
PRZ000320,EXP000296,PGR-00074942/2026,DOCUMENTO,GABSUB3-DVT,RESPOSTA,2026-09-06,2026-11-07,62,ABERTO,,0
PRZ000321,EXP000297,PGR-00095675/2026,DOCUMENTO,GABSUB3-DVT,RESPOSTA,2026-09-26,2026-09-27,1,ABERTO,,10
PRZ000322,EXP000298,PGR-00015507/2026,DOCUMENTO,GABSUB3-DVT,RESPOSTA,2026-09-19,2026-11-14,56,ABERTO,,0
PRZ000323,EXP000298,PGR-00015507/2026,DOCUMENTO,GABSUB3-DVT,RESPOSTA,2026-09-19,2026-11-09,51,PRORROGADO,2026-10-03T07:43:10-03:00,0
PRZ000324,EXP000299,PGR-00091606/2026,DOCUMENTO,GABSUB3-DVT,RESPOSTA,2026-09-30,2026-10-10,10,ABERTO,,0
PRZ000325,EXP000300,PGR-00081908/2026,DOCUMENTO,GABSUB3-DVT,RESPOSTA,2026-09-25,2026-11-08,44,ABERTO,,0
PRZ000326,EXP000301,PGR-00079021/2026,DOCUMENTO,GABSUB3-DVT,RESPOSTA,2026-08-02,2027-01-05,156,ABERTO,,0
PRZ000327,EXP000302,PGR-00083081/2026,DOCUMENTO,GABSUB3-DVT,RESPOSTA,2026-09-03,2026-12-27,115,ABERTO,,0
PRZ000328,EXP000303,PGR-00086847/2026,DOCUMENTO,GABSUB3-DVT,RESPOSTA,2026-09-16,2026-10-08,22,ABERTO,,0
PRZ000329,EXP000304,PGR-00078035/2026,DOCUMENTO,GABSUB3-DVT,RESPOSTA,2026-08-31,2026-12-05,96,ABERTO,,0
PRZ000330,EXP000305,PGR-00051910/2026,DOCUMENTO,GABSUB3-DVT,RESPOSTA,2026-08-23,2026-12-01,100,ABERTO,,0
PRZ000331,EXP000306,PGR-00029177/2026,DOCUMENTO,GABSUB3-DVT,RESPOSTA,2026-10-06,2026-10-07,1,ABERTO,,0
PRZ000332,EXP000307,PGR-00058655/2026,DOCUMENTO,GABSUB3-DVT,RESPOSTA,2026-09-16,2026-10-23,37,ABERTO,,0
PRZ000333,EXP000308,PGR-00074521/2026,DOCUMENTO,GABSUB3-DVT,RESPOSTA,2026-09-13,2026-12-12,90,ABERTO,,0
PRZ000334,EXP000309,PGR-00084946/2026,DOCUMENTO,GABSUB3-DVT,RESPOSTA,2026-07-19,2026-10-08,81,ABERTO,,0
PRZ000335,EXP000310,PGR-00022589/2026,DOCUMENTO,GABSUB3-DVT,RESPOSTA,2026-08-19,2026-12-13,116,ABERTO,,0
PRZ000336,EXP000311,PGR-00043385/2026,DOCUMENTO,GABSUB3-DVT,RESPOSTA,2026-09-15,2026-10-11,26,ABERTO,,0
PRZ000337,EXP000312,PGR-00047317/2026,DOCUMENTO,GABSUB3-DVT,RESPOSTA,2026-09-20,2026-09-21,1,ABERTO,,16
PRZ000338,EXP000313,PGR-00056303/2026,DOCUMENTO,GABSUB3-DVT,RESPOSTA,2026-07-05,2026-10-14,101,ABERTO,,0
PRZ000339,EXP000314,PGR-00035392/2026,DOCUMENTO,GABSUB3-DVT,RESPOSTA,2026-09-06,2026-09-07,1,ABERTO,,30
PRZ000340,EXP000315,PGR-00032985/2026,DOCUMENTO,GABSUB3-DVT,RESPOSTA,2026-09-04,2026-10-12,38,ABERTO,,0
PRZ000341,EXP000316,PGR-00020402/2026,DOCUMENTO,GABSUB3-DVT,RESPOSTA,2026-09-22,2026-10-14,22,ABERTO,,0
PRZ000342,EXP000316,PGR-00020402/2026,DOCUMENTO,GABSUB3-DVT,RESPOSTA,2026-09-22,2026-09-25,3,PRORROGADO,2026-09-30T12:50:16-03:00,0
PRZ000343,EXP000317,PGR-00018177/2026,DOCUMENTO,GABSUB3-DVT,RESPOSTA,2026-10-01,2026-10-07,6,ABERTO,,0
PRZ000344,EXP000317,PGR-00018177/2026,DOCUMENTO,GABSUB3-DVT,RESPOSTA,2026-10-01,2026-10-02,1,PRORROGADO,2026-10-06T16:05:28-03:00,0
PRZ000345,EXP000318,PGR-00048962/2026,DOCUMENTO,GABSUB3-DVT,RESPOSTA,2026-09-20,2026-12-01,72,ABERTO,,0
PRZ000346,EXP000318,PGR-00048962/2026,DOCUMENTO,GABSUB3-DVT,RESPOSTA,2026-09-20,2026-11-25,66,PRORROGADO,2026-09-23T21:02:05-03:00,0
PRZ000347,EXP000319,PGR-00044262/2026,DOCUMENTO,GABSUB3-DVT,RESPOSTA,2026-08-17,2026-11-15,90,ABERTO,,0
PRZ000348,EXP000320,PGR-00084707/2026,DOCUMENTO,GABSUB3-DVT,RESPOSTA,2026-09-04,2026-10-25,51,ABERTO,,0
PRZ000349,EXP000321,PGR-00031857/2026,DOCUMENTO,GABSUB3-DVT,RESPOSTA,2026-10-04,2026-10-27,23,ABERTO,,0
PRZ000350,EXP000322,PGR-00042808/2026,DOCUMENTO,GABSUB3-DVT,RESPOSTA,2026-09-14,2026-11-17,64,ABERTO,,0
PRZ000351,EXP000322,PGR-00042808/2026,DOCUMENTO,GABSUB3-DVT,RESPOSTA,2026-09-14,2026-11-05,52,PRORROGADO,2026-09-25T19:11:53-03:00,0
PRZ000352,EXP000323,PGR-00090830/2026,DOCUMENTO,GABSUB3-DVT,RESPOSTA,2026-09-27,2026-11-18,52,ABERTO,,0
PRZ000353,EXP000324,PGR-00015458/2026,DOCUMENTO,GABSUB3-DVT,RESPOSTA,2026-10-07,2026-12-01,55,ABERTO,,0
PRZ000354,EXP000325,PGR-00094811/2026,DOCUMENTO,GABSUB3-DVT,RESPOSTA,2026-08-30,2026-11-21,83,ABERTO,,0
PRZ000355,EXP000325,PGR-00094811/2026,DOCUMENTO,GABSUB3-DVT,RESPOSTA,2026-08-30,2026-11-01,63,PRORROGADO,2026-09-03T10:23:16-03:00,0
PRZ000356,EXP000326,PGR-00035632/2026,DOCUMENTO,GABSUB3-DVT,RESPOSTA,2026-06-22,2026-09-12,82,ABERTO,,25
PRZ000357,EXP000327,PGR-00042738/2026,DOCUMENTO,GABSUB3-DVT,RESPOSTA,2026-07-06,2026-10-09,95,ABERTO,,0
PRZ000358,EXP000328,PGR-00049200/2026,DOCUMENTO,GABSUB3-DVT,RESPOSTA,2026-09-24,2026-10-28,34,ABERTO,,0
PRZ000359,EXP000329,PGR-00046930/2026,DOCUMENTO,GABSUB3-DVT,RESPOSTA,2026-09-24,2026-10-22,28,ABERTO,,0
PRZ000360,EXP000330,PGR-00071832/2026,DOCUMENTO,GABSUB3-DVT,RESPOSTA,2026-05-14,2026-09-10,119,ABERTO,,27
PRZ000361,EXP000331,PGR-00014931/2026,DOCUMENTO,GABSUB3-DVT,RESPOSTA,2026-09-01,2026-10-11,40,ABERTO,,0
PRZ000362,EXP000332,PGR-00098294/2026,DOCUMENTO,GABSUB3-DVT,RESPOSTA,2026-08-31,2026-11-06,67,ABERTO,,0
PRZ000363,EXP000333,PGR-00011162/2026,DOCUMENTO,GABSUB3-DVT,RESPOSTA,2026-10-03,2026-11-07,35,ABERTO,,0
PRZ000364,EXP000334,PGR-00093681/2026,DOCUMENTO,GABSUB3-DVT,RESPOSTA,2026-09-20,2026-11-07,48,ABERTO,,0
PRZ000365,EXP000335,PGR-00060808/2026,DOCUMENTO,GABSUB3-DVT,RESPOSTA,2026-09-22,2026-11-01,40,ABERTO,,0
PRZ000366,EXP000336,PGR-00084020/2026,DOCUMENTO,GABSUB3-DVT,RESPOSTA,2026-09-26,2026-11-18,53,ABERTO,,0
PRZ000367,EXP000337,PGR-00047758/2026,DOCUMENTO,GABSUB3-DVT,RESPOSTA,2026-09-19,2026-10-11,22,ABERTO,,0
PRZ000368,EXP000338,PGR-00088806/2026,DOCUMENTO,GABSUB3-DVT,RESPOSTA,2026-10-04,2026-11-15,42,ABERTO,,0
PRZ000369,EXP000339,PGR-00033342/2026,DOCUMENTO,GABSUB3-DVT,RESPOSTA,2026-09-24,2026-10-07,13,ABERTO,,0
PRZ000370,EXP000340,PGR-00024360/2026,DOCUMENTO,GABSUB3-DVT,RESPOSTA,2026-09-29,2026-11-05,37,ABERTO,,0
PRZ000371,EXP000341,PGR-00054844/2026,DOCUMENTO,GABSUB3-DVT,RESPOSTA,2026-09-23,2026-10-02,9,ABERTO,,5
PRZ000372,EXP000342,PGR-00080803/2026,DOCUMENTO,GABSUB3-DVT,RESPOSTA,2026-09-22,2026-10-12,20,ABERTO,,0
PRZ000373,EXP000343,PGR-00006749/2026,DOCUMENTO,GABSUB3-DVT,RESPOSTA,2026-10-04,2026-10-05,1,ABERTO,,2
PRZ000374,EXP000344,PGR-00060253/2026,DOCUMENTO,GABSUB3-DVT,RESPOSTA,2026-09-24,2026-10-07,13,ABERTO,,0
PRZ000375,EXP000345,PGR-00000024/2026,DOCUMENTO,GABSUB3-DVT,RESPOSTA,2026-09-12,2026-12-18,97,ABERTO,,0
PRZ000376,EXP000346,PGR-00056295/2026,DOCUMENTO,GABSUB3-DVT,RESPOSTA,2026-09-04,2026-12-19,106,ABERTO,,0
PRZ000377,EXP000346,PGR-00056295/2026,DOCUMENTO,GABSUB3-DVT,RESPOSTA,2026-09-04,2026-12-04,91,PRORROGADO,2026-09-14T12:25:29-03:00,0
PRZ000378,EXP000347,PGR-00014284/2026,DOCUMENTO,GABSUB3-DVT,RESPOSTA,2026-09-28,2026-12-29,92,ABERTO,,0
PRZ000379,EXP000348,PGR-00035166/2026,DOCUMENTO,GABSUB3-DVT,RESPOSTA,2026-10-02,2026-10-23,21,ABERTO,,0
PRZ000380,EXP000349,PGR-00071102/2026,DOCUMENTO,GABSUB3-DVT,RESPOSTA,2026-09-21,2026-12-19,89,ABERTO,,0
PRZ000381,EXP000349,PGR-00071102/2026,DOCUMENTO,GABSUB3-DVT,RESPOSTA,2026-09-21,2026-12-07,77,PRORROGADO,2026-09-28T04:37:49-03:00,0
PRZ000382,EXP000350,PGR-00044416/2026,DOCUMENTO,GABSUB3-DVT,RESPOSTA,2026-06-30,2027-01-03,187,ABERTO,,0
PRZ000383,EXP000351,PGR-00065593/2026,DOCUMENTO,GABSUB3-DVT,RESPOSTA,2026-09-04,2026-12-02,89,ABERTO,,0
PRZ000384,EXP000352,PGR-00045472/2026,DOCUMENTO,GABSUB3-DVT,RESPOSTA,2026-09-07,2026-09-08,1,ABERTO,,29
PRZ000385,EXP000353,PGR-00039411/2026,DOCUMENTO,GABSUB3-DVT,RESPOSTA,2026-07-04,2026-10-11,99,ABERTO,,0
PRZ000386,EXP000354,PGR-00005077/2026,DOCUMENTO,GABSUB3-DVT,RESPOSTA,2026-10-07,2026-10-13,6,ABERTO,,0
PRZ000387,EXP000355,PGR-00012020/2026,DOCUMENTO,GABSUB3-DVT,RESPOSTA,2026-09-28,2026-10-10,12,ABERTO,,0
PRZ000388,EXP000356,PGR-00014840/2026,DOCUMENTO,GABSUB3-DVT,RESPOSTA,2026-08-30,2026-12-15,107,ABERTO,,0
PRZ000389,EXP000357,STJ-RHC-3304096,JUDICIAL,GABSUB3-DVT,PROCESSUAL,2026-09-28,2026-11-13,46,ABERTO,,0
PRZ000390,EXP000358,STJ-RHC-1986472,JUDICIAL,GABSUB3-DVT,PROCESSUAL,2026-09-29,2026-11-01,33,ABERTO,,0
PRZ000391,EXP000359,STJ-HC-1604568,JUDICIAL,GABSUB3-DVT,PROCESSUAL,2026-09-27,2026-10-30,33,ABERTO,,0
PRZ000392,EXP000360,STJ-EDCL-1444638,JUDICIAL,GABSUB3-DVT,PROCESSUAL,2026-10-02,2026-10-07,5,ABERTO,,0
PRZ000393,EXP000361,STJ-HC-3212286,JUDICIAL,GABSUB3-DVT,PROCESSUAL,2026-10-06,2026-10-11,5,ABERTO,,0
PRZ000394,EXP000362,STJ-HC-1045582,JUDICIAL,GABSUB3-DVT,PROCESSUAL,2026-09-29,2026-11-17,49,ABERTO,,0
PRZ000395,EXP000363,STJ-AGINT-2583603,JUDICIAL,GABSUB3-DVT,PROCESSUAL,2026-10-05,2026-10-08,3,ABERTO,,0
PRZ000396,EXP000364,STJ-CC-3737623,JUDICIAL,GABSUB3-DVT,PROCESSUAL,2026-09-29,2026-10-14,15,ABERTO,,0
PRZ000397,EXP000365,STJ-EDCL-2183662,JUDICIAL,GABSUB3-DVT,PROCESSUAL,2026-09-28,2026-11-23,56,ABERTO,,0
PRZ000398,EXP000366,STJ-RESP-1191599,JUDICIAL,GABSUB3-DVT,PROCESSUAL,2026-10-06,2026-11-20,45,ABERTO,,0
PRZ000399,EXP000367,STJ-HC-1408441,JUDICIAL,GABSUB3-DVT,PROCESSUAL,2026-10-03,2026-11-03,31,ABERTO,,0
PRZ000400,EXP000368,STJ-AGINT-3862084,JUDICIAL,GABSUB3-DVT,PROCESSUAL,2026-10-07,2026-10-08,1,ABERTO,,0
PRZ000401,EXP000369,STJ-APN-3194826,JUDICIAL,GABSUB3-DVT,PROCESSUAL,2026-10-01,2026-10-14,13,ABERTO,,0
PRZ000402,EXP000370,STJ-ARESP-3633141,JUDICIAL,GABSUB3-DVT,PROCESSUAL,2026-09-30,2026-12-24,85,ABERTO,,0
PRZ000403,EXP000371,STJ-EDCL-1677265,JUDICIAL,GABSUB3-DVT,PROCESSUAL,2026-10-02,2026-10-03,1,ABERTO,,4
PRZ000404,EXP000372,STJ-CC-1519953,JUDICIAL,GABSUB3-DVT,PROCESSUAL,2026-09-29,2026-10-12,13,ABERTO,,0
PRZ000405,EXP000373,STJ-MS-2102379,JUDICIAL,GABSUB3-DVT,PROCESSUAL,2026-10-06,2026-10-16,10,ABERTO,,0
PRZ000406,EXP000374,STJ-ARESP-2964985,JUDICIAL,GABSUB3-DVT,PROCESSUAL,2026-08-02,2026-12-04,124,ABERTO,,0
PRZ000407,EXP000375,STJ-MS-2804011,JUDICIAL,GABSUB3-DVT,PROCESSUAL,2026-09-01,2026-10-05,34,ABERTO,,2
PRZ000408,EXP000376,STJ-AGINT-2464971,JUDICIAL,GABSUB3-DVT,PROCESSUAL,2026-08-07,2026-12-09,124,ABERTO,,0
PRZ000409,EXP000377,STJ-ARESP-1787091,JUDICIAL,GABSUB3-DVT,PROCESSUAL,2026-08-23,2026-10-08,46,ABERTO,,0
PRZ000410,EXP000378,STJ-HC-2564985,JUDICIAL,GABSUB3-DVT,PROCESSUAL,2026-09-18,2026-10-13,25,ABERTO,,0
PRZ000411,EXP000379,STJ-MS-3616515,JUDICIAL,GABSUB3-DVT,PROCESSUAL,2026-08-13,2026-09-10,28,ABERTO,,27
PRZ000412,EXP000380,STJ-AGINT-3824029,JUDICIAL,GABSUB3-DVT,PROCESSUAL,2026-07-02,2026-09-15,75,ABERTO,,22
PRZ000413,EXP000381,STJ-MS-2334313,JUDICIAL,GABSUB3-DVT,PROCESSUAL,2026-08-11,2026-12-18,129,ABERTO,,0
PRZ000414,EXP000381,STJ-MS-2334313,JUDICIAL,GABSUB3-DVT,PROCESSUAL,2026-08-11,2026-12-13,124,PRORROGADO,2026-08-26T19:10:15-03:00,0
PRZ000415,EXP000382,STJ-EDCL-3736879,JUDICIAL,GABSUB3-DVT,PROCESSUAL,2026-09-20,2026-10-09,19,ABERTO,,0
PRZ000416,EXP000383,STJ-HC-1749426,JUDICIAL,GABSUB3-DVT,PROCESSUAL,2026-09-22,2026-12-30,99,ABERTO,,0
PRZ000417,EXP000384,STJ-APN-2958924,JUDICIAL,GABSUB3-DVT,PROCESSUAL,2026-09-26,2026-10-08,12,ABERTO,,0
PRZ000418,EXP000385,STJ-EDCL-3547183,JUDICIAL,GABSUB3-DVT,PROCESSUAL,2026-09-19,2026-10-11,22,ABERTO,,0
PRZ000419,EXP000386,STJ-EDCL-2379379,JUDICIAL,GABSUB3-DVT,PROCESSUAL,2026-09-22,2026-12-03,72,ABERTO,,0
PRZ000420,EXP000387,STJ-MS-2899119,JUDICIAL,GABSUB3-DVT,PROCESSUAL,2026-10-05,2026-11-20,46,ABERTO,,0
PRZ000421,EXP000387,STJ-MS-2899119,JUDICIAL,GABSUB3-DVT,PROCESSUAL,2026-10-05,2026-11-15,41,PRORROGADO,2026-10-05T18:46:02-03:00,0
PRZ000422,EXP000388,STJ-RESP-3921153,JUDICIAL,GABSUB3-DVT,PROCESSUAL,2026-09-23,2026-10-11,18,ABERTO,,0
PRZ000423,EXP000389,STJ-RESP-1464744,JUDICIAL,GABSUB3-DVT,PROCESSUAL,2026-07-19,2026-12-02,136,ABERTO,,0
PRZ000424,EXP000390,STJ-CC-2106508,JUDICIAL,GABSUB3-DVT,PROCESSUAL,2026-09-07,2027-01-05,120,ABERTO,,0
PRZ000425,EXP000391,STJ-CC-1851531,JUDICIAL,GABSUB3-DVT,PROCESSUAL,2026-10-04,2026-10-07,3,ABERTO,,0
PRZ000426,EXP000392,STJ-RESP-2550973,JUDICIAL,GABSUB3-DVT,PROCESSUAL,2026-09-30,2026-11-08,39,ABERTO,,0
PRZ000427,EXP000393,STJ-ARESP-3601395,JUDICIAL,GABSUB3-DVT,PROCESSUAL,2026-07-20,2026-11-18,121,ABERTO,,0
PRZ000428,EXP000394,STJ-CC-3793539,JUDICIAL,GABSUB3-DVT,PROCESSUAL,2026-09-30,2026-10-24,24,ABERTO,,0
PRZ000429,EXP000394,STJ-CC-3793539,JUDICIAL,GABSUB3-DVT,PROCESSUAL,2026-09-30,2026-10-19,19,PRORROGADO,2026-10-04T12:05:12-03:00,0
PRZ000430,EXP000395,STJ-CC-2924141,JUDICIAL,GABSUB3-DVT,PROCESSUAL,2026-09-15,2026-12-30,106,ABERTO,,0
PRZ000431,EXP000396,STJ-MS-1374443,JUDICIAL,GABSUB3-DVT,PROCESSUAL,2026-09-23,2026-12-23,91,ABERTO,,0
PRZ000432,EXP000397,STJ-EDCL-1034960,JUDICIAL,GABSUB3-DVT,PROCESSUAL,2026-09-23,2026-11-21,59,ABERTO,,0
PRZ000433,EXP000398,STJ-EDCL-3790580,JUDICIAL,GABSUB3-DVT,PROCESSUAL,2026-09-21,2026-11-09,49,ABERTO,,0
PRZ000434,EXP000399,STJ-HC-2048662,JUDICIAL,GABSUB3-DVT,PROCESSUAL,2026-10-01,2026-10-13,12,ABERTO,,0
PRZ000435,EXP000400,STJ-AGINT-3148352,JUDICIAL,GABSUB3-DVT,PROCESSUAL,2026-06-19,2026-10-21,124,ABERTO,,0
PRZ000436,EXP000401,STJ-APN-3077459,JUDICIAL,GABSUB3-DVT,PROCESSUAL,2026-09-06,2026-10-07,31,ABERTO,,0
PRZ000437,EXP000402,STJ-ARESP-3028867,JUDICIAL,GABSUB3-DVT,PROCESSUAL,2026-09-15,2026-12-10,86,ABERTO,,0
PRZ000438,EXP000403,STJ-MS-2946005,JUDICIAL,GABSUB3-DVT,PROCESSUAL,2026-06-19,2026-12-26,190,ABERTO,,0
PRZ000439,EXP000404,STJ-HC-2475838,JUDICIAL,GABSUB3-DVT,PROCESSUAL,2026-09-23,2026-11-22,60,ABERTO,,0
PRZ000440,EXP000405,STJ-RESP-1404920,JUDICIAL,GABSUB3-DVT,PROCESSUAL,2026-09-23,2026-11-14,52,ABERTO,,0
PRZ000441,EXP000406,STJ-APN-2059041,JUDICIAL,GABSUB3-DVT,PROCESSUAL,2026-09-24,2026-10-08,14,ABERTO,,0
PRZ000442,EXP000407,STJ-RHC-2986980,JUDICIAL,GABSUB3-DVT,PROCESSUAL,2026-10-01,2026-10-07,6,ABERTO,,0
PRZ000443,EXP000408,STJ-ARESP-2012499,JUDICIAL,GABSUB3-DVT,PROCESSUAL,2026-08-26,2026-10-29,64,ABERTO,,0
PRZ000444,EXP000408,STJ-ARESP-2012499,JUDICIAL,GABSUB3-DVT,PROCESSUAL,2026-08-26,2026-10-18,53,PRORROGADO,2026-09-22T03:09:08-03:00,0
PRZ000445,EXP000409,STJ-CC-1175075,JUDICIAL,GABSUB3-DVT,PROCESSUAL,2026-09-05,2026-12-09,95,ABERTO,,0
PRZ000446,EXP000410,STJ-ARESP-3582237,JUDICIAL,GABSUB3-DVT,PROCESSUAL,2026-08-27,2026-11-14,79,ABERTO,,0
PRZ000447,EXP000411,STJ-CC-3753940,JUDICIAL,GABSUB3-DVT,PROCESSUAL,2026-07-21,2026-11-29,131,ABERTO,,0
PRZ000448,EXP000412,STJ-ARESP-3185212,JUDICIAL,GABSUB3-DVT,PROCESSUAL,2026-07-20,2026-10-07,79,ABERTO,,0
PRZ000449,EXP000413,1.22.393.079057/2024-66,EXTRAJUDICIAL,GABSUB3-DVT,TRAMITACAO,2026-09-27,2026-10-09,12,ABERTO,,0
PRZ000450,EXP000414,1.16.775.478661/2021-13,EXTRAJUDICIAL,GABSUB3-DVT,TRAMITACAO,2026-08-19,2026-10-11,53,ABERTO,,0
PRZ000451,EXP000415,PGR-00076688/2026,DOCUMENTO,GABSUB3-DVT,RESPOSTA,2026-08-28,2026-09-08,11,CUMPRIDO_COM_ATRASO,2026-09-16T12:59:00-03:00,8
PRZ000452,EXP000416,PGR-00056390/2026,DOCUMENTO,GABSUB3-DVT,RESPOSTA,2026-06-12,2026-06-28,16,CUMPRIDO_COM_ATRASO,2026-07-12T12:08:00-03:00,14
PRZ000453,EXP000417,PGR-00045595/2026,DOCUMENTO,GABSUB3-DVT,RESPOSTA,2026-07-09,2026-08-06,28,CUMPRIDO_COM_ATRASO,2026-08-19T19:37:00-03:00,13
PRZ000454,EXP000418,PGR-00092288/2026,DOCUMENTO,GABSUB3-DVT,RESPOSTA,2026-07-25,2026-08-24,30,CUMPRIDO_COM_ATRASO,2026-08-27T12:23:00-03:00,3
PRZ000455,EXP000419,PGR-00042435/2026,DOCUMENTO,GABSUB3-DVT,RESPOSTA,2026-08-23,2026-09-08,16,CUMPRIDO_NO_PRAZO,2026-08-25T08:01:00-03:00,0
PRZ000456,EXP000420,PGR-00023532/2026,DOCUMENTO,GABSUB3-DVT,RESPOSTA,2026-07-23,2026-08-12,20,CUMPRIDO_COM_ATRASO,2026-08-13T14:42:00-03:00,1
PRZ000457,EXP000421,PGR-00027402/2026,DOCUMENTO,GABSUB3-DVT,RESPOSTA,2026-08-01,2026-08-21,20,CUMPRIDO_COM_ATRASO,2026-09-07T22:50:00-03:00,17
PRZ000458,EXP000422,PGR-00020086/2026,DOCUMENTO,GABSUB3-DVT,RESPOSTA,2026-09-23,2026-10-20,27,CUMPRIDO_NO_PRAZO,2026-10-07T16:00:00-03:00,0
PRZ000459,EXP000423,PGR-00064577/2026,DOCUMENTO,GABSUB3-DVT,RESPOSTA,2026-08-07,2026-09-02,26,CUMPRIDO_COM_ATRASO,2026-09-04T12:13:00-03:00,2
PRZ000460,EXP000424,PGR-00066139/2026,DOCUMENTO,GABSUB3-DVT,RESPOSTA,2026-07-14,2026-08-02,19,CUMPRIDO_NO_PRAZO,2026-07-30T00:22:00-03:00,0
PRZ000461,EXP000425,PGR-00095226/2026,DOCUMENTO,GABSUB3-DVT,RESPOSTA,2026-08-02,2026-08-28,26,CUMPRIDO_NO_PRAZO,2026-08-22T05:56:00-03:00,0
PRZ000462,EXP000426,PGR-00059759/2026,DOCUMENTO,GABSUB3-DVT,RESPOSTA,2026-07-17,2026-08-04,18,CUMPRIDO_COM_ATRASO,2026-08-20T13:17:00-03:00,16
PRZ000463,EXP000427,PGR-00021271/2026,DOCUMENTO,GABSUB3-DVT,RESPOSTA,2026-06-26,2026-07-26,30,CUMPRIDO_NO_PRAZO,2026-07-02T21:00:00-03:00,0
PRZ000464,EXP000428,PGR-00039320/2026,DOCUMENTO,GABSUB3-DVT,RESPOSTA,2026-07-10,2026-07-28,18,CUMPRIDO_NO_PRAZO,2026-07-24T01:29:00-03:00,0
PRZ000465,EXP000429,PGR-00023299/2026,DOCUMENTO,GABSUB3-DVT,RESPOSTA,2026-07-05,2026-07-30,25,CUMPRIDO_NO_PRAZO,2026-07-18T02:25:00-03:00,0
PRZ000466,EXP000430,PGR-00048202/2026,DOCUMENTO,GABSUB3-DVT,RESPOSTA,2026-07-09,2026-08-07,29,CUMPRIDO_COM_ATRASO,2026-08-08T02:39:00-03:00,1
PRZ000467,EXP000431,PGR-00043140/2026,DOCUMENTO,GABSUB3-DVT,RESPOSTA,2026-08-29,2026-09-24,26,CUMPRIDO_NO_PRAZO,2026-09-23T05:35:00-03:00,0
PRZ000468,EXP000432,PGR-00061832/2026,DOCUMENTO,GABSUB3-DVT,RESPOSTA,2026-06-09,2026-07-07,28,CUMPRIDO_NO_PRAZO,2026-06-15T12:43:00-03:00,0
PRZ000469,EXP000433,PGR-00001599/2026,DOCUMENTO,GABSUB3-DVT,RESPOSTA,2026-09-03,2026-09-28,25,CUMPRIDO_COM_ATRASO,2026-10-07T16:00:00-03:00,9
PRZ000470,EXP000434,PGR-00000091/2026,DOCUMENTO,GABSUB3-DVT,RESPOSTA,2026-07-19,2026-08-16,28,CUMPRIDO_NO_PRAZO,2026-08-08T20:39:00-03:00,0
PRZ000471,EXP000435,PGR-00049870/2026,DOCUMENTO,GABSUB3-DVT,RESPOSTA,2026-07-02,2026-07-22,20,CUMPRIDO_COM_ATRASO,2026-07-29T14:56:00-03:00,7
PRZ000472,EXP000436,PGR-00027820/2026,DOCUMENTO,GABSUB3-DVT,RESPOSTA,2026-08-10,2026-09-04,25,CUMPRIDO_NO_PRAZO,2026-08-22T07:29:00-03:00,0
PRZ000473,EXP000437,PGR-00057576/2026,DOCUMENTO,GABSUB3-DVT,RESPOSTA,2026-08-12,2026-09-05,24,CUMPRIDO_NO_PRAZO,2026-08-23T23:08:00-03:00,0
PRZ000474,EXP000438,PGR-00093323/2026,DOCUMENTO,GABSUB3-DVT,RESPOSTA,2026-09-16,2026-10-03,17,CUMPRIDO_COM_ATRASO,2026-10-07T16:00:00-03:00,4
PRZ000475,EXP000439,PGR-00014476/2026,DOCUMENTO,GABSUB3-DVT,RESPOSTA,2026-07-17,2026-08-11,25,CUMPRIDO_COM_ATRASO,2026-08-21T18:21:00-03:00,10
PRZ000476,EXP000440,PGR-00091978/2026,DOCUMENTO,GABSUB3-DVT,RESPOSTA,2026-06-17,2026-07-12,25,CUMPRIDO_COM_ATRASO,2026-07-30T23:18:00-03:00,18
PRZ000477,EXP000441,PGR-00051194/2026,DOCUMENTO,GABSUB3-DVT,RESPOSTA,2026-07-06,2026-07-22,16,CUMPRIDO_NO_PRAZO,2026-07-09T05:54:00-03:00,0
PRZ000478,EXP000442,PGR-00014630/2026,DOCUMENTO,GABSUB3-DVT,RESPOSTA,2026-09-15,2026-10-03,18,CUMPRIDO_COM_ATRASO,2026-10-07T16:00:00-03:00,4
PRZ000479,EXP000443,PGR-00047392/2026,DOCUMENTO,GABSUB3-DVT,RESPOSTA,2026-09-23,2026-10-17,24,CUMPRIDO_NO_PRAZO,2026-10-07T16:00:00-03:00,0
PRZ000480,EXP000444,PGR-00003552/2026,DOCUMENTO,GABSUB3-DVT,RESPOSTA,2026-07-05,2026-07-29,24,CUMPRIDO_COM_ATRASO,2026-08-18T06:41:00-03:00,20
PRZ000481,EXP000445,PGR-00028256/2026,DOCUMENTO,GABSUB3-DVT,RESPOSTA,2026-09-16,2026-09-26,10,CUMPRIDO_COM_ATRASO,2026-09-28T22:18:00-03:00,2
PRZ000482,EXP000446,PGR-00069950/2026,DOCUMENTO,GABSUB3-DVT,RESPOSTA,2026-09-11,2026-09-27,16,CUMPRIDO_COM_ATRASO,2026-10-06T20:00:00-03:00,9
PRZ000483,EXP000447,PGR-00054604/2026,DOCUMENTO,GABSUB3-DVT,RESPOSTA,2026-06-22,2026-07-15,23,CUMPRIDO_COM_ATRASO,2026-07-22T04:30:00-03:00,7
PRZ000484,EXP000448,PGR-00038779/2026,DOCUMENTO,GABSUB3-DVT,RESPOSTA,2026-08-11,2026-09-05,25,CUMPRIDO_COM_ATRASO,2026-09-24T19:48:00-03:00,19
PRZ000485,EXP000449,PGR-00026348/2026,DOCUMENTO,GABSUB3-DVT,RESPOSTA,2026-07-14,2026-08-01,18,CUMPRIDO_COM_ATRASO,2026-08-28T04:16:00-03:00,27
PRZ000486,EXP000450,PGR-00062405/2026,DOCUMENTO,GABSUB3-DVT,RESPOSTA,2026-08-20,2026-09-08,19,CUMPRIDO_COM_ATRASO,2026-09-20T01:28:00-03:00,12
PRZ000487,EXP000451,PGR-00006151/2026,DOCUMENTO,GABSUB3-DVT,RESPOSTA,2026-06-20,2026-07-12,22,CUMPRIDO_COM_ATRASO,2026-07-21T10:10:00-03:00,9
PRZ000488,EXP000452,PGR-00019515/2026,DOCUMENTO,GABSUB3-DVT,RESPOSTA,2026-07-15,2026-08-06,22,CUMPRIDO_COM_ATRASO,2026-08-23T13:27:00-03:00,17
PRZ000489,EXP000453,PGR-00050028/2026,DOCUMENTO,GABSUB3-DVT,RESPOSTA,2026-09-24,2026-10-07,13,CUMPRIDO_NO_PRAZO,2026-10-06T18:37:00-03:00,0
PRZ000490,EXP000454,PGR-00086443/2026,DOCUMENTO,GABSUB3-DVT,RESPOSTA,2026-08-25,2026-09-09,15,CUMPRIDO_COM_ATRASO,2026-10-03T18:48:00-03:00,24
PRZ000491,EXP000455,PGR-00015418/2026,DOCUMENTO,GABSUB3-DVT,RESPOSTA,2026-07-31,2026-08-18,18,CUMPRIDO_COM_ATRASO,2026-09-09T07:29:00-03:00,22
PRZ000492,EXP000456,PGR-00048656/2026,DOCUMENTO,GABSUB3-DVT,RESPOSTA,2026-07-21,2026-08-16,26,CUMPRIDO_NO_PRAZO,2026-08-01T20:09:00-03:00,0
PRZ000493,EXP000457,PGR-00022372/2026,DOCUMENTO,GABSUB3-DVT,RESPOSTA,2026-06-20,2026-07-06,16,CUMPRIDO_COM_ATRASO,2026-07-07T11:56:00-03:00,1
PRZ000494,EXP000458,PGR-00020103/2026,DOCUMENTO,GABSUB3-DVT,RESPOSTA,2026-09-27,2026-10-14,17,CUMPRIDO_NO_PRAZO,2026-09-30T07:33:00-03:00,0
PRZ000495,EXP000459,PGR-00013088/2026,DOCUMENTO,GABSUB3-DVT,RESPOSTA,2026-08-14,2026-09-11,28,CUMPRIDO_COM_ATRASO,2026-09-14T05:22:00-03:00,3
PRZ000496,EXP000460,PGR-00074057/2026,DOCUMENTO,GABSUB3-DVT,RESPOSTA,2026-08-03,2026-08-16,13,CUMPRIDO_COM_ATRASO,2026-08-22T23:34:00-03:00,6
PRZ000497,EXP000461,PGR-00044895/2026,DOCUMENTO,GABSUB3-DVT,RESPOSTA,2026-07-05,2026-07-24,19,CUMPRIDO_COM_ATRASO,2026-08-15T23:47:00-03:00,22
PRZ000498,EXP000462,PGR-00014772/2026,DOCUMENTO,GABSUB3-DVT,RESPOSTA,2026-09-24,2026-10-09,15,CUMPRIDO_NO_PRAZO,2026-10-04T08:09:00-03:00,0
PRZ000499,EXP000463,PGR-00022640/2026,DOCUMENTO,GABSUB3-DVT,RESPOSTA,2026-06-29,2026-07-23,24,CUMPRIDO_NO_PRAZO,2026-07-08T18:22:00-03:00,0
PRZ000500,EXP000464,PGR-00039291/2026,DOCUMENTO,GABSUB3-DVT,RESPOSTA,2026-08-06,2026-08-28,22,CUMPRIDO_NO_PRAZO,2026-08-15T17:41:00-03:00,0
PRZ000501,EXP000465,PGR-00019504/2026,DOCUMENTO,GABSUB3-DVT,RESPOSTA,2026-07-16,2026-08-05,20,CUMPRIDO_COM_ATRASO,2026-08-09T14:59:00-03:00,4
PRZ000502,EXP000466,PGR-00021376/2026,DOCUMENTO,GABSUB3-DVT,RESPOSTA,2026-09-11,2026-10-11,30,CUMPRIDO_NO_PRAZO,2026-10-01T00:37:00-03:00,0
PRZ000503,EXP000467,PGR-00043737/2026,DOCUMENTO,GABSUB3-DVT,RESPOSTA,2026-08-26,2026-09-16,21,CUMPRIDO_COM_ATRASO,2026-09-30T05:19:00-03:00,14
PRZ000504,EXP000468,PGR-00026535/2026,DOCUMENTO,GABSUB3-DVT,RESPOSTA,2026-09-10,2026-09-27,17,CUMPRIDO_NO_PRAZO,2026-09-18T23:24:00-03:00,0
PRZ000505,EXP000469,PGR-00057728/2026,DOCUMENTO,GABSUB3-DVT,RESPOSTA,2026-07-24,2026-08-20,27,CUMPRIDO_NO_PRAZO,2026-08-10T07:39:00-03:00,0
PRZ000506,EXP000470,PGR-00058794/2026,DOCUMENTO,GABSUB3-DVT,RESPOSTA,2026-07-16,2026-07-28,12,CUMPRIDO_NO_PRAZO,2026-07-24T02:53:00-03:00,0
PRZ000507,EXP000471,PGR-00027022/2026,DOCUMENTO,GABSUB3-DVT,RESPOSTA,2026-08-06,2026-09-02,27,CUMPRIDO_COM_ATRASO,2026-09-08T12:39:00-03:00,6
PRZ000508,EXP000472,PGR-00022667/2026,DOCUMENTO,GABSUB3-DVT,RESPOSTA,2026-08-19,2026-09-15,27,CUMPRIDO_COM_ATRASO,2026-09-20T13:28:00-03:00,5
PRZ000509,EXP000473,PGR-00059337/2026,DOCUMENTO,GABSUB3-DVT,RESPOSTA,2026-08-18,2026-09-06,19,CUMPRIDO_COM_ATRASO,2026-09-30T04:12:00-03:00,24
PRZ000510,EXP000474,PGR-00066469/2026,DOCUMENTO,GABSUB3-DVT,RESPOSTA,2026-06-21,2026-07-13,22,CUMPRIDO_NO_PRAZO,2026-07-04T16:15:00-03:00,0
PRZ000511,EXP000475,PGR-00063229/2026,DOCUMENTO,GABSUB3-DVT,RESPOSTA,2026-06-28,2026-07-20,22,CUMPRIDO_COM_ATRASO,2026-07-29T18:50:00-03:00,9
PRZ000512,EXP000476,PGR-00056513/2026,DOCUMENTO,GABSUB3-DVT,RESPOSTA,2026-06-20,2026-07-17,27,CUMPRIDO_NO_PRAZO,2026-07-01T09:31:00-03:00,0
PRZ000513,EXP000477,PGR-00054969/2026,DOCUMENTO,GABSUB3-DVT,RESPOSTA,2026-07-01,2026-07-19,18,CUMPRIDO_COM_ATRASO,2026-07-30T14:26:00-03:00,11
PRZ000514,EXP000478,PGR-00059931/2026,DOCUMENTO,GABSUB3-DVT,RESPOSTA,2026-07-24,2026-08-05,12,CUMPRIDO_COM_ATRASO,2026-08-30T20:27:00-03:00,25
PRZ000515,EXP000479,PGR-00025266/2026,DOCUMENTO,GABSUB3-DVT,RESPOSTA,2026-06-27,2026-07-07,10,CUMPRIDO_COM_ATRASO,2026-07-19T10:52:00-03:00,12
PRZ000516,EXP000480,PGR-00092084/2026,DOCUMENTO,GABSUB3-DVT,RESPOSTA,2026-07-06,2026-07-16,10,CUMPRIDO_COM_ATRASO,2026-08-12T20:14:00-03:00,27
PRZ000517,EXP000481,PGR-00075929/2026,DOCUMENTO,GABSUB3-DVT,RESPOSTA,2026-09-07,2026-09-23,16,CUMPRIDO_NO_PRAZO,2026-09-23T04:36:00-03:00,0
PRZ000518,EXP000482,PGR-00001033/2026,DOCUMENTO,GABSUB3-DVT,RESPOSTA,2026-09-02,2026-09-20,18,CUMPRIDO_COM_ATRASO,2026-10-07T16:00:00-03:00,17
PRZ000519,EXP000483,PGR-00034463/2026,DOCUMENTO,GABSUB3-DVT,RESPOSTA,2026-06-11,2026-07-01,20,CUMPRIDO_NO_PRAZO,2026-06-27T15:22:00-03:00,0
PRZ000520,EXP000484,PGR-00004597/2026,DOCUMENTO,GABSUB3-DVT,RESPOSTA,2026-07-10,2026-07-20,10,CUMPRIDO_COM_ATRASO,2026-08-06T19:39:00-03:00,17
PRZ000521,EXP000485,PGR-00002868/2026,DOCUMENTO,GABSUB3-DVT,RESPOSTA,2026-07-30,2026-08-16,17,CUMPRIDO_COM_ATRASO,2026-08-26T03:26:00-03:00,10
PRZ000522,EXP000486,PGR-00027782/2026,DOCUMENTO,GABSUB3-DVT,RESPOSTA,2026-07-11,2026-07-28,17,CUMPRIDO_COM_ATRASO,2026-08-11T17:45:00-03:00,14
PRZ000523,EXP000487,PGR-00052420/2026,DOCUMENTO,GABSUB3-DVT,RESPOSTA,2026-06-30,2026-07-28,28,CUMPRIDO_COM_ATRASO,2026-08-08T16:45:00-03:00,11
PRZ000524,EXP000488,PGR-00089585/2026,DOCUMENTO,GABSUB3-DVT,RESPOSTA,2026-06-16,2026-07-12,26,CUMPRIDO_COM_ATRASO,2026-07-15T08:28:00-03:00,3
PRZ000525,EXP000489,PGR-00018615/2026,DOCUMENTO,GABSUB3-DVT,RESPOSTA,2026-08-13,2026-08-27,14,CUMPRIDO_NO_PRAZO,2026-08-16T16:59:00-03:00,0
PRZ000526,EXP000490,PGR-00097113/2026,DOCUMENTO,GABSUB3-DVT,RESPOSTA,2026-06-25,2026-07-21,26,CUMPRIDO_COM_ATRASO,2026-08-03T22:08:00-03:00,13
PRZ000527,EXP000491,PGR-00070929/2026,DOCUMENTO,GABSUB3-DVT,RESPOSTA,2026-08-08,2026-09-04,27,CUMPRIDO_COM_ATRASO,2026-09-12T00:01:00-03:00,8
PRZ000528,EXP000492,PGR-00080581/2026,DOCUMENTO,GABSUB3-DVT,RESPOSTA,2026-06-15,2026-07-03,18,CUMPRIDO_COM_ATRASO,2026-07-11T09:41:00-03:00,8
PRZ000529,EXP000493,PGR-00075976/2026,DOCUMENTO,GABSUB3-DVT,RESPOSTA,2026-09-12,2026-10-09,27,CUMPRIDO_NO_PRAZO,2026-10-07T16:00:00-03:00,0
PRZ000530,EXP000494,PGR-00013942/2026,DOCUMENTO,GABSUB3-DVT,RESPOSTA,2026-09-16,2026-10-04,18,CUMPRIDO_COM_ATRASO,2026-10-07T16:00:00-03:00,3
PRZ000531,EXP000495,PGR-00051624/2026,DOCUMENTO,GABSUB3-DVT,RESPOSTA,2026-07-28,2026-08-19,22,CUMPRIDO_COM_ATRASO,2026-08-26T00:41:00-03:00,7
PRZ000532,EXP000496,PGR-00006277/2026,DOCUMENTO,GABSUB3-DVT,RESPOSTA,2026-08-03,2026-09-02,30,CUMPRIDO_COM_ATRASO,2026-09-06T17:51:00-03:00,4
PRZ000533,EXP000497,PGR-00096466/2026,DOCUMENTO,GABSUB3-DVT,RESPOSTA,2026-06-10,2026-06-27,17,CUMPRIDO_COM_ATRASO,2026-07-02T08:26:00-03:00,5
PRZ000534,EXP000498,PGR-00053753/2026,DOCUMENTO,GABSUB3-DVT,RESPOSTA,2026-06-30,2026-07-26,26,CUMPRIDO_NO_PRAZO,2026-07-22T15:28:00-03:00,0
PRZ000535,EXP000499,PGR-00034640/2026,DOCUMENTO,GABSUB3-DVT,RESPOSTA,2026-08-26,2026-09-12,17,CUMPRIDO_COM_ATRASO,2026-09-30T23:29:00-03:00,18
PRZ000536,EXP000500,PGR-00026996/2026,DOCUMENTO,GABSUB3-DVT,RESPOSTA,2026-06-16,2026-07-02,16,CUMPRIDO_NO_PRAZO,2026-06-18T05:50:00-03:00,0
PRZ000537,EXP000501,PGR-00046226/2026,DOCUMENTO,GABSUB3-DVT,RESPOSTA,2026-08-13,2026-08-26,13,CUMPRIDO_COM_ATRASO,2026-09-17T19:12:00-03:00,22
PRZ000538,EXP000502,PGR-00023144/2026,DOCUMENTO,GABSUB3-DVT,RESPOSTA,2026-08-15,2026-09-07,23,CUMPRIDO_COM_ATRASO,2026-09-20T20:52:00-03:00,13
PRZ000539,EXP000503,PGR-00057016/2026,DOCUMENTO,GABSUB3-DVT,RESPOSTA,2026-09-11,2026-10-04,23,CUMPRIDO_NO_PRAZO,2026-10-04T15:46:00-03:00,0
PRZ000540,EXP000504,PGR-00028418/2026,DOCUMENTO,GABSUB3-DVT,RESPOSTA,2026-06-18,2026-06-30,12,CUMPRIDO_NO_PRAZO,2026-06-28T22:02:00-03:00,0
PRZ000541,EXP000505,PGR-00074580/2026,DOCUMENTO,GABSUB3-DVT,RESPOSTA,2026-07-27,2026-08-21,25,CUMPRIDO_NO_PRAZO,2026-08-02T14:57:00-03:00,0
PRZ000542,EXP000506,PGR-00063494/2026,DOCUMENTO,GABSUB3-DVT,RESPOSTA,2026-09-15,2026-09-25,10,CUMPRIDO_NO_PRAZO,2026-09-18T13:34:00-03:00,0
PRZ000543,EXP000507,PGR-00024322/2026,DOCUMENTO,GABSUB3-DVT,RESPOSTA,2026-09-08,2026-10-05,27,CUMPRIDO_COM_ATRASO,2026-10-07T16:00:00-03:00,2
PRZ000544,EXP000508,PGR-00071913/2026,DOCUMENTO,GABSUB3-DVT,RESPOSTA,2026-07-14,2026-08-07,24,CUMPRIDO_NO_PRAZO,2026-07-22T03:53:00-03:00,0
PRZ000545,EXP000509,PGR-00011814/2026,DOCUMENTO,GABSUB3-DVT,RESPOSTA,2026-07-29,2026-08-28,30,CUMPRIDO_NO_PRAZO,2026-08-06T04:45:00-03:00,0
PRZ000546,EXP000510,PGR-00074080/2026,DOCUMENTO,GABSUB3-DVT,RESPOSTA,2026-07-28,2026-08-12,15,CUMPRIDO_COM_ATRASO,2026-09-11T07:55:00-03:00,30
PRZ000547,EXP000511,PGR-00013772/2026,DOCUMENTO,GABSUB3-DVT,RESPOSTA,2026-06-26,2026-07-16,20,CUMPRIDO_NO_PRAZO,2026-07-09T04:56:00-03:00,0
PRZ000548,EXP000512,PGR-00035426/2026,DOCUMENTO,GABSUB3-DVT,RESPOSTA,2026-07-02,2026-07-16,14,CUMPRIDO_NO_PRAZO,2026-07-03T17:13:00-03:00,0
PRZ000549,EXP000513,PGR-00058716/2026,DOCUMENTO,GABSUB3-DVT,RESPOSTA,2026-06-13,2026-06-30,17,CUMPRIDO_COM_ATRASO,2026-07-01T16:30:00-03:00,1
PRZ000550,EXP000514,PGR-00066949/2026,DOCUMENTO,GABSUB3-DVT,RESPOSTA,2026-09-04,2026-09-26,22,CUMPRIDO_COM_ATRASO,2026-10-06T10:56:00-03:00,10
PRZ000551,EXP000515,PGR-00036223/2026,DOCUMENTO,GABSUB3-DVT,RESPOSTA,2026-06-27,2026-07-08,11,CUMPRIDO_COM_ATRASO,2026-08-03T09:47:00-03:00,26
PRZ000552,EXP000516,PGR-00040907/2026,DOCUMENTO,GABSUB3-DVT,RESPOSTA,2026-07-19,2026-08-08,20,CUMPRIDO_NO_PRAZO,2026-07-28T09:34:00-03:00,0
PRZ000553,EXP000517,PGR-00070504/2026,DOCUMENTO,GABSUB3-DVT,RESPOSTA,2026-08-09,2026-08-30,21,CUMPRIDO_COM_ATRASO,2026-09-23T10:47:00-03:00,24
PRZ000554,EXP000518,PGR-00072839/2026,DOCUMENTO,GABSUB3-DVT,RESPOSTA,2026-08-01,2026-08-25,24,CUMPRIDO_NO_PRAZO,2026-08-17T05:50:00-03:00,0
PRZ000555,EXP000519,PGR-00043540/2026,DOCUMENTO,GABSUB3-DVT,RESPOSTA,2026-06-30,2026-07-19,19,CUMPRIDO_NO_PRAZO,2026-07-13T23:57:00-03:00,0
PRZ000556,EXP000520,PGR-00097574/2026,DOCUMENTO,GABSUB3-DVT,RESPOSTA,2026-08-04,2026-09-01,28,CUMPRIDO_NO_PRAZO,2026-08-07T16:56:00-03:00,0
PRZ000557,EXP000521,PGR-00093437/2026,DOCUMENTO,GABSUB3-DVT,RESPOSTA,2026-06-10,2026-06-30,20,CUMPRIDO_NO_PRAZO,2026-06-17T00:40:00-03:00,0
PRZ000558,EXP000522,PGR-00007137/2026,DOCUMENTO,GABSUB3-DVT,RESPOSTA,2026-07-02,2026-07-27,25,CUMPRIDO_NO_PRAZO,2026-07-18T10:33:00-03:00,0
PRZ000559,EXP000523,PGR-00017377/2026,DOCUMENTO,GABSUB3-DVT,RESPOSTA,2026-07-18,2026-07-31,13,CUMPRIDO_NO_PRAZO,2026-07-24T17:14:00-03:00,0
PRZ000560,EXP000524,PGR-00086126/2026,DOCUMENTO,GABSUB3-DVT,RESPOSTA,2026-09-24,2026-10-05,11,CUMPRIDO_NO_PRAZO,2026-10-05T23:58:00-03:00,0
PRZ000561,EXP000525,PGR-00007900/2026,DOCUMENTO,GABSUB3-DVT,RESPOSTA,2026-08-24,2026-09-20,27,CUMPRIDO_NO_PRAZO,2026-09-16T07:30:00-03:00,0
PRZ000562,EXP000526,PGR-00072459/2026,DOCUMENTO,GABSUB3-DVT,RESPOSTA,2026-09-14,2026-09-26,12,CUMPRIDO_NO_PRAZO,2026-09-21T09:26:00-03:00,0
PRZ000563,EXP000527,PGR-00040392/2026,DOCUMENTO,GABSUB3-DVT,RESPOSTA,2026-06-19,2026-06-29,10,CUMPRIDO_COM_ATRASO,2026-07-29T05:51:00-03:00,30
PRZ000564,EXP000528,PGR-00056049/2026,DOCUMENTO,GABSUB3-DVT,RESPOSTA,2026-06-30,2026-07-15,15,CUMPRIDO_NO_PRAZO,2026-07-13T09:35:00-03:00,0
PRZ000565,EXP000529,PGR-00015442/2026,DOCUMENTO,GABSUB3-DVT,RESPOSTA,2026-06-12,2026-07-08,26,CUMPRIDO_COM_ATRASO,2026-07-22T07:16:00-03:00,14
PRZ000566,EXP000530,PGR-00066833/2026,DOCUMENTO,GABSUB3-DVT,RESPOSTA,2026-08-05,2026-08-17,12,CUMPRIDO_COM_ATRASO,2026-09-03T12:51:00-03:00,17
PRZ000567,EXP000531,PGR-00050120/2026,DOCUMENTO,GABSUB3-DVT,RESPOSTA,2026-06-25,2026-07-19,24,CUMPRIDO_COM_ATRASO,2026-08-02T08:04:00-03:00,14
PRZ000568,EXP000532,PGR-00073065/2026,DOCUMENTO,GABSUB3-DVT,RESPOSTA,2026-09-09,2026-10-08,29,CUMPRIDO_NO_PRAZO,2026-09-22T07:41:00-03:00,0
PRZ000569,EXP000533,PGR-00057335/2026,DOCUMENTO,GABSUB3-DVT,RESPOSTA,2026-08-22,2026-09-21,30,CUMPRIDO_COM_ATRASO,2026-09-25T21:16:00-03:00,4
PRZ000570,EXP000534,PGR-00097276/2026,DOCUMENTO,GABSUB3-DVT,RESPOSTA,2026-08-28,2026-09-13,16,CUMPRIDO_COM_ATRASO,2026-10-07T16:00:00-03:00,24
PRZ000571,EXP000535,PGR-00000903/2026,DOCUMENTO,GABSUB3-DVT,RESPOSTA,2026-06-16,2026-06-28,12,CUMPRIDO_COM_ATRASO,2026-07-24T10:03:00-03:00,26
PRZ000572,EXP000536,PGR-00093881/2026,DOCUMENTO,GABSUB3-DVT,RESPOSTA,2026-08-13,2026-08-31,18,CUMPRIDO_NO_PRAZO,2026-08-30T07:07:00-03:00,0
PRZ000573,EXP000537,PGR-00094663/2026,DOCUMENTO,GABSUB3-DVT,RESPOSTA,2026-07-22,2026-08-01,10,CUMPRIDO_COM_ATRASO,2026-08-08T08:04:00-03:00,7
PRZ000574,EXP000538,PGR-00057416/2026,DOCUMENTO,GABSUB3-DVT,RESPOSTA,2026-07-20,2026-08-04,15,CUMPRIDO_COM_ATRASO,2026-08-18T15:04:00-03:00,14
PRZ000575,EXP000539,PGR-00086607/2026,DOCUMENTO,GABSUB3-DVT,RESPOSTA,2026-08-17,2026-08-28,11,CUMPRIDO_COM_ATRASO,2026-09-08T12:44:00-03:00,11
PRZ000576,EXP000540,STJ-HC-1869289,JUDICIAL,GABSUB3-DVT,PROCESSUAL,2026-07-23,2026-07-29,6,CUMPRIDO_COM_ATRASO,2026-08-19T22:28:00-03:00,21
PRZ000577,EXP000541,STJ-RESP-3444186,JUDICIAL,GABSUB3-DVT,PROCESSUAL,2026-08-05,2026-08-28,23,CUMPRIDO_NO_PRAZO,2026-08-08T09:51:00-03:00,0
PRZ000578,EXP000542,STJ-EDCL-1499826,JUDICIAL,GABSUB3-DVT,PROCESSUAL,2026-06-23,2026-07-18,25,CUMPRIDO_NO_PRAZO,2026-07-15T20:35:00-03:00,0
PRZ000579,EXP000543,STJ-AGINT-1228035,JUDICIAL,GABSUB3-DVT,PROCESSUAL,2026-08-21,2026-09-04,14,CUMPRIDO_COM_ATRASO,2026-09-05T11:53:00-03:00,1
PRZ000580,EXP000544,STJ-ARESP-3597435,JUDICIAL,GABSUB3-DVT,PROCESSUAL,2026-07-15,2026-08-01,17,CUMPRIDO_NO_PRAZO,2026-07-31T07:37:00-03:00,0
PRZ000581,EXP000545,STJ-RESP-1060164,JUDICIAL,GABSUB3-DVT,PROCESSUAL,2026-06-17,2026-07-14,27,CUMPRIDO_COM_ATRASO,2026-07-29T17:39:00-03:00,15
PRZ000582,EXP000546,STJ-AGINT-2121073,JUDICIAL,GABSUB3-DVT,PROCESSUAL,2026-07-18,2026-08-06,19,CUMPRIDO_NO_PRAZO,2026-07-23T22:04:00-03:00,0
PRZ000583,EXP000547,STJ-EDCL-3284180,JUDICIAL,GABSUB3-DVT,PROCESSUAL,2026-06-25,2026-07-17,22,CUMPRIDO_COM_ATRASO,2026-07-19T14:08:00-03:00,2
PRZ000584,EXP000548,STJ-HC-3707273,JUDICIAL,GABSUB3-DVT,PROCESSUAL,2026-08-12,2026-08-27,15,CUMPRIDO_COM_ATRASO,2026-09-20T16:58:00-03:00,24
PRZ000585,EXP000549,STJ-APN-1016948,JUDICIAL,GABSUB3-DVT,PROCESSUAL,2026-08-06,2026-09-01,26,CUMPRIDO_COM_ATRASO,2026-09-11T00:59:00-03:00,10
PRZ000586,EXP000550,STJ-HC-1002501,JUDICIAL,GABSUB3-DVT,PROCESSUAL,2026-09-16,2026-09-30,14,CUMPRIDO_COM_ATRASO,2026-10-07T16:00:00-03:00,7
PRZ000587,EXP000551,STJ-RESP-2259195,JUDICIAL,GABSUB3-DVT,PROCESSUAL,2026-09-13,2026-10-07,24,CUMPRIDO_NO_PRAZO,2026-10-07T16:00:00-03:00,0
PRZ000588,EXP000552,STJ-EDCL-1114623,JUDICIAL,GABSUB3-DVT,PROCESSUAL,2026-06-18,2026-07-10,22,CUMPRIDO_NO_PRAZO,2026-06-26T07:17:00-03:00,0
PRZ000589,EXP000553,STJ-ARESP-1538483,JUDICIAL,GABSUB3-DVT,PROCESSUAL,2026-06-29,2026-07-18,19,CUMPRIDO_COM_ATRASO,2026-08-09T06:33:00-03:00,22
PRZ000590,EXP000554,STJ-EDCL-3880679,JUDICIAL,GABSUB3-DVT,PROCESSUAL,2026-08-01,2026-08-06,5,CUMPRIDO_NO_PRAZO,2026-08-05T04:10:00-03:00,0
PRZ000591,EXP000555,STJ-HC-3360432,JUDICIAL,GABSUB3-DVT,PROCESSUAL,2026-08-02,2026-08-20,18,CUMPRIDO_NO_PRAZO,2026-08-09T06:46:00-03:00,0
PRZ000592,EXP000556,STJ-RHC-1101122,JUDICIAL,GABSUB3-DVT,PROCESSUAL,2026-07-05,2026-07-24,19,CUMPRIDO_COM_ATRASO,2026-08-01T06:40:00-03:00,8
PRZ000593,EXP000557,STJ-APN-3200178,JUDICIAL,GABSUB3-DVT,PROCESSUAL,2026-06-30,2026-07-15,15,CUMPRIDO_COM_ATRASO,2026-07-24T06:37:00-03:00,9
PRZ000594,EXP000558,STJ-HC-3153292,JUDICIAL,GABSUB3-DVT,PROCESSUAL,2026-09-20,2026-10-08,18,CUMPRIDO_NO_PRAZO,2026-09-30T03:07:00-03:00,0
PRZ000595,EXP000559,STJ-HC-3186317,JUDICIAL,GABSUB3-DVT,PROCESSUAL,2026-07-29,2026-08-03,5,CUMPRIDO_COM_ATRASO,2026-08-26T05:01:00-03:00,23
PRZ000596,EXP000560,1.25.523.292441/2023-72,EXTRAJUDICIAL,GABSUB3-DVT,TRAMITACAO,2026-08-24,2026-11-22,90,CUMPRIDO_NO_PRAZO,2026-09-16T08:03:00-03:00,0
PRZ000597,EXP000561,PGR-00025766/2026,DOCUMENTO,CIVINT/STIC,RESPOSTA,2026-10-05,2026-10-07,2,ABERTO,,0
PRZ000598,EXP000562,PGR-00065154/2026,DOCUMENTO,CIVINT/STIC,RESPOSTA,2026-10-01,2026-12-18,78,ABERTO,,0
PRZ000599,EXP000563,PGR-00014710/2026,DOCUMENTO,CIVINT/STIC,RESPOSTA,2026-10-07,2026-10-08,1,ABERTO,,0
PRZ000600,EXP000564,PGR-00083036/2026,DOCUMENTO,CIVINT/STIC,RESPOSTA,2026-09-30,2026-12-16,77,ABERTO,,0
PRZ000601,EXP000565,PGR-00079596/2026,DOCUMENTO,CIVINT/STIC,RESPOSTA,2026-10-03,2026-12-05,63,ABERTO,,0
PRZ000602,EXP000566,PGR-00052743/2026,DOCUMENTO,CIVINT/STIC,RESPOSTA,2026-10-01,2026-10-29,28,ABERTO,,0
PRZ000603,EXP000567,PGR-00033421/2026,DOCUMENTO,CIVINT/STIC,RESPOSTA,2026-10-03,2026-11-02,30,ABERTO,,0
PRZ000604,EXP000568,PGR-00025473/2026,DOCUMENTO,CIVINT/STIC,RESPOSTA,2026-10-06,2026-10-09,3,ABERTO,,0
PRZ000605,EXP000569,PGR-00029140/2026,DOCUMENTO,CIVINT/STIC,RESPOSTA,2026-10-02,2026-10-13,11,ABERTO,,0
PRZ000606,EXP000570,PGR-00088032/2026,DOCUMENTO,CIVINT/STIC,RESPOSTA,2026-10-02,2026-12-15,74,ABERTO,,0
PRZ000607,EXP000571,PGR-00012113/2026,DOCUMENTO,CIVINT/STIC,RESPOSTA,2026-10-01,2027-01-03,94,ABERTO,,0
PRZ000608,EXP000572,PGR-00007904/2026,DOCUMENTO,CIVINT/STIC,RESPOSTA,2026-09-28,2026-12-28,91,ABERTO,,0
PRZ000609,EXP000573,PGR-00098436/2026,DOCUMENTO,CIVINT/STIC,RESPOSTA,2026-09-29,2026-10-14,15,ABERTO,,0
PRZ000610,EXP000574,PGR-00010150/2026,DOCUMENTO,CIVINT/STIC,RESPOSTA,2026-09-29,2026-09-30,1,ABERTO,,7
PRZ000611,EXP000575,PGR-00094520/2026,DOCUMENTO,CIVINT/STIC,RESPOSTA,2026-10-02,2026-10-07,5,ABERTO,,0
PRZ000612,EXP000576,PGR-00035417/2026,DOCUMENTO,CIVINT/STIC,RESPOSTA,2026-10-02,2026-12-01,60,ABERTO,,0
PRZ000613,EXP000577,PGR-00088967/2026,DOCUMENTO,CIVINT/STIC,RESPOSTA,2026-10-01,2026-12-29,89,ABERTO,,0
PRZ000614,EXP000578,PGR-00027510/2026,DOCUMENTO,CIVINT/STIC,RESPOSTA,2026-10-04,2026-12-05,62,ABERTO,,0
PRZ000615,EXP000579,PGR-00037953/2026,DOCUMENTO,CIVINT/STIC,RESPOSTA,2026-10-04,2026-12-23,80,ABERTO,,0
PRZ000616,EXP000580,PGR-00017095/2026,DOCUMENTO,CIVINT/STIC,RESPOSTA,2026-10-01,2026-10-02,1,ABERTO,,5
PRZ000617,EXP000581,PGR-00028327/2026,DOCUMENTO,CIVINT/STIC,RESPOSTA,2026-10-02,2026-10-09,7,ABERTO,,0
PRZ000618,EXP000582,PGR-00020206/2026,DOCUMENTO,CIVINT/STIC,RESPOSTA,2026-10-02,2026-10-14,12,ABERTO,,0
PRZ000619,EXP000583,PGR-00097439/2026,DOCUMENTO,CIVINT/STIC,RESPOSTA,2026-09-29,2026-10-07,8,ABERTO,,0
PRZ000620,EXP000584,PGR-00099131/2026,DOCUMENTO,CIVINT/STIC,RESPOSTA,2026-09-28,2026-10-11,13,ABERTO,,0
PRZ000621,EXP000585,PGR-00039404/2026,DOCUMENTO,CIVINT/STIC,RESPOSTA,2026-10-07,2026-10-11,4,ABERTO,,0
PRZ000622,EXP000586,PGR-00098884/2026,DOCUMENTO,CIVINT/STIC,RESPOSTA,2026-09-30,2026-10-09,9,ABERTO,,0
PRZ000623,EXP000587,PGR-00034381/2026,DOCUMENTO,CIVINT/STIC,RESPOSTA,2026-09-29,2026-12-07,69,ABERTO,,0
PRZ000624,EXP000588,PGR-00009491/2026,DOCUMENTO,CIVINT/STIC,RESPOSTA,2026-10-04,2026-10-05,1,ABERTO,,2
PRZ000625,EXP000589,PGR-00084788/2026,DOCUMENTO,CIVINT/STIC,RESPOSTA,2026-10-02,2026-10-09,7,ABERTO,,0
PRZ000626,EXP000590,PGR-00074227/2026,DOCUMENTO,CIVINT/STIC,RESPOSTA,2026-09-30,2026-10-14,14,ABERTO,,0
PRZ000627,EXP000591,PGR-00082500/2026,DOCUMENTO,CIVINT/STIC,RESPOSTA,2026-09-27,2026-11-25,59,ABERTO,,0
PRZ000628,EXP000592,PGR-00035406/2026,DOCUMENTO,CIVINT/STIC,RESPOSTA,2026-09-29,2026-10-14,15,ABERTO,,0
PRZ000629,EXP000593,PGR-00077681/2026,DOCUMENTO,CIVINT/STIC,RESPOSTA,2026-10-06,2026-10-11,5,ABERTO,,0
PRZ000630,EXP000594,PGR-00025004/2026,DOCUMENTO,CIVINT/STIC,RESPOSTA,2026-10-03,2026-10-13,10,ABERTO,,0
PRZ000631,EXP000595,PGR-00065362/2026,DOCUMENTO,CIVINT/STIC,RESPOSTA,2026-09-30,2026-10-14,14,ABERTO,,0
PRZ000632,EXP000596,PGR-00050053/2026,DOCUMENTO,CIVINT/STIC,RESPOSTA,2026-09-30,2026-12-29,90,ABERTO,,0
PRZ000633,EXP000597,PGR-00030867/2026,DOCUMENTO,CIVINT/STIC,RESPOSTA,2026-09-28,2026-10-20,22,ABERTO,,0
PRZ000634,EXP000598,PGR-00047708/2026,DOCUMENTO,CIVINT/STIC,RESPOSTA,2026-10-07,2026-10-08,1,ABERTO,,0
PRZ000635,EXP000599,PGR-00073646/2026,DOCUMENTO,CIVINT/STIC,RESPOSTA,2026-10-02,2026-10-09,7,ABERTO,,0
PRZ000636,EXP000600,PGR-00078982/2026,DOCUMENTO,CIVINT/STIC,RESPOSTA,2026-10-05,2026-10-07,2,ABERTO,,0
PRZ000637,EXP000601,PGR-00015946/2026,DOCUMENTO,CIVINT/STIC,RESPOSTA,2026-10-05,2026-12-24,80,ABERTO,,0
PRZ000638,EXP000602,PGR-00076750/2026,DOCUMENTO,CIVINT/STIC,RESPOSTA,2026-10-06,2026-10-30,24,ABERTO,,0
PRZ000639,EXP000603,PGR-00076838/2026,DOCUMENTO,CIVINT/STIC,RESPOSTA,2026-10-01,2026-11-29,59,ABERTO,,0
PRZ000640,EXP000604,PGR-00062490/2026,DOCUMENTO,CIVINT/STIC,RESPOSTA,2026-10-04,2026-10-07,3,ABERTO,,0
PRZ000641,EXP000605,PGR-00034402/2026,DOCUMENTO,CIVINT/STIC,RESPOSTA,2026-10-07,2026-10-08,1,ABERTO,,0
PRZ000642,EXP000606,PGR-00020376/2026,DOCUMENTO,CIVINT/STIC,RESPOSTA,2026-09-29,2026-10-08,9,ABERTO,,0
PRZ000643,EXP000607,PGR-00020719/2026,DOCUMENTO,CIVINT/STIC,RESPOSTA,2026-10-07,2026-10-25,18,ABERTO,,0
PRZ000644,EXP000608,PGR-00085709/2026,DOCUMENTO,CIVINT/STIC,RESPOSTA,2026-09-28,2026-10-30,32,ABERTO,,0
PRZ000645,EXP000609,PGR-00085267/2026,DOCUMENTO,CIVINT/STIC,RESPOSTA,2026-10-04,2026-11-01,28,ABERTO,,0
PRZ000646,EXP000610,PGR-00027018/2026,DOCUMENTO,CIVINT/STIC,RESPOSTA,2026-10-04,2026-12-06,63,ABERTO,,0
PRZ000647,EXP000611,PGR-00028773/2026,DOCUMENTO,CIVINT/STIC,RESPOSTA,2026-09-29,2026-11-26,58,ABERTO,,0
PRZ000648,EXP000612,PGR-00005852/2026,DOCUMENTO,CIVINT/STIC,RESPOSTA,2026-10-01,2026-10-25,24,ABERTO,,0
PRZ000649,EXP000613,PGR-00059432/2026,DOCUMENTO,CIVINT/STIC,RESPOSTA,2026-09-29,2026-11-23,55,ABERTO,,0
PRZ000650,EXP000614,PGR-00088349/2026,DOCUMENTO,CIVINT/STIC,RESPOSTA,2026-10-04,2026-10-20,16,ABERTO,,0
PRZ000651,EXP000615,PGR-00038409/2026,DOCUMENTO,CIVINT/STIC,RESPOSTA,2026-10-04,2026-12-26,83,ABERTO,,0
PRZ000652,EXP000616,PGR-00062395/2026,DOCUMENTO,CIVINT/STIC,RESPOSTA,2026-10-02,2026-11-18,47,ABERTO,,0
PRZ000653,EXP000617,PGR-00002390/2026,DOCUMENTO,CIVINT/STIC,RESPOSTA,2026-10-02,2026-10-10,8,ABERTO,,0
PRZ000654,EXP000618,PGR-00044511/2026,DOCUMENTO,CIVINT/STIC,RESPOSTA,2026-10-03,2026-12-17,75,ABERTO,,0
PRZ000655,EXP000619,PGR-00073254/2026,DOCUMENTO,CIVINT/STIC,RESPOSTA,2026-09-29,2026-11-13,45,ABERTO,,0
PRZ000656,EXP000620,PGR-00072336/2026,DOCUMENTO,CIVINT/STIC,RESPOSTA,2026-09-29,2026-10-06,7,ABERTO,,1
PRZ000657,EXP000621,PGR-00046679/2026,DOCUMENTO,CIVINT/STIC,RESPOSTA,2026-10-06,2026-11-19,44,ABERTO,,0
PRZ000658,EXP000622,PGR-00092807/2026,DOCUMENTO,CIVINT/STIC,RESPOSTA,2026-10-05,2026-10-13,8,ABERTO,,0
PRZ000659,EXP000623,PGR-00012460/2026,DOCUMENTO,CIVINT/STIC,RESPOSTA,2026-09-28,2026-10-07,9,ABERTO,,0
PRZ000660,EXP000624,PGR-00006014/2026,DOCUMENTO,CIVINT/STIC,RESPOSTA,2026-09-29,2026-10-13,14,ABERTO,,0
PRZ000661,EXP000625,PGR-00071915/2026,DOCUMENTO,CIVINT/STIC,RESPOSTA,2026-10-02,2026-10-10,8,ABERTO,,0
PRZ000662,EXP000626,PGR-00093684/2026,DOCUMENTO,CIVINT/STIC,RESPOSTA,2026-09-29,2026-12-05,67,ABERTO,,0
PRZ000663,EXP000627,PGR-00003670/2026,DOCUMENTO,CIVINT/STIC,RESPOSTA,2026-10-04,2026-12-21,78,ABERTO,,0
PRZ000664,EXP000628,PGR-00092551/2026,DOCUMENTO,CIVINT/STIC,RESPOSTA,2026-10-07,2026-10-08,1,ABERTO,,0
PRZ000665,EXP000629,PGR-00036625/2026,DOCUMENTO,CIVINT/STIC,RESPOSTA,2026-10-02,2026-10-27,25,ABERTO,,0
PRZ000666,EXP000630,PGR-00077128/2026,DOCUMENTO,CIVINT/STIC,RESPOSTA,2026-10-04,2026-10-10,6,ABERTO,,0
PRZ000667,EXP000631,PGR-00059662/2026,DOCUMENTO,CIVINT/STIC,RESPOSTA,2026-10-06,2026-10-07,1,ABERTO,,0
PRZ000668,EXP000632,PGR-00055571/2026,DOCUMENTO,CIVINT/STIC,RESPOSTA,2026-10-05,2026-12-06,62,ABERTO,,0
PRZ000669,EXP000633,PGR-00092832/2026,DOCUMENTO,CIVINT/STIC,RESPOSTA,2026-10-02,2027-01-03,93,ABERTO,,0
PRZ000670,EXP000634,PGR-00018686/2026,DOCUMENTO,CIVINT/STIC,RESPOSTA,2026-10-04,2026-12-06,63,ABERTO,,0
PRZ000671,EXP000635,PGR-00091412/2026,DOCUMENTO,CIVINT/STIC,RESPOSTA,2026-10-05,2026-10-18,13,ABERTO,,0
PRZ000672,EXP000636,PGR-00058314/2026,DOCUMENTO,CIVINT/STIC,RESPOSTA,2026-09-30,2026-10-08,8,ABERTO,,0
PRZ000673,EXP000637,PGR-00032083/2026,DOCUMENTO,CIVINT/STIC,RESPOSTA,2026-10-02,2026-10-13,11,ABERTO,,0
PRZ000674,EXP000638,PGR-00031973/2026,DOCUMENTO,CIVINT/STIC,RESPOSTA,2026-09-28,2026-10-09,11,ABERTO,,0
PRZ000675,EXP000639,PGR-00061575/2026,DOCUMENTO,CIVINT/STIC,RESPOSTA,2026-10-05,2026-12-21,77,ABERTO,,0
PRZ000676,EXP000640,PGR-00092548/2026,DOCUMENTO,CIVINT/STIC,RESPOSTA,2026-10-01,2026-12-08,68,ABERTO,,0
PRZ000677,EXP000641,PGR-00084003/2026,DOCUMENTO,CIVINT/STIC,RESPOSTA,2026-10-04,2026-12-13,70,ABERTO,,0
PRZ000678,EXP000642,PGR-00037144/2026,DOCUMENTO,CIVINT/STIC,RESPOSTA,2026-09-29,2026-12-28,90,ABERTO,,0
PRZ000679,EXP000643,PGR-00008659/2026,DOCUMENTO,CIVINT/STIC,RESPOSTA,2026-10-05,2026-11-14,40,ABERTO,,0
PRZ000680,EXP000644,PGR-00002285/2026,DOCUMENTO,CIVINT/STIC,RESPOSTA,2026-10-06,2026-10-12,6,ABERTO,,0
PRZ000681,EXP000645,PGR-00055341/2026,DOCUMENTO,CIVINT/STIC,RESPOSTA,2026-10-06,2026-11-25,50,ABERTO,,0
PRZ000682,EXP000646,PGR-00014596/2026,DOCUMENTO,CIVINT/STIC,RESPOSTA,2026-10-03,2026-10-04,1,ABERTO,,3
PRZ000683,EXP000647,PGR-00012135/2026,DOCUMENTO,CIVINT/STIC,RESPOSTA,2026-10-06,2026-10-11,5,ABERTO,,0
PRZ000684,EXP000648,PGR-00015769/2026,DOCUMENTO,CIVINT/STIC,RESPOSTA,2026-09-30,2026-11-02,33,ABERTO,,0
PRZ000685,EXP000649,PGR-00037044/2026,DOCUMENTO,CIVINT/STIC,RESPOSTA,2026-10-02,2026-10-03,1,ABERTO,,4
PRZ000686,EXP000650,PGR-00076785/2026,DOCUMENTO,CIVINT/STIC,RESPOSTA,2026-10-07,2026-10-26,19,ABERTO,,0
PRZ000687,EXP000651,PGR-00089025/2026,DOCUMENTO,CIVINT/STIC,RESPOSTA,2026-10-03,2026-10-09,6,ABERTO,,0
PRZ000688,EXP000652,PGR-00075629/2026,DOCUMENTO,CIVINT/STIC,RESPOSTA,2026-10-05,2026-12-06,62,ABERTO,,0
PRZ000689,EXP000653,PGR-00071280/2026,DOCUMENTO,CIVINT/STIC,RESPOSTA,2026-10-01,2026-10-02,1,ABERTO,,5
PRZ000690,EXP000654,PGR-00020853/2026,DOCUMENTO,CIVINT/STIC,RESPOSTA,2026-10-01,2027-01-05,96,ABERTO,,0
PRZ000691,EXP000655,PGR-00087204/2026,DOCUMENTO,CIVINT/STIC,RESPOSTA,2026-10-04,2026-10-08,4,ABERTO,,0
PRZ000692,EXP000656,PGR-00096711/2026,DOCUMENTO,CIVINT/STIC,RESPOSTA,2026-09-29,2026-09-30,1,ABERTO,,7
PRZ000693,EXP000657,PGR-00036598/2026,DOCUMENTO,CIVINT/STIC,RESPOSTA,2026-09-28,2026-10-20,22,ABERTO,,0
PRZ000694,EXP000658,PGR-00018915/2026,DOCUMENTO,CIVINT/STIC,RESPOSTA,2026-10-03,2026-10-10,7,ABERTO,,0
PRZ000695,EXP000659,PGR-00054867/2026,DOCUMENTO,CIVINT/STIC,RESPOSTA,2026-10-05,2026-11-21,47,ABERTO,,0
PRZ000696,EXP000660,PGR-00045064/2026,DOCUMENTO,CIVINT/STIC,RESPOSTA,2026-10-07,2026-11-19,43,ABERTO,,0
PRZ000697,EXP000661,PGR-00086761/2026,DOCUMENTO,CIVINT/STIC,RESPOSTA,2026-09-28,2026-11-21,54,ABERTO,,0
PRZ000698,EXP000662,PGR-00007096/2026,DOCUMENTO,CIVINT/STIC,RESPOSTA,2026-09-29,2026-10-07,8,ABERTO,,0
PRZ000699,EXP000663,PGR-00056434/2026,DOCUMENTO,CIVINT/STIC,RESPOSTA,2026-09-29,2026-11-14,46,ABERTO,,0
PRZ000700,EXP000664,PGR-00054845/2026,DOCUMENTO,CIVINT/STIC,RESPOSTA,2026-10-05,2026-10-06,1,ABERTO,,1
PRZ000701,EXP000665,PGR-00099750/2026,DOCUMENTO,CIVINT/STIC,RESPOSTA,2026-10-01,2026-12-21,81,ABERTO,,0
PRZ000702,EXP000666,PGR-00047725/2026,DOCUMENTO,CIVINT/STIC,RESPOSTA,2026-09-28,2026-12-30,93,ABERTO,,0
PRZ000703,EXP000667,PGR-00086045/2026,DOCUMENTO,CIVINT/STIC,RESPOSTA,2026-10-03,2026-10-30,27,ABERTO,,0
PRZ000704,EXP000668,PGR-00043105/2026,DOCUMENTO,CIVINT/STIC,RESPOSTA,2026-09-30,2026-10-11,11,ABERTO,,0
PRZ000705,EXP000669,PGR-00025759/2026,DOCUMENTO,CIVINT/STIC,RESPOSTA,2026-10-01,2026-10-18,17,ABERTO,,0
PRZ000706,EXP000670,PGR-00044132/2026,DOCUMENTO,CIVINT/STIC,RESPOSTA,2026-10-05,2026-11-26,52,ABERTO,,0
PRZ000707,EXP000671,PGR-00079697/2026,DOCUMENTO,CIVINT/STIC,RESPOSTA,2026-10-07,2027-01-03,88,ABERTO,,0
PRZ000708,EXP000672,PGR-00078267/2026,DOCUMENTO,CIVINT/STIC,RESPOSTA,2026-10-03,2026-10-11,8,ABERTO,,0
PRZ000709,EXP000673,PGR-00038253/2026,DOCUMENTO,CIVINT/STIC,RESPOSTA,2026-10-07,2026-10-18,11,ABERTO,,0
PRZ000710,EXP000674,PGR-00016892/2026,DOCUMENTO,CIVINT/STIC,RESPOSTA,2026-09-29,2026-12-19,81,ABERTO,,0
PRZ000711,EXP000675,PGR-00054561/2026,DOCUMENTO,CIVINT/STIC,RESPOSTA,2026-09-30,2026-11-21,52,ABERTO,,0
PRZ000712,EXP000676,PGR-00013986/2026,DOCUMENTO,CIVINT/STIC,RESPOSTA,2026-10-01,2026-12-24,84,ABERTO,,0
PRZ000713,EXP000677,PGR-00077436/2026,DOCUMENTO,CIVINT/STIC,RESPOSTA,2026-10-05,2026-10-11,6,ABERTO,,0
PRZ000714,EXP000678,PGR-00098583/2026,DOCUMENTO,CIVINT/STIC,RESPOSTA,2026-10-01,2026-12-28,88,ABERTO,,0
PRZ000715,EXP000679,PGR-00019276/2026,DOCUMENTO,CIVINT/STIC,RESPOSTA,2026-10-01,2027-01-05,96,ABERTO,,0
PRZ000716,EXP000680,PGR-00090318/2026,DOCUMENTO,CIVINT/STIC,RESPOSTA,2026-09-29,2026-10-14,15,ABERTO,,0
PRZ000717,EXP000681,PGR-00098991/2026,DOCUMENTO,CIVINT/STIC,RESPOSTA,2026-10-01,2026-11-08,38,ABERTO,,0
PRZ000718,EXP000682,PGR-00092623/2026,DOCUMENTO,CIVINT/STIC,RESPOSTA,2026-09-28,2026-10-22,24,ABERTO,,0
PRZ000719,EXP000683,PGR-00093740/2026,DOCUMENTO,CIVINT/STIC,RESPOSTA,2026-10-02,2026-11-06,35,ABERTO,,0
PRZ000720,EXP000684,PGR-00024414/2026,DOCUMENTO,CIVINT/STIC,RESPOSTA,2026-09-29,2026-11-15,47,ABERTO,,0
PRZ000721,EXP000685,PGR-00012886/2026,DOCUMENTO,CIVINT/STIC,RESPOSTA,2026-10-01,2026-12-26,86,ABERTO,,0
PRZ000722,EXP000686,PGR-00076788/2026,DOCUMENTO,CIVINT/STIC,RESPOSTA,2026-09-28,2026-10-13,15,ABERTO,,0
PRZ000723,EXP000687,PGR-00008621/2026,DOCUMENTO,CIVINT/STIC,RESPOSTA,2026-10-03,2026-10-12,9,ABERTO,,0
PRZ000724,EXP000688,PGR-00005478/2026,DOCUMENTO,CIVINT/STIC,RESPOSTA,2026-10-03,2026-10-09,6,ABERTO,,0
PRZ000725,EXP000689,PGR-00038412/2026,DOCUMENTO,CIVINT/STIC,RESPOSTA,2026-09-27,2026-12-30,94,ABERTO,,0
PRZ000726,EXP000690,PGR-00047496/2026,DOCUMENTO,CIVINT/STIC,RESPOSTA,2026-10-07,2026-11-26,50,ABERTO,,0
PRZ000727,EXP000691,PGR-00067198/2026,DOCUMENTO,CIVINT/STIC,RESPOSTA,2026-10-06,2026-11-25,50,ABERTO,,0
PRZ000728,EXP000692,PGR-00059393/2026,DOCUMENTO,CIVINT/STIC,RESPOSTA,2026-09-30,2026-11-12,43,ABERTO,,0
PRZ000729,EXP000693,PGR-00038874/2026,DOCUMENTO,CIVINT/STIC,RESPOSTA,2026-10-02,2026-12-05,64,ABERTO,,0
PRZ000730,EXP000694,PGR-00086168/2026,DOCUMENTO,CIVINT/STIC,RESPOSTA,2026-10-06,2026-12-03,58,ABERTO,,0
PRZ000731,EXP000695,PGR-00066309/2026,DOCUMENTO,CIVINT/STIC,RESPOSTA,2026-09-30,2026-10-01,1,ABERTO,,6
PRZ000732,EXP000696,PGR-00049844/2026,DOCUMENTO,CIVINT/STIC,RESPOSTA,2026-10-06,2026-10-25,19,ABERTO,,0
PRZ000733,EXP000697,PGR-00028860/2026,DOCUMENTO,CIVINT/STIC,RESPOSTA,2026-10-05,2026-10-09,4,ABERTO,,0
PRZ000734,EXP000698,PGR-00005164/2026,DOCUMENTO,CIVINT/STIC,RESPOSTA,2026-10-06,2026-10-08,2,ABERTO,,0
PRZ000735,EXP000699,PGR-00054856/2026,DOCUMENTO,CIVINT/STIC,RESPOSTA,2026-09-30,2026-10-27,27,ABERTO,,0
PRZ000736,EXP000700,PGR-00070842/2026,DOCUMENTO,CIVINT/STIC,RESPOSTA,2026-10-02,2026-12-17,76,ABERTO,,0
PRZ000737,EXP000701,PGR-00087003/2026,DOCUMENTO,CIVINT/STIC,RESPOSTA,2026-10-07,2026-10-28,21,ABERTO,,0
PRZ000738,EXP000702,PGR-00026641/2026,DOCUMENTO,CIVINT/STIC,RESPOSTA,2026-10-02,2026-11-13,42,ABERTO,,0
PRZ000739,EXP000703,PGR-00061327/2026,DOCUMENTO,CIVINT/STIC,RESPOSTA,2026-09-28,2026-10-13,15,ABERTO,,0
PRZ000740,EXP000704,PGR-00070305/2026,DOCUMENTO,CIVINT/STIC,RESPOSTA,2026-10-07,2026-10-22,15,ABERTO,,0
PRZ000741,EXP000705,PGR-00031283/2026,DOCUMENTO,CIVINT/STIC,RESPOSTA,2026-10-03,2026-10-04,1,ABERTO,,3
PRZ000742,EXP000706,PGR-00066375/2026,DOCUMENTO,CIVINT/STIC,RESPOSTA,2026-10-05,2026-10-28,23,ABERTO,,0
PRZ000743,EXP000707,PGR-00005150/2026,DOCUMENTO,CIVINT/STIC,RESPOSTA,2026-10-06,2026-12-30,85,ABERTO,,0
PRZ000744,EXP000708,PGR-00014885/2026,DOCUMENTO,CIVINT/STIC,RESPOSTA,2026-09-29,2026-09-30,1,ABERTO,,7
PRZ000745,EXP000709,PGR-00063848/2026,DOCUMENTO,CIVINT/STIC,RESPOSTA,2026-09-28,2026-11-16,49,ABERTO,,0
PRZ000746,EXP000710,PGR-00021719/2026,DOCUMENTO,CIVINT/STIC,RESPOSTA,2026-09-30,2026-10-14,14,ABERTO,,0
PRZ000747,EXP000711,PGR-00050958/2026,DOCUMENTO,CIVINT/STIC,RESPOSTA,2026-09-30,2026-10-12,12,ABERTO,,0
PRZ000748,EXP000712,PGR-00027122/2026,DOCUMENTO,CIVINT/STIC,RESPOSTA,2026-09-30,2026-12-17,78,ABERTO,,0
PRZ000749,EXP000713,PGR-00021503/2026,DOCUMENTO,CIVINT/STIC,RESPOSTA,2026-09-27,2026-11-24,58,ABERTO,,0
PRZ000750,EXP000714,PGR-00034854/2026,DOCUMENTO,CIVINT/STIC,RESPOSTA,2026-10-07,2026-10-10,3,ABERTO,,0
PRZ000751,EXP000715,PGR-00097775/2026,DOCUMENTO,CIVINT/STIC,RESPOSTA,2026-10-07,2026-10-08,1,ABERTO,,0
PRZ000752,EXP000716,PGR-00025426/2026,DOCUMENTO,CIVINT/STIC,RESPOSTA,2026-09-28,2026-12-04,67,ABERTO,,0
PRZ000753,EXP000717,PGR-00058975/2026,DOCUMENTO,CIVINT/STIC,RESPOSTA,2026-10-04,2026-11-18,45,ABERTO,,0
PRZ000754,EXP000718,PGR-00026844/2026,DOCUMENTO,CIVINT/STIC,RESPOSTA,2026-10-05,2026-11-25,51,ABERTO,,0
PRZ000755,EXP000719,PGR-00003299/2026,DOCUMENTO,CIVINT/STIC,RESPOSTA,2026-10-02,2026-11-12,41,ABERTO,,0
PRZ000756,EXP000720,PGR-00048532/2026,DOCUMENTO,CIVINT/STIC,RESPOSTA,2026-10-06,2026-12-16,71,ABERTO,,0
PRZ000757,EXP000721,PGR-00044029/2026,DOCUMENTO,CIVINT/STIC,RESPOSTA,2026-10-01,2026-11-12,42,ABERTO,,0
PRZ000758,EXP000722,PGR-00012517/2026,DOCUMENTO,CIVINT/STIC,RESPOSTA,2026-09-27,2026-10-07,10,ABERTO,,0
PRZ000759,EXP000723,PGR-00027665/2026,DOCUMENTO,CIVINT/STIC,RESPOSTA,2026-10-04,2026-10-14,10,ABERTO,,0
PRZ000760,EXP000724,PGR-00097867/2026,DOCUMENTO,CIVINT/STIC,RESPOSTA,2026-10-05,2026-12-21,77,ABERTO,,0
PRZ000761,EXP000725,PGR-00014655/2026,DOCUMENTO,CIVINT/STIC,RESPOSTA,2026-10-04,2026-10-05,1,ABERTO,,2
PRZ000762,EXP000726,PGR-00081916/2026,DOCUMENTO,CIVINT/STIC,RESPOSTA,2026-09-30,2026-10-31,31,ABERTO,,0
PRZ000763,EXP000727,PGR-00039603/2026,DOCUMENTO,CIVINT/STIC,RESPOSTA,2026-10-05,2026-12-25,81,ABERTO,,0
PRZ000764,EXP000728,PGR-00042787/2026,DOCUMENTO,CIVINT/STIC,RESPOSTA,2026-10-07,2026-10-12,5,ABERTO,,0
PRZ000765,EXP000729,PGR-00051524/2026,DOCUMENTO,CIVINT/STIC,RESPOSTA,2026-09-29,2026-11-24,56,ABERTO,,0
PRZ000766,EXP000730,PGR-00097687/2026,DOCUMENTO,CIVINT/STIC,RESPOSTA,2026-10-01,2026-10-18,17,ABERTO,,0
PRZ000767,EXP000731,PGR-00080853/2026,DOCUMENTO,CIVINT/STIC,RESPOSTA,2026-10-07,2026-10-08,1,ABERTO,,0
PRZ000768,EXP000732,PGR-00090425/2026,DOCUMENTO,CIVINT/STIC,RESPOSTA,2026-09-28,2026-12-20,83,ABERTO,,0
PRZ000769,EXP000733,PGR-00071975/2026,DOCUMENTO,CIVINT/STIC,RESPOSTA,2026-10-05,2026-12-03,59,ABERTO,,0
PRZ000770,EXP000734,PGR-00083261/2026,DOCUMENTO,CIVINT/STIC,RESPOSTA,2026-10-02,2026-10-11,9,ABERTO,,0
PRZ000771,EXP000735,PGR-00077243/2026,DOCUMENTO,CIVINT/STIC,RESPOSTA,2026-09-29,2026-12-23,85,ABERTO,,0
PRZ000772,EXP000736,PGR-00044178/2026,DOCUMENTO,CIVINT/STIC,RESPOSTA,2026-09-28,2027-01-02,96,ABERTO,,0
PRZ000773,EXP000737,PGR-00000545/2026,DOCUMENTO,CIVINT/STIC,RESPOSTA,2026-10-06,2026-11-28,53,ABERTO,,0
PRZ000774,EXP000738,PGR-00012718/2026,DOCUMENTO,CIVINT/STIC,RESPOSTA,2026-10-01,2026-11-25,55,ABERTO,,0
PRZ000775,EXP000739,PGR-00049090/2026,DOCUMENTO,CIVINT/STIC,RESPOSTA,2026-10-04,2026-10-05,1,ABERTO,,2
PRZ000776,EXP000740,PGR-00022703/2026,DOCUMENTO,CIVINT/STIC,RESPOSTA,2026-10-04,2026-10-11,7,ABERTO,,0
PRZ000777,EXP000741,PGR-00067622/2026,DOCUMENTO,CIVINT/STIC,RESPOSTA,2026-10-05,2026-10-08,3,ABERTO,,0
PRZ000778,EXP000742,PGR-00091388/2026,DOCUMENTO,CIVINT/STIC,RESPOSTA,2026-09-29,2026-11-14,46,ABERTO,,0
PRZ000779,EXP000743,PGR-00025597/2026,DOCUMENTO,CIVINT/STIC,RESPOSTA,2026-10-04,2026-11-18,45,ABERTO,,0
PRZ000780,EXP000744,PGR-00077639/2026,DOCUMENTO,CIVINT/STIC,RESPOSTA,2026-09-29,2026-11-17,49,ABERTO,,0
PRZ000781,EXP000745,PGR-00074128/2026,DOCUMENTO,CIVINT/STIC,RESPOSTA,2026-10-02,2026-10-08,6,ABERTO,,0
PRZ000782,EXP000746,PGR-00098576/2026,DOCUMENTO,CIVINT/STIC,RESPOSTA,2026-09-30,2026-12-25,86,ABERTO,,0
PRZ000783,EXP000747,PGR-00028016/2026,DOCUMENTO,CIVINT/STIC,RESPOSTA,2026-10-07,2026-10-08,1,ABERTO,,0
PRZ000784,EXP000748,PGR-00052877/2026,DOCUMENTO,CIVINT/STIC,RESPOSTA,2026-10-01,2026-11-28,58,ABERTO,,0
PRZ000785,EXP000749,PGR-00074505/2026,DOCUMENTO,CIVINT/STIC,RESPOSTA,2026-09-27,2026-10-20,23,ABERTO,,0
PRZ000786,EXP000750,PGR-00006912/2026,DOCUMENTO,CIVINT/STIC,RESPOSTA,2026-10-03,2026-10-12,9,ABERTO,,0
PRZ000787,EXP000751,PGR-00096567/2026,DOCUMENTO,CIVINT/STIC,RESPOSTA,2026-09-27,2026-10-18,21,ABERTO,,0
PRZ000788,EXP000752,PGR-00037770/2026,DOCUMENTO,CIVINT/STIC,RESPOSTA,2026-09-27,2026-10-25,28,ABERTO,,0
PRZ000789,EXP000753,PGR-00056214/2026,DOCUMENTO,CIVINT/STIC,RESPOSTA,2026-10-06,2026-10-08,2,ABERTO,,0
PRZ000790,EXP000754,PGR-00083041/2026,DOCUMENTO,CIVINT/STIC,RESPOSTA,2026-10-03,2026-10-12,9,ABERTO,,0
PRZ000791,EXP000755,PGR-00075446/2026,DOCUMENTO,CIVINT/STIC,RESPOSTA,2026-10-07,2026-10-10,3,ABERTO,,0
PRZ000792,EXP000756,PGR-00074101/2026,DOCUMENTO,CIVINT/STIC,RESPOSTA,2026-10-05,2026-11-22,48,ABERTO,,0
PRZ000793,EXP000757,PGR-00093072/2026,DOCUMENTO,CIVINT/STIC,RESPOSTA,2026-10-04,2026-10-12,8,ABERTO,,0
PRZ000794,EXP000758,PGR-00002562/2026,DOCUMENTO,CIVINT/STIC,RESPOSTA,2026-10-03,2026-11-08,36,ABERTO,,0
PRZ000795,EXP000759,PGR-00005185/2026,DOCUMENTO,CIVINT/STIC,RESPOSTA,2026-09-29,2026-10-31,32,ABERTO,,0
PRZ000796,EXP000760,PGR-00097656/2026,DOCUMENTO,CIVINT/STIC,RESPOSTA,2026-09-28,2026-12-24,87,ABERTO,,0
PRZ000797,EXP000761,PGR-00014359/2026,DOCUMENTO,CIVINT/STIC,RESPOSTA,2026-10-06,2026-12-08,63,ABERTO,,0
PRZ000798,EXP000762,PGR-00097731/2026,DOCUMENTO,CIVINT/STIC,RESPOSTA,2026-10-01,2026-12-09,69,ABERTO,,0
PRZ000799,EXP000763,PGR-00026693/2026,DOCUMENTO,CIVINT/STIC,RESPOSTA,2026-10-06,2026-11-04,29,ABERTO,,0
PRZ000800,EXP000764,PGR-00047307/2026,DOCUMENTO,CIVINT/STIC,RESPOSTA,2026-10-05,2026-10-14,9,ABERTO,,0
PRZ000801,EXP000765,PGR-00072137/2026,DOCUMENTO,CIVINT/STIC,RESPOSTA,2026-10-02,2026-11-28,57,ABERTO,,0
PRZ000802,EXP000766,PGR-00074029/2026,DOCUMENTO,CIVINT/STIC,RESPOSTA,2026-10-04,2026-10-05,1,ABERTO,,2
PRZ000803,EXP000767,PGR-00030456/2026,DOCUMENTO,CIVINT/STIC,RESPOSTA,2026-10-06,2026-10-11,5,ABERTO,,0
PRZ000804,EXP000768,PGR-00036139/2026,DOCUMENTO,CIVINT/STIC,RESPOSTA,2026-10-07,2026-10-08,1,ABERTO,,0
PRZ000805,EXP000769,PGR-00099866/2026,DOCUMENTO,CIVINT/STIC,RESPOSTA,2026-10-05,2026-11-26,52,ABERTO,,0
PRZ000806,EXP000770,PGR-00059284/2026,DOCUMENTO,CIVINT/STIC,RESPOSTA,2026-10-03,2026-10-04,1,ABERTO,,3
PRZ000807,EXP000771,PGR-00090377/2026,DOCUMENTO,CIVINT/STIC,RESPOSTA,2026-10-01,2026-12-17,77,ABERTO,,0
PRZ000808,EXP000772,PGR-00088543/2026,DOCUMENTO,CIVINT/STIC,RESPOSTA,2026-10-05,2026-12-04,60,ABERTO,,0
PRZ000809,EXP000773,PGR-00033821/2026,DOCUMENTO,CIVINT/STIC,RESPOSTA,2026-10-06,2026-12-05,60,ABERTO,,0
PRZ000810,EXP000774,PGR-00088551/2026,DOCUMENTO,CIVINT/STIC,RESPOSTA,2026-09-30,2026-10-30,30,ABERTO,,0
PRZ000811,EXP000775,PGR-00015402/2026,DOCUMENTO,CIVINT/STIC,RESPOSTA,2026-10-04,2027-01-03,91,ABERTO,,0
PRZ000812,EXP000776,PGR-00021927/2026,DOCUMENTO,CIVINT/STIC,RESPOSTA,2026-09-30,2026-12-29,90,ABERTO,,0
PRZ000813,EXP000777,PGR-00067056/2026,DOCUMENTO,CIVINT/STIC,RESPOSTA,2026-10-03,2026-12-10,68,ABERTO,,0
PRZ000814,EXP000778,PGR-00023386/2026,DOCUMENTO,CIVINT/STIC,RESPOSTA,2026-10-01,2026-10-21,20,ABERTO,,0
PRZ000815,EXP000779,PGR-00084728/2026,DOCUMENTO,CIVINT/STIC,RESPOSTA,2026-09-28,2026-10-10,12,ABERTO,,0
PRZ000816,EXP000780,PGR-00006852/2026,DOCUMENTO,CIVINT/STIC,RESPOSTA,2026-10-07,2026-10-08,1,ABERTO,,0
PRZ000817,EXP000781,PGR-00071412/2026,DOCUMENTO,CIVINT/STIC,RESPOSTA,2026-10-06,2026-10-10,4,ABERTO,,0
PRZ000818,EXP000782,PGR-00051491/2026,DOCUMENTO,CIVINT/STIC,RESPOSTA,2026-09-29,2026-10-29,30,ABERTO,,0
PRZ000819,EXP000783,PGR-00064772/2026,DOCUMENTO,CIVINT/STIC,RESPOSTA,2026-09-28,2026-10-24,26,ABERTO,,0
PRZ000820,EXP000784,PGR-00004336/2026,DOCUMENTO,CIVINT/STIC,RESPOSTA,2026-10-04,2026-11-13,40,ABERTO,,0
PRZ000821,EXP000785,PGR-00058850/2026,DOCUMENTO,CIVINT/STIC,RESPOSTA,2026-10-02,2026-10-13,11,ABERTO,,0
PRZ000822,EXP000786,PGR-00057053/2026,DOCUMENTO,CIVINT/STIC,RESPOSTA,2026-09-28,2026-10-25,27,ABERTO,,0
PRZ000823,EXP000787,PGR-00016171/2026,DOCUMENTO,CIVINT/STIC,RESPOSTA,2026-09-28,2026-12-04,67,ABERTO,,0
PRZ000824,EXP000788,PGR-00020444/2026,DOCUMENTO,CIVINT/STIC,RESPOSTA,2026-10-02,2026-11-17,46,ABERTO,,0
PRZ000825,EXP000789,PGR-00073478/2026,DOCUMENTO,CIVINT/STIC,RESPOSTA,2026-10-06,2026-12-24,79,ABERTO,,0
PRZ000826,EXP000790,PGR-00062500/2026,DOCUMENTO,CIVINT/STIC,RESPOSTA,2026-10-06,2026-10-07,1,ABERTO,,0
PRZ000827,EXP000791,PGR-00042935/2026,DOCUMENTO,CIVINT/STIC,RESPOSTA,2026-09-30,2026-10-10,10,ABERTO,,0
PRZ000828,EXP000792,PGR-00097016/2026,DOCUMENTO,CIVINT/STIC,RESPOSTA,2026-10-01,2026-10-10,9,ABERTO,,0
PRZ000829,EXP000793,PGR-00042368/2026,DOCUMENTO,CIVINT/STIC,RESPOSTA,2026-10-01,2026-10-08,7,ABERTO,,0
PRZ000830,EXP000794,PGR-00024730/2026,DOCUMENTO,CIVINT/STIC,RESPOSTA,2026-10-02,2026-10-26,24,ABERTO,,0
PRZ000831,EXP000795,PGR-00073195/2026,DOCUMENTO,CIVINT/STIC,RESPOSTA,2026-10-01,2026-10-12,11,ABERTO,,0
PRZ000832,EXP000796,PGR-00067503/2026,DOCUMENTO,CIVINT/STIC,RESPOSTA,2026-10-03,2026-10-11,8,ABERTO,,0
PRZ000833,EXP000797,PGR-00099675/2026,DOCUMENTO,CIVINT/STIC,RESPOSTA,2026-09-29,2026-10-11,12,ABERTO,,0
PRZ000834,EXP000798,PGR-00064995/2026,DOCUMENTO,CIVINT/STIC,RESPOSTA,2026-09-28,2026-10-23,25,ABERTO,,0
PRZ000835,EXP000799,PGR-00075452/2026,DOCUMENTO,CIVINT/STIC,RESPOSTA,2026-10-01,2026-12-13,73,ABERTO,,0
PRZ000836,EXP000800,PGR-00038667/2026,DOCUMENTO,CIVINT/STIC,RESPOSTA,2026-10-02,2026-10-09,7,ABERTO,,0
PRZ000837,EXP000801,PGR-00044281/2026,DOCUMENTO,CIVINT/STIC,RESPOSTA,2026-09-30,2026-10-14,14,ABERTO,,0
PRZ000838,EXP000802,PGR-00015148/2026,DOCUMENTO,CIVINT/STIC,RESPOSTA,2026-10-03,2026-10-07,4,ABERTO,,0
PRZ000839,EXP000803,PGR-00086599/2026,DOCUMENTO,CIVINT/STIC,RESPOSTA,2026-10-03,2026-10-05,2,ABERTO,,2
PRZ000840,EXP000804,PGR-00068815/2026,DOCUMENTO,CIVINT/STIC,RESPOSTA,2026-09-29,2027-01-05,98,ABERTO,,0
PRZ000841,EXP000805,PGR-00036369/2026,DOCUMENTO,CIVINT/STIC,RESPOSTA,2026-10-03,2026-12-27,85,ABERTO,,0
PRZ000842,EXP000806,PGR-00030263/2026,DOCUMENTO,CIVINT/STIC,RESPOSTA,2026-10-01,2026-10-10,9,ABERTO,,0
PRZ000843,EXP000807,PGR-00099457/2026,DOCUMENTO,CIVINT/STIC,RESPOSTA,2026-10-03,2026-10-13,10,ABERTO,,0
PRZ000844,EXP000808,PGR-00037699/2026,DOCUMENTO,CIVINT/STIC,RESPOSTA,2026-10-07,2026-12-08,62,ABERTO,,0
PRZ000845,EXP000809,PGR-00057232/2026,DOCUMENTO,CIVINT/STIC,RESPOSTA,2026-09-28,2026-10-21,23,ABERTO,,0
PRZ000846,EXP000810,PGR-00014172/2026,DOCUMENTO,CIVINT/STIC,RESPOSTA,2026-10-03,2026-10-09,6,ABERTO,,0
PRZ000847,EXP000811,PGR-00082907/2026,DOCUMENTO,CIVINT/STIC,RESPOSTA,2026-10-02,2026-10-03,1,ABERTO,,4
PRZ000848,EXP000812,PGR-00053614/2026,DOCUMENTO,CIVINT/STIC,RESPOSTA,2026-10-06,2026-10-11,5,ABERTO,,0
PRZ000849,EXP000813,PGR-00061284/2026,DOCUMENTO,CIVINT/STIC,RESPOSTA,2026-10-06,2026-10-07,1,ABERTO,,0
PRZ000850,EXP000814,PGR-00071144/2026,DOCUMENTO,CIVINT/STIC,RESPOSTA,2026-10-02,2026-10-08,6,ABERTO,,0
PRZ000851,EXP000815,PGR-00017789/2026,DOCUMENTO,CIVINT/STIC,RESPOSTA,2026-10-06,2026-11-27,52,ABERTO,,0
PRZ000852,EXP000816,PGR-00024096/2026,DOCUMENTO,CIVINT/STIC,RESPOSTA,2026-10-03,2026-10-13,10,ABERTO,,0
PRZ000853,EXP000817,PGR-00060209/2026,DOCUMENTO,CIVINT/STIC,RESPOSTA,2026-09-30,2026-10-01,1,ABERTO,,6
PRZ000854,EXP000818,PGR-00021720/2026,DOCUMENTO,CIVINT/STIC,RESPOSTA,2026-10-02,2026-12-11,70,ABERTO,,0
PRZ000855,EXP000819,PGR-00090584/2026,DOCUMENTO,CIVINT/STIC,RESPOSTA,2026-09-29,2026-10-10,11,ABERTO,,0
PRZ000856,EXP000820,PGR-00028212/2026,DOCUMENTO,CIVINT/STIC,RESPOSTA,2026-10-02,2026-12-14,73,ABERTO,,0
PRZ000857,EXP000821,PGR-00023300/2026,DOCUMENTO,CIVINT/STIC,RESPOSTA,2026-09-28,2026-10-12,14,ABERTO,,0
PRZ000858,EXP000822,PGR-00007446/2026,DOCUMENTO,CIVINT/STIC,RESPOSTA,2026-10-05,2026-11-23,49,ABERTO,,0
PRZ000859,EXP000823,PGR-00089926/2026,DOCUMENTO,CIVINT/STIC,RESPOSTA,2026-09-28,2026-10-08,10,ABERTO,,0
PRZ000860,EXP000824,PGR-00098437/2026,DOCUMENTO,CIVINT/STIC,RESPOSTA,2026-10-04,2026-11-30,57,ABERTO,,0
PRZ000861,EXP000825,PGR-00065304/2026,DOCUMENTO,CIVINT/STIC,RESPOSTA,2026-10-02,2026-10-07,5,ABERTO,,0
PRZ000862,EXP000826,PGR-00081940/2026,DOCUMENTO,CIVINT/STIC,RESPOSTA,2026-10-01,2026-12-30,90,ABERTO,,0
PRZ000863,EXP000827,PGR-00038952/2026,DOCUMENTO,CIVINT/STIC,RESPOSTA,2026-10-01,2026-10-07,6,ABERTO,,0
PRZ000864,EXP000828,PGR-00034128/2026,DOCUMENTO,CIVINT/STIC,RESPOSTA,2026-09-30,2026-11-12,43,ABERTO,,0
PRZ000865,EXP000829,PGR-00072823/2026,DOCUMENTO,CIVINT/STIC,RESPOSTA,2026-10-01,2026-11-04,34,ABERTO,,0
PRZ000866,EXP000830,PGR-00085048/2026,DOCUMENTO,CIVINT/STIC,RESPOSTA,2026-10-01,2026-10-07,6,ABERTO,,0
PRZ000867,EXP000831,PGR-00034871/2026,DOCUMENTO,CIVINT/STIC,RESPOSTA,2026-10-07,2026-12-19,73,ABERTO,,0
PRZ000868,EXP000832,PGR-00010459/2026,DOCUMENTO,CIVINT/STIC,RESPOSTA,2026-09-28,2026-10-13,15,ABERTO,,0
PRZ000869,EXP000833,PGR-00039345/2026,DOCUMENTO,CIVINT/STIC,RESPOSTA,2026-09-29,2026-10-21,22,ABERTO,,0
PRZ000870,EXP000834,PGR-00079874/2026,DOCUMENTO,CIVINT/STIC,RESPOSTA,2026-09-28,2026-12-29,92,ABERTO,,0
PRZ000871,EXP000835,PGR-00095664/2026,DOCUMENTO,CIVINT/STIC,RESPOSTA,2026-10-07,2026-11-26,50,ABERTO,,0
PRZ000872,EXP000836,PGR-00093262/2026,DOCUMENTO,CIVINT/STIC,RESPOSTA,2026-10-06,2026-10-11,5,ABERTO,,0
PRZ000873,EXP000837,PGR-00053125/2026,DOCUMENTO,CIVINT/STIC,RESPOSTA,2026-10-03,2026-10-13,10,ABERTO,,0
PRZ000874,EXP000838,PGR-00075984/2026,DOCUMENTO,CIVINT/STIC,RESPOSTA,2026-09-30,2026-11-08,39,ABERTO,,0
PRZ000875,EXP000839,PGR-00068112/2026,DOCUMENTO,CIVINT/STIC,RESPOSTA,2026-10-06,2026-10-16,10,ABERTO,,0
PRZ000876,EXP000840,PGR-00081719/2026,DOCUMENTO,CIVINT/STIC,RESPOSTA,2026-10-01,2027-01-01,92,ABERTO,,0
PRZ000877,EXP000841,PGR-00025203/2026,DOCUMENTO,CIVINT/STIC,RESPOSTA,2026-10-02,2026-10-31,29,ABERTO,,0
PRZ000878,EXP000842,PGR-00046857/2026,DOCUMENTO,CIVINT/STIC,RESPOSTA,2026-09-29,2026-12-02,64,ABERTO,,0
PRZ000879,EXP000843,PGR-00083848/2026,DOCUMENTO,CIVINT/STIC,RESPOSTA,2026-10-07,2026-10-13,6,ABERTO,,0
PRZ000880,EXP000844,PGR-00078688/2026,DOCUMENTO,CIVINT/STIC,RESPOSTA,2026-10-04,2026-10-08,4,ABERTO,,0
PRZ000881,EXP000845,PGR-00052451/2026,DOCUMENTO,CIVINT/STIC,RESPOSTA,2026-10-01,2026-10-08,7,ABERTO,,0
PRZ000882,EXP000846,PGR-00036967/2026,DOCUMENTO,CIVINT/STIC,RESPOSTA,2026-10-06,2026-11-21,46,ABERTO,,0
PRZ000883,EXP000847,PGR-00012106/2026,DOCUMENTO,CIVINT/STIC,RESPOSTA,2026-10-02,2026-12-27,86,ABERTO,,0
PRZ000884,EXP000848,PGR-00053891/2026,DOCUMENTO,CIVINT/STIC,RESPOSTA,2026-10-03,2026-11-19,47,ABERTO,,0
PRZ000885,EXP000849,PGR-00074400/2026,DOCUMENTO,CIVINT/STIC,RESPOSTA,2026-10-05,2026-12-20,76,ABERTO,,0
PRZ000886,EXP000850,PGR-00004037/2026,DOCUMENTO,CIVINT/STIC,RESPOSTA,2026-10-04,2026-10-22,18,ABERTO,,0
PRZ000887,EXP000851,PGR-00009045/2026,DOCUMENTO,CIVINT/STIC,RESPOSTA,2026-09-29,2026-10-28,29,ABERTO,,0
PRZ000888,EXP000852,PGR-00053839/2026,DOCUMENTO,CIVINT/STIC,RESPOSTA,2026-10-02,2026-10-08,6,ABERTO,,0
PRZ000889,EXP000853,PGR-00075528/2026,DOCUMENTO,CIVINT/STIC,RESPOSTA,2026-09-29,2026-10-13,14,ABERTO,,0
PRZ000890,EXP000854,PGR-00033105/2026,DOCUMENTO,CIVINT/STIC,RESPOSTA,2026-09-28,2026-11-28,61,ABERTO,,0
PRZ000891,EXP000855,PGR-00018946/2026,DOCUMENTO,CIVINT/STIC,RESPOSTA,2026-09-28,2026-12-22,85,ABERTO,,0
PRZ000892,EXP000856,PGR-00090438/2026,DOCUMENTO,CIVINT/STIC,RESPOSTA,2026-10-06,2026-11-12,37,ABERTO,,0
PRZ000893,EXP000857,PGR-00073883/2026,DOCUMENTO,CIVINT/STIC,RESPOSTA,2026-10-05,2026-11-03,29,ABERTO,,0
PRZ000894,EXP000858,PGR-00078229/2026,DOCUMENTO,CIVINT/STIC,RESPOSTA,2026-10-01,2026-11-16,46,ABERTO,,0
PRZ000895,EXP000859,PGR-00055679/2026,DOCUMENTO,CIVINT/STIC,RESPOSTA,2026-10-01,2026-10-12,11,ABERTO,,0
PRZ000896,EXP000860,PGR-00050348/2026,DOCUMENTO,CIVINT/STIC,RESPOSTA,2026-09-28,2026-10-13,15,ABERTO,,0
PRZ000897,EXP000861,PGR-00042667/2026,DOCUMENTO,CIVINT/STIC,RESPOSTA,2026-09-29,2026-10-02,3,ABERTO,,5
PRZ000898,EXP000862,PGR-00049531/2026,DOCUMENTO,CIVINT/STIC,RESPOSTA,2026-09-30,2026-10-05,5,ABERTO,,2
PRZ000899,EXP000863,PGR-00080387/2026,DOCUMENTO,CIVINT/STIC,RESPOSTA,2026-10-02,2026-10-13,11,ABERTO,,0
PRZ000900,EXP000864,PGR-00042923/2026,DOCUMENTO,CIVINT/STIC,RESPOSTA,2026-10-04,2026-10-09,5,ABERTO,,0
PRZ000901,EXP000865,PGR-00034487/2026,DOCUMENTO,CIVINT/STIC,RESPOSTA,2026-10-07,2026-10-12,5,ABERTO,,0
PRZ000902,EXP000866,PGR-00046142/2026,DOCUMENTO,CIVINT/STIC,RESPOSTA,2026-09-29,2026-09-30,1,ABERTO,,7
PRZ000903,EXP000867,PGR-00007692/2026,DOCUMENTO,CIVINT/STIC,RESPOSTA,2026-10-06,2027-01-05,91,ABERTO,,0
PRZ000904,EXP000868,PGR-00007313/2026,DOCUMENTO,CIVINT/STIC,RESPOSTA,2026-10-06,2026-10-10,4,ABERTO,,0
PRZ000905,EXP000869,PGR-00024341/2026,DOCUMENTO,CIVINT/STIC,RESPOSTA,2026-10-07,2026-10-11,4,ABERTO,,0
PRZ000906,EXP000870,PGR-00006486/2026,DOCUMENTO,CIVINT/STIC,RESPOSTA,2026-09-30,2026-11-27,58,ABERTO,,0
PRZ000907,EXP000871,PGR-00022668/2026,DOCUMENTO,CIVINT/STIC,RESPOSTA,2026-10-07,2026-12-24,78,ABERTO,,0
PRZ000908,EXP000872,PGR-00013495/2026,DOCUMENTO,CIVINT/STIC,RESPOSTA,2026-10-02,2026-11-11,40,ABERTO,,0
PRZ000909,EXP000873,PGR-00086031/2026,DOCUMENTO,CIVINT/STIC,RESPOSTA,2026-10-01,2026-10-12,11,ABERTO,,0
PRZ000910,EXP000874,PGR-00068758/2026,DOCUMENTO,CIVINT/STIC,RESPOSTA,2026-10-03,2026-10-07,4,ABERTO,,0
PRZ000911,EXP000875,PGR-00083371/2026,DOCUMENTO,CIVINT/STIC,RESPOSTA,2026-10-05,2026-10-11,6,ABERTO,,0
PRZ000912,EXP000876,PGR-00094595/2026,DOCUMENTO,CIVINT/STIC,RESPOSTA,2026-10-07,2026-12-23,77,ABERTO,,0
PRZ000913,EXP000877,PGR-00010723/2026,DOCUMENTO,CIVINT/STIC,RESPOSTA,2026-10-07,2026-10-08,1,ABERTO,,0
PRZ000914,EXP000878,PGR-00077635/2026,DOCUMENTO,CIVINT/STIC,RESPOSTA,2026-10-02,2026-10-08,6,ABERTO,,0
PRZ000915,EXP000879,PGR-00007763/2026,DOCUMENTO,CIVINT/STIC,RESPOSTA,2026-10-05,2026-10-06,1,ABERTO,,1
PRZ000916,EXP000880,PGR-00003449/2026,DOCUMENTO,CIVINT/STIC,RESPOSTA,2026-10-06,2026-10-07,1,ABERTO,,0
PRZ000917,EXP000881,PGR-00037792/2026,DOCUMENTO,CIVINT/STIC,RESPOSTA,2026-10-07,2026-11-05,29,ABERTO,,0
PRZ000918,EXP000882,PGR-00017935/2026,DOCUMENTO,CIVINT/STIC,RESPOSTA,2026-10-06,2026-10-07,1,ABERTO,,0
PRZ000919,EXP000883,PGR-00012597/2026,DOCUMENTO,CIVINT/STIC,RESPOSTA,2026-10-01,2026-10-27,26,ABERTO,,0
PRZ000920,EXP000884,PGR-00008024/2026,DOCUMENTO,CIVINT/STIC,RESPOSTA,2026-09-29,2026-10-23,24,ABERTO,,0
PRZ000921,EXP000885,PGR-00035172/2026,DOCUMENTO,CIVINT/STIC,RESPOSTA,2026-10-01,2026-10-02,1,ABERTO,,5
PRZ000922,EXP000886,PGR-00045044/2026,DOCUMENTO,CIVINT/STIC,RESPOSTA,2026-10-02,2027-01-03,93,ABERTO,,0
PRZ000923,EXP000887,PGR-00063602/2026,DOCUMENTO,CIVINT/STIC,RESPOSTA,2026-10-05,2026-10-08,3,ABERTO,,0
PRZ000924,EXP000888,PGR-00026832/2026,DOCUMENTO,CIVINT/STIC,RESPOSTA,2026-10-06,2026-10-07,1,ABERTO,,0
PRZ000925,EXP000889,PGR-00050295/2026,DOCUMENTO,CIVINT/STIC,RESPOSTA,2026-10-04,2026-10-12,8,ABERTO,,0
PRZ000926,EXP000890,PGR-00092323/2026,DOCUMENTO,CIVINT/STIC,RESPOSTA,2026-10-05,2026-10-08,3,ABERTO,,0
PRZ000927,EXP000891,PGR-00045370/2026,DOCUMENTO,CIVINT/STIC,RESPOSTA,2026-09-29,2026-10-27,28,ABERTO,,0
PRZ000928,EXP000892,PGR-00009096/2026,DOCUMENTO,CIVINT/STIC,RESPOSTA,2026-09-29,2026-10-24,25,ABERTO,,0
PRZ000929,EXP000893,PGR-00015071/2026,DOCUMENTO,CIVINT/STIC,RESPOSTA,2026-09-27,2026-10-10,13,ABERTO,,0
PRZ000930,EXP000894,PGR-00040410/2026,DOCUMENTO,CIVINT/STIC,RESPOSTA,2026-10-03,2026-10-04,1,ABERTO,,3
PRZ000931,EXP000895,PGR-00070203/2026,DOCUMENTO,CIVINT/STIC,RESPOSTA,2026-09-28,2026-10-25,27,ABERTO,,0
PRZ000932,EXP000896,PGR-00068440/2026,DOCUMENTO,CIVINT/STIC,RESPOSTA,2026-10-07,2026-12-04,58,ABERTO,,0
PRZ000933,EXP000897,PGR-00048322/2026,DOCUMENTO,CIVINT/STIC,RESPOSTA,2026-10-05,2026-11-05,31,ABERTO,,0
PRZ000934,EXP000898,PGR-00039492/2026,DOCUMENTO,CIVINT/STIC,RESPOSTA,2026-10-06,2026-10-12,6,ABERTO,,0
PRZ000935,EXP000899,PGR-00024890/2026,DOCUMENTO,CIVINT/STIC,RESPOSTA,2026-10-01,2027-01-04,95,ABERTO,,0
PRZ000936,EXP000900,PGR-00012107/2026,DOCUMENTO,CIVINT/STIC,RESPOSTA,2026-09-30,2026-10-25,25,ABERTO,,0
PRZ000937,EXP000901,PGR-00004209/2026,DOCUMENTO,CIVINT/STIC,RESPOSTA,2026-10-05,2026-11-07,33,ABERTO,,0
PRZ000938,EXP000902,PGR-00048537/2026,DOCUMENTO,CIVINT/STIC,RESPOSTA,2026-10-05,2026-10-06,1,ABERTO,,1
PRZ000939,EXP000903,PGR-00058340/2026,DOCUMENTO,CIVINT/STIC,RESPOSTA,2026-10-03,2026-10-09,6,ABERTO,,0
PRZ000940,EXP000904,PGR-00007204/2026,DOCUMENTO,CIVINT/STIC,RESPOSTA,2026-09-29,2026-10-14,15,ABERTO,,0
PRZ000941,EXP000905,PGR-00066683/2026,DOCUMENTO,CIVINT/STIC,RESPOSTA,2026-09-29,2026-09-30,1,ABERTO,,7
PRZ000942,EXP000906,PGR-00084923/2026,DOCUMENTO,CIVINT/STIC,RESPOSTA,2026-10-07,2026-12-30,84,ABERTO,,0
PRZ000943,EXP000907,PGR-00062206/2026,DOCUMENTO,CIVINT/STIC,RESPOSTA,2026-10-03,2026-11-19,47,ABERTO,,0
PRZ000944,EXP000908,PGR-00013970/2026,DOCUMENTO,CIVINT/STIC,RESPOSTA,2026-10-06,2026-12-28,83,ABERTO,,0
PRZ000945,EXP000909,PGR-00028483/2026,DOCUMENTO,CIVINT/STIC,RESPOSTA,2026-10-02,2026-10-03,1,ABERTO,,4
PRZ000946,EXP000910,PGR-00040421/2026,DOCUMENTO,CIVINT/STIC,RESPOSTA,2026-10-06,2026-10-12,6,ABERTO,,0
PRZ000947,EXP000911,PGR-00077976/2026,DOCUMENTO,CIVINT/STIC,RESPOSTA,2026-10-01,2026-11-19,49,ABERTO,,0
PRZ000948,EXP000912,PGR-00020128/2026,DOCUMENTO,CIVINT/STIC,RESPOSTA,2026-10-01,2026-10-08,7,ABERTO,,0
PRZ000949,EXP000913,PGR-00019029/2026,DOCUMENTO,CIVINT/STIC,RESPOSTA,2026-09-29,2026-10-07,8,ABERTO,,0
PRZ000950,EXP000914,PGR-00059818/2026,DOCUMENTO,CIVINT/STIC,RESPOSTA,2026-10-02,2026-10-12,10,ABERTO,,0
PRZ000951,EXP000915,PGR-00061049/2026,DOCUMENTO,CIVINT/STIC,RESPOSTA,2026-10-03,2026-11-06,34,ABERTO,,0
PRZ000952,EXP000916,PGR-00011023/2026,DOCUMENTO,CIVINT/STIC,RESPOSTA,2026-10-02,2026-11-11,40,ABERTO,,0
PRZ000953,EXP000917,PGR-00032400/2026,DOCUMENTO,CIVINT/STIC,RESPOSTA,2026-10-06,2026-10-12,6,ABERTO,,0
PRZ000954,EXP000918,PGR-00014298/2026,DOCUMENTO,CIVINT/STIC,RESPOSTA,2026-10-07,2026-10-08,1,ABERTO,,0
PRZ000955,EXP000919,PGR-00022262/2026,DOCUMENTO,CIVINT/STIC,RESPOSTA,2026-09-30,2026-12-10,71,ABERTO,,0
PRZ000956,EXP000920,PGR-00005147/2026,DOCUMENTO,CIVINT/STIC,RESPOSTA,2026-09-30,2026-11-12,43,ABERTO,,0
PRZ000957,EXP000921,PGR-00045788/2026,DOCUMENTO,CIVINT/STIC,RESPOSTA,2026-10-02,2026-12-12,71,ABERTO,,0
PRZ000958,EXP000922,PGR-00038456/2026,DOCUMENTO,CIVINT/STIC,RESPOSTA,2026-09-28,2026-11-03,36,ABERTO,,0
PRZ000959,EXP000923,PGR-00042778/2026,DOCUMENTO,CIVINT/STIC,RESPOSTA,2026-09-28,2026-09-29,1,ABERTO,,8
PRZ000960,EXP000924,PGR-00083266/2026,DOCUMENTO,CIVINT/STIC,RESPOSTA,2026-09-29,2026-10-13,14,ABERTO,,0
PRZ000961,EXP000925,PGR-00076902/2026,DOCUMENTO,CIVINT/STIC,RESPOSTA,2026-10-05,2026-11-21,47,ABERTO,,0
PRZ000962,EXP000926,PGR-00089230/2026,DOCUMENTO,CIVINT/STIC,RESPOSTA,2026-09-30,2026-10-14,14,ABERTO,,0
PRZ000963,EXP000927,PGR-00006817/2026,DOCUMENTO,CIVINT/STIC,RESPOSTA,2026-10-03,2026-11-15,43,ABERTO,,0
PRZ000964,EXP000928,PGR-00038479/2026,DOCUMENTO,CIVINT/STIC,RESPOSTA,2026-10-04,2026-10-13,9,ABERTO,,0
PRZ000965,EXP000929,PGR-00016346/2026,DOCUMENTO,CIVINT/STIC,RESPOSTA,2026-10-07,2026-11-20,44,ABERTO,,0
PRZ000966,EXP000930,PGR-00065322/2026,DOCUMENTO,CIVINT/STIC,RESPOSTA,2026-10-02,2026-11-30,59,ABERTO,,0
PRZ000967,EXP000931,PGR-00095662/2026,DOCUMENTO,CIVINT/STIC,RESPOSTA,2026-09-30,2026-11-27,58,ABERTO,,0
PRZ000968,EXP000932,PGR-00084811/2026,DOCUMENTO,CIVINT/STIC,RESPOSTA,2026-09-30,2026-11-29,60,ABERTO,,0
PRZ000969,EXP000933,PGR-00007694/2026,DOCUMENTO,CIVINT/STIC,RESPOSTA,2026-09-28,2026-10-03,5,ABERTO,,4
PRZ000970,EXP000934,PGR-00097354/2026,DOCUMENTO,CIVINT/STIC,RESPOSTA,2026-10-06,2027-01-02,88,ABERTO,,0
PRZ000971,EXP000935,PGR-00090477/2026,DOCUMENTO,CIVINT/STIC,RESPOSTA,2026-10-03,2026-12-15,73,ABERTO,,0
PRZ000972,EXP000936,PGR-00033277/2026,DOCUMENTO,CIVINT/STIC,RESPOSTA,2026-10-05,2026-12-21,77,ABERTO,,0
PRZ000973,EXP000937,PGR-00046460/2026,DOCUMENTO,CIVINT/STIC,RESPOSTA,2026-10-03,2026-10-04,1,ABERTO,,3
PRZ000974,EXP000938,PGR-00004552/2026,DOCUMENTO,CIVINT/STIC,RESPOSTA,2026-09-30,2026-10-01,1,ABERTO,,6
PRZ000975,EXP000939,PGR-00086101/2026,DOCUMENTO,CIVINT/STIC,RESPOSTA,2026-10-03,2026-10-04,1,ABERTO,,3
PRZ000976,EXP000940,PGR-00090812/2026,DOCUMENTO,CIVINT/STIC,RESPOSTA,2026-10-03,2026-12-29,87,ABERTO,,0
PRZ000977,EXP000941,PGR-00057767/2026,DOCUMENTO,CIVINT/STIC,RESPOSTA,2026-10-02,2026-10-19,17,ABERTO,,0
PRZ000978,EXP000942,PGR-00069872/2026,DOCUMENTO,CIVINT/STIC,RESPOSTA,2026-10-05,2026-12-13,69,ABERTO,,0
PRZ000979,EXP000943,PGR-00019007/2026,DOCUMENTO,CIVINT/STIC,RESPOSTA,2026-09-30,2026-10-01,1,ABERTO,,6
PRZ000980,EXP000944,PGR-00075712/2026,DOCUMENTO,CIVINT/STIC,RESPOSTA,2026-10-03,2026-10-12,9,ABERTO,,0
PRZ000981,EXP000945,PGR-00006767/2026,DOCUMENTO,CIVINT/STIC,RESPOSTA,2026-10-01,2026-11-15,45,ABERTO,,0
PRZ000982,EXP000946,PGR-00073916/2026,DOCUMENTO,CIVINT/STIC,RESPOSTA,2026-10-04,2027-01-01,89,ABERTO,,0
PRZ000983,EXP000947,PGR-00059867/2026,DOCUMENTO,CIVINT/STIC,RESPOSTA,2026-10-04,2026-10-10,6,ABERTO,,0
PRZ000984,EXP000948,PGR-00012806/2026,DOCUMENTO,CIVINT/STIC,RESPOSTA,2026-10-01,2026-10-31,30,ABERTO,,0
PRZ000985,EXP000949,PGR-00091042/2026,DOCUMENTO,CIVINT/STIC,RESPOSTA,2026-10-01,2026-10-02,1,ABERTO,,5
PRZ000986,EXP000950,PGR-00007970/2026,DOCUMENTO,CIVINT/STIC,RESPOSTA,2026-10-07,2026-12-20,74,ABERTO,,0
PRZ000987,EXP000951,PGR-00056206/2026,DOCUMENTO,CIVINT/STIC,RESPOSTA,2026-10-03,2026-10-08,5,ABERTO,,0
PRZ000988,EXP000952,PGR-00037201/2026,DOCUMENTO,CIVINT/STIC,RESPOSTA,2026-10-03,2026-11-29,57,ABERTO,,0
PRZ000989,EXP000953,PGR-00094175/2026,DOCUMENTO,CIVINT/STIC,RESPOSTA,2026-09-27,2026-10-10,13,ABERTO,,0
PRZ000990,EXP000954,PGR-00006122/2026,DOCUMENTO,CIVINT/STIC,RESPOSTA,2026-10-07,2026-10-13,6,ABERTO,,0
PRZ000991,EXP000955,PGR-00073480/2026,DOCUMENTO,CIVINT/STIC,RESPOSTA,2026-10-05,2026-10-12,7,ABERTO,,0
PRZ000992,EXP000956,PGR-00017482/2026,DOCUMENTO,CIVINT/STIC,RESPOSTA,2026-09-29,2026-10-08,9,ABERTO,,0
PRZ000993,EXP000957,PGR-00015753/2026,DOCUMENTO,CIVINT/STIC,RESPOSTA,2026-10-02,2026-10-03,1,ABERTO,,4
PRZ000994,EXP000958,PGR-00076837/2026,DOCUMENTO,CIVINT/STIC,RESPOSTA,2026-09-29,2026-10-07,8,ABERTO,,0
PRZ000995,EXP000959,PGR-00089887/2026,DOCUMENTO,CIVINT/STIC,RESPOSTA,2026-10-04,2026-10-12,8,ABERTO,,0
PRZ000996,EXP000960,PGR-00056437/2026,DOCUMENTO,CIVINT/STIC,RESPOSTA,2026-10-07,2026-10-09,2,ABERTO,,0
PRZ000997,EXP000961,PGR-00043063/2026,DOCUMENTO,CIVINT/STIC,RESPOSTA,2026-10-05,2026-10-07,2,ABERTO,,0
PRZ000998,EXP000962,PGR-00027405/2026,DOCUMENTO,CIVINT/STIC,RESPOSTA,2026-10-07,2026-10-08,1,ABERTO,,0
PRZ000999,EXP000963,PGR-00090415/2026,DOCUMENTO,CIVINT/STIC,RESPOSTA,2026-10-03,2026-11-24,52,ABERTO,,0
PRZ001000,EXP000964,PGR-00028171/2026,DOCUMENTO,CIVINT/STIC,RESPOSTA,2026-09-30,2026-11-17,48,ABERTO,,0
PRZ001001,EXP000965,PGR-00032911/2026,DOCUMENTO,CIVINT/STIC,RESPOSTA,2026-10-04,2026-12-28,85,ABERTO,,0
PRZ001002,EXP000966,PGR-00085377/2026,DOCUMENTO,CIVINT/STIC,RESPOSTA,2026-10-07,2026-10-08,1,ABERTO,,0
PRZ001003,EXP000967,PGR-00093554/2026,DOCUMENTO,CIVINT/STIC,RESPOSTA,2026-10-02,2026-10-03,1,ABERTO,,4
PRZ001004,EXP000968,PGR-00053743/2026,DOCUMENTO,CIVINT/STIC,RESPOSTA,2026-10-03,2026-12-14,72,ABERTO,,0
PRZ001005,EXP000969,PGR-00011538/2026,DOCUMENTO,CIVINT/STIC,RESPOSTA,2026-10-06,2026-12-03,58,ABERTO,,0
PRZ001006,EXP000970,PGR-00036200/2026,DOCUMENTO,CIVINT/STIC,RESPOSTA,2026-10-01,2026-10-24,23,ABERTO,,0
PRZ001007,EXP000971,PGR-00053829/2026,DOCUMENTO,CIVINT/STIC,RESPOSTA,2026-10-07,2026-12-24,78,ABERTO,,0
PRZ001008,EXP000972,PGR-00033111/2026,DOCUMENTO,CIVINT/STIC,RESPOSTA,2026-09-30,2026-11-12,43,ABERTO,,0
PRZ001009,EXP000973,PGR-00088809/2026,DOCUMENTO,CIVINT/STIC,RESPOSTA,2026-09-30,2026-10-29,29,ABERTO,,0
PRZ001010,EXP000974,PGR-00024056/2026,DOCUMENTO,CIVINT/STIC,RESPOSTA,2026-10-02,2026-10-03,1,ABERTO,,4
PRZ001011,EXP000975,PGR-00009726/2026,DOCUMENTO,CIVINT/STIC,RESPOSTA,2026-09-29,2026-10-15,16,ABERTO,,0
PRZ001012,EXP000976,PGR-00077686/2026,DOCUMENTO,CIVINT/STIC,RESPOSTA,2026-10-04,2026-12-28,85,ABERTO,,0
PRZ001013,EXP000977,PGR-00074673/2026,DOCUMENTO,CIVINT/STIC,RESPOSTA,2026-09-28,2026-10-13,15,ABERTO,,0
PRZ001014,EXP000978,PGR-00091550/2026,DOCUMENTO,CIVINT/STIC,RESPOSTA,2026-09-30,2026-10-12,12,ABERTO,,0
PRZ001015,EXP000979,PGR-00004467/2026,DOCUMENTO,CIVINT/STIC,RESPOSTA,2026-10-04,2026-11-28,55,ABERTO,,0
PRZ001016,EXP000980,PGR-00061308/2026,DOCUMENTO,CIVINT/STIC,RESPOSTA,2026-10-07,2026-10-08,1,ABERTO,,0
PRZ001017,EXP000981,PGR-00075559/2026,DOCUMENTO,CIVINT/STIC,RESPOSTA,2026-09-29,2026-11-03,35,ABERTO,,0
PRZ001018,EXP000982,PGR-00009694/2026,DOCUMENTO,CIVINT/STIC,RESPOSTA,2026-10-04,2026-10-10,6,ABERTO,,0
PRZ001019,EXP000983,PGR-00046017/2026,DOCUMENTO,CIVINT/STIC,RESPOSTA,2026-10-05,2026-10-10,5,ABERTO,,0
PRZ001020,EXP000984,PGR-00041470/2026,DOCUMENTO,CIVINT/STIC,RESPOSTA,2026-10-06,2026-10-07,1,ABERTO,,0
PRZ001021,EXP000985,PGR-00079353/2026,DOCUMENTO,CIVINT/STIC,RESPOSTA,2026-10-03,2026-10-11,8,ABERTO,,0
PRZ001022,EXP000986,PGR-00033528/2026,DOCUMENTO,CIVINT/STIC,RESPOSTA,2026-10-04,2026-10-15,11,ABERTO,,0
PRZ001023,EXP000987,PGR-00099567/2026,DOCUMENTO,CIVINT/STIC,RESPOSTA,2026-10-01,2026-10-14,13,ABERTO,,0
PRZ001024,EXP000988,PGR-00025967/2026,DOCUMENTO,CIVINT/STIC,RESPOSTA,2026-09-29,2026-10-10,11,ABERTO,,0
PRZ001025,EXP000989,PGR-00071756/2026,DOCUMENTO,CIVINT/STIC,RESPOSTA,2026-10-05,2026-10-10,5,ABERTO,,0
PRZ001026,EXP000990,PGR-00083841/2026,DOCUMENTO,CIVINT/STIC,RESPOSTA,2026-10-04,2026-11-03,30,ABERTO,,0
PRZ001027,EXP000991,PGR-00009753/2026,DOCUMENTO,CIVINT/STIC,RESPOSTA,2026-09-30,2026-10-29,29,ABERTO,,0
PRZ001028,EXP000992,PGR-00086474/2026,DOCUMENTO,CIVINT/STIC,RESPOSTA,2026-10-02,2026-10-03,1,ABERTO,,4
PRZ001029,EXP000993,PGR-00049583/2026,DOCUMENTO,CIVINT/STIC,RESPOSTA,2026-10-03,2026-10-10,7,ABERTO,,0
PRZ001030,EXP000994,PGR-00083459/2026,DOCUMENTO,CIVINT/STIC,RESPOSTA,2026-10-03,2026-10-22,19,ABERTO,,0
PRZ001031,EXP000995,PGR-00052688/2026,DOCUMENTO,CIVINT/STIC,RESPOSTA,2026-09-28,2026-12-18,81,ABERTO,,0
PRZ001032,EXP000996,PGR-00049394/2026,DOCUMENTO,CIVINT/STIC,RESPOSTA,2026-10-05,2026-12-23,79,ABERTO,,0
PRZ001033,EXP000997,PGR-00039484/2026,DOCUMENTO,CIVINT/STIC,RESPOSTA,2026-10-05,2026-10-06,1,ABERTO,,1
PRZ001034,EXP000998,PGR-00015863/2026,DOCUMENTO,CIVINT/STIC,RESPOSTA,2026-10-05,2026-11-28,54,ABERTO,,0
PRZ001035,EXP000999,PGR-00064688/2026,DOCUMENTO,CIVINT/STIC,RESPOSTA,2026-09-27,2026-10-11,14,ABERTO,,0
PRZ001036,EXP001000,PGR-00057485/2026,DOCUMENTO,CIVINT/STIC,RESPOSTA,2026-10-01,2026-10-08,7,ABERTO,,0
PRZ001037,EXP001001,PGR-00014176/2026,DOCUMENTO,CIVINT/STIC,RESPOSTA,2026-10-03,2026-12-22,80,ABERTO,,0
PRZ001038,EXP001002,PGR-00069778/2026,DOCUMENTO,CIVINT/STIC,RESPOSTA,2026-09-30,2026-10-14,14,ABERTO,,0
PRZ001039,EXP001003,PGR-00057583/2026,DOCUMENTO,CIVINT/STIC,RESPOSTA,2026-10-03,2026-12-26,84,ABERTO,,0
PRZ001040,EXP001004,PGR-00069515/2026,DOCUMENTO,CIVINT/STIC,RESPOSTA,2026-09-30,2026-10-12,12,ABERTO,,0
PRZ001041,EXP001005,PGR-00028078/2026,DOCUMENTO,CIVINT/STIC,RESPOSTA,2026-09-30,2026-12-27,88,ABERTO,,0
PRZ001042,EXP001006,PGR-00087625/2026,DOCUMENTO,CIVINT/STIC,RESPOSTA,2026-10-01,2026-12-27,87,ABERTO,,0
PRZ001043,EXP001007,PGR-00067808/2026,DOCUMENTO,CIVINT/STIC,RESPOSTA,2026-10-05,2026-10-09,4,ABERTO,,0
PRZ001044,EXP001008,PGR-00048027/2026,DOCUMENTO,CIVINT/STIC,RESPOSTA,2026-09-29,2026-09-30,1,ABERTO,,7
PRZ001045,EXP001009,PGR-00070141/2026,DOCUMENTO,CIVINT/STIC,RESPOSTA,2026-09-30,2026-10-14,14,ABERTO,,0
PRZ001046,EXP001010,PGR-00034810/2026,DOCUMENTO,CIVINT/STIC,RESPOSTA,2026-10-07,2026-11-12,36,ABERTO,,0
PRZ001047,EXP001011,PGR-00023616/2026,DOCUMENTO,CIVINT/STIC,RESPOSTA,2026-10-05,2026-10-10,5,ABERTO,,0
PRZ001048,EXP001012,PGR-00092215/2026,DOCUMENTO,CIVINT/STIC,RESPOSTA,2026-10-06,2026-10-11,5,ABERTO,,0
PRZ001049,EXP001013,PGR-00083758/2026,DOCUMENTO,CIVINT/STIC,RESPOSTA,2026-09-29,2026-11-29,61,ABERTO,,0
PRZ001050,EXP001014,PGR-00089072/2026,DOCUMENTO,CIVINT/STIC,RESPOSTA,2026-10-01,2026-10-02,1,ABERTO,,5
PRZ001051,EXP001015,PGR-00095843/2026,DOCUMENTO,CIVINT/STIC,RESPOSTA,2026-10-01,2026-12-08,68,ABERTO,,0
PRZ001052,EXP001016,PGR-00051663/2026,DOCUMENTO,CIVINT/STIC,RESPOSTA,2026-10-04,2026-12-08,65,ABERTO,,0
PRZ001053,EXP001017,PGR-00084734/2026,DOCUMENTO,CIVINT/STIC,RESPOSTA,2026-10-03,2026-10-13,10,ABERTO,,0
PRZ001054,EXP001018,PGR-00058331/2026,DOCUMENTO,CIVINT/STIC,RESPOSTA,2026-10-04,2026-10-10,6,ABERTO,,0
PRZ001055,EXP001019,PGR-00030736/2026,DOCUMENTO,CIVINT/STIC,RESPOSTA,2026-10-04,2026-12-01,58,ABERTO,,0
PRZ001056,EXP001020,PGR-00044659/2026,DOCUMENTO,CIVINT/STIC,RESPOSTA,2026-10-06,2026-10-07,1,ABERTO,,0
PRZ001057,EXP001021,PGR-00013944/2026,DOCUMENTO,CIVINT/STIC,RESPOSTA,2026-10-05,2026-10-08,3,ABERTO,,0
PRZ001058,EXP001022,PGR-00056284/2026,DOCUMENTO,CIVINT/STIC,RESPOSTA,2026-10-02,2026-12-22,81,ABERTO,,0
PRZ001059,EXP001023,PGR-00061992/2026,DOCUMENTO,CIVINT/STIC,RESPOSTA,2026-10-01,2026-10-13,12,ABERTO,,0
PRZ001060,EXP001024,PGR-00044525/2026,DOCUMENTO,CIVINT/STIC,RESPOSTA,2026-10-06,2026-10-11,5,ABERTO,,0
PRZ001061,EXP001025,PGR-00004668/2026,DOCUMENTO,CIVINT/STIC,RESPOSTA,2026-09-30,2027-01-04,96,ABERTO,,0
PRZ001062,EXP001026,PGR-00034598/2026,DOCUMENTO,CIVINT/STIC,RESPOSTA,2026-09-27,2026-12-27,91,ABERTO,,0
PRZ001063,EXP001027,PGR-00070428/2026,DOCUMENTO,CIVINT/STIC,RESPOSTA,2026-09-30,2026-10-08,8,ABERTO,,0
PRZ001064,EXP001028,PGR-00002431/2026,DOCUMENTO,CIVINT/STIC,RESPOSTA,2026-10-06,2026-12-19,74,ABERTO,,0
PRZ001065,EXP001029,PGR-00012927/2026,DOCUMENTO,CIVINT/STIC,RESPOSTA,2026-10-01,2026-10-10,9,ABERTO,,0
PRZ001066,EXP001030,PGR-00082323/2026,DOCUMENTO,CIVINT/STIC,RESPOSTA,2026-10-05,2026-11-12,38,ABERTO,,0
PRZ001067,EXP001031,PGR-00094181/2026,DOCUMENTO,CIVINT/STIC,RESPOSTA,2026-10-06,2026-10-14,8,ABERTO,,0
PRZ001068,EXP001032,PGR-00069818/2026,DOCUMENTO,CIVINT/STIC,RESPOSTA,2026-10-03,2026-11-01,29,ABERTO,,0
PRZ001069,EXP001033,PGR-00032167/2026,DOCUMENTO,CIVINT/STIC,RESPOSTA,2026-09-30,2026-10-18,18,ABERTO,,0
PRZ001070,EXP001034,PGR-00021957/2026,DOCUMENTO,CIVINT/STIC,RESPOSTA,2026-10-01,2026-11-27,57,ABERTO,,0
PRZ001071,EXP001035,PGR-00005820/2026,DOCUMENTO,CIVINT/STIC,RESPOSTA,2026-10-03,2026-10-10,7,ABERTO,,0
PRZ001072,EXP001036,PGR-00044604/2026,DOCUMENTO,CIVINT/STIC,RESPOSTA,2026-09-28,2026-12-01,64,ABERTO,,0
PRZ001073,EXP001037,PGR-00030238/2026,DOCUMENTO,CIVINT/STIC,RESPOSTA,2026-09-29,2026-11-06,38,ABERTO,,0
PRZ001074,EXP001038,PGR-00079040/2026,DOCUMENTO,CIVINT/STIC,RESPOSTA,2026-09-29,2026-11-08,40,ABERTO,,0
PRZ001075,EXP001039,PGR-00035211/2026,DOCUMENTO,CIVINT/STIC,RESPOSTA,2026-10-06,2026-11-18,43,ABERTO,,0
PRZ001076,EXP001040,PGR-00095174/2026,DOCUMENTO,CIVINT/STIC,RESPOSTA,2026-09-27,2026-10-08,11,ABERTO,,0
PRZ001077,EXP001041,PGR-00024821/2026,DOCUMENTO,CIVINT/STIC,RESPOSTA,2026-09-28,2026-11-19,52,ABERTO,,0
PRZ001078,EXP001042,PGR-00002744/2026,DOCUMENTO,CIVINT/STIC,RESPOSTA,2026-09-28,2026-10-21,23,ABERTO,,0
PRZ001079,EXP001043,PGR-00067281/2026,DOCUMENTO,CIVINT/STIC,RESPOSTA,2026-10-02,2026-12-22,81,ABERTO,,0
PRZ001080,EXP001044,PGR-00030733/2026,DOCUMENTO,CIVINT/STIC,RESPOSTA,2026-09-29,2026-10-07,8,ABERTO,,0
PRZ001081,EXP001045,PGR-00089403/2026,DOCUMENTO,CIVINT/STIC,RESPOSTA,2026-09-27,2026-10-11,14,ABERTO,,0
PRZ001082,EXP001046,PGR-00023895/2026,DOCUMENTO,CIVINT/STIC,RESPOSTA,2026-09-29,2026-10-08,9,ABERTO,,0
PRZ001083,EXP001047,PGR-00024101/2026,DOCUMENTO,CIVINT/STIC,RESPOSTA,2026-10-05,2026-11-01,27,ABERTO,,0
PRZ001084,EXP001048,PGR-00083833/2026,DOCUMENTO,CIVINT/STIC,RESPOSTA,2026-10-01,2026-10-22,21,ABERTO,,0
PRZ001085,EXP001049,PGR-00038127/2026,DOCUMENTO,CIVINT/STIC,RESPOSTA,2026-09-27,2026-09-28,1,ABERTO,,9
PRZ001086,EXP001050,PGR-00054238/2026,DOCUMENTO,CIVINT/STIC,RESPOSTA,2026-10-02,2026-10-10,8,ABERTO,,0
PRZ001087,EXP001051,PGR-00016528/2026,DOCUMENTO,CIVINT/STIC,RESPOSTA,2026-10-04,2026-12-02,59,ABERTO,,0
PRZ001088,EXP001052,PGR-00069076/2026,DOCUMENTO,CIVINT/STIC,RESPOSTA,2026-10-05,2026-10-11,6,ABERTO,,0
PRZ001089,EXP001053,PGR-00045686/2026,DOCUMENTO,CIVINT/STIC,RESPOSTA,2026-10-04,2026-10-30,26,ABERTO,,0
PRZ001090,EXP001054,PGR-00007543/2026,DOCUMENTO,CIVINT/STIC,RESPOSTA,2026-10-06,2026-10-11,5,ABERTO,,0
PRZ001091,EXP001055,PGR-00082935/2026,DOCUMENTO,CIVINT/STIC,RESPOSTA,2026-10-06,2026-12-27,82,ABERTO,,0
PRZ001092,EXP001056,PGR-00002691/2026,DOCUMENTO,CIVINT/STIC,RESPOSTA,2026-09-29,2026-11-19,51,ABERTO,,0
PRZ001093,EXP001057,PGR-00065004/2026,DOCUMENTO,CIVINT/STIC,RESPOSTA,2026-09-27,2026-12-12,76,ABERTO,,0
PRZ001094,EXP001058,PGR-00018594/2026,DOCUMENTO,CIVINT/STIC,RESPOSTA,2026-10-05,2026-10-13,8,ABERTO,,0
PRZ001095,EXP001059,PGR-00092436/2026,DOCUMENTO,CIVINT/STIC,RESPOSTA,2026-10-04,2026-12-10,67,ABERTO,,0
PRZ001096,EXP001060,PGR-00091860/2026,DOCUMENTO,CIVINT/STIC,RESPOSTA,2026-09-29,2026-10-08,9,ABERTO,,0
PRZ001097,EXP001061,PGR-00057964/2026,DOCUMENTO,CIVINT/STIC,RESPOSTA,2026-10-03,2026-10-13,10,ABERTO,,0
PRZ001098,EXP001062,PGR-00075779/2026,DOCUMENTO,CIVINT/STIC,RESPOSTA,2026-10-04,2026-12-11,68,ABERTO,,0
PRZ001099,EXP001063,PGR-00075124/2026,DOCUMENTO,CIVINT/STIC,RESPOSTA,2026-10-06,2026-10-07,1,ABERTO,,0
PRZ001100,EXP001064,PGR-00097196/2026,DOCUMENTO,CIVINT/STIC,RESPOSTA,2026-10-06,2026-10-07,1,ABERTO,,0
PRZ001101,EXP001065,PGR-00034834/2026,DOCUMENTO,CIVINT/STIC,RESPOSTA,2026-09-29,2026-10-08,9,ABERTO,,0
PRZ001102,EXP001066,PGR-00058674/2026,DOCUMENTO,CIVINT/STIC,RESPOSTA,2026-09-28,2026-11-06,39,ABERTO,,0
PRZ001103,EXP001067,PGR-00004623/2026,DOCUMENTO,CIVINT/STIC,RESPOSTA,2026-10-07,2026-10-11,4,ABERTO,,0
PRZ001104,EXP001068,PGR-00035213/2026,DOCUMENTO,CIVINT/STIC,RESPOSTA,2026-09-29,2026-11-14,46,ABERTO,,0
PRZ001105,EXP001069,PGR-00016604/2026,DOCUMENTO,CIVINT/STIC,RESPOSTA,2026-10-06,2026-10-14,8,ABERTO,,0
PRZ001106,EXP001070,PGR-00051692/2026,DOCUMENTO,CIVINT/STIC,RESPOSTA,2026-10-04,2026-10-26,22,ABERTO,,0
PRZ001107,EXP001071,PGR-00056452/2026,DOCUMENTO,CIVINT/STIC,RESPOSTA,2026-10-05,2026-10-06,1,ABERTO,,1
PRZ001108,EXP001072,PGR-00064875/2026,DOCUMENTO,CIVINT/STIC,RESPOSTA,2026-10-06,2026-10-09,3,ABERTO,,0
PRZ001109,EXP001073,PGR-00026377/2026,DOCUMENTO,CIVINT/STIC,RESPOSTA,2026-10-05,2026-10-12,7,ABERTO,,0
PRZ001110,EXP001074,PGR-00004923/2026,DOCUMENTO,CIVINT/STIC,RESPOSTA,2026-09-28,2026-10-07,9,ABERTO,,0
PRZ001111,EXP001075,PGR-00039162/2026,DOCUMENTO,CIVINT/STIC,RESPOSTA,2026-10-06,2026-11-07,32,ABERTO,,0
PRZ001112,EXP001076,PGR-00024588/2026,DOCUMENTO,CIVINT/STIC,RESPOSTA,2026-10-02,2026-10-14,12,ABERTO,,0
PRZ001113,EXP001077,PGR-00002634/2026,DOCUMENTO,CIVINT/STIC,RESPOSTA,2026-09-30,2026-10-01,1,ABERTO,,6
PRZ001114,EXP001078,PGR-00016092/2026,DOCUMENTO,CIVINT/STIC,RESPOSTA,2026-10-04,2026-12-31,88,ABERTO,,0
PRZ001115,EXP001079,PGR-00067065/2026,DOCUMENTO,CIVINT/STIC,RESPOSTA,2026-10-01,2026-10-16,15,ABERTO,,0
PRZ001116,EXP001080,PGR-00057123/2026,DOCUMENTO,CIVINT/STIC,RESPOSTA,2026-10-07,2026-12-16,70,ABERTO,,0
PRZ001117,EXP001081,PGR-00093090/2026,DOCUMENTO,CIVINT/STIC,RESPOSTA,2026-10-02,2027-01-03,93,ABERTO,,0
PRZ001118,EXP001082,PGR-00038515/2026,DOCUMENTO,CIVINT/STIC,RESPOSTA,2026-10-05,2026-10-30,25,ABERTO,,0
PRZ001119,EXP001083,PGR-00096478/2026,DOCUMENTO,CIVINT/STIC,RESPOSTA,2026-10-04,2026-10-10,6,ABERTO,,0
PRZ001120,EXP001084,PGR-00072992/2026,DOCUMENTO,CIVINT/STIC,RESPOSTA,2026-10-07,2026-10-08,1,ABERTO,,0
PRZ001121,EXP001085,PGR-00066532/2026,DOCUMENTO,CIVINT/STIC,RESPOSTA,2026-10-03,2026-12-26,84,ABERTO,,0
PRZ001122,EXP001086,PGR-00087325/2026,DOCUMENTO,CIVINT/STIC,RESPOSTA,2026-09-28,2026-10-07,9,ABERTO,,0
PRZ001123,EXP001087,PGR-00031087/2026,DOCUMENTO,CIVINT/STIC,RESPOSTA,2026-09-29,2026-09-30,1,ABERTO,,7
PRZ001124,EXP001088,PGR-00013388/2026,DOCUMENTO,CIVINT/STIC,RESPOSTA,2026-09-28,2026-09-30,2,ABERTO,,7
PRZ001125,EXP001089,PGR-00098035/2026,DOCUMENTO,CIVINT/STIC,RESPOSTA,2026-09-29,2026-09-30,1,ABERTO,,7
PRZ001126,EXP001090,PGR-00012118/2026,DOCUMENTO,CIVINT/STIC,RESPOSTA,2026-09-30,2026-11-23,54,ABERTO,,0
PRZ001127,EXP001091,PGR-00022612/2026,DOCUMENTO,CIVINT/STIC,RESPOSTA,2026-09-28,2026-10-11,13,ABERTO,,0
PRZ001128,EXP001092,PGR-00053015/2026,DOCUMENTO,CIVINT/STIC,RESPOSTA,2026-09-30,2026-10-11,11,ABERTO,,0
PRZ001129,EXP001093,PGR-00062605/2026,DOCUMENTO,CIVINT/STIC,RESPOSTA,2026-09-30,2026-10-07,7,ABERTO,,0
PRZ001130,EXP001094,PGR-00040317/2026,DOCUMENTO,CIVINT/STIC,RESPOSTA,2026-09-28,2026-10-23,25,ABERTO,,0
PRZ001131,EXP001095,PGR-00008047/2026,DOCUMENTO,CIVINT/STIC,RESPOSTA,2026-10-02,2026-10-14,12,ABERTO,,0
PRZ001132,EXP001096,PGR-00013832/2026,DOCUMENTO,CIVINT/STIC,RESPOSTA,2026-10-06,2026-10-23,17,ABERTO,,0
PRZ001133,EXP001097,PGR-00091556/2026,DOCUMENTO,CIVINT/STIC,RESPOSTA,2026-10-03,2026-11-06,34,ABERTO,,0
PRZ001134,EXP001098,PGR-00016293/2026,DOCUMENTO,CIVINT/STIC,RESPOSTA,2026-10-07,2026-10-08,1,ABERTO,,0
PRZ001135,EXP001099,PGR-00075690/2026,DOCUMENTO,CIVINT/STIC,RESPOSTA,2026-09-30,2026-12-01,62,ABERTO,,0
PRZ001136,EXP001100,PGR-00001535/2026,DOCUMENTO,CIVINT/STIC,RESPOSTA,2026-10-04,2026-12-10,67,ABERTO,,0
PRZ001137,EXP001101,PGR-00009022/2026,DOCUMENTO,CIVINT/STIC,RESPOSTA,2026-10-03,2026-10-12,9,ABERTO,,0
PRZ001138,EXP001102,PGR-00069392/2026,DOCUMENTO,CIVINT/STIC,RESPOSTA,2026-10-04,2026-10-07,3,ABERTO,,0
PRZ001139,EXP001103,PGR-00000285/2026,DOCUMENTO,CIVINT/STIC,RESPOSTA,2026-10-02,2026-10-14,12,ABERTO,,0
PRZ001140,EXP001104,PGR-00021236/2026,DOCUMENTO,CIVINT/STIC,RESPOSTA,2026-10-05,2026-11-18,44,ABERTO,,0
PRZ001141,EXP001105,PGR-00052034/2026,DOCUMENTO,CIVINT/STIC,RESPOSTA,2026-10-06,2026-10-11,5,ABERTO,,0
PRZ001142,EXP001106,PGR-00013686/2026,DOCUMENTO,CIVINT/STIC,RESPOSTA,2026-10-04,2026-10-05,1,ABERTO,,2
PRZ001143,EXP001107,PGR-00072604/2026,DOCUMENTO,CIVINT/STIC,RESPOSTA,2026-10-06,2026-11-29,54,ABERTO,,0
PRZ001144,EXP001108,PGR-00096175/2026,DOCUMENTO,CIVINT/STIC,RESPOSTA,2026-10-07,2027-01-01,86,ABERTO,,0
PRZ001145,EXP001109,PGR-00010576/2026,DOCUMENTO,CIVINT/STIC,RESPOSTA,2026-10-01,2026-10-13,12,ABERTO,,0
PRZ001146,EXP001110,PGR-00062777/2026,DOCUMENTO,CIVINT/STIC,RESPOSTA,2026-09-29,2026-10-11,12,ABERTO,,0
PRZ001147,EXP001111,PGR-00056381/2026,DOCUMENTO,CIVINT/STIC,RESPOSTA,2026-10-07,2026-10-10,3,ABERTO,,0
PRZ001148,EXP001112,PGR-00014142/2026,DOCUMENTO,CIVINT/STIC,RESPOSTA,2026-10-03,2026-10-07,4,ABERTO,,0
PRZ001149,EXP001113,PGR-00073688/2026,DOCUMENTO,CIVINT/STIC,RESPOSTA,2026-09-29,2026-10-21,22,ABERTO,,0
PRZ001150,EXP001114,PGR-00089796/2026,DOCUMENTO,CIVINT/STIC,RESPOSTA,2026-10-07,2026-12-29,83,ABERTO,,0
PRZ001151,EXP001115,PGR-00027196/2026,DOCUMENTO,CIVINT/STIC,RESPOSTA,2026-10-07,2026-10-21,14,ABERTO,,0
PRZ001152,EXP001116,PGR-00097327/2026,DOCUMENTO,CIVINT/STIC,RESPOSTA,2026-10-04,2026-10-24,20,ABERTO,,0
PRZ001153,EXP001117,PGR-00082011/2026,DOCUMENTO,CIVINT/STIC,RESPOSTA,2026-10-01,2026-12-10,70,ABERTO,,0
PRZ001154,EXP001118,PGR-00062718/2026,DOCUMENTO,CIVINT/STIC,RESPOSTA,2026-10-02,2026-10-06,4,ABERTO,,1
PRZ001155,EXP001119,PGR-00038899/2026,DOCUMENTO,CIVINT/STIC,RESPOSTA,2026-09-28,2026-12-22,85,ABERTO,,0
PRZ001156,EXP001120,PGR-00029252/2026,DOCUMENTO,CIVINT/STIC,RESPOSTA,2026-10-02,2026-10-03,1,ABERTO,,4
PRZ001157,EXP001121,PGR-00031884/2026,DOCUMENTO,CIVINT/STIC,RESPOSTA,2026-10-02,2026-11-01,30,ABERTO,,0
PRZ001158,EXP001122,PGR-00059600/2026,DOCUMENTO,CIVINT/STIC,RESPOSTA,2026-09-28,2026-10-13,15,ABERTO,,0
PRZ001159,EXP001123,PGR-00063196/2026,DOCUMENTO,CIVINT/STIC,RESPOSTA,2026-10-07,2026-11-15,39,ABERTO,,0
PRZ001160,EXP001124,PGR-00049954/2026,DOCUMENTO,CIVINT/STIC,RESPOSTA,2026-09-29,2026-10-13,14,ABERTO,,0
PRZ001161,EXP001125,PGR-00094703/2026,DOCUMENTO,CIVINT/STIC,RESPOSTA,2026-10-07,2026-10-08,1,ABERTO,,0
PRZ001162,EXP001126,PGR-00010302/2026,DOCUMENTO,CIVINT/STIC,RESPOSTA,2026-09-27,2026-09-28,1,ABERTO,,9
PRZ001163,EXP001127,PGR-00027048/2026,DOCUMENTO,CIVINT/STIC,RESPOSTA,2026-09-30,2026-10-11,11,ABERTO,,0
PRZ001164,EXP001128,PGR-00019711/2026,DOCUMENTO,CIVINT/STIC,RESPOSTA,2026-09-29,2027-01-01,94,ABERTO,,0
PRZ001165,EXP001129,PGR-00096990/2026,DOCUMENTO,CIVINT/STIC,RESPOSTA,2026-10-06,2026-11-03,28,ABERTO,,0
PRZ001166,EXP001130,PGR-00081636/2026,DOCUMENTO,CIVINT/STIC,RESPOSTA,2026-10-02,2026-10-29,27,ABERTO,,0
PRZ001167,EXP001131,PGR-00082349/2026,DOCUMENTO,CIVINT/STIC,RESPOSTA,2026-10-02,2026-11-27,56,ABERTO,,0
PRZ001168,EXP001132,PGR-00074345/2026,DOCUMENTO,CIVINT/STIC,RESPOSTA,2026-09-30,2026-10-07,7,ABERTO,,0
PRZ001169,EXP001133,PGR-00065300/2026,DOCUMENTO,CIVINT/STIC,RESPOSTA,2026-09-28,2026-10-11,13,ABERTO,,0
PRZ001170,EXP001134,PGR-00036107/2026,DOCUMENTO,CIVINT/STIC,RESPOSTA,2026-10-06,2026-10-10,4,ABERTO,,0
PRZ001171,EXP001135,PGR-00078935/2026,DOCUMENTO,CIVINT/STIC,RESPOSTA,2026-10-04,2026-10-13,9,ABERTO,,0
PRZ001172,EXP001136,PGR-00088675/2026,DOCUMENTO,CIVINT/STIC,RESPOSTA,2026-10-05,2026-12-11,67,ABERTO,,0
PRZ001173,EXP001137,PGR-00051394/2026,DOCUMENTO,CIVINT/STIC,RESPOSTA,2026-10-07,2026-11-10,34,ABERTO,,0
PRZ001174,EXP001138,PGR-00000534/2026,DOCUMENTO,CIVINT/STIC,RESPOSTA,2026-09-29,2026-10-07,8,ABERTO,,0
PRZ001175,EXP001139,PGR-00004721/2026,DOCUMENTO,CIVINT/STIC,RESPOSTA,2026-09-28,2026-12-20,83,ABERTO,,0
PRZ001176,EXP001140,PGR-00086992/2026,DOCUMENTO,CIVINT/STIC,RESPOSTA,2026-10-07,2026-10-08,1,ABERTO,,0
PRZ001177,EXP001141,PGR-00073098/2026,DOCUMENTO,CIVINT/STIC,RESPOSTA,2026-10-05,2026-10-06,1,ABERTO,,1
PRZ001178,EXP001142,PGR-00097200/2026,DOCUMENTO,CIVINT/STIC,RESPOSTA,2026-10-07,2026-10-12,5,ABERTO,,0
PRZ001179,EXP001143,PGR-00017245/2026,DOCUMENTO,CIVINT/STIC,RESPOSTA,2026-10-07,2026-10-12,5,ABERTO,,0
PRZ001180,EXP001144,PGR-00022265/2026,DOCUMENTO,CIVINT/STIC,RESPOSTA,2026-10-05,2026-12-01,57,ABERTO,,0
PRZ001181,EXP001145,PGR-00039941/2026,DOCUMENTO,CIVINT/STIC,RESPOSTA,2026-10-02,2026-10-13,11,ABERTO,,0
PRZ001182,EXP001146,PGR-00034385/2026,DOCUMENTO,CIVINT/STIC,RESPOSTA,2026-10-05,2026-11-06,32,ABERTO,,0
PRZ001183,EXP001147,PGR-00001208/2026,DOCUMENTO,CIVINT/STIC,RESPOSTA,2026-10-01,2026-10-08,7,ABERTO,,0
PRZ001184,EXP001148,PGR-00037160/2026,DOCUMENTO,CIVINT/STIC,RESPOSTA,2026-10-02,2026-10-03,1,ABERTO,,4
PRZ001185,EXP001149,PGR-00024507/2026,DOCUMENTO,CIVINT/STIC,RESPOSTA,2026-10-05,2026-10-29,24,ABERTO,,0
PRZ001186,EXP001150,PGR-00028708/2026,DOCUMENTO,CIVINT/STIC,RESPOSTA,2026-09-28,2026-09-29,1,ABERTO,,8
PRZ001187,EXP001151,PGR-00063359/2026,DOCUMENTO,CIVINT/STIC,RESPOSTA,2026-10-03,2026-11-12,40,ABERTO,,0
PRZ001188,EXP001152,PGR-00071363/2026,DOCUMENTO,CIVINT/STIC,RESPOSTA,2026-10-02,2026-10-11,9,ABERTO,,0
PRZ001189,EXP001153,PGR-00098185/2026,DOCUMENTO,CIVINT/STIC,RESPOSTA,2026-10-07,2026-10-08,1,ABERTO,,0
PRZ001190,EXP001154,PGR-00028159/2026,DOCUMENTO,CIVINT/STIC,RESPOSTA,2026-10-01,2026-10-02,1,ABERTO,,5
PRZ001191,EXP001155,PGR-00011548/2026,DOCUMENTO,CIVINT/STIC,RESPOSTA,2026-10-02,2026-10-28,26,ABERTO,,0
PRZ001192,EXP001156,PGR-00057780/2026,DOCUMENTO,CIVINT/STIC,RESPOSTA,2026-10-07,2026-10-08,1,ABERTO,,0
PRZ001193,EXP001157,PGR-00037110/2026,DOCUMENTO,CIVINT/STIC,RESPOSTA,2026-10-05,2026-10-08,3,ABERTO,,0
PRZ001194,EXP001158,PGR-00076147/2026,DOCUMENTO,CIVINT/STIC,RESPOSTA,2026-09-28,2026-10-19,21,ABERTO,,0
PRZ001195,EXP001159,PGR-00015640/2026,DOCUMENTO,CIVINT/STIC,RESPOSTA,2026-10-01,2026-11-08,38,ABERTO,,0
PRZ001196,EXP001160,PGR-00030378/2026,DOCUMENTO,CIVINT/STIC,RESPOSTA,2026-10-05,2026-12-22,78,ABERTO,,0
PRZ001197,EXP001161,PGR-00078187/2026,DOCUMENTO,CIVINT/STIC,RESPOSTA,2026-09-28,2026-11-24,57,ABERTO,,0
PRZ001198,EXP001162,PGR-00082107/2026,DOCUMENTO,CIVINT/STIC,RESPOSTA,2026-10-07,2026-12-29,83,ABERTO,,0
PRZ001199,EXP001163,PGR-00088202/2026,DOCUMENTO,CIVINT/STIC,RESPOSTA,2026-10-03,2026-10-11,8,ABERTO,,0
PRZ001200,EXP001164,PGR-00061863/2026,DOCUMENTO,CIVINT/STIC,RESPOSTA,2026-09-29,2026-11-19,51,ABERTO,,0
PRZ001201,EXP001165,PGR-00031534/2026,DOCUMENTO,CIVINT/STIC,RESPOSTA,2026-09-30,2026-10-14,14,ABERTO,,0
PRZ001202,EXP001166,PGR-00022905/2026,DOCUMENTO,CIVINT/STIC,RESPOSTA,2026-09-30,2026-10-07,7,ABERTO,,0
PRZ001203,EXP001167,PGR-00036262/2026,DOCUMENTO,CIVINT/STIC,RESPOSTA,2026-10-03,2026-10-28,25,ABERTO,,0
PRZ001204,EXP001168,PGR-00033556/2026,DOCUMENTO,CIVINT/STIC,RESPOSTA,2026-09-28,2026-12-01,64,ABERTO,,0
PRZ001205,EXP001169,PGR-00070390/2026,DOCUMENTO,CIVINT/STIC,RESPOSTA,2026-10-06,2026-12-23,78,ABERTO,,0
PRZ001206,EXP001170,PGR-00066275/2026,DOCUMENTO,CIVINT/STIC,RESPOSTA,2026-10-07,2026-10-12,5,ABERTO,,0
PRZ001207,EXP001171,PGR-00086001/2026,DOCUMENTO,CIVINT/STIC,RESPOSTA,2026-10-01,2026-10-07,6,ABERTO,,0
PRZ001208,EXP001172,PGR-00069842/2026,DOCUMENTO,CIVINT/STIC,RESPOSTA,2026-10-04,2026-11-08,35,ABERTO,,0
PRZ001209,EXP001173,PGR-00066130/2026,DOCUMENTO,CIVINT/STIC,RESPOSTA,2026-10-04,2026-11-18,45,ABERTO,,0
PRZ001210,EXP001174,PGR-00074490/2026,DOCUMENTO,CIVINT/STIC,RESPOSTA,2026-10-05,2026-12-04,60,ABERTO,,0
PRZ001211,EXP001175,PGR-00069030/2026,DOCUMENTO,CIVINT/STIC,RESPOSTA,2026-10-03,2026-10-13,10,ABERTO,,0
PRZ001212,EXP001176,PGR-00053320/2026,DOCUMENTO,CIVINT/STIC,RESPOSTA,2026-09-29,2026-10-07,8,ABERTO,,0
PRZ001213,EXP001177,PGR-00045097/2026,DOCUMENTO,CIVINT/STIC,RESPOSTA,2026-10-07,2026-10-20,13,ABERTO,,0
PRZ001214,EXP001178,PGR-00015430/2026,DOCUMENTO,CIVINT/STIC,RESPOSTA,2026-09-28,2026-11-20,53,ABERTO,,0
PRZ001215,EXP001179,PGR-00021095/2026,DOCUMENTO,CIVINT/STIC,RESPOSTA,2026-10-06,2026-11-01,26,ABERTO,,0
PRZ001216,EXP001180,PGR-00014320/2026,DOCUMENTO,CIVINT/STIC,RESPOSTA,2026-09-30,2026-10-07,7,ABERTO,,0
PRZ001217,EXP001181,PGR-00088107/2026,DOCUMENTO,CIVINT/STIC,RESPOSTA,2026-10-06,2026-10-10,4,ABERTO,,0
PRZ001218,EXP001182,PGR-00027562/2026,DOCUMENTO,CIVINT/STIC,RESPOSTA,2026-10-01,2026-10-14,13,ABERTO,,0
PRZ001219,EXP001183,PGR-00080945/2026,DOCUMENTO,CIVINT/STIC,RESPOSTA,2026-10-05,2026-10-08,3,ABERTO,,0
PRZ001220,EXP001184,PGR-00057720/2026,DOCUMENTO,CIVINT/STIC,RESPOSTA,2026-09-29,2026-12-13,75,ABERTO,,0
PRZ001221,EXP001185,PGR-00004751/2026,DOCUMENTO,CIVINT/STIC,RESPOSTA,2026-10-02,2026-10-11,9,ABERTO,,0
PRZ001222,EXP001186,PGR-00045794/2026,DOCUMENTO,CIVINT/STIC,RESPOSTA,2026-10-02,2026-12-17,76,ABERTO,,0
PRZ001223,EXP001187,PGR-00003896/2026,DOCUMENTO,CIVINT/STIC,RESPOSTA,2026-09-29,2026-10-09,10,ABERTO,,0
PRZ001224,EXP001188,PGR-00001276/2026,DOCUMENTO,CIVINT/STIC,RESPOSTA,2026-10-03,2026-10-16,13,ABERTO,,0
PRZ001225,EXP001189,PGR-00073846/2026,DOCUMENTO,CIVINT/STIC,RESPOSTA,2026-10-03,2026-10-09,6,ABERTO,,0
PRZ001226,EXP001190,PGR-00013476/2026,DOCUMENTO,CIVINT/STIC,RESPOSTA,2026-10-04,2026-10-13,9,ABERTO,,0
PRZ001227,EXP001191,PGR-00047576/2026,DOCUMENTO,CIVINT/STIC,RESPOSTA,2026-10-03,2026-12-15,73,ABERTO,,0
PRZ001228,EXP001192,PGR-00022036/2026,DOCUMENTO,CIVINT/STIC,RESPOSTA,2026-10-04,2026-12-20,77,ABERTO,,0
PRZ001229,EXP001193,PGR-00093193/2026,DOCUMENTO,CIVINT/STIC,RESPOSTA,2026-09-29,2026-10-31,32,ABERTO,,0
PRZ001230,EXP001194,PGR-00064557/2026,DOCUMENTO,CIVINT/STIC,RESPOSTA,2026-10-01,2026-10-11,10,ABERTO,,0
PRZ001231,EXP001195,PGR-00046528/2026,DOCUMENTO,CIVINT/STIC,RESPOSTA,2026-09-29,2026-12-25,87,ABERTO,,0
PRZ001232,EXP001196,PGR-00015414/2026,DOCUMENTO,CIVINT/STIC,RESPOSTA,2026-10-03,2026-10-14,11,ABERTO,,0
PRZ001233,EXP001197,PGR-00084958/2026,DOCUMENTO,CIVINT/STIC,RESPOSTA,2026-10-02,2026-10-30,28,ABERTO,,0
PRZ001234,EXP001198,PGR-00094308/2026,DOCUMENTO,CIVINT/STIC,RESPOSTA,2026-10-02,2026-10-03,1,ABERTO,,4
PRZ001235,EXP001199,PGR-00007333/2026,DOCUMENTO,CIVINT/STIC,RESPOSTA,2026-10-05,2026-10-09,4,ABERTO,,0
PRZ001236,EXP001200,PGR-00019884/2026,DOCUMENTO,CIVINT/STIC,RESPOSTA,2026-10-01,2026-10-13,12,ABERTO,,0
PRZ001237,EXP001201,PGR-00012816/2026,DOCUMENTO,CIVINT/STIC,RESPOSTA,2026-10-01,2026-12-08,68,ABERTO,,0
PRZ001238,EXP001202,PGR-00007648/2026,DOCUMENTO,CIVINT/STIC,RESPOSTA,2026-10-03,2026-10-04,1,ABERTO,,3
PRZ001239,EXP001203,PGR-00033605/2026,DOCUMENTO,CIVINT/STIC,RESPOSTA,2026-09-30,2026-12-26,87,ABERTO,,0
PRZ001240,EXP001204,PGR-00054166/2026,DOCUMENTO,CIVINT/STIC,RESPOSTA,2026-10-01,2026-10-02,1,ABERTO,,5
PRZ001241,EXP001205,PGR-00024472/2026,DOCUMENTO,CIVINT/STIC,RESPOSTA,2026-10-04,2026-12-22,79,ABERTO,,0
PRZ001242,EXP001206,PGR-00068722/2026,DOCUMENTO,CIVINT/STIC,RESPOSTA,2026-10-06,2027-01-01,87,ABERTO,,0
PRZ001243,EXP001207,PGR-00025974/2026,DOCUMENTO,CIVINT/STIC,RESPOSTA,2026-09-30,2026-10-12,12,ABERTO,,0
PRZ001244,EXP001208,PGR-00029105/2026,DOCUMENTO,CIVINT/STIC,RESPOSTA,2026-10-01,2026-10-24,23,ABERTO,,0
PRZ001245,EXP001209,PGR-00059263/2026,DOCUMENTO,CIVINT/STIC,RESPOSTA,2026-10-01,2026-10-08,7,ABERTO,,0
PRZ001246,EXP001210,PGR-00092216/2026,DOCUMENTO,CIVINT/STIC,RESPOSTA,2026-09-29,2026-12-19,81,ABERTO,,0
PRZ001247,EXP001211,PGR-00028167/2026,DOCUMENTO,CIVINT/STIC,RESPOSTA,2026-09-28,2026-09-29,1,ABERTO,,8
PRZ001248,EXP001212,PGR-00068296/2026,DOCUMENTO,CIVINT/STIC,RESPOSTA,2026-10-01,2026-12-07,67,ABERTO,,0
PRZ001249,EXP001213,PGR-00026630/2026,DOCUMENTO,CIVINT/STIC,RESPOSTA,2026-09-28,2026-12-28,91,ABERTO,,0
PRZ001250,EXP001214,PGR-00072527/2026,DOCUMENTO,CIVINT/STIC,RESPOSTA,2026-09-30,2026-10-11,11,ABERTO,,0
PRZ001251,EXP001215,PGR-00043803/2026,DOCUMENTO,CIVINT/STIC,RESPOSTA,2026-10-06,2026-10-17,11,ABERTO,,0
PRZ001252,EXP001216,PGR-00016289/2026,DOCUMENTO,CIVINT/STIC,RESPOSTA,2026-09-29,2026-10-14,15,ABERTO,,0
PRZ001253,EXP001217,PGR-00040674/2026,DOCUMENTO,CIVINT/STIC,RESPOSTA,2026-10-01,2026-10-12,11,ABERTO,,0
PRZ001254,EXP001218,PGR-00077592/2026,DOCUMENTO,CIVINT/STIC,RESPOSTA,2026-10-03,2026-10-08,5,ABERTO,,0
PRZ001255,EXP001219,PGR-00058714/2026,DOCUMENTO,CIVINT/STIC,RESPOSTA,2026-09-28,2026-10-07,9,ABERTO,,0
PRZ001256,EXP001220,PGR-00088390/2026,DOCUMENTO,CIVINT/STIC,RESPOSTA,2026-09-29,2026-10-25,26,ABERTO,,0
PRZ001257,EXP001221,PGR-00078174/2026,DOCUMENTO,CIVINT/STIC,RESPOSTA,2026-09-28,2026-10-07,9,ABERTO,,0
PRZ001258,EXP001222,PGR-00087604/2026,DOCUMENTO,CIVINT/STIC,RESPOSTA,2026-10-04,2026-11-13,40,ABERTO,,0
PRZ001259,EXP001223,PGR-00010239/2026,DOCUMENTO,CIVINT/STIC,RESPOSTA,2026-09-30,2026-10-13,13,ABERTO,,0
PRZ001260,EXP001224,PGR-00076143/2026,DOCUMENTO,CIVINT/STIC,RESPOSTA,2026-09-30,2026-10-09,9,ABERTO,,0
PRZ001261,EXP001225,PGR-00046986/2026,DOCUMENTO,CIVINT/STIC,RESPOSTA,2026-10-03,2026-10-12,9,ABERTO,,0
PRZ001262,EXP001226,PGR-00044763/2026,DOCUMENTO,CIVINT/STIC,RESPOSTA,2026-09-29,2026-12-25,87,ABERTO,,0
PRZ001263,EXP001227,PGR-00062938/2026,DOCUMENTO,CIVINT/STIC,RESPOSTA,2026-10-05,2026-10-10,5,ABERTO,,0
PRZ001264,EXP001228,PGR-00039457/2026,DOCUMENTO,CIVINT/STIC,RESPOSTA,2026-09-28,2026-11-03,36,ABERTO,,0
PRZ001265,EXP001229,PGR-00036245/2026,DOCUMENTO,CIVINT/STIC,RESPOSTA,2026-10-06,2026-10-23,17,ABERTO,,0
PRZ001266,EXP001230,PGR-00060469/2026,DOCUMENTO,CIVINT/STIC,RESPOSTA,2026-09-29,2026-11-03,35,ABERTO,,0
PRZ001267,EXP001231,PGR-00094793/2026,DOCUMENTO,CIVINT/STIC,RESPOSTA,2026-10-06,2026-12-23,78,ABERTO,,0
PRZ001268,EXP001232,PGR-00005481/2026,DOCUMENTO,CIVINT/STIC,RESPOSTA,2026-08-03,2026-10-10,68,ABERTO,,0
PRZ001269,EXP001233,PGR-00051035/2026,DOCUMENTO,CIVINT/STIC,RESPOSTA,2026-09-06,2026-10-09,33,ABERTO,,0
PRZ001270,EXP001234,PGR-00043093/2026,DOCUMENTO,CIVINT/STIC,RESPOSTA,2026-09-20,2026-11-05,46,ABERTO,,0
PRZ001271,EXP001235,PGR-00026135/2026,DOCUMENTO,CIVINT/STIC,RESPOSTA,2026-09-28,2026-10-15,17,ABERTO,,0
PRZ001272,EXP001236,PGR-00051114/2026,DOCUMENTO,CIVINT/STIC,RESPOSTA,2026-09-30,2026-10-09,9,ABERTO,,0
PRZ001273,EXP001236,PGR-00051114/2026,DOCUMENTO,CIVINT/STIC,RESPOSTA,2026-09-30,2026-10-01,1,PRORROGADO,2026-09-30T03:14:12-03:00,0
PRZ001274,EXP001237,PGR-00036742/2026,DOCUMENTO,CIVINT/STIC,RESPOSTA,2026-09-27,2026-12-13,77,ABERTO,,0
PRZ001275,EXP001238,PGR-00085354/2026,DOCUMENTO,CIVINT/STIC,RESPOSTA,2026-09-11,2026-10-11,30,ABERTO,,0
PRZ001276,EXP001239,PGR-00028564/2026,DOCUMENTO,CIVINT/STIC,RESPOSTA,2026-09-15,2027-01-04,111,ABERTO,,0
PRZ001277,EXP001240,PGR-00011644/2026,DOCUMENTO,CIVINT/STIC,RESPOSTA,2026-10-03,2026-10-13,10,ABERTO,,0
PRZ001278,EXP001241,PGR-00033615/2026,DOCUMENTO,CIVINT/STIC,RESPOSTA,2026-08-22,2026-12-29,129,ABERTO,,0
PRZ001279,EXP001242,PGR-00009536/2026,DOCUMENTO,CIVINT/STIC,RESPOSTA,2026-08-20,2026-12-09,111,ABERTO,,0
PRZ001280,EXP001243,PGR-00098580/2026,DOCUMENTO,CIVINT/STIC,RESPOSTA,2026-09-30,2026-10-09,9,ABERTO,,0
PRZ001281,EXP001244,PGR-00098544/2026,DOCUMENTO,CIVINT/STIC,RESPOSTA,2026-10-07,2026-10-12,5,ABERTO,,0
PRZ001282,EXP001244,PGR-00098544/2026,DOCUMENTO,CIVINT/STIC,RESPOSTA,2026-10-07,2026-10-08,1,PRORROGADO,2026-10-07T11:47:22-03:00,0
PRZ001283,EXP001245,PGR-00072317/2026,DOCUMENTO,CIVINT/STIC,RESPOSTA,2026-10-06,2026-10-14,8,ABERTO,,0
PRZ001284,EXP001246,PGR-00000971/2026,DOCUMENTO,CIVINT/STIC,RESPOSTA,2026-09-17,2026-10-09,22,ABERTO,,0
PRZ001285,EXP001247,PGR-00094375/2026,DOCUMENTO,CIVINT/STIC,RESPOSTA,2026-08-02,2026-12-09,129,ABERTO,,0
PRZ001286,EXP001248,PGR-00093032/2026,DOCUMENTO,CIVINT/STIC,RESPOSTA,2026-09-04,2026-10-20,46,ABERTO,,0
PRZ001287,EXP001249,PGR-00076805/2026,DOCUMENTO,CIVINT/STIC,RESPOSTA,2026-07-24,2026-09-20,58,ABERTO,,17
PRZ001288,EXP001250,PGR-00014467/2026,DOCUMENTO,CIVINT/STIC,RESPOSTA,2026-06-21,2026-10-11,112,ABERTO,,0
PRZ001289,EXP001251,PGR-00057854/2026,DOCUMENTO,CIVINT/STIC,RESPOSTA,2026-09-18,2026-11-29,72,ABERTO,,0
PRZ001290,EXP001252,PGR-00031743/2026,DOCUMENTO,CIVINT/STIC,RESPOSTA,2026-10-04,2026-11-16,43,ABERTO,,0
PRZ001291,EXP001253,PGR-00035188/2026,DOCUMENTO,CIVINT/STIC,RESPOSTA,2026-09-24,2026-11-04,41,ABERTO,,0
PRZ001292,EXP001254,PGR-00012373/2026,DOCUMENTO,CIVINT/STIC,RESPOSTA,2026-08-31,2026-10-10,40,ABERTO,,0
PRZ001293,EXP001255,PGR-00007238/2026,DOCUMENTO,CIVINT/STIC,RESPOSTA,2026-10-01,2026-10-07,6,ABERTO,,0
PRZ001294,EXP001256,PGR-00023996/2026,DOCUMENTO,CIVINT/STIC,RESPOSTA,2026-07-23,2026-10-14,83,ABERTO,,0
PRZ001295,EXP001257,PGR-00085938/2026,DOCUMENTO,CIVINT/STIC,RESPOSTA,2026-10-02,2026-10-20,18,ABERTO,,0
PRZ001296,EXP001258,PGR-00027494/2026,DOCUMENTO,CIVINT/STIC,RESPOSTA,2026-08-12,2026-10-16,65,ABERTO,,0
PRZ001297,EXP001259,PGR-00046320/2026,DOCUMENTO,CIVINT/STIC,RESPOSTA,2026-09-22,2026-12-19,88,ABERTO,,0
PRZ001298,EXP001260,PGR-00083490/2026,DOCUMENTO,CIVINT/STIC,RESPOSTA,2026-08-12,2026-11-03,83,ABERTO,,0
PRZ001299,EXP001261,PGR-00015492/2026,DOCUMENTO,CIVINT/STIC,RESPOSTA,2026-09-12,2026-10-14,32,ABERTO,,0
PRZ001300,EXP001262,PGR-00089697/2026,DOCUMENTO,CIVINT/STIC,RESPOSTA,2026-07-08,2026-10-26,110,ABERTO,,0
PRZ001301,EXP001263,PGR-00077725/2026,DOCUMENTO,CIVINT/STIC,RESPOSTA,2026-10-04,2026-10-13,9,ABERTO,,0
PRZ001302,EXP001264,PGR-00081354/2026,DOCUMENTO,CIVINT/STIC,RESPOSTA,2026-05-04,2026-09-23,142,ABERTO,,14
PRZ001303,EXP001265,PGR-00056233/2026,DOCUMENTO,CIVINT/STIC,RESPOSTA,2026-08-28,2027-01-03,128,ABERTO,,0
PRZ001304,EXP001266,PGR-00072458/2026,DOCUMENTO,CIVINT/STIC,RESPOSTA,2026-07-29,2026-11-12,106,ABERTO,,0
PRZ001305,EXP001267,PGR-00019014/2026,DOCUMENTO,CIVINT/STIC,RESPOSTA,2026-09-24,2026-10-11,17,ABERTO,,0
PRZ001306,EXP001268,PGR-00077602/2026,DOCUMENTO,CIVINT/STIC,RESPOSTA,2026-08-25,2026-10-21,57,ABERTO,,0
PRZ001307,EXP001269,PGR-00079616/2026,DOCUMENTO,CIVINT/STIC,RESPOSTA,2026-08-09,2026-11-02,85,ABERTO,,0
PRZ001308,EXP001270,PGR-00089684/2026,DOCUMENTO,CIVINT/STIC,RESPOSTA,2026-08-19,2026-11-02,75,ABERTO,,0
PRZ001309,EXP001271,PGR-00023215/2026,DOCUMENTO,CIVINT/STIC,RESPOSTA,2026-09-11,2026-10-11,30,ABERTO,,0
PRZ001310,EXP001272,PGR-00057670/2026,DOCUMENTO,CIVINT/STIC,RESPOSTA,2026-09-20,2026-12-29,100,ABERTO,,0
PRZ001311,EXP001273,PGR-00008722/2026,DOCUMENTO,CIVINT/STIC,RESPOSTA,2026-08-11,2026-12-07,118,ABERTO,,0
PRZ001312,EXP001274,PGR-00052334/2026,DOCUMENTO,CIVINT/STIC,RESPOSTA,2026-09-30,2026-10-01,1,ABERTO,,6
PRZ001313,EXP001275,PGR-00021507/2026,DOCUMENTO,CIVINT/STIC,RESPOSTA,2026-08-17,2026-09-16,30,ABERTO,,21
PRZ001314,EXP001276,PGR-00088665/2026,DOCUMENTO,CIVINT/STIC,RESPOSTA,2026-08-28,2026-11-26,90,ABERTO,,0
PRZ001315,EXP001277,PGR-00085324/2026,DOCUMENTO,CIVINT/STIC,RESPOSTA,2026-09-25,2026-11-09,45,ABERTO,,0
PRZ001316,EXP001278,PGR-00097447/2026,DOCUMENTO,CIVINT/STIC,RESPOSTA,2026-09-08,2026-12-18,101,ABERTO,,0
PRZ001317,EXP001279,PGR-00000326/2026,DOCUMENTO,CIVINT/STIC,RESPOSTA,2026-08-13,2026-10-14,62,ABERTO,,0
PRZ001318,EXP001280,PGR-00069193/2026,DOCUMENTO,CIVINT/STIC,RESPOSTA,2026-07-28,2026-09-01,35,ABERTO,,36
PRZ001319,EXP001280,PGR-00069193/2026,DOCUMENTO,CIVINT/STIC,RESPOSTA,2026-07-28,2026-08-15,18,PRORROGADO,2026-09-07T07:58:01-03:00,0
PRZ001320,EXP001281,PGR-00072546/2026,DOCUMENTO,CIVINT/STIC,RESPOSTA,2026-08-01,2026-10-27,87,ABERTO,,0
PRZ001321,EXP001282,PGR-00088281/2026,DOCUMENTO,CIVINT/STIC,RESPOSTA,2026-08-14,2026-11-22,100,ABERTO,,0
PRZ001322,EXP001283,PGR-00071672/2026,DOCUMENTO,CIVINT/STIC,RESPOSTA,2026-09-03,2026-10-11,38,ABERTO,,0
PRZ001323,EXP001284,PGR-00021596/2026,DOCUMENTO,CIVINT/STIC,RESPOSTA,2026-08-02,2026-12-06,126,ABERTO,,0
PRZ001324,EXP001285,PGR-00065509/2026,DOCUMENTO,CIVINT/STIC,RESPOSTA,2026-06-25,2026-11-15,143,ABERTO,,0
PRZ001325,EXP001286,PGR-00048693/2026,DOCUMENTO,CIVINT/STIC,RESPOSTA,2026-09-16,2026-10-17,31,ABERTO,,0
PRZ001326,EXP001287,PGR-00007556/2026,DOCUMENTO,CIVINT/STIC,RESPOSTA,2026-09-20,2026-12-29,100,ABERTO,,0
PRZ001327,EXP001288,PGR-00060214/2026,DOCUMENTO,CIVINT/STIC,RESPOSTA,2026-09-09,2026-10-19,40,ABERTO,,0
PRZ001328,EXP001289,PGR-00047696/2026,DOCUMENTO,CIVINT/STIC,RESPOSTA,2026-07-13,2026-12-23,163,ABERTO,,0
PRZ001329,EXP001290,PGR-00058571/2026,DOCUMENTO,CIVINT/STIC,RESPOSTA,2026-10-04,2026-11-04,31,ABERTO,,0
PRZ001330,EXP001291,PGR-00021620/2026,DOCUMENTO,CIVINT/STIC,RESPOSTA,2026-09-28,2026-10-09,11,ABERTO,,0
PRZ001331,EXP001292,PGR-00059866/2026,DOCUMENTO,CIVINT/STIC,RESPOSTA,2026-08-14,2026-10-15,62,ABERTO,,0
PRZ001332,EXP001293,PGR-00098112/2026,DOCUMENTO,CIVINT/STIC,RESPOSTA,2026-06-08,2026-10-25,139,ABERTO,,0
PRZ001333,EXP001294,PGR-00017571/2026,DOCUMENTO,CIVINT/STIC,RESPOSTA,2026-10-05,2026-10-09,4,ABERTO,,0
PRZ001334,EXP001294,PGR-00017571/2026,DOCUMENTO,CIVINT/STIC,RESPOSTA,2026-10-05,2026-10-06,1,PRORROGADO,2026-10-05T17:47:54-03:00,0
PRZ001335,EXP001295,PGR-00028453/2026,DOCUMENTO,CIVINT/STIC,RESPOSTA,2026-09-19,2026-12-09,81,ABERTO,,0
PRZ001336,EXP001296,PGR-00086286/2026,DOCUMENTO,CIVINT/STIC,RESPOSTA,2026-09-22,2026-10-25,33,ABERTO,,0
PRZ001337,EXP001297,PGR-00068646/2026,DOCUMENTO,CIVINT/STIC,RESPOSTA,2026-09-20,2026-10-07,17,ABERTO,,0
PRZ001338,EXP001298,PGR-00057028/2026,DOCUMENTO,CIVINT/STIC,RESPOSTA,2026-09-28,2026-11-28,61,ABERTO,,0
PRZ001339,EXP001299,PGR-00005295/2026,DOCUMENTO,CIVINT/STIC,RESPOSTA,2026-09-05,2026-11-26,82,ABERTO,,0
PRZ001340,EXP001300,PGR-00036474/2026,DOCUMENTO,CIVINT/STIC,RESPOSTA,2026-09-11,2026-12-25,105,ABERTO,,0
PRZ001341,EXP001301,PGR-00067096/2026,DOCUMENTO,CIVINT/STIC,RESPOSTA,2026-08-15,2026-12-09,116,ABERTO,,0
PRZ001342,EXP001302,PGR-00003568/2026,DOCUMENTO,CIVINT/STIC,RESPOSTA,2026-09-17,2026-10-23,36,ABERTO,,0
PRZ001343,EXP001303,PGR-00091067/2026,DOCUMENTO,CIVINT/STIC,RESPOSTA,2026-09-28,2026-12-04,67,ABERTO,,0
PRZ001344,EXP001304,PGR-00060357/2026,DOCUMENTO,CIVINT/STIC,RESPOSTA,2026-09-29,2026-11-01,33,ABERTO,,0
PRZ001345,EXP001305,PGR-00000060/2026,DOCUMENTO,CIVINT/STIC,RESPOSTA,2026-08-07,2026-12-02,117,ABERTO,,0
PRZ001346,EXP001306,PGR-00053164/2026,DOCUMENTO,CIVINT/STIC,RESPOSTA,2026-09-14,2027-01-05,113,ABERTO,,0
PRZ001347,EXP001307,PGR-00085328/2026,DOCUMENTO,CIVINT/STIC,RESPOSTA,2026-08-27,2026-11-11,76,ABERTO,,0
PRZ001348,EXP001308,PGR-00045361/2026,DOCUMENTO,CIVINT/STIC,RESPOSTA,2026-06-02,2026-08-24,83,ABERTO,,44
PRZ001349,EXP001309,PGR-00092064/2026,DOCUMENTO,CIVINT/STIC,RESPOSTA,2026-09-23,2026-11-20,58,ABERTO,,0
PRZ001350,EXP001310,PGR-00048760/2026,DOCUMENTO,CIVINT/STIC,RESPOSTA,2026-08-18,2026-10-14,57,ABERTO,,0
PRZ001351,EXP001311,PGR-00081006/2026,DOCUMENTO,CIVINT/STIC,RESPOSTA,2026-10-06,2026-10-09,3,ABERTO,,0
PRZ001352,EXP001312,PGR-00050892/2026,DOCUMENTO,CIVINT/STIC,RESPOSTA,2026-09-25,2026-10-07,12,ABERTO,,0
PRZ001353,EXP001313,PGR-00050761/2026,DOCUMENTO,CIVINT/STIC,RESPOSTA,2026-09-06,2026-09-28,22,ABERTO,,9
PRZ001354,EXP001314,PGR-00021722/2026,DOCUMENTO,CIVINT/STIC,RESPOSTA,2026-08-26,2026-11-02,68,ABERTO,,0
PRZ001355,EXP001315,PGR-00040796/2026,DOCUMENTO,CIVINT/STIC,RESPOSTA,2026-10-01,2026-10-02,1,ABERTO,,5
PRZ001356,EXP001316,PGR-00099682/2026,DOCUMENTO,CIVINT/STIC,RESPOSTA,2026-09-19,2026-10-25,36,ABERTO,,0
PRZ001357,EXP001317,PGR-00003836/2026,DOCUMENTO,CIVINT/STIC,RESPOSTA,2026-08-19,2026-09-14,26,ABERTO,,23
PRZ001358,EXP001317,PGR-00003836/2026,DOCUMENTO,CIVINT/STIC,RESPOSTA,2026-08-19,2026-08-28,9,PRORROGADO,2026-09-07T10:27:06-03:00,0
PRZ001359,EXP001318,PGR-00001469/2026,DOCUMENTO,CIVINT/STIC,RESPOSTA,2026-09-11,2026-10-10,29,ABERTO,,0
PRZ001360,EXP001319,PGR-00079615/2026,DOCUMENTO,CIVINT/STIC,RESPOSTA,2026-09-14,2026-12-03,80,ABERTO,,0
PRZ001361,EXP001320,PGR-00044369/2026,DOCUMENTO,CIVINT/STIC,RESPOSTA,2026-09-26,2026-11-15,50,ABERTO,,0
PRZ001362,EXP001321,PGR-00057772/2026,DOCUMENTO,CIVINT/STIC,RESPOSTA,2026-10-07,2026-12-09,63,ABERTO,,0
PRZ001363,EXP001322,PGR-00015455/2026,DOCUMENTO,CIVINT/STIC,RESPOSTA,2026-09-11,2026-12-14,94,ABERTO,,0
PRZ001364,EXP001322,PGR-00015455/2026,DOCUMENTO,CIVINT/STIC,RESPOSTA,2026-09-11,2026-12-08,88,PRORROGADO,2026-09-11T21:19:58-03:00,0
PRZ001365,EXP001323,PGR-00027646/2026,DOCUMENTO,CIVINT/STIC,RESPOSTA,2026-09-25,2026-12-08,74,ABERTO,,0
PRZ001366,EXP001324,PGR-00077284/2026,DOCUMENTO,CIVINT/STIC,RESPOSTA,2026-09-29,2026-11-09,41,ABERTO,,0
PRZ001367,EXP001325,PGR-00079365/2026,DOCUMENTO,CIVINT/STIC,RESPOSTA,2026-09-18,2026-09-19,1,ABERTO,,18
PRZ001368,EXP001326,PGR-00016977/2026,DOCUMENTO,CIVINT/STIC,RESPOSTA,2026-10-04,2026-11-14,41,ABERTO,,0
PRZ001369,EXP001327,PGR-00090740/2026,DOCUMENTO,CIVINT/STIC,RESPOSTA,2026-05-04,2026-09-11,130,ABERTO,,26
PRZ001370,EXP001328,PGR-00019546/2026,DOCUMENTO,CIVINT/STIC,RESPOSTA,2026-07-27,2026-12-02,128,ABERTO,,0
PRZ001371,EXP001329,PGR-00008961/2026,DOCUMENTO,CIVINT/STIC,RESPOSTA,2026-08-01,2027-01-02,154,ABERTO,,0
PRZ001372,EXP001330,PGR-00080673/2026,DOCUMENTO,CIVINT/STIC,RESPOSTA,2026-09-12,2026-11-16,65,ABERTO,,0
PRZ001373,EXP001331,PGR-00098717/2026,DOCUMENTO,CIVINT/STIC,RESPOSTA,2026-05-27,2026-11-29,186,ABERTO,,0
PRZ001374,EXP001332,PGR-00066540/2026,DOCUMENTO,CIVINT/STIC,RESPOSTA,2026-07-25,2026-12-19,147,ABERTO,,0
PRZ001375,EXP001333,PGR-00029963/2026,DOCUMENTO,CIVINT/STIC,RESPOSTA,2026-10-07,2026-10-28,21,ABERTO,,0
PRZ001376,EXP001334,PGR-00031133/2026,DOCUMENTO,CIVINT/STIC,RESPOSTA,2026-09-13,2026-12-20,98,ABERTO,,0
PRZ001377,EXP001335,PGR-00069502/2026,DOCUMENTO,CIVINT/STIC,RESPOSTA,2026-09-24,2026-10-13,19,ABERTO,,0
PRZ001378,EXP001336,PGR-00088684/2026,DOCUMENTO,CIVINT/STIC,RESPOSTA,2026-08-10,2026-10-18,69,ABERTO,,0
PRZ001379,EXP001337,PGR-00097264/2026,DOCUMENTO,CIVINT/STIC,RESPOSTA,2026-09-27,2026-10-12,15,ABERTO,,0
PRZ001380,EXP001338,PGR-00022887/2026,DOCUMENTO,CIVINT/STIC,RESPOSTA,2026-09-29,2026-09-30,1,ABERTO,,7
PRZ001381,EXP001339,PGR-00081468/2026,DOCUMENTO,CIVINT/STIC,RESPOSTA,2026-09-24,2026-09-25,1,ABERTO,,12
PRZ001382,EXP001340,PGR-00072890/2026,DOCUMENTO,CIVINT/STIC,RESPOSTA,2026-09-27,2027-01-04,99,ABERTO,,0
PRZ001383,EXP001341,PGR-00078882/2026,DOCUMENTO,CIVINT/STIC,RESPOSTA,2026-09-29,2026-10-09,10,ABERTO,,0
PRZ001384,EXP001342,PGR-00024836/2026,DOCUMENTO,CIVINT/STIC,RESPOSTA,2026-09-24,2026-10-04,10,ABERTO,,3
PRZ001385,EXP001343,PGR-00079313/2026,DOCUMENTO,CIVINT/STIC,RESPOSTA,2026-08-03,2026-10-08,66,ABERTO,,0
PRZ001386,EXP001344,PGR-00003442/2026,DOCUMENTO,CIVINT/STIC,RESPOSTA,2026-07-09,2026-12-29,173,ABERTO,,0
PRZ001387,EXP001345,PGR-00048946/2026,DOCUMENTO,CIVINT/STIC,RESPOSTA,2026-08-03,2026-11-02,91,ABERTO,,0
PRZ001388,EXP001346,PGR-00085322/2026,DOCUMENTO,CIVINT/STIC,RESPOSTA,2026-10-04,2026-10-09,5,ABERTO,,0
PRZ001389,EXP001347,PGR-00078319/2026,DOCUMENTO,CIVINT/STIC,RESPOSTA,2026-09-05,2026-10-21,46,ABERTO,,0
PRZ001390,EXP001348,PGR-00024168/2026,DOCUMENTO,CIVINT/STIC,RESPOSTA,2026-09-18,2026-09-19,1,ABERTO,,18
PRZ001391,EXP001349,PGR-00011641/2026,DOCUMENTO,CIVINT/STIC,RESPOSTA,2026-09-01,2026-09-02,1,ABERTO,,35
PRZ001392,EXP001350,PGR-00012256/2026,DOCUMENTO,CIVINT/STIC,RESPOSTA,2026-09-27,2026-10-07,10,ABERTO,,0
PRZ001393,EXP001351,PGR-00062986/2026,DOCUMENTO,CIVINT/STIC,RESPOSTA,2026-04-29,2026-10-08,162,ABERTO,,0
PRZ001394,EXP001352,PGR-00050065/2026,DOCUMENTO,CIVINT/STIC,RESPOSTA,2026-10-03,2026-10-13,10,ABERTO,,0
PRZ001395,EXP001353,PGR-00064017/2026,DOCUMENTO,CIVINT/STIC,RESPOSTA,2026-08-20,2026-10-18,59,ABERTO,,0
PRZ001396,EXP001354,PGR-00016088/2026,DOCUMENTO,CIVINT/STIC,RESPOSTA,2026-09-25,2026-12-07,73,ABERTO,,0
PRZ001397,EXP001355,PGR-00022283/2026,DOCUMENTO,CIVINT/STIC,RESPOSTA,2026-09-09,2026-10-12,33,ABERTO,,0
PRZ001398,EXP001355,PGR-00022283/2026,DOCUMENTO,CIVINT/STIC,RESPOSTA,2026-09-09,2026-09-29,20,PRORROGADO,2026-09-11T23:21:23-03:00,0
PRZ001399,EXP001356,PGR-00072128/2026,DOCUMENTO,CIVINT/STIC,RESPOSTA,2026-09-26,2026-10-14,18,ABERTO,,0
PRZ001400,EXP001357,PGR-00067549/2026,DOCUMENTO,CIVINT/STIC,RESPOSTA,2026-10-03,2026-10-04,1,ABERTO,,3
PRZ001401,EXP001358,PGR-00092986/2026,DOCUMENTO,CIVINT/STIC,RESPOSTA,2026-09-13,2026-09-14,1,ABERTO,,23
PRZ001402,EXP001359,PGR-00097419/2026,DOCUMENTO,CIVINT/STIC,RESPOSTA,2026-08-21,2026-10-13,53,ABERTO,,0
PRZ001403,EXP001360,PGR-00065684/2026,DOCUMENTO,CIVINT/STIC,RESPOSTA,2026-09-23,2026-10-08,15,ABERTO,,0
PRZ001404,EXP001361,PGR-00016312/2026,DOCUMENTO,CIVINT/STIC,RESPOSTA,2026-10-07,2026-11-30,54,ABERTO,,0
PRZ001405,EXP001362,PGR-00055081/2026,DOCUMENTO,CIVINT/STIC,RESPOSTA,2026-07-05,2026-11-23,141,ABERTO,,0
PRZ001406,EXP001363,PGR-00018389/2026,DOCUMENTO,CIVINT/STIC,RESPOSTA,2026-07-22,2026-10-07,77,ABERTO,,0
PRZ001407,EXP001364,PGR-00070487/2026,DOCUMENTO,CIVINT/STIC,RESPOSTA,2026-10-07,2026-10-24,17,ABERTO,,0
PRZ001408,EXP001364,PGR-00070487/2026,DOCUMENTO,CIVINT/STIC,RESPOSTA,2026-10-07,2026-10-14,7,PRORROGADO,2026-10-07T17:00:00-03:00,0
PRZ001409,EXP001365,PGR-00055315/2026,DOCUMENTO,CIVINT/STIC,RESPOSTA,2026-09-07,2026-10-26,49,ABERTO,,0
PRZ001410,EXP001366,PGR-00079423/2026,DOCUMENTO,CIVINT/STIC,RESPOSTA,2026-10-01,2026-12-09,69,ABERTO,,0
PRZ001411,EXP001367,PGR-00057085/2026,DOCUMENTO,CIVINT/STIC,RESPOSTA,2026-10-07,2026-12-01,55,ABERTO,,0
PRZ001412,EXP001368,PGR-00009790/2026,DOCUMENTO,CIVINT/STIC,RESPOSTA,2026-08-18,2026-12-05,109,ABERTO,,0
PRZ001413,EXP001369,PGR-00005609/2026,DOCUMENTO,CIVINT/STIC,RESPOSTA,2026-07-28,2026-11-17,112,ABERTO,,0
PRZ001414,EXP001370,PGR-00077411/2026,DOCUMENTO,CIVINT/STIC,RESPOSTA,2026-09-09,2026-10-09,30,ABERTO,,0
PRZ001415,EXP001371,PGR-00021653/2026,DOCUMENTO,CIVINT/STIC,RESPOSTA,2026-10-05,2026-11-14,40,ABERTO,,0
PRZ001416,EXP001372,PGR-00017142/2026,DOCUMENTO,CIVINT/STIC,RESPOSTA,2026-09-12,2026-10-10,28,ABERTO,,0
PRZ001417,EXP001373,PGR-00096171/2026,DOCUMENTO,CIVINT/STIC,RESPOSTA,2026-08-21,2026-10-12,52,ABERTO,,0
PRZ001418,EXP001374,PGR-00072555/2026,DOCUMENTO,CIVINT/STIC,RESPOSTA,2026-07-23,2026-11-17,117,ABERTO,,0
PRZ001419,EXP001375,PGR-00059772/2026,DOCUMENTO,CIVINT/STIC,RESPOSTA,2026-09-26,2026-10-13,17,ABERTO,,0
PRZ001420,EXP001376,PGR-00002869/2026,DOCUMENTO,CIVINT/STIC,RESPOSTA,2026-09-21,2026-10-19,28,ABERTO,,0
PRZ001421,EXP001377,PGR-00001929/2026,DOCUMENTO,CIVINT/STIC,RESPOSTA,2026-08-05,2026-09-11,37,ABERTO,,26
PRZ001422,EXP001378,PGR-00009367/2026,DOCUMENTO,CIVINT/STIC,RESPOSTA,2026-08-25,2026-10-08,44,ABERTO,,0
PRZ001423,EXP001379,PGR-00003304/2026,DOCUMENTO,CIVINT/STIC,RESPOSTA,2026-09-24,2026-10-13,19,ABERTO,,0
PRZ001424,EXP001380,PGR-00000628/2026,DOCUMENTO,CIVINT/STIC,RESPOSTA,2026-09-11,2026-09-12,1,ABERTO,,25
PRZ001425,EXP001381,PGR-00014169/2026,DOCUMENTO,CIVINT/STIC,RESPOSTA,2026-08-25,2026-10-12,48,ABERTO,,0
PRZ001426,EXP001381,PGR-00014169/2026,DOCUMENTO,CIVINT/STIC,RESPOSTA,2026-08-25,2026-09-29,35,PRORROGADO,2026-09-13T02:53:18-03:00,0
PRZ001427,EXP001382,PGR-00064696/2026,DOCUMENTO,CIVINT/STIC,RESPOSTA,2026-10-04,2026-10-07,3,ABERTO,,0
PRZ001428,EXP001383,PGR-00086516/2026,DOCUMENTO,CIVINT/STIC,RESPOSTA,2026-09-24,2026-09-25,1,ABERTO,,12
PRZ001429,EXP001384,PGR-00096083/2026,DOCUMENTO,CIVINT/STIC,RESPOSTA,2026-09-23,2026-12-02,70,ABERTO,,0
PRZ001430,EXP001385,PGR-00093268/2026,DOCUMENTO,CIVINT/STIC,RESPOSTA,2026-09-03,2026-12-17,105,ABERTO,,0
PRZ001431,EXP001386,PGR-00024387/2026,DOCUMENTO,CIVINT/STIC,RESPOSTA,2026-10-03,2026-10-30,27,ABERTO,,0
PRZ001432,EXP001387,PGR-00099526/2026,DOCUMENTO,CIVINT/STIC,RESPOSTA,2026-10-07,2026-11-17,41,ABERTO,,0
PRZ001433,EXP001388,PGR-00040985/2026,DOCUMENTO,CIVINT/STIC,RESPOSTA,2026-09-19,2027-01-01,104,ABERTO,,0
PRZ001434,EXP001388,PGR-00040985/2026,DOCUMENTO,CIVINT/STIC,RESPOSTA,2026-09-19,2026-12-25,97,PRORROGADO,2026-09-19T21:01:47-03:00,0
PRZ001435,EXP001389,PGR-00069946/2026,DOCUMENTO,CIVINT/STIC,RESPOSTA,2026-07-19,2026-12-20,154,ABERTO,,0
PRZ001436,EXP001390,PGR-00089074/2026,DOCUMENTO,CIVINT/STIC,RESPOSTA,2026-09-25,2026-10-12,17,ABERTO,,0
PRZ001437,EXP001391,PGR-00010157/2026,DOCUMENTO,CIVINT/STIC,RESPOSTA,2026-07-27,2026-09-24,59,ABERTO,,13
PRZ001438,EXP001392,PGR-00041655/2026,DOCUMENTO,CIVINT/STIC,RESPOSTA,2026-08-06,2026-11-26,112,ABERTO,,0
PRZ001439,EXP001393,PGR-00068053/2026,DOCUMENTO,CIVINT/STIC,RESPOSTA,2026-09-23,2026-10-10,17,ABERTO,,0
PRZ001440,EXP001393,PGR-00068053/2026,DOCUMENTO,CIVINT/STIC,RESPOSTA,2026-09-23,2026-09-25,2,PRORROGADO,2026-09-23T01:30:57-03:00,0
PRZ001441,EXP001394,PGR-00004766/2026,DOCUMENTO,CIVINT/STIC,RESPOSTA,2026-09-24,2026-10-25,31,ABERTO,,0
PRZ001442,EXP001394,PGR-00004766/2026,DOCUMENTO,CIVINT/STIC,RESPOSTA,2026-09-24,2026-10-10,16,PRORROGADO,2026-09-25T10:37:57-03:00,0
PRZ001443,EXP001395,PGR-00048156/2026,DOCUMENTO,CIVINT/STIC,RESPOSTA,2026-09-26,2026-12-05,70,ABERTO,,0
PRZ001444,EXP001396,PGR-00012295/2026,DOCUMENTO,CIVINT/STIC,RESPOSTA,2026-05-21,2026-11-24,187,ABERTO,,0
PRZ001445,EXP001397,PGR-00017589/2026,DOCUMENTO,CIVINT/STIC,RESPOSTA,2026-08-08,2026-09-28,51,ABERTO,,9
PRZ001446,EXP001398,PGR-00019175/2026,DOCUMENTO,CIVINT/STIC,RESPOSTA,2026-09-18,2026-11-10,53,ABERTO,,0
PRZ001447,EXP001399,PGR-00024244/2026,DOCUMENTO,CIVINT/STIC,RESPOSTA,2026-09-25,2027-01-05,102,ABERTO,,0
PRZ001448,EXP001400,PGR-00079083/2026,DOCUMENTO,CIVINT/STIC,RESPOSTA,2026-09-01,2026-10-12,41,ABERTO,,0
PRZ001449,EXP001401,PGR-00000969/2026,DOCUMENTO,CIVINT/STIC,RESPOSTA,2026-07-08,2026-10-10,94,ABERTO,,0
PRZ001450,EXP001402,PGR-00026456/2026,DOCUMENTO,CIVINT/STIC,RESPOSTA,2026-10-04,2026-10-20,16,ABERTO,,0
PRZ001451,EXP001403,PGR-00005514/2026,DOCUMENTO,CIVINT/STIC,RESPOSTA,2026-10-04,2026-10-12,8,ABERTO,,0
PRZ001452,EXP001403,PGR-00005514/2026,DOCUMENTO,CIVINT/STIC,RESPOSTA,2026-10-04,2026-10-06,2,PRORROGADO,2026-10-04T12:15:21-03:00,0
PRZ001453,EXP001404,PGR-00030625/2026,DOCUMENTO,CIVINT/STIC,RESPOSTA,2026-06-11,2026-11-23,165,ABERTO,,0
PRZ001454,EXP001405,PGR-00030255/2026,DOCUMENTO,CIVINT/STIC,RESPOSTA,2026-08-03,2026-12-14,133,ABERTO,,0
PRZ001455,EXP001406,PGR-00067175/2026,DOCUMENTO,CIVINT/STIC,RESPOSTA,2026-08-13,2026-12-23,132,ABERTO,,0
PRZ001456,EXP001407,PGR-00020423/2026,DOCUMENTO,CIVINT/STIC,RESPOSTA,2026-09-25,2026-10-08,13,ABERTO,,0
PRZ001457,EXP001408,PGR-00008771/2026,DOCUMENTO,CIVINT/STIC,RESPOSTA,2026-09-29,2026-09-30,1,ABERTO,,7
PRZ001458,EXP001409,PGR-00043938/2026,DOCUMENTO,CIVINT/STIC,RESPOSTA,2026-08-17,2026-10-08,52,ABERTO,,0
PRZ001459,EXP001410,PGR-00059865/2026,DOCUMENTO,CIVINT/STIC,RESPOSTA,2026-09-21,2026-10-13,22,ABERTO,,0
PRZ001460,EXP001411,PGR-00006978/2026,DOCUMENTO,CIVINT/STIC,RESPOSTA,2026-08-28,2026-12-13,107,ABERTO,,0
PRZ001461,EXP001412,PGR-00038632/2026,DOCUMENTO,CIVINT/STIC,RESPOSTA,2026-09-17,2026-10-09,22,ABERTO,,0
PRZ001462,EXP001413,PGR-00095193/2026,DOCUMENTO,CIVINT/STIC,RESPOSTA,2026-08-02,2026-08-26,24,ABERTO,,42
PRZ001463,EXP001414,PGR-00009179/2026,DOCUMENTO,CIVINT/STIC,RESPOSTA,2026-10-01,2026-10-14,13,ABERTO,,0
PRZ001464,EXP001415,PGR-00047067/2026,DOCUMENTO,CIVINT/STIC,RESPOSTA,2026-08-04,2026-12-11,129,ABERTO,,0
PRZ001465,EXP001416,PGR-00080308/2026,DOCUMENTO,CIVINT/STIC,RESPOSTA,2026-09-10,2026-11-30,81,ABERTO,,0
PRZ001466,EXP001417,PGR-00053724/2026,DOCUMENTO,CIVINT/STIC,RESPOSTA,2026-09-25,2026-12-07,73,ABERTO,,0
PRZ001467,EXP001418,PGR-00071125/2026,DOCUMENTO,CIVINT/STIC,RESPOSTA,2026-10-07,2026-12-06,60,ABERTO,,0
PRZ001468,EXP001419,PGR-00004310/2026,DOCUMENTO,CIVINT/STIC,RESPOSTA,2026-10-05,2026-10-12,7,ABERTO,,0
PRZ001469,EXP001420,PGR-00009673/2026,DOCUMENTO,CIVINT/STIC,RESPOSTA,2026-08-05,2026-10-09,65,ABERTO,,0
PRZ001470,EXP001421,PGR-00028760/2026,DOCUMENTO,CIVINT/STIC,RESPOSTA,2026-09-28,2026-12-20,83,ABERTO,,0
PRZ001471,EXP001421,PGR-00028760/2026,DOCUMENTO,CIVINT/STIC,RESPOSTA,2026-09-28,2026-12-08,71,PRORROGADO,2026-09-29T12:14:52-03:00,0
PRZ001472,EXP001422,PGR-00056763/2026,DOCUMENTO,CIVINT/STIC,RESPOSTA,2026-09-10,2026-10-07,27,ABERTO,,0
PRZ001473,EXP001423,PGR-00079781/2026,DOCUMENTO,CIVINT/STIC,RESPOSTA,2026-09-29,2026-12-14,76,ABERTO,,0
PRZ001474,EXP001424,PGR-00048047/2026,DOCUMENTO,CIVINT/STIC,RESPOSTA,2026-08-22,2027-01-02,133,ABERTO,,0
PRZ001475,EXP001425,PGR-00056191/2026,DOCUMENTO,CIVINT/STIC,RESPOSTA,2026-09-11,2026-11-11,61,ABERTO,,0
PRZ001476,EXP001426,PGR-00085744/2026,DOCUMENTO,CIVINT/STIC,RESPOSTA,2026-09-15,2026-12-15,91,ABERTO,,0
PRZ001477,EXP001427,PGR-00009204/2026,DOCUMENTO,CIVINT/STIC,RESPOSTA,2026-07-13,2026-12-13,153,ABERTO,,0
PRZ001478,EXP001428,PGR-00012165/2026,DOCUMENTO,CIVINT/STIC,RESPOSTA,2026-09-13,2026-10-14,31,ABERTO,,0
PRZ001479,EXP001429,PGR-00096434/2026,DOCUMENTO,CIVINT/STIC,RESPOSTA,2026-07-22,2027-01-05,167,ABERTO,,0
PRZ001480,EXP001430,PGR-00034979/2026,DOCUMENTO,CIVINT/STIC,RESPOSTA,2026-09-19,2026-10-12,23,ABERTO,,0
PRZ001481,EXP001430,PGR-00034979/2026,DOCUMENTO,CIVINT/STIC,RESPOSTA,2026-09-19,2026-10-04,15,PRORROGADO,2026-09-27T08:45:49-03:00,0
PRZ001482,EXP001431,PGR-00066239/2026,DOCUMENTO,CIVINT/STIC,RESPOSTA,2026-10-01,2026-10-10,9,ABERTO,,0
PRZ001483,EXP001432,PGR-00050240/2026,DOCUMENTO,CIVINT/STIC,RESPOSTA,2026-07-30,2026-11-02,95,ABERTO,,0
PRZ001484,EXP001433,PGR-00042639/2026,DOCUMENTO,CIVINT/STIC,RESPOSTA,2026-09-23,2026-10-07,14,ABERTO,,0
PRZ001485,EXP001434,PGR-00032948/2026,DOCUMENTO,CIVINT/STIC,RESPOSTA,2026-08-13,2026-09-06,24,ABERTO,,31
PRZ001486,EXP001435,PGR-00087999/2026,DOCUMENTO,CIVINT/STIC,RESPOSTA,2026-09-29,2026-10-08,9,ABERTO,,0
PRZ001487,EXP001435,PGR-00087999/2026,DOCUMENTO,CIVINT/STIC,RESPOSTA,2026-09-29,2026-09-30,1,PRORROGADO,2026-09-30T13:34:15-03:00,0
PRZ001488,EXP001436,PGR-00051954/2026,DOCUMENTO,CIVINT/STIC,RESPOSTA,2026-09-26,2026-12-20,85,ABERTO,,0
PRZ001489,EXP001437,PGR-00021835/2026,DOCUMENTO,CIVINT/STIC,RESPOSTA,2026-05-22,2026-11-30,192,ABERTO,,0
PRZ001490,EXP001437,PGR-00021835/2026,DOCUMENTO,CIVINT/STIC,RESPOSTA,2026-05-22,2026-11-24,186,PRORROGADO,2026-07-17T09:45:20-03:00,0
PRZ001491,EXP001438,PGR-00076616/2026,DOCUMENTO,CIVINT/STIC,RESPOSTA,2026-08-31,2026-09-29,29,ABERTO,,8
PRZ001492,EXP001439,PGR-00031781/2026,DOCUMENTO,CIVINT/STIC,RESPOSTA,2026-08-31,2026-10-05,35,ABERTO,,2
PRZ001493,EXP001440,PGR-00023730/2026,DOCUMENTO,CIVINT/STIC,RESPOSTA,2026-08-24,2026-11-29,97,ABERTO,,0
PRZ001494,EXP001441,PGR-00052617/2026,DOCUMENTO,CIVINT/STIC,RESPOSTA,2026-09-20,2026-10-14,24,ABERTO,,0
PRZ001495,EXP001442,PGR-00019861/2026,DOCUMENTO,CIVINT/STIC,RESPOSTA,2026-09-28,2026-10-09,11,ABERTO,,0
PRZ001496,EXP001443,PGR-00001514/2026,DOCUMENTO,CIVINT/STIC,RESPOSTA,2026-09-22,2026-10-11,19,ABERTO,,0
PRZ001497,EXP001443,PGR-00001514/2026,DOCUMENTO,CIVINT/STIC,RESPOSTA,2026-09-22,2026-09-30,8,PRORROGADO,2026-09-29T17:44:48-03:00,0
PRZ001498,EXP001444,PGR-00033313/2026,DOCUMENTO,CIVINT/STIC,RESPOSTA,2026-09-29,2026-10-12,13,ABERTO,,0
PRZ001499,EXP001445,PGR-00097259/2026,DOCUMENTO,CIVINT/STIC,RESPOSTA,2026-10-04,2026-10-07,3,ABERTO,,0
PRZ001500,EXP001446,PGR-00050216/2026,DOCUMENTO,CIVINT/STIC,RESPOSTA,2026-08-08,2026-09-26,49,ABERTO,,11
PRZ001501,EXP001447,PGR-00035628/2026,DOCUMENTO,CIVINT/STIC,RESPOSTA,2026-09-28,2026-09-29,1,ABERTO,,8
PRZ001502,EXP001448,PGR-00088036/2026,DOCUMENTO,CIVINT/STIC,RESPOSTA,2026-08-30,2027-01-01,124,ABERTO,,0
PRZ001503,EXP001449,PGR-00064999/2026,DOCUMENTO,CIVINT/STIC,RESPOSTA,2026-09-27,2026-11-27,61,ABERTO,,0
PRZ001504,EXP001450,PGR-00019798/2026,DOCUMENTO,CIVINT/STIC,RESPOSTA,2026-09-19,2026-10-08,19,ABERTO,,0
PRZ001505,EXP001451,PGR-00063308/2026,DOCUMENTO,CIVINT/STIC,RESPOSTA,2026-09-27,2026-10-13,16,ABERTO,,0
PRZ001506,EXP001452,PGR-00029477/2026,DOCUMENTO,CIVINT/STIC,RESPOSTA,2026-09-25,2026-10-14,19,ABERTO,,0
PRZ001507,EXP001453,PGR-00099993/2026,DOCUMENTO,CIVINT/STIC,RESPOSTA,2026-08-19,2026-10-11,53,ABERTO,,0
PRZ001508,EXP001454,PGR-00077954/2026,DOCUMENTO,CIVINT/STIC,RESPOSTA,2026-10-04,2026-11-22,49,ABERTO,,0
PRZ001509,EXP001455,PGR-00095416/2026,DOCUMENTO,CIVINT/STIC,RESPOSTA,2026-09-25,2026-10-01,6,ABERTO,,6
PRZ001510,EXP001456,PGR-00063431/2026,DOCUMENTO,CIVINT/STIC,RESPOSTA,2026-08-03,2026-10-08,66,ABERTO,,0
PRZ001511,EXP001457,PGR-00009336/2026,DOCUMENTO,CIVINT/STIC,RESPOSTA,2026-09-15,2026-12-29,105,ABERTO,,0
PRZ001512,EXP001458,PGR-00054992/2026,DOCUMENTO,CIVINT/STIC,RESPOSTA,2026-10-07,2026-12-04,58,ABERTO,,0
PRZ001513,EXP001459,PGR-00041803/2026,DOCUMENTO,CIVINT/STIC,RESPOSTA,2026-08-29,2026-11-16,79,ABERTO,,0
PRZ001514,EXP001460,PGR-00021697/2026,DOCUMENTO,CIVINT/STIC,RESPOSTA,2026-09-14,2026-10-07,23,ABERTO,,0
PRZ001515,EXP001461,PGR-00039620/2026,DOCUMENTO,CIVINT/STIC,RESPOSTA,2026-09-20,2026-10-07,17,ABERTO,,0
PRZ001516,EXP001462,PGR-00012907/2026,DOCUMENTO,CIVINT/STIC,RESPOSTA,2026-09-05,2026-10-10,35,ABERTO,,0
PRZ001517,EXP001463,PGR-00001956/2026,DOCUMENTO,CIVINT/STIC,RESPOSTA,2026-10-04,2026-11-26,53,ABERTO,,0
PRZ001518,EXP001464,PGR-00091543/2026,DOCUMENTO,CIVINT/STIC,RESPOSTA,2026-07-08,2026-09-03,57,ABERTO,,34
PRZ001519,EXP001465,PGR-00079986/2026,DOCUMENTO,CIVINT/STIC,RESPOSTA,2026-10-05,2026-12-13,69,ABERTO,,0
PRZ001520,EXP001465,PGR-00079986/2026,DOCUMENTO,CIVINT/STIC,RESPOSTA,2026-10-05,2026-11-26,52,PRORROGADO,2026-10-05T04:36:27-03:00,0
PRZ001521,EXP001466,PGR-00055962/2026,DOCUMENTO,CIVINT/STIC,RESPOSTA,2026-09-08,2026-09-22,14,ABERTO,,15
PRZ001522,EXP001467,PGR-00071411/2026,DOCUMENTO,CIVINT/STIC,RESPOSTA,2026-10-03,2026-10-12,9,ABERTO,,0
PRZ001523,EXP001468,PGR-00060585/2026,DOCUMENTO,CIVINT/STIC,RESPOSTA,2026-09-30,2026-10-01,1,ABERTO,,6
PRZ001524,EXP001469,PGR-00069600/2026,DOCUMENTO,CIVINT/STIC,RESPOSTA,2026-10-07,2026-10-09,2,ABERTO,,0
PRZ001525,EXP001470,PGR-00003948/2026,DOCUMENTO,CIVINT/STIC,RESPOSTA,2026-10-07,2026-10-08,1,ABERTO,,0
PRZ001526,EXP001471,PGR-00036869/2026,DOCUMENTO,CIVINT/STIC,RESPOSTA,2026-06-21,2026-09-13,84,ABERTO,,24
PRZ001527,EXP001472,PGR-00064110/2026,DOCUMENTO,CIVINT/STIC,RESPOSTA,2026-06-08,2026-11-23,168,ABERTO,,0
PRZ001528,EXP001473,PGR-00048685/2026,DOCUMENTO,CIVINT/STIC,RESPOSTA,2026-09-09,2026-10-10,31,ABERTO,,0
PRZ001529,EXP001474,PGR-00087738/2026,DOCUMENTO,CIVINT/STIC,RESPOSTA,2026-07-15,2026-12-02,140,ABERTO,,0
PRZ001530,EXP001475,PGR-00077241/2026,DOCUMENTO,CIVINT/STIC,RESPOSTA,2026-09-08,2026-12-23,106,ABERTO,,0
PRZ001531,EXP001476,PGR-00094939/2026,DOCUMENTO,CIVINT/STIC,RESPOSTA,2026-08-28,2026-11-22,86,ABERTO,,0
PRZ001532,EXP001477,PGR-00061714/2026,DOCUMENTO,CIVINT/STIC,RESPOSTA,2026-08-28,2026-12-26,120,ABERTO,,0
PRZ001533,EXP001478,PGR-00010462/2026,DOCUMENTO,CIVINT/STIC,RESPOSTA,2026-09-13,2026-11-08,56,ABERTO,,0
PRZ001534,EXP001479,PGR-00020270/2026,DOCUMENTO,CIVINT/STIC,RESPOSTA,2026-08-23,2026-11-26,95,ABERTO,,0
PRZ001535,EXP001480,PGR-00054132/2026,DOCUMENTO,CIVINT/STIC,RESPOSTA,2026-08-26,2026-09-18,23,ABERTO,,19
PRZ001536,EXP001481,PGR-00003238/2026,DOCUMENTO,CIVINT/STIC,RESPOSTA,2026-09-11,2026-10-14,33,ABERTO,,0
PRZ001537,EXP001482,PGR-00090225/2026,DOCUMENTO,CIVINT/STIC,RESPOSTA,2026-09-24,2026-12-22,89,ABERTO,,0
PRZ001538,EXP001483,PGR-00060579/2026,DOCUMENTO,CIVINT/STIC,RESPOSTA,2026-09-21,2026-09-22,1,ABERTO,,15
PRZ001539,EXP001484,PGR-00075709/2026,DOCUMENTO,CIVINT/STIC,RESPOSTA,2026-06-20,2026-10-14,116,ABERTO,,0
PRZ001540,EXP001485,PGR-00028161/2026,DOCUMENTO,CIVINT/STIC,RESPOSTA,2026-10-07,2026-10-13,6,ABERTO,,0
PRZ001541,EXP001486,PGR-00021115/2026,DOCUMENTO,CIVINT/STIC,RESPOSTA,2026-06-16,2026-11-25,162,ABERTO,,0
PRZ001542,EXP001487,PGR-00033709/2026,DOCUMENTO,CIVINT/STIC,RESPOSTA,2026-09-17,2026-10-09,22,ABERTO,,0
PRZ001543,EXP001488,PGR-00042371/2026,DOCUMENTO,CIVINT/STIC,RESPOSTA,2026-04-13,2026-09-30,170,ABERTO,,7
PRZ001544,EXP001489,PGR-00021072/2026,DOCUMENTO,CIVINT/STIC,RESPOSTA,2026-08-15,2026-11-08,85,ABERTO,,0
PRZ001545,EXP001490,PGR-00082714/2026,DOCUMENTO,CIVINT/STIC,RESPOSTA,2026-09-09,2026-12-19,101,ABERTO,,0
PRZ001546,EXP001491,PGR-00090930/2026,DOCUMENTO,CIVINT/STIC,RESPOSTA,2026-09-29,2026-10-11,12,ABERTO,,0
PRZ001547,EXP001492,PGR-00077618/2026,DOCUMENTO,CIVINT/STIC,RESPOSTA,2026-09-23,2026-09-24,1,ABERTO,,13
PRZ001548,EXP001493,PGR-00005776/2026,DOCUMENTO,CIVINT/STIC,RESPOSTA,2026-08-06,2026-10-09,64,ABERTO,,0
PRZ001549,EXP001494,PGR-00085086/2026,DOCUMENTO,CIVINT/STIC,RESPOSTA,2026-09-23,2026-11-19,57,ABERTO,,0
PRZ001550,EXP001495,PGR-00066121/2026,DOCUMENTO,CIVINT/STIC,RESPOSTA,2026-09-28,2026-12-29,92,ABERTO,,0
PRZ001551,EXP001496,PGR-00064381/2026,DOCUMENTO,CIVINT/STIC,RESPOSTA,2026-09-28,2026-10-10,12,ABERTO,,0
PRZ001552,EXP001497,PGR-00091004/2026,DOCUMENTO,CIVINT/STIC,RESPOSTA,2026-08-09,2026-10-10,62,ABERTO,,0
PRZ001553,EXP001498,PGR-00098891/2026,DOCUMENTO,CIVINT/STIC,RESPOSTA,2026-10-05,2026-10-14,9,ABERTO,,0
PRZ001554,EXP001499,PGR-00093508/2026,DOCUMENTO,CIVINT/STIC,RESPOSTA,2026-09-30,2026-10-14,14,ABERTO,,0
PRZ001555,EXP001500,PGR-00058038/2026,DOCUMENTO,CIVINT/STIC,RESPOSTA,2026-07-11,2026-12-13,155,ABERTO,,0
PRZ001556,EXP001501,PGR-00082721/2026,DOCUMENTO,CIVINT/STIC,RESPOSTA,2026-09-29,2026-10-09,10,ABERTO,,0
PRZ001557,EXP001502,PGR-00054193/2026,DOCUMENTO,CIVINT/STIC,RESPOSTA,2026-10-05,2026-10-13,8,ABERTO,,0
PRZ001558,EXP001503,PGR-00086463/2026,DOCUMENTO,CIVINT/STIC,RESPOSTA,2026-04-14,2026-10-07,176,ABERTO,,0
PRZ001559,EXP001504,PGR-00071546/2026,DOCUMENTO,CIVINT/STIC,RESPOSTA,2026-08-14,2026-12-02,110,ABERTO,,0
PRZ001560,EXP001504,PGR-00071546/2026,DOCUMENTO,CIVINT/STIC,RESPOSTA,2026-08-14,2026-11-27,105,PRORROGADO,2026-09-03T15:54:38-03:00,0
PRZ001561,EXP001505,PGR-00014687/2026,DOCUMENTO,CIVINT/STIC,RESPOSTA,2026-08-09,2026-10-31,83,ABERTO,,0
PRZ001562,EXP001506,PGR-00094981/2026,DOCUMENTO,CIVINT/STIC,RESPOSTA,2026-08-20,2026-09-01,12,ABERTO,,36
PRZ001563,EXP001507,PGR-00013097/2026,DOCUMENTO,CIVINT/STIC,RESPOSTA,2026-09-02,2026-09-09,7,ABERTO,,28
PRZ001564,EXP001508,PGR-00044324/2026,DOCUMENTO,CIVINT/STIC,RESPOSTA,2026-09-26,2026-10-09,13,ABERTO,,0
PRZ001565,EXP001509,PGR-00025529/2026,DOCUMENTO,CIVINT/STIC,RESPOSTA,2026-09-11,2026-10-09,28,ABERTO,,0
PRZ001566,EXP001510,PGR-00062053/2026,DOCUMENTO,CIVINT/STIC,RESPOSTA,2026-07-23,2026-10-13,82,ABERTO,,0
PRZ001567,EXP001511,PGR-00088420/2026,DOCUMENTO,CIVINT/STIC,RESPOSTA,2026-09-14,2026-12-13,90,ABERTO,,0
PRZ001568,EXP001512,PGR-00040015/2026,DOCUMENTO,CIVINT/STIC,RESPOSTA,2026-08-14,2026-10-26,73,ABERTO,,0
PRZ001569,EXP001513,PGR-00005557/2026,DOCUMENTO,CIVINT/STIC,RESPOSTA,2026-10-05,2026-10-29,24,ABERTO,,0
PRZ001570,EXP001514,PGR-00088625/2026,DOCUMENTO,CIVINT/STIC,RESPOSTA,2026-09-11,2026-11-10,60,ABERTO,,0
PRZ001571,EXP001515,PGR-00014723/2026,DOCUMENTO,CIVINT/STIC,RESPOSTA,2026-08-10,2026-10-09,60,ABERTO,,0
PRZ001572,EXP001516,PGR-00086890/2026,DOCUMENTO,CIVINT/STIC,RESPOSTA,2026-07-16,2026-10-11,87,ABERTO,,0
PRZ001573,EXP001517,PGR-00067413/2026,DOCUMENTO,CIVINT/STIC,RESPOSTA,2026-10-06,2026-11-10,35,ABERTO,,0
PRZ001574,EXP001517,PGR-00067413/2026,DOCUMENTO,CIVINT/STIC,RESPOSTA,2026-10-06,2026-11-04,29,PRORROGADO,2026-10-06T05:06:03-03:00,0
PRZ001575,EXP001518,PGR-00079050/2026,DOCUMENTO,CIVINT/STIC,RESPOSTA,2026-09-07,2026-10-09,32,ABERTO,,0
PRZ001576,EXP001519,PGR-00006761/2026,DOCUMENTO,CIVINT/STIC,RESPOSTA,2026-09-24,2026-10-09,15,ABERTO,,0
PRZ001577,EXP001520,PGR-00065092/2026,DOCUMENTO,CIVINT/STIC,RESPOSTA,2026-08-21,2026-11-14,85,ABERTO,,0
PRZ001578,EXP001521,PGR-00070511/2026,DOCUMENTO,CIVINT/STIC,RESPOSTA,2026-09-12,2026-11-28,77,ABERTO,,0
PRZ001579,EXP001522,PGR-00027725/2026,DOCUMENTO,CIVINT/STIC,RESPOSTA,2026-08-25,2026-10-24,60,ABERTO,,0
PRZ001580,EXP001523,PGR-00038112/2026,DOCUMENTO,CIVINT/STIC,RESPOSTA,2026-09-14,2026-12-26,103,ABERTO,,0
PRZ001581,EXP001524,PGR-00042038/2026,DOCUMENTO,CIVINT/STIC,RESPOSTA,2026-08-21,2026-10-17,57,ABERTO,,0
PRZ001582,EXP001525,PGR-00071347/2026,DOCUMENTO,CIVINT/STIC,RESPOSTA,2026-07-26,2026-10-07,73,ABERTO,,0
PRZ001583,EXP001526,PGR-00080762/2026,DOCUMENTO,CIVINT/STIC,RESPOSTA,2026-09-28,2026-10-26,28,ABERTO,,0
PRZ001584,EXP001527,PGR-00063358/2026,DOCUMENTO,CIVINT/STIC,RESPOSTA,2026-09-15,2026-12-07,83,ABERTO,,0
PRZ001585,EXP001528,PGR-00032312/2026,DOCUMENTO,CIVINT/STIC,RESPOSTA,2026-10-04,2026-11-22,49,ABERTO,,0
PRZ001586,EXP001529,PGR-00025465/2026,DOCUMENTO,CIVINT/STIC,RESPOSTA,2026-09-02,2026-12-05,94,ABERTO,,0
PRZ001587,EXP001529,PGR-00025465/2026,DOCUMENTO,CIVINT/STIC,RESPOSTA,2026-09-02,2026-11-17,76,PRORROGADO,2026-09-20T07:57:04-03:00,0
PRZ001588,EXP001530,PGR-00074930/2026,DOCUMENTO,CIVINT/STIC,RESPOSTA,2026-08-08,2026-12-21,135,ABERTO,,0
PRZ001589,EXP001531,PGR-00046577/2026,DOCUMENTO,CIVINT/STIC,RESPOSTA,2026-09-07,2026-10-14,37,ABERTO,,0
PRZ001590,EXP001532,PGR-00025646/2026,DOCUMENTO,CIVINT/STIC,RESPOSTA,2026-09-07,2026-11-12,66,ABERTO,,0
PRZ001591,EXP001533,PGR-00050286/2026,DOCUMENTO,CIVINT/STIC,RESPOSTA,2026-09-23,2026-10-07,14,ABERTO,,0
PRZ001592,EXP001534,PGR-00051833/2026,DOCUMENTO,CIVINT/STIC,RESPOSTA,2026-10-03,2026-10-09,6,ABERTO,,0
PRZ001593,EXP001535,PGR-00028759/2026,DOCUMENTO,CIVINT/STIC,RESPOSTA,2026-10-07,2026-10-09,2,ABERTO,,0
PRZ001594,EXP001535,PGR-00028759/2026,DOCUMENTO,CIVINT/STIC,RESPOSTA,2026-10-07,2026-10-08,1,PRORROGADO,2026-10-07T17:00:00-03:00,0
PRZ001595,EXP001536,PGR-00033325/2026,DOCUMENTO,CIVINT/STIC,RESPOSTA,2026-09-16,2026-10-13,27,ABERTO,,0
PRZ001596,EXP001537,PGR-00086797/2026,DOCUMENTO,CIVINT/STIC,RESPOSTA,2026-09-01,2026-11-11,71,ABERTO,,0
PRZ001597,EXP001538,PGR-00090923/2026,DOCUMENTO,CIVINT/STIC,RESPOSTA,2026-06-12,2026-12-05,176,ABERTO,,0
PRZ001598,EXP001539,PGR-00063600/2026,DOCUMENTO,CIVINT/STIC,RESPOSTA,2026-10-04,2026-12-30,87,ABERTO,,0
PRZ001599,EXP001539,PGR-00063600/2026,DOCUMENTO,CIVINT/STIC,RESPOSTA,2026-10-04,2026-12-24,81,PRORROGADO,2026-10-04T17:09:51-03:00,0
PRZ001600,EXP001540,PGR-00064275/2026,DOCUMENTO,CIVINT/STIC,RESPOSTA,2026-08-21,2026-11-10,81,ABERTO,,0
PRZ001601,EXP001541,PGR-00055414/2026,DOCUMENTO,CIVINT/STIC,RESPOSTA,2026-10-07,2026-10-14,7,ABERTO,,0
PRZ001602,EXP001542,PGR-00045569/2026,DOCUMENTO,CIVINT/STIC,RESPOSTA,2026-09-06,2026-11-18,73,ABERTO,,0
PRZ001603,EXP001543,PGR-00074657/2026,DOCUMENTO,CIVINT/STIC,RESPOSTA,2026-08-31,2026-12-23,114,ABERTO,,0
PRZ001604,EXP001544,PGR-00049542/2026,DOCUMENTO,CIVINT/STIC,RESPOSTA,2026-10-03,2026-10-14,11,ABERTO,,0
PRZ001605,EXP001545,PGR-00088931/2026,DOCUMENTO,CIVINT/STIC,RESPOSTA,2026-09-19,2026-12-28,100,ABERTO,,0
PRZ001606,EXP001546,PGR-00021181/2026,DOCUMENTO,CIVINT/STIC,RESPOSTA,2026-09-30,2026-10-01,1,ABERTO,,6
PRZ001607,EXP001547,PGR-00025979/2026,DOCUMENTO,CIVINT/STIC,RESPOSTA,2026-09-20,2026-10-13,23,ABERTO,,0
PRZ001608,EXP001548,PGR-00065941/2026,DOCUMENTO,CIVINT/STIC,RESPOSTA,2026-10-07,2026-10-08,1,ABERTO,,0
PRZ001609,EXP001549,PGR-00080487/2026,DOCUMENTO,CIVINT/STIC,RESPOSTA,2026-08-30,2026-10-07,38,ABERTO,,0
PRZ001610,EXP001550,PGR-00091339/2026,DOCUMENTO,CIVINT/STIC,RESPOSTA,2026-09-05,2026-10-03,28,ABERTO,,4
PRZ001611,EXP001551,PGR-00083685/2026,DOCUMENTO,CIVINT/STIC,RESPOSTA,2026-08-14,2026-12-28,136,ABERTO,,0
PRZ001612,EXP001552,PGR-00061883/2026,DOCUMENTO,CIVINT/STIC,RESPOSTA,2026-10-07,2026-10-24,17,ABERTO,,0
PRZ001613,EXP001553,PGR-00045675/2026,DOCUMENTO,CIVINT/STIC,RESPOSTA,2026-08-10,2026-10-09,60,ABERTO,,0
PRZ001614,EXP001554,PGR-00038021/2026,DOCUMENTO,CIVINT/STIC,RESPOSTA,2026-09-26,2026-09-27,1,ABERTO,,10
PRZ001615,EXP001555,PGR-00026143/2026,DOCUMENTO,CIVINT/STIC,RESPOSTA,2026-10-03,2026-11-18,46,ABERTO,,0
PRZ001616,EXP001556,PGR-00051776/2026,DOCUMENTO,CIVINT/STIC,RESPOSTA,2026-09-29,2026-10-11,12,ABERTO,,0
PRZ001617,EXP001557,PGR-00099236/2026,DOCUMENTO,CIVINT/STIC,RESPOSTA,2026-09-03,2026-10-12,39,ABERTO,,0
PRZ001618,EXP001558,PGR-00012494/2026,DOCUMENTO,CIVINT/STIC,RESPOSTA,2026-09-27,2026-12-23,87,ABERTO,,0
PRZ001619,EXP001559,PGR-00054700/2026,DOCUMENTO,CIVINT/STIC,RESPOSTA,2026-08-10,2026-10-12,63,ABERTO,,0
PRZ001620,EXP001559,PGR-00054700/2026,DOCUMENTO,CIVINT/STIC,RESPOSTA,2026-08-10,2026-09-23,44,PRORROGADO,2026-09-05T08:24:49-03:00,0
PRZ001621,EXP001560,PGR-00025144/2026,DOCUMENTO,CIVINT/STIC,RESPOSTA,2026-09-12,2026-10-07,25,ABERTO,,0
PRZ001622,EXP001561,PGR-00075221/2026,DOCUMENTO,CIVINT/STIC,RESPOSTA,2026-08-25,2026-12-15,112,ABERTO,,0
PRZ001623,EXP001562,PGR-00008338/2026,DOCUMENTO,CIVINT/STIC,RESPOSTA,2026-08-25,2026-10-08,44,ABERTO,,0
PRZ001624,EXP001563,PGR-00092941/2026,DOCUMENTO,CIVINT/STIC,RESPOSTA,2026-09-30,2026-12-21,82,ABERTO,,0
PRZ001625,EXP001564,PGR-00076296/2026,DOCUMENTO,CIVINT/STIC,RESPOSTA,2026-09-28,2026-10-09,11,ABERTO,,0
PRZ001626,EXP001565,PGR-00042055/2026,DOCUMENTO,CIVINT/STIC,RESPOSTA,2026-08-14,2026-11-01,79,ABERTO,,0
PRZ001627,EXP001566,PGR-00062121/2026,DOCUMENTO,CIVINT/STIC,RESPOSTA,2026-08-31,2026-12-20,111,ABERTO,,0
PRZ001628,EXP001567,PGR-00045083/2026,DOCUMENTO,CIVINT/STIC,RESPOSTA,2026-09-16,2026-10-27,41,ABERTO,,0
PRZ001629,EXP001568,PGR-00043508/2026,DOCUMENTO,CIVINT/STIC,RESPOSTA,2026-08-19,2026-12-16,119,ABERTO,,0
PRZ001630,EXP001569,PGR-00023873/2026,DOCUMENTO,CIVINT/STIC,RESPOSTA,2026-10-01,2026-10-08,7,ABERTO,,0
PRZ001631,EXP001570,PGR-00030510/2026,DOCUMENTO,CIVINT/STIC,RESPOSTA,2026-07-30,2026-10-26,88,ABERTO,,0
PRZ001632,EXP001571,PGR-00026028/2026,DOCUMENTO,CIVINT/STIC,RESPOSTA,2026-08-19,2026-10-12,54,ABERTO,,0
PRZ001633,EXP001572,PGR-00067085/2026,DOCUMENTO,CIVINT/STIC,RESPOSTA,2026-09-25,2026-10-14,19,ABERTO,,0
PRZ001634,EXP001573,PGR-00042068/2026,DOCUMENTO,CIVINT/STIC,RESPOSTA,2026-04-18,2026-11-28,224,ABERTO,,0
PRZ001635,EXP001574,PGR-00040988/2026,DOCUMENTO,CIVINT/STIC,RESPOSTA,2026-09-22,2026-09-23,1,ABERTO,,14
PRZ001636,EXP001575,PGR-00001430/2026,DOCUMENTO,CIVINT/STIC,RESPOSTA,2026-09-30,2026-12-12,73,ABERTO,,0
PRZ001637,EXP001575,PGR-00001430/2026,DOCUMENTO,CIVINT/STIC,RESPOSTA,2026-09-30,2026-12-03,64,PRORROGADO,2026-09-30T14:32:37-03:00,0
PRZ001638,EXP001576,PGR-00017690/2026,DOCUMENTO,CIVINT/STIC,RESPOSTA,2026-09-29,2026-10-08,9,ABERTO,,0
PRZ001639,EXP001577,PGR-00073060/2026,DOCUMENTO,CIVINT/STIC,RESPOSTA,2026-10-04,2026-10-17,13,ABERTO,,0
PRZ001640,EXP001578,PGR-00001402/2026,DOCUMENTO,CIVINT/STIC,RESPOSTA,2026-10-05,2026-10-06,1,ABERTO,,1
PRZ001641,EXP001579,PGR-00070217/2026,DOCUMENTO,CIVINT/STIC,RESPOSTA,2026-06-17,2026-10-23,128,ABERTO,,0
PRZ001642,EXP001580,PGR-00000251/2026,DOCUMENTO,CIVINT/STIC,RESPOSTA,2026-07-07,2026-11-08,124,ABERTO,,0
PRZ001643,EXP001581,PGR-00064673/2026,DOCUMENTO,CIVINT/STIC,RESPOSTA,2026-06-25,2026-10-02,99,ABERTO,,5
PRZ001644,EXP001582,PGR-00075837/2026,DOCUMENTO,CIVINT/STIC,RESPOSTA,2026-09-22,2026-10-11,19,ABERTO,,0
PRZ001645,EXP001583,PGR-00028776/2026,DOCUMENTO,CIVINT/STIC,RESPOSTA,2026-09-08,2026-12-20,103,ABERTO,,0
PRZ001646,EXP001584,PGR-00040310/2026,DOCUMENTO,CIVINT/STIC,RESPOSTA,2026-09-27,2026-11-08,42,ABERTO,,0
PRZ001647,EXP001585,PGR-00019553/2026,DOCUMENTO,CIVINT/STIC,RESPOSTA,2026-08-28,2027-01-02,127,ABERTO,,0
PRZ001648,EXP001586,PGR-00022180/2026,DOCUMENTO,CIVINT/STIC,RESPOSTA,2026-10-07,2026-10-08,1,ABERTO,,0
PRZ001649,EXP001587,PGR-00023868/2026,DOCUMENTO,CIVINT/STIC,RESPOSTA,2026-10-02,2026-10-03,1,ABERTO,,4
PRZ001650,EXP001588,PGR-00089128/2026,DOCUMENTO,CIVINT/STIC,RESPOSTA,2026-10-04,2026-12-02,59,ABERTO,,0
PRZ001651,EXP001589,PGR-00091690/2026,DOCUMENTO,CIVINT/STIC,RESPOSTA,2026-09-27,2026-12-08,72,ABERTO,,0
PRZ001652,EXP001590,PGR-00031881/2026,DOCUMENTO,CIVINT/STIC,RESPOSTA,2026-05-03,2026-12-14,225,ABERTO,,0
PRZ001653,EXP001591,PGR-00095526/2026,DOCUMENTO,CIVINT/STIC,RESPOSTA,2026-10-04,2026-11-14,41,ABERTO,,0
PRZ001654,EXP001592,PGR-00080350/2026,DOCUMENTO,CIVINT/STIC,RESPOSTA,2026-09-19,2026-10-08,19,ABERTO,,0
PRZ001655,EXP001593,PGR-00070408/2026,DOCUMENTO,CIVINT/STIC,RESPOSTA,2026-09-26,2026-10-10,14,ABERTO,,0
PRZ001656,EXP001594,PGR-00037762/2026,DOCUMENTO,CIVINT/STIC,RESPOSTA,2026-08-03,2026-12-22,141,ABERTO,,0
PRZ001657,EXP001595,PGR-00058730/2026,DOCUMENTO,CIVINT/STIC,RESPOSTA,2026-09-28,2026-12-17,80,ABERTO,,0
PRZ001658,EXP001596,PGR-00094614/2026,DOCUMENTO,CIVINT/STIC,RESPOSTA,2026-09-28,2026-10-09,11,ABERTO,,0
PRZ001659,EXP001597,PGR-00057947/2026,DOCUMENTO,CIVINT/STIC,RESPOSTA,2026-10-07,2026-11-14,38,ABERTO,,0
PRZ001660,EXP001598,PGR-00079018/2026,DOCUMENTO,CIVINT/STIC,RESPOSTA,2026-07-19,2026-10-08,81,ABERTO,,0
PRZ001661,EXP001598,PGR-00079018/2026,DOCUMENTO,CIVINT/STIC,RESPOSTA,2026-07-19,2026-09-29,72,PRORROGADO,2026-07-31T22:49:36-03:00,0
PRZ001662,EXP001599,PGR-00085459/2026,DOCUMENTO,CIVINT/STIC,RESPOSTA,2026-09-04,2026-10-10,36,ABERTO,,0
PRZ001663,EXP001600,PGR-00062343/2026,DOCUMENTO,CIVINT/STIC,RESPOSTA,2026-09-19,2026-09-20,1,ABERTO,,17
PRZ001664,EXP001601,PGR-00065745/2026,DOCUMENTO,CIVINT/STIC,RESPOSTA,2026-09-19,2026-10-14,25,ABERTO,,0
PRZ001665,EXP001602,PGR-00086336/2026,DOCUMENTO,CIVINT/STIC,RESPOSTA,2026-06-06,2026-11-08,155,ABERTO,,0
PRZ001666,EXP001603,PGR-00040872/2026,DOCUMENTO,CIVINT/STIC,RESPOSTA,2026-10-01,2026-11-26,56,ABERTO,,0
PRZ001667,EXP001604,PGR-00040659/2026,DOCUMENTO,CIVINT/STIC,RESPOSTA,2026-10-06,2026-12-01,56,ABERTO,,0
PRZ001668,EXP001604,PGR-00040659/2026,DOCUMENTO,CIVINT/STIC,RESPOSTA,2026-10-06,2026-11-22,47,PRORROGADO,2026-10-06T12:22:42-03:00,0
PRZ001669,EXP001605,PGR-00004270/2026,DOCUMENTO,CIVINT/STIC,RESPOSTA,2026-10-05,2026-10-11,6,ABERTO,,0
PRZ001670,EXP001606,PGR-00081028/2026,DOCUMENTO,CIVINT/STIC,RESPOSTA,2026-09-26,2026-10-13,17,ABERTO,,0
PRZ001671,EXP001606,PGR-00081028/2026,DOCUMENTO,CIVINT/STIC,RESPOSTA,2026-09-26,2026-09-27,1,PRORROGADO,2026-09-26T20:48:51-03:00,0
PRZ001672,EXP001607,PGR-00071572/2026,DOCUMENTO,CIVINT/STIC,RESPOSTA,2026-09-18,2026-10-23,35,ABERTO,,0
PRZ001673,EXP001607,PGR-00071572/2026,DOCUMENTO,CIVINT/STIC,RESPOSTA,2026-09-18,2026-10-04,16,PRORROGADO,2026-09-18T18:48:06-03:00,0
PRZ001674,EXP001608,PGR-00097511/2026,DOCUMENTO,CIVINT/STIC,RESPOSTA,2026-09-13,2026-10-21,38,ABERTO,,0
PRZ001675,EXP001609,PGR-00070050/2026,DOCUMENTO,CIVINT/STIC,RESPOSTA,2026-09-02,2026-12-01,90,ABERTO,,0
PRZ001676,EXP001610,PGR-00022978/2026,DOCUMENTO,CIVINT/STIC,RESPOSTA,2026-08-21,2026-09-23,33,ABERTO,,14
PRZ001677,EXP001611,PGR-00093694/2026,DOCUMENTO,CIVINT/STIC,RESPOSTA,2026-09-22,2026-10-07,15,ABERTO,,0
PRZ001678,EXP001612,PGR-00069383/2026,DOCUMENTO,CIVINT/STIC,RESPOSTA,2026-09-22,2026-10-30,38,ABERTO,,0
PRZ001679,EXP001613,PGR-00032704/2026,DOCUMENTO,CIVINT/STIC,RESPOSTA,2026-08-28,2026-12-15,109,ABERTO,,0
PRZ001680,EXP001614,PGR-00088929/2026,DOCUMENTO,CIVINT/STIC,RESPOSTA,2026-07-18,2026-11-29,134,ABERTO,,0
PRZ001681,EXP001615,PGR-00087242/2026,DOCUMENTO,CIVINT/STIC,RESPOSTA,2026-09-26,2026-10-10,14,ABERTO,,0
PRZ001682,EXP001616,PGR-00059864/2026,DOCUMENTO,CIVINT/STIC,RESPOSTA,2026-09-21,2026-11-08,48,ABERTO,,0
PRZ001683,EXP001617,PGR-00073967/2026,DOCUMENTO,CIVINT/STIC,RESPOSTA,2026-09-19,2026-11-02,44,ABERTO,,0
PRZ001684,EXP001618,PGR-00012751/2026,DOCUMENTO,CIVINT/STIC,RESPOSTA,2026-08-07,2026-09-28,52,ABERTO,,9
PRZ001685,EXP001619,PGR-00047507/2026,DOCUMENTO,CIVINT/STIC,RESPOSTA,2026-09-26,2026-11-26,61,ABERTO,,0
PRZ001686,EXP001620,PGR-00001852/2026,DOCUMENTO,CIVINT/STIC,RESPOSTA,2026-09-10,2026-10-09,29,ABERTO,,0
PRZ001687,EXP001621,PGR-00093321/2026,DOCUMENTO,CIVINT/STIC,RESPOSTA,2026-08-28,2026-11-04,68,ABERTO,,0
PRZ001688,EXP001622,PGR-00076941/2026,DOCUMENTO,CIVINT/STIC,RESPOSTA,2026-08-27,2026-12-07,102,ABERTO,,0
PRZ001689,EXP001623,PGR-00029250/2026,DOCUMENTO,CIVINT/STIC,RESPOSTA,2026-07-21,2026-11-14,116,ABERTO,,0
PRZ001690,EXP001624,PGR-00013938/2026,DOCUMENTO,CIVINT/STIC,RESPOSTA,2026-10-07,2026-12-14,68,ABERTO,,0
PRZ001691,EXP001625,PGR-00062430/2026,DOCUMENTO,CIVINT/STIC,RESPOSTA,2026-09-26,2026-10-09,13,ABERTO,,0
PRZ001692,EXP001626,PGR-00052720/2026,DOCUMENTO,CIVINT/STIC,RESPOSTA,2026-08-12,2026-12-29,139,ABERTO,,0
PRZ001693,EXP001627,PGR-00004065/2026,DOCUMENTO,CIVINT/STIC,RESPOSTA,2026-08-12,2026-10-11,60,ABERTO,,0
PRZ001694,EXP001628,PGR-00051989/2026,DOCUMENTO,CIVINT/STIC,RESPOSTA,2026-08-29,2026-09-22,24,ABERTO,,15
PRZ001695,EXP001629,PGR-00018547/2026,DOCUMENTO,CIVINT/STIC,RESPOSTA,2026-10-05,2026-10-06,1,ABERTO,,1
PRZ001696,EXP001630,PGR-00072150/2026,DOCUMENTO,CIVINT/STIC,RESPOSTA,2026-08-18,2026-10-08,51,ABERTO,,0
PRZ001697,EXP001631,PGR-00064780/2026,DOCUMENTO,CIVINT/STIC,RESPOSTA,2026-09-28,2026-11-13,46,ABERTO,,0
PRZ001698,EXP001632,PGR-00041053/2026,DOCUMENTO,CIVINT/STIC,RESPOSTA,2026-07-22,2026-10-21,91,ABERTO,,0
PRZ001699,EXP001633,PGR-00081590/2026,DOCUMENTO,CIVINT/STIC,RESPOSTA,2026-10-03,2026-10-09,6,ABERTO,,0
PRZ001700,EXP001634,PGR-00078595/2026,DOCUMENTO,CIVINT/STIC,RESPOSTA,2026-08-30,2026-10-11,42,ABERTO,,0
PRZ001701,EXP001635,PGR-00055392/2026,DOCUMENTO,CIVINT/STIC,RESPOSTA,2026-08-29,2026-12-30,123,ABERTO,,0
PRZ001702,EXP001636,PGR-00052530/2026,DOCUMENTO,CIVINT/STIC,RESPOSTA,2026-09-30,2027-01-04,96,ABERTO,,0
PRZ001703,EXP001637,PGR-00058930/2026,DOCUMENTO,CIVINT/STIC,RESPOSTA,2026-08-15,2026-12-26,133,ABERTO,,0
PRZ001704,EXP001637,PGR-00058930/2026,DOCUMENTO,CIVINT/STIC,RESPOSTA,2026-08-15,2026-12-13,120,PRORROGADO,2026-09-24T10:42:30-03:00,0
PRZ001705,EXP001638,PGR-00035372/2026,DOCUMENTO,CIVINT/STIC,RESPOSTA,2026-10-07,2026-10-08,1,ABERTO,,0
PRZ001706,EXP001639,PGR-00093760/2026,DOCUMENTO,CIVINT/STIC,RESPOSTA,2026-08-18,2026-10-11,54,ABERTO,,0
PRZ001707,EXP001640,PGR-00086940/2026,DOCUMENTO,CIVINT/STIC,RESPOSTA,2026-09-28,2026-10-11,13,ABERTO,,0
PRZ001708,EXP001641,PGR-00039273/2026,DOCUMENTO,CIVINT/STIC,RESPOSTA,2026-09-01,2026-12-10,100,ABERTO,,0
PRZ001709,EXP001642,PGR-00038371/2026,DOCUMENTO,CIVINT/STIC,RESPOSTA,2026-08-09,2026-10-09,61,ABERTO,,0
PRZ001710,EXP001642,PGR-00038371/2026,DOCUMENTO,CIVINT/STIC,RESPOSTA,2026-08-09,2026-09-24,46,PRORROGADO,2026-08-30T04:32:23-03:00,0
PRZ001711,EXP001643,PGR-00076233/2026,DOCUMENTO,CIVINT/STIC,RESPOSTA,2026-09-30,2026-10-01,1,ABERTO,,6
PRZ001712,EXP001644,PGR-00033175/2026,DOCUMENTO,CIVINT/STIC,RESPOSTA,2026-09-27,2026-10-14,17,ABERTO,,0
PRZ001713,EXP001645,PGR-00046862/2026,DOCUMENTO,CIVINT/STIC,RESPOSTA,2026-08-02,2026-10-22,81,ABERTO,,0
PRZ001714,EXP001646,PGR-00026039/2026,DOCUMENTO,CIVINT/STIC,RESPOSTA,2026-07-27,2026-12-28,154,ABERTO,,0
PRZ001715,EXP001647,PGR-00004720/2026,DOCUMENTO,CIVINT/STIC,RESPOSTA,2026-09-26,2026-11-01,36,ABERTO,,0
PRZ001716,EXP001648,PGR-00029385/2026,DOCUMENTO,CIVINT/STIC,RESPOSTA,2026-10-07,2026-10-08,1,ABERTO,,0
PRZ001717,EXP001649,PGR-00034002/2026,DOCUMENTO,CIVINT/STIC,RESPOSTA,2026-09-30,2026-12-27,88,ABERTO,,0
PRZ001718,EXP001650,PGR-00081672/2026,DOCUMENTO,CIVINT/STIC,RESPOSTA,2026-08-26,2026-11-02,68,ABERTO,,0
PRZ001719,EXP001651,PGR-00084096/2026,DOCUMENTO,CIVINT/STIC,RESPOSTA,2026-08-25,2026-10-11,47,ABERTO,,0
PRZ001720,EXP001652,PGR-00055365/2026,DOCUMENTO,CIVINT/STIC,RESPOSTA,2026-08-29,2026-10-10,42,ABERTO,,0
PRZ001721,EXP001653,PGR-00005936/2026,DOCUMENTO,CIVINT/STIC,RESPOSTA,2026-10-04,2026-10-10,6,ABERTO,,0
PRZ001722,EXP001654,PGR-00031058/2026,DOCUMENTO,CIVINT/STIC,RESPOSTA,2026-10-01,2026-11-10,40,ABERTO,,0
PRZ001723,EXP001655,PGR-00064972/2026,DOCUMENTO,CIVINT/STIC,RESPOSTA,2026-10-05,2026-10-15,10,ABERTO,,0
PRZ001724,EXP001656,PGR-00016563/2026,DOCUMENTO,CIVINT/STIC,RESPOSTA,2026-08-17,2026-12-11,116,ABERTO,,0
PRZ001725,EXP001657,PGR-00032536/2026,DOCUMENTO,CIVINT/STIC,RESPOSTA,2026-09-13,2026-10-15,32,ABERTO,,0
PRZ001726,EXP001658,PGR-00021306/2026,DOCUMENTO,CIVINT/STIC,RESPOSTA,2026-09-25,2026-11-17,53,ABERTO,,0
PRZ001727,EXP001659,PGR-00014941/2026,DOCUMENTO,CIVINT/STIC,RESPOSTA,2026-09-17,2026-11-30,74,ABERTO,,0
PRZ001728,EXP001660,PGR-00071541/2026,DOCUMENTO,CIVINT/STIC,RESPOSTA,2026-09-10,2026-10-13,33,ABERTO,,0
PRZ001729,EXP001661,PGR-00025163/2026,DOCUMENTO,CIVINT/STIC,RESPOSTA,2026-08-15,2026-09-15,31,ABERTO,,22
PRZ001730,EXP001662,PGR-00099407/2026,DOCUMENTO,CIVINT/STIC,RESPOSTA,2026-09-22,2026-10-20,28,ABERTO,,0
PRZ001731,EXP001663,PGR-00090169/2026,DOCUMENTO,CIVINT/STIC,RESPOSTA,2026-09-04,2026-10-09,35,ABERTO,,0
PRZ001732,EXP001663,PGR-00090169/2026,DOCUMENTO,CIVINT/STIC,RESPOSTA,2026-09-04,2026-09-19,15,PRORROGADO,2026-09-12T05:55:44-03:00,0
PRZ001733,EXP001664,PGR-00026053/2026,DOCUMENTO,CIVINT/STIC,RESPOSTA,2026-09-17,2026-10-11,24,ABERTO,,0
PRZ001734,EXP001665,PGR-00014528/2026,DOCUMENTO,CIVINT/STIC,RESPOSTA,2026-10-03,2026-10-30,27,ABERTO,,0
PRZ001735,EXP001666,PGR-00044454/2026,DOCUMENTO,CIVINT/STIC,RESPOSTA,2026-10-04,2026-10-27,23,ABERTO,,0
PRZ001736,EXP001667,PGR-00035319/2026,DOCUMENTO,CIVINT/STIC,RESPOSTA,2026-09-20,2026-10-07,17,ABERTO,,0
PRZ001737,EXP001668,PGR-00081232/2026,DOCUMENTO,CIVINT/STIC,RESPOSTA,2026-09-21,2026-11-05,45,ABERTO,,0
PRZ001738,EXP001669,PGR-00077698/2026,DOCUMENTO,CIVINT/STIC,RESPOSTA,2026-07-31,2026-12-26,148,ABERTO,,0
PRZ001739,EXP001670,PGR-00018723/2026,DOCUMENTO,CIVINT/STIC,RESPOSTA,2026-09-08,2026-10-08,30,ABERTO,,0
PRZ001740,EXP001671,PGR-00080434/2026,DOCUMENTO,CIVINT/STIC,RESPOSTA,2026-09-01,2026-12-22,112,ABERTO,,0
PRZ001741,EXP001672,PGR-00051453/2026,DOCUMENTO,CIVINT/STIC,RESPOSTA,2026-10-03,2026-11-20,48,ABERTO,,0
PRZ001742,EXP001673,PGR-00069956/2026,DOCUMENTO,CIVINT/STIC,RESPOSTA,2026-07-31,2026-11-30,122,ABERTO,,0
PRZ001743,EXP001674,PGR-00025269/2026,DOCUMENTO,CIVINT/STIC,RESPOSTA,2026-09-11,2026-09-23,12,ABERTO,,14
PRZ001744,EXP001674,PGR-00025269/2026,DOCUMENTO,CIVINT/STIC,RESPOSTA,2026-09-11,2026-09-12,1,PRORROGADO,2026-09-20T22:18:55-03:00,0
PRZ001745,EXP001675,PGR-00069806/2026,DOCUMENTO,CIVINT/STIC,RESPOSTA,2026-08-22,2026-09-04,13,ABERTO,,33
PRZ001746,EXP001676,PGR-00087296/2026,DOCUMENTO,CIVINT/STIC,RESPOSTA,2026-08-20,2026-10-14,55,ABERTO,,0
PRZ001747,EXP001677,PGR-00046735/2026,DOCUMENTO,CIVINT/STIC,RESPOSTA,2026-10-05,2026-12-23,79,ABERTO,,0
PRZ001748,EXP001678,PGR-00069436/2026,DOCUMENTO,CIVINT/STIC,RESPOSTA,2026-08-07,2026-10-10,64,ABERTO,,0
PRZ001749,EXP001679,PGR-00053549/2026,DOCUMENTO,CIVINT/STIC,RESPOSTA,2026-09-06,2026-10-08,32,ABERTO,,0
PRZ001750,EXP001680,PGR-00087436/2026,DOCUMENTO,CIVINT/STIC,RESPOSTA,2026-09-23,2026-11-11,49,ABERTO,,0
PRZ001751,EXP001681,PGR-00094990/2026,DOCUMENTO,CIVINT/STIC,RESPOSTA,2026-07-24,2026-09-10,48,ABERTO,,27
PRZ001752,EXP001682,PGR-00086062/2026,DOCUMENTO,CIVINT/STIC,RESPOSTA,2026-06-04,2026-10-14,132,ABERTO,,0
PRZ001753,EXP001683,PGR-00088314/2026,DOCUMENTO,CIVINT/STIC,RESPOSTA,2026-09-03,2026-11-09,67,ABERTO,,0
PRZ001754,EXP001684,PGR-00067701/2026,DOCUMENTO,CIVINT/STIC,RESPOSTA,2026-09-29,2026-10-12,13,ABERTO,,0
PRZ001755,EXP001685,PGR-00052601/2026,DOCUMENTO,CIVINT/STIC,RESPOSTA,2026-10-01,2026-10-18,17,ABERTO,,0
PRZ001756,EXP001686,PGR-00020371/2026,DOCUMENTO,CIVINT/STIC,RESPOSTA,2026-09-29,2026-12-08,70,ABERTO,,0
PRZ001757,EXP001687,PGR-00018464/2026,DOCUMENTO,CIVINT/STIC,RESPOSTA,2026-09-17,2026-10-11,24,ABERTO,,0
PRZ001758,EXP001688,PGR-00026342/2026,DOCUMENTO,CIVINT/STIC,RESPOSTA,2026-09-27,2026-12-07,71,ABERTO,,0
PRZ001759,EXP001689,PGR-00071294/2026,DOCUMENTO,CIVINT/STIC,RESPOSTA,2026-09-07,2026-10-05,28,ABERTO,,2
PRZ001760,EXP001689,PGR-00071294/2026,DOCUMENTO,CIVINT/STIC,RESPOSTA,2026-09-07,2026-09-26,19,PRORROGADO,2026-09-10T19:56:14-03:00,0
PRZ001761,EXP001690,PGR-00004482/2026,DOCUMENTO,CIVINT/STIC,RESPOSTA,2026-08-28,2026-12-08,102,ABERTO,,0
PRZ001762,EXP001691,PGR-00032474/2026,DOCUMENTO,CIVINT/STIC,RESPOSTA,2026-09-15,2026-10-25,40,ABERTO,,0
PRZ001763,EXP001692,PGR-00024309/2026,DOCUMENTO,CIVINT/STIC,RESPOSTA,2026-09-17,2026-10-01,14,ABERTO,,6
PRZ001764,EXP001693,PGR-00079103/2026,DOCUMENTO,CIVINT/STIC,RESPOSTA,2026-07-30,2026-10-09,71,ABERTO,,0
PRZ001765,EXP001694,PGR-00064114/2026,DOCUMENTO,CIVINT/STIC,RESPOSTA,2026-08-21,2026-09-12,22,ABERTO,,25
PRZ001766,EXP001695,PGR-00025741/2026,DOCUMENTO,CIVINT/STIC,RESPOSTA,2026-08-28,2026-10-24,57,ABERTO,,0
PRZ001767,EXP001695,PGR-00025741/2026,DOCUMENTO,CIVINT/STIC,RESPOSTA,2026-08-28,2026-10-04,37,PRORROGADO,2026-09-21T16:55:27-03:00,0
PRZ001768,EXP001696,PGR-00074361/2026,DOCUMENTO,CIVINT/STIC,RESPOSTA,2026-09-19,2026-10-07,18,ABERTO,,0
PRZ001769,EXP001697,PGR-00072100/2026,DOCUMENTO,CIVINT/STIC,RESPOSTA,2026-09-25,2026-12-10,76,ABERTO,,0
PRZ001770,EXP001698,PGR-00030565/2026,DOCUMENTO,CIVINT/STIC,RESPOSTA,2026-09-06,2026-10-11,35,ABERTO,,0
PRZ001771,EXP001699,PGR-00064703/2026,DOCUMENTO,CIVINT/STIC,RESPOSTA,2026-10-03,2026-10-12,9,ABERTO,,0
PRZ001772,EXP001700,PGR-00082219/2026,DOCUMENTO,CIVINT/STIC,RESPOSTA,2026-06-19,2027-01-01,196,ABERTO,,0
PRZ001773,EXP001701,PGR-00024811/2026,DOCUMENTO,CIVINT/STIC,RESPOSTA,2026-09-25,2026-11-05,41,ABERTO,,0
PRZ001774,EXP001702,PGR-00023112/2026,DOCUMENTO,CIVINT/STIC,RESPOSTA,2026-10-03,2026-10-08,5,ABERTO,,0
PRZ001775,EXP001703,PGR-00049863/2026,DOCUMENTO,CIVINT/STIC,RESPOSTA,2026-09-26,2026-11-22,57,ABERTO,,0
PRZ001776,EXP001704,PGR-00049168/2026,DOCUMENTO,CIVINT/STIC,RESPOSTA,2026-09-20,2026-10-24,34,ABERTO,,0
PRZ001777,EXP001704,PGR-00049168/2026,DOCUMENTO,CIVINT/STIC,RESPOSTA,2026-09-20,2026-10-05,15,PRORROGADO,2026-09-27T17:51:02-03:00,0
PRZ001778,EXP001705,PGR-00084155/2026,DOCUMENTO,CIVINT/STIC,RESPOSTA,2026-10-02,2026-10-03,1,ABERTO,,4
PRZ001779,EXP001706,PGR-00037557/2026,DOCUMENTO,CIVINT/STIC,RESPOSTA,2026-09-13,2026-10-11,28,ABERTO,,0
PRZ001780,EXP001707,PGR-00008444/2026,DOCUMENTO,CIVINT/STIC,RESPOSTA,2026-09-02,2027-01-02,122,ABERTO,,0
PRZ001781,EXP001708,PGR-00016618/2026,DOCUMENTO,CIVINT/STIC,RESPOSTA,2026-09-08,2026-10-09,31,ABERTO,,0
PRZ001782,EXP001709,PGR-00027326/2026,DOCUMENTO,CIVINT/STIC,RESPOSTA,2026-10-07,2026-11-14,38,ABERTO,,0
PRZ001783,EXP001710,PGR-00043462/2026,DOCUMENTO,CIVINT/STIC,RESPOSTA,2026-09-30,2026-10-14,14,ABERTO,,0
PRZ001784,EXP001711,PGR-00049100/2026,DOCUMENTO,CIVINT/STIC,RESPOSTA,2026-09-08,2027-01-05,119,ABERTO,,0
PRZ001785,EXP001712,PGR-00012602/2026,DOCUMENTO,CIVINT/STIC,RESPOSTA,2026-09-19,2027-01-02,105,ABERTO,,0
PRZ001786,EXP001713,PGR-00066561/2026,DOCUMENTO,CIVINT/STIC,RESPOSTA,2026-08-18,2026-10-23,66,ABERTO,,0
PRZ001787,EXP001714,PGR-00005037/2026,DOCUMENTO,CIVINT/STIC,RESPOSTA,2026-09-26,2026-12-17,82,ABERTO,,0
PRZ001788,EXP001715,PGR-00002458/2026,DOCUMENTO,CIVINT/STIC,RESPOSTA,2026-09-26,2026-10-10,14,ABERTO,,0
PRZ001789,EXP001716,PGR-00019671/2026,DOCUMENTO,CIVINT/STIC,RESPOSTA,2026-10-07,2026-10-14,7,ABERTO,,0
PRZ001790,EXP001717,PGR-00067465/2026,DOCUMENTO,CIVINT/STIC,RESPOSTA,2026-09-08,2026-10-25,47,ABERTO,,0
PRZ001791,EXP001718,PGR-00082240/2026,DOCUMENTO,CIVINT/STIC,RESPOSTA,2026-10-07,2026-12-07,61,ABERTO,,0
PRZ001792,EXP001719,PGR-00060034/2026,DOCUMENTO,CIVINT/STIC,RESPOSTA,2026-08-07,2026-10-29,83,ABERTO,,0
PRZ001793,EXP001720,PGR-00029795/2026,DOCUMENTO,CIVINT/STIC,RESPOSTA,2026-09-05,2026-10-07,32,ABERTO,,0
PRZ001794,EXP001721,PGR-00024016/2026,DOCUMENTO,CIVINT/STIC,RESPOSTA,2026-09-14,2026-11-13,60,ABERTO,,0
PRZ001795,EXP001722,PGR-00022435/2026,DOCUMENTO,CIVINT/STIC,RESPOSTA,2026-08-07,2026-10-16,70,ABERTO,,0
PRZ001796,EXP001723,PGR-00003968/2026,DOCUMENTO,CIVINT/STIC,RESPOSTA,2026-08-29,2026-12-07,100,ABERTO,,0
PRZ001797,EXP001724,PGR-00088025/2026,DOCUMENTO,CIVINT/STIC,RESPOSTA,2026-10-03,2026-12-01,59,ABERTO,,0
PRZ001798,EXP001725,PGR-00043917/2026,DOCUMENTO,CIVINT/STIC,RESPOSTA,2026-09-10,2026-10-12,32,ABERTO,,0
PRZ001799,EXP001726,PGR-00059583/2026,DOCUMENTO,CIVINT/STIC,RESPOSTA,2026-10-03,2026-12-31,89,ABERTO,,0
PRZ001800,EXP001727,PGR-00084550/2026,DOCUMENTO,CIVINT/STIC,RESPOSTA,2026-09-15,2026-10-19,34,ABERTO,,0
PRZ001801,EXP001728,PGR-00065104/2026,DOCUMENTO,CIVINT/STIC,RESPOSTA,2026-10-06,2026-12-28,83,ABERTO,,0
PRZ001802,EXP001729,PGR-00045354/2026,DOCUMENTO,CIVINT/STIC,RESPOSTA,2026-08-11,2026-11-04,85,ABERTO,,0
PRZ001803,EXP001729,PGR-00045354/2026,DOCUMENTO,CIVINT/STIC,RESPOSTA,2026-08-11,2026-10-25,75,PRORROGADO,2026-09-12T23:57:42-03:00,0
PRZ001804,EXP001730,PGR-00084215/2026,DOCUMENTO,CIVINT/STIC,RESPOSTA,2026-10-02,2026-10-12,10,ABERTO,,0
PRZ001805,EXP001731,PGR-00016684/2026,DOCUMENTO,CIVINT/STIC,RESPOSTA,2026-10-02,2026-12-17,76,ABERTO,,0
PRZ001806,EXP001732,PGR-00099397/2026,DOCUMENTO,CIVINT/STIC,RESPOSTA,2026-10-04,2026-11-21,48,ABERTO,,0
PRZ001807,EXP001732,PGR-00099397/2026,DOCUMENTO,CIVINT/STIC,RESPOSTA,2026-10-04,2026-11-09,36,PRORROGADO,2026-10-04T02:02:12-03:00,0
PRZ001808,EXP001733,PGR-00066934/2026,DOCUMENTO,CIVINT/STIC,RESPOSTA,2026-09-06,2026-10-11,35,ABERTO,,0
PRZ001809,EXP001733,PGR-00066934/2026,DOCUMENTO,CIVINT/STIC,RESPOSTA,2026-09-06,2026-09-21,15,PRORROGADO,2026-09-19T15:52:34-03:00,0
PRZ001810,EXP001734,PGR-00009303/2026,DOCUMENTO,CIVINT/STIC,RESPOSTA,2026-10-02,2026-12-27,86,ABERTO,,0
PRZ001811,EXP001735,PGR-00003776/2026,DOCUMENTO,CIVINT/STIC,RESPOSTA,2026-09-07,2026-09-08,1,ABERTO,,29
PRZ001812,EXP001736,PGR-00022241/2026,DOCUMENTO,CIVINT/STIC,RESPOSTA,2026-08-25,2026-11-01,68,ABERTO,,0
PRZ001813,EXP001737,PGR-00007271/2026,DOCUMENTO,CIVINT/STIC,RESPOSTA,2026-09-21,2026-12-20,90,ABERTO,,0
PRZ001814,EXP001738,PGR-00069480/2026,DOCUMENTO,CIVINT/STIC,RESPOSTA,2026-09-12,2026-10-10,28,ABERTO,,0
PRZ001815,EXP001738,PGR-00069480/2026,DOCUMENTO,CIVINT/STIC,RESPOSTA,2026-09-12,2026-09-26,14,PRORROGADO,2026-09-20T05:54:49-03:00,0
PRZ001816,EXP001739,PGR-00056314/2026,DOCUMENTO,CIVINT/STIC,RESPOSTA,2026-08-20,2026-10-12,53,ABERTO,,0
PRZ001817,EXP001740,PGR-00089537/2026,DOCUMENTO,CIVINT/STIC,RESPOSTA,2026-09-10,2026-10-10,30,ABERTO,,0
PRZ001818,EXP001741,PGR-00069021/2026,DOCUMENTO,CIVINT/STIC,RESPOSTA,2026-09-13,2026-12-31,109,ABERTO,,0
PRZ001819,EXP001742,PGR-00033867/2026,DOCUMENTO,CIVINT/STIC,RESPOSTA,2026-09-13,2026-09-17,4,ABERTO,,20
PRZ001820,EXP001743,PGR-00003553/2026,DOCUMENTO,CIVINT/STIC,RESPOSTA,2026-05-18,2026-10-28,163,ABERTO,,0
PRZ001821,EXP001744,PGR-00052318/2026,DOCUMENTO,CIVINT/STIC,RESPOSTA,2026-04-15,2026-12-28,257,ABERTO,,0
PRZ001822,EXP001745,PGR-00024801/2026,DOCUMENTO,CIVINT/STIC,RESPOSTA,2026-09-28,2026-12-21,84,ABERTO,,0
PRZ001823,EXP001746,PGR-00040676/2026,DOCUMENTO,CIVINT/STIC,RESPOSTA,2026-08-18,2026-11-11,85,ABERTO,,0
PRZ001824,EXP001747,PGR-00077749/2026,DOCUMENTO,CIVINT/STIC,RESPOSTA,2026-07-04,2026-10-27,115,ABERTO,,0
PRZ001825,EXP001747,PGR-00077749/2026,DOCUMENTO,CIVINT/STIC,RESPOSTA,2026-07-04,2026-10-17,105,PRORROGADO,2026-08-22T18:12:29-03:00,0
PRZ001826,EXP001748,PGR-00089426/2026,DOCUMENTO,CIVINT/STIC,RESPOSTA,2026-09-25,2026-10-07,12,ABERTO,,0
PRZ001827,EXP001749,PGR-00025062/2026,DOCUMENTO,CIVINT/STIC,RESPOSTA,2026-09-20,2026-10-12,22,ABERTO,,0
PRZ001828,EXP001750,PGR-00074313/2026,DOCUMENTO,CIVINT/STIC,RESPOSTA,2026-07-01,2026-10-13,104,ABERTO,,0
PRZ001829,EXP001750,PGR-00074313/2026,DOCUMENTO,CIVINT/STIC,RESPOSTA,2026-07-01,2026-09-25,86,PRORROGADO,2026-09-12T01:16:46-03:00,0
PRZ001830,EXP001751,PGR-00072369/2026,DOCUMENTO,CIVINT/STIC,RESPOSTA,2026-09-30,2026-10-11,11,ABERTO,,0
PRZ001831,EXP001752,PGR-00065946/2026,DOCUMENTO,CIVINT/STIC,RESPOSTA,2026-08-02,2026-11-28,118,ABERTO,,0
PRZ001832,EXP001753,PGR-00035508/2026,DOCUMENTO,CIVINT/STIC,RESPOSTA,2026-09-19,2026-11-24,66,ABERTO,,0
PRZ001833,EXP001754,PGR-00047106/2026,DOCUMENTO,CIVINT/STIC,RESPOSTA,2026-08-04,2026-12-15,133,ABERTO,,0
PRZ001834,EXP001755,PGR-00048297/2026,DOCUMENTO,CIVINT/STIC,RESPOSTA,2026-08-19,2026-11-03,76,ABERTO,,0
PRZ001835,EXP001756,PGR-00043790/2026,DOCUMENTO,CIVINT/STIC,RESPOSTA,2026-06-01,2026-08-31,91,ABERTO,,37
PRZ001836,EXP001757,PGR-00054589/2026,DOCUMENTO,CIVINT/STIC,RESPOSTA,2026-10-02,2026-12-21,80,ABERTO,,0
PRZ001837,EXP001758,PGR-00041802/2026,DOCUMENTO,CIVINT/STIC,RESPOSTA,2026-08-18,2026-11-10,84,ABERTO,,0
PRZ001838,EXP001759,PGR-00093822/2026,DOCUMENTO,CIVINT/STIC,RESPOSTA,2026-10-07,2026-11-11,35,ABERTO,,0
PRZ001839,EXP001760,PGR-00028408/2026,DOCUMENTO,CIVINT/STIC,RESPOSTA,2026-10-07,2026-11-08,32,ABERTO,,0
PRZ001840,EXP001761,PGR-00090456/2026,DOCUMENTO,CIVINT/STIC,RESPOSTA,2026-09-06,2026-11-16,71,ABERTO,,0
PRZ001841,EXP001762,PGR-00000002/2026,DOCUMENTO,CIVINT/STIC,RESPOSTA,2026-08-26,2026-12-18,114,ABERTO,,0
PRZ001842,EXP001763,PGR-00031747/2026,DOCUMENTO,CIVINT/STIC,RESPOSTA,2026-09-24,2026-10-14,20,ABERTO,,0
PRZ001843,EXP001764,PGR-00020005/2026,DOCUMENTO,CIVINT/STIC,RESPOSTA,2026-09-16,2026-10-17,31,ABERTO,,0
PRZ001844,EXP001765,PGR-00066504/2026,DOCUMENTO,CIVINT/STIC,RESPOSTA,2026-08-23,2026-12-18,117,ABERTO,,0
PRZ001845,EXP001766,PGR-00016062/2026,DOCUMENTO,CIVINT/STIC,RESPOSTA,2026-08-06,2026-12-25,141,ABERTO,,0
PRZ001846,EXP001766,PGR-00016062/2026,DOCUMENTO,CIVINT/STIC,RESPOSTA,2026-08-06,2026-12-11,127,PRORROGADO,2026-08-11T21:34:55-03:00,0
PRZ001847,EXP001767,PGR-00036345/2026,DOCUMENTO,CIVINT/STIC,RESPOSTA,2026-08-29,2026-12-13,106,ABERTO,,0
PRZ001848,EXP001768,PGR-00034210/2026,DOCUMENTO,CIVINT/STIC,RESPOSTA,2026-07-06,2026-09-24,80,ABERTO,,13
PRZ001849,EXP001769,PGR-00081342/2026,DOCUMENTO,CIVINT/STIC,RESPOSTA,2026-09-03,2026-10-01,28,ABERTO,,6
PRZ001850,EXP001770,PGR-00034390/2026,DOCUMENTO,CIVINT/STIC,RESPOSTA,2026-09-01,2026-10-08,37,ABERTO,,0
PRZ001851,EXP001771,PGR-00049192/2026,DOCUMENTO,CIVINT/STIC,RESPOSTA,2026-09-29,2026-10-07,8,ABERTO,,0
PRZ001852,EXP001771,PGR-00049192/2026,DOCUMENTO,CIVINT/STIC,RESPOSTA,2026-09-29,2026-09-30,1,PRORROGADO,2026-09-29T19:29:26-03:00,0
PRZ001853,EXP001772,PGR-00020408/2026,DOCUMENTO,CIVINT/STIC,RESPOSTA,2026-10-04,2026-10-07,3,ABERTO,,0
PRZ001854,EXP001773,PGR-00011055/2026,DOCUMENTO,CIVINT/STIC,RESPOSTA,2026-09-17,2026-10-12,25,ABERTO,,0
PRZ001855,EXP001774,PGR-00069419/2026,DOCUMENTO,CIVINT/STIC,RESPOSTA,2026-09-27,2026-10-10,13,ABERTO,,0
PRZ001856,EXP001775,PGR-00078811/2026,DOCUMENTO,CIVINT/STIC,RESPOSTA,2026-09-10,2026-12-09,90,ABERTO,,0
PRZ001857,EXP001776,PGR-00070103/2026,DOCUMENTO,CIVINT/STIC,RESPOSTA,2026-07-21,2026-11-28,130,ABERTO,,0
PRZ001858,EXP001777,PGR-00038896/2026,DOCUMENTO,CIVINT/STIC,RESPOSTA,2026-09-21,2026-10-09,18,ABERTO,,0
PRZ001859,EXP001778,PGR-00033005/2026,DOCUMENTO,CIVINT/STIC,RESPOSTA,2026-10-03,2026-12-24,82,ABERTO,,0
PRZ001860,EXP001779,PGR-00057047/2026,DOCUMENTO,CIVINT/STIC,RESPOSTA,2026-09-07,2026-12-21,105,ABERTO,,0
PRZ001861,EXP001780,PGR-00033146/2026,DOCUMENTO,CIVINT/STIC,RESPOSTA,2026-09-11,2026-11-28,78,ABERTO,,0
PRZ001862,EXP001780,PGR-00033146/2026,DOCUMENTO,CIVINT/STIC,RESPOSTA,2026-09-11,2026-11-09,59,PRORROGADO,2026-10-05T04:01:05-03:00,0
PRZ001863,EXP001781,PGR-00021794/2026,DOCUMENTO,CIVINT/STIC,RESPOSTA,2026-10-02,2026-10-08,6,ABERTO,,0
PRZ001864,EXP001782,PGR-00009100/2026,DOCUMENTO,CIVINT/STIC,RESPOSTA,2026-07-23,2026-10-25,94,ABERTO,,0
PRZ001865,EXP001783,PGR-00058894/2026,DOCUMENTO,CIVINT/STIC,RESPOSTA,2026-08-25,2026-10-31,67,ABERTO,,0
PRZ001866,EXP001784,PGR-00095259/2026,DOCUMENTO,CIVINT/STIC,RESPOSTA,2026-10-04,2026-10-14,10,ABERTO,,0
PRZ001867,EXP001785,PGR-00012283/2026,DOCUMENTO,CIVINT/STIC,RESPOSTA,2026-10-06,2026-10-07,1,ABERTO,,0
PRZ001868,EXP001786,PGR-00072668/2026,DOCUMENTO,CIVINT/STIC,RESPOSTA,2026-08-21,2026-10-23,63,ABERTO,,0
PRZ001869,EXP001787,PGR-00097482/2026,DOCUMENTO,CIVINT/STIC,RESPOSTA,2026-08-09,2026-10-09,61,ABERTO,,0
PRZ001870,EXP001788,PGR-00024392/2026,DOCUMENTO,CIVINT/STIC,RESPOSTA,2026-09-12,2026-12-08,87,ABERTO,,0
PRZ001871,EXP001789,PGR-00073831/2026,DOCUMENTO,CIVINT/STIC,RESPOSTA,2026-08-22,2026-12-15,115,ABERTO,,0
PRZ001872,EXP001790,PGR-00086507/2026,DOCUMENTO,CIVINT/STIC,RESPOSTA,2026-09-30,2026-10-05,5,ABERTO,,2
PRZ001873,EXP001791,PGR-00065795/2026,DOCUMENTO,CIVINT/STIC,RESPOSTA,2026-08-12,2026-11-15,95,ABERTO,,0
PRZ001874,EXP001792,PGR-00049801/2026,DOCUMENTO,CIVINT/STIC,RESPOSTA,2026-08-23,2026-12-20,119,ABERTO,,0
PRZ001875,EXP001793,PGR-00035313/2026,DOCUMENTO,CIVINT/STIC,RESPOSTA,2026-09-23,2026-10-14,21,ABERTO,,0
PRZ001876,EXP001793,PGR-00035313/2026,DOCUMENTO,CIVINT/STIC,RESPOSTA,2026-09-23,2026-10-07,14,PRORROGADO,2026-10-02T23:16:09-03:00,0
PRZ001877,EXP001794,PGR-00079190/2026,DOCUMENTO,CIVINT/STIC,RESPOSTA,2026-07-29,2026-11-09,103,ABERTO,,0
PRZ001878,EXP001795,PGR-00066346/2026,DOCUMENTO,CIVINT/STIC,RESPOSTA,2026-08-19,2026-12-28,131,ABERTO,,0
PRZ001879,EXP001796,PGR-00098842/2026,DOCUMENTO,CIVINT/STIC,RESPOSTA,2026-09-28,2026-09-29,1,ABERTO,,8
PRZ001880,EXP001797,PGR-00035084/2026,DOCUMENTO,CIVINT/STIC,RESPOSTA,2026-09-13,2026-11-30,78,ABERTO,,0
PRZ001881,EXP001798,PGR-00085810/2026,DOCUMENTO,CIVINT/STIC,RESPOSTA,2026-08-12,2026-10-09,58,ABERTO,,0
PRZ001882,EXP001799,PGR-00066048/2026,DOCUMENTO,CIVINT/STIC,RESPOSTA,2026-09-24,2026-09-27,3,ABERTO,,10
PRZ001883,EXP001800,PGR-00013054/2026,DOCUMENTO,CIVINT/STIC,RESPOSTA,2026-09-28,2026-11-02,35,ABERTO,,0
PRZ001884,EXP001801,PGR-00084905/2026,DOCUMENTO,CIVINT/STIC,RESPOSTA,2026-06-14,2027-01-05,205,ABERTO,,0
PRZ001885,EXP001802,PGR-00031027/2026,DOCUMENTO,CIVINT/STIC,RESPOSTA,2026-09-06,2026-10-13,37,ABERTO,,0
PRZ001886,EXP001803,PGR-00067631/2026,DOCUMENTO,CIVINT/STIC,RESPOSTA,2026-06-19,2026-10-09,112,ABERTO,,0
PRZ001887,EXP001804,PGR-00092930/2026,DOCUMENTO,CIVINT/STIC,RESPOSTA,2026-09-24,2026-09-28,4,ABERTO,,9
PRZ001888,EXP001805,PGR-00092983/2026,DOCUMENTO,CIVINT/STIC,RESPOSTA,2026-09-27,2026-10-14,17,ABERTO,,0
PRZ001889,EXP001806,PGR-00050643/2026,DOCUMENTO,CIVINT/STIC,RESPOSTA,2026-09-12,2026-12-12,91,ABERTO,,0
PRZ001890,EXP001807,PGR-00075622/2026,DOCUMENTO,CIVINT/STIC,RESPOSTA,2026-07-05,2026-11-04,122,ABERTO,,0
PRZ001891,EXP001808,PGR-00007792/2026,DOCUMENTO,CIVINT/STIC,RESPOSTA,2026-10-07,2026-10-10,3,ABERTO,,0
PRZ001892,EXP001809,PGR-00043674/2026,DOCUMENTO,CIVINT/STIC,RESPOSTA,2026-08-26,2026-10-07,42,ABERTO,,0
PRZ001893,EXP001810,PGR-00027968/2026,DOCUMENTO,CIVINT/STIC,RESPOSTA,2026-09-12,2026-12-25,104,ABERTO,,0
PRZ001894,EXP001810,PGR-00027968/2026,DOCUMENTO,CIVINT/STIC,RESPOSTA,2026-09-12,2026-12-07,86,PRORROGADO,2026-09-21T12:08:42-03:00,0
PRZ001895,EXP001811,PGR-00018511/2026,DOCUMENTO,CIVINT/STIC,RESPOSTA,2026-10-07,2026-12-08,62,ABERTO,,0
PRZ001896,EXP001812,PGR-00050073/2026,DOCUMENTO,CIVINT/STIC,RESPOSTA,2026-06-30,2026-12-22,175,ABERTO,,0
PRZ001897,EXP001813,PGR-00051258/2026,DOCUMENTO,CIVINT/STIC,RESPOSTA,2026-10-06,2026-11-22,47,ABERTO,,0
PRZ001898,EXP001814,PGR-00062732/2026,DOCUMENTO,CIVINT/STIC,RESPOSTA,2026-10-06,2026-10-07,1,ABERTO,,0
PRZ001899,EXP001815,PGR-00032197/2026,DOCUMENTO,CIVINT/STIC,RESPOSTA,2026-09-19,2026-10-08,19,ABERTO,,0
PRZ001900,EXP001816,PGR-00045990/2026,DOCUMENTO,CIVINT/STIC,RESPOSTA,2026-08-17,2026-12-17,122,ABERTO,,0
PRZ001901,EXP001817,PGR-00004085/2026,DOCUMENTO,CIVINT/STIC,RESPOSTA,2026-09-28,2026-11-13,46,ABERTO,,0
PRZ001902,EXP001818,PGR-00064572/2026,DOCUMENTO,CIVINT/STIC,RESPOSTA,2026-09-27,2026-10-14,17,ABERTO,,0
PRZ001903,EXP001819,PGR-00034808/2026,DOCUMENTO,CIVINT/STIC,RESPOSTA,2026-09-03,2026-12-08,96,ABERTO,,0
PRZ001904,EXP001820,PGR-00067653/2026,DOCUMENTO,CIVINT/STIC,RESPOSTA,2026-09-06,2026-12-25,110,ABERTO,,0
PRZ001905,EXP001821,PGR-00048588/2026,DOCUMENTO,CIVINT/STIC,RESPOSTA,2026-09-05,2026-10-30,55,ABERTO,,0
PRZ001906,EXP001822,PGR-00003643/2026,DOCUMENTO,CIVINT/STIC,RESPOSTA,2026-08-23,2026-10-08,46,ABERTO,,0
PRZ001907,EXP001822,PGR-00003643/2026,DOCUMENTO,CIVINT/STIC,RESPOSTA,2026-08-23,2026-09-25,33,PRORROGADO,2026-09-24T08:34:23-03:00,0
PRZ001908,EXP001823,PGR-00093352/2026,DOCUMENTO,CIVINT/STIC,RESPOSTA,2026-09-15,2026-11-15,61,ABERTO,,0
PRZ001909,EXP001824,PGR-00054138/2026,DOCUMENTO,CIVINT/STIC,RESPOSTA,2026-07-14,2026-12-28,167,ABERTO,,0
PRZ001910,EXP001825,PGR-00028632/2026,DOCUMENTO,CIVINT/STIC,RESPOSTA,2026-08-18,2026-10-08,51,ABERTO,,0
PRZ001911,EXP001826,PGR-00000227/2026,DOCUMENTO,CIVINT/STIC,RESPOSTA,2026-10-02,2027-01-05,95,ABERTO,,0
PRZ001912,EXP001827,PGR-00025913/2026,DOCUMENTO,CIVINT/STIC,RESPOSTA,2026-09-22,2026-11-07,46,ABERTO,,0
PRZ001913,EXP001828,PGR-00026406/2026,DOCUMENTO,CIVINT/STIC,RESPOSTA,2026-09-03,2026-09-25,22,ABERTO,,12
PRZ001914,EXP001829,PGR-00016703/2026,DOCUMENTO,CIVINT/STIC,RESPOSTA,2026-09-11,2026-11-04,54,ABERTO,,0
PRZ001915,EXP001830,PGR-00030501/2026,DOCUMENTO,CIVINT/STIC,RESPOSTA,2026-10-07,2026-10-09,2,ABERTO,,0
PRZ001916,EXP001831,PGR-00040422/2026,DOCUMENTO,CIVINT/STIC,RESPOSTA,2026-10-07,2026-10-08,1,ABERTO,,0
PRZ001917,EXP001832,PGR-00010049/2026,DOCUMENTO,CIVINT/STIC,RESPOSTA,2026-09-16,2026-10-11,25,ABERTO,,0
PRZ001918,EXP001833,PGR-00084576/2026,DOCUMENTO,CIVINT/STIC,RESPOSTA,2026-10-04,2026-10-05,1,ABERTO,,2
PRZ001919,EXP001834,PGR-00020138/2026,DOCUMENTO,CIVINT/STIC,RESPOSTA,2026-10-03,2026-10-04,1,ABERTO,,3
PRZ001920,EXP001835,PGR-00002027/2026,DOCUMENTO,CIVINT/STIC,RESPOSTA,2026-08-04,2026-10-13,70,ABERTO,,0
PRZ001921,EXP001835,PGR-00002027/2026,DOCUMENTO,CIVINT/STIC,RESPOSTA,2026-08-04,2026-09-25,52,PRORROGADO,2026-09-05T03:16:00-03:00,0
PRZ001922,EXP001836,PGR-00040184/2026,DOCUMENTO,CIVINT/STIC,RESPOSTA,2026-07-24,2026-10-08,76,ABERTO,,0
PRZ001923,EXP001837,PGR-00022966/2026,DOCUMENTO,CIVINT/STIC,RESPOSTA,2026-06-29,2026-10-11,104,ABERTO,,0
PRZ001924,EXP001838,PGR-00020613/2026,DOCUMENTO,CIVINT/STIC,RESPOSTA,2026-09-20,2026-10-26,36,ABERTO,,0
PRZ001925,EXP001839,PGR-00088541/2026,DOCUMENTO,CIVINT/STIC,RESPOSTA,2026-10-07,2026-10-08,1,ABERTO,,0
PRZ001926,EXP001840,PGR-00023234/2026,DOCUMENTO,CIVINT/STIC,RESPOSTA,2026-06-16,2026-12-21,188,ABERTO,,0
PRZ001927,EXP001841,PGR-00006506/2026,DOCUMENTO,CIVINT/STIC,RESPOSTA,2026-08-14,2026-10-12,59,ABERTO,,0
PRZ001928,EXP001842,PGR-00094204/2026,DOCUMENTO,CIVINT/STIC,RESPOSTA,2026-09-19,2026-11-21,63,ABERTO,,0
PRZ001929,EXP001843,PGR-00089004/2026,DOCUMENTO,CIVINT/STIC,RESPOSTA,2026-05-17,2026-10-10,146,ABERTO,,0
PRZ001930,EXP001844,PGR-00021465/2026,DOCUMENTO,CIVINT/STIC,RESPOSTA,2026-10-05,2026-11-29,55,ABERTO,,0
PRZ001931,EXP001845,PGR-00047781/2026,DOCUMENTO,CIVINT/STIC,RESPOSTA,2026-09-27,2027-01-01,96,ABERTO,,0
PRZ001932,EXP001846,PGR-00036511/2026,DOCUMENTO,CIVINT/STIC,RESPOSTA,2026-08-15,2026-10-06,52,ABERTO,,1
PRZ001933,EXP001847,PGR-00063169/2026,DOCUMENTO,CIVINT/STIC,RESPOSTA,2026-08-14,2026-10-08,55,ABERTO,,0
PRZ001934,EXP001848,PGR-00084152/2026,DOCUMENTO,CIVINT/STIC,RESPOSTA,2026-10-04,2026-12-27,84,ABERTO,,0
PRZ001935,EXP001849,PGR-00045260/2026,DOCUMENTO,CIVINT/STIC,RESPOSTA,2026-09-28,2026-10-04,6,ABERTO,,3
PRZ001936,EXP001850,PGR-00015258/2026,DOCUMENTO,CIVINT/STIC,RESPOSTA,2026-09-20,2026-10-08,18,ABERTO,,0
PRZ001937,EXP001851,PGR-00023197/2026,DOCUMENTO,CIVINT/STIC,RESPOSTA,2026-06-19,2026-08-23,65,ABERTO,,45
PRZ001938,EXP001852,PGR-00080568/2026,DOCUMENTO,CIVINT/STIC,RESPOSTA,2026-09-12,2026-10-08,26,ABERTO,,0
PRZ001939,EXP001852,PGR-00080568/2026,DOCUMENTO,CIVINT/STIC,RESPOSTA,2026-09-12,2026-09-26,14,PRORROGADO,2026-09-29T09:59:06-03:00,0
PRZ001940,EXP001853,PGR-00068317/2026,DOCUMENTO,CIVINT/STIC,RESPOSTA,2026-09-09,2026-11-01,53,ABERTO,,0
PRZ001941,EXP001854,PGR-00007500/2026,DOCUMENTO,CIVINT/STIC,RESPOSTA,2026-09-16,2026-10-14,28,ABERTO,,0
PRZ001942,EXP001855,PGR-00055522/2026,DOCUMENTO,CIVINT/STIC,RESPOSTA,2026-05-02,2026-10-10,161,ABERTO,,0
PRZ001943,EXP001856,PGR-00089096/2026,DOCUMENTO,CIVINT/STIC,RESPOSTA,2026-07-25,2026-10-09,76,ABERTO,,0
PRZ001944,EXP001857,PGR-00088680/2026,DOCUMENTO,CIVINT/STIC,RESPOSTA,2026-08-25,2026-12-15,112,ABERTO,,0
PRZ001945,EXP001858,PGR-00075956/2026,DOCUMENTO,CIVINT/STIC,RESPOSTA,2026-09-18,2026-11-17,60,ABERTO,,0
PRZ001946,EXP001859,PGR-00000818/2026,DOCUMENTO,CIVINT/STIC,RESPOSTA,2026-09-20,2026-11-22,63,ABERTO,,0
PRZ001947,EXP001860,PGR-00037610/2026,DOCUMENTO,CIVINT/STIC,RESPOSTA,2026-10-07,2026-12-22,76,ABERTO,,0
PRZ001948,EXP001861,PGR-00070204/2026,DOCUMENTO,CIVINT/STIC,RESPOSTA,2026-09-12,2026-11-29,78,ABERTO,,0
PRZ001949,EXP001862,PGR-00049216/2026,DOCUMENTO,CIVINT/STIC,RESPOSTA,2026-09-03,2026-10-07,34,ABERTO,,0
PRZ001950,EXP001863,PGR-00015353/2026,DOCUMENTO,CIVINT/STIC,RESPOSTA,2026-10-04,2026-11-19,46,ABERTO,,0
PRZ001951,EXP001864,PGR-00070546/2026,DOCUMENTO,CIVINT/STIC,RESPOSTA,2026-06-06,2026-12-23,200,ABERTO,,0
PRZ001952,EXP001865,PGR-00089946/2026,DOCUMENTO,CIVINT/STIC,RESPOSTA,2026-09-20,2026-10-07,17,ABERTO,,0
PRZ001953,EXP001866,PGR-00019551/2026,DOCUMENTO,CIVINT/STIC,RESPOSTA,2026-09-05,2026-12-17,103,ABERTO,,0
PRZ001954,EXP001866,PGR-00019551/2026,DOCUMENTO,CIVINT/STIC,RESPOSTA,2026-09-05,2026-12-01,87,PRORROGADO,2026-10-06T18:36:20-03:00,0
PRZ001955,EXP001867,PGR-00042816/2026,DOCUMENTO,CIVINT/STIC,RESPOSTA,2026-08-31,2026-10-22,52,ABERTO,,0
PRZ001956,EXP001868,PGR-00097101/2026,DOCUMENTO,CIVINT/STIC,RESPOSTA,2026-10-04,2026-12-14,71,ABERTO,,0
PRZ001957,EXP001869,PGR-00031893/2026,DOCUMENTO,CIVINT/STIC,RESPOSTA,2026-10-01,2026-12-25,85,ABERTO,,0
PRZ001958,EXP001870,PGR-00025273/2026,DOCUMENTO,CIVINT/STIC,RESPOSTA,2026-07-09,2026-12-30,174,ABERTO,,0
PRZ001959,EXP001871,PGR-00059289/2026,DOCUMENTO,CIVINT/STIC,RESPOSTA,2026-09-15,2026-12-29,105,ABERTO,,0
PRZ001960,EXP001872,PGR-00014769/2026,DOCUMENTO,CIVINT/STIC,RESPOSTA,2026-10-04,2026-10-20,16,ABERTO,,0
PRZ001961,EXP001873,PGR-00094860/2026,DOCUMENTO,CIVINT/STIC,RESPOSTA,2026-08-28,2026-10-20,53,ABERTO,,0
PRZ001962,EXP001874,PGR-00028065/2026,DOCUMENTO,CIVINT/STIC,RESPOSTA,2026-10-07,2026-11-16,40,ABERTO,,0
PRZ001963,EXP001875,PGR-00021902/2026,DOCUMENTO,CIVINT/STIC,RESPOSTA,2026-09-15,2026-12-14,90,ABERTO,,0
PRZ001964,EXP001876,PGR-00009118/2026,DOCUMENTO,CIVINT/STIC,RESPOSTA,2026-08-29,2026-12-30,123,ABERTO,,0
PRZ001965,EXP001877,PGR-00006762/2026,DOCUMENTO,CIVINT/STIC,RESPOSTA,2026-09-15,2026-12-26,102,ABERTO,,0
PRZ001966,EXP001878,PGR-00052025/2026,DOCUMENTO,CIVINT/STIC,RESPOSTA,2026-09-26,2026-09-27,1,ABERTO,,10
PRZ001967,EXP001879,PGR-00079124/2026,DOCUMENTO,CIVINT/STIC,RESPOSTA,2026-08-26,2026-10-11,46,ABERTO,,0
PRZ001968,EXP001880,PGR-00035316/2026,DOCUMENTO,CIVINT/STIC,RESPOSTA,2026-10-03,2026-11-04,32,ABERTO,,0
PRZ001969,EXP001881,PGR-00070174/2026,DOCUMENTO,CIVINT/STIC,RESPOSTA,2026-08-05,2026-10-23,79,ABERTO,,0
PRZ001970,EXP001882,PGR-00028858/2026,DOCUMENTO,CIVINT/STIC,RESPOSTA,2026-08-04,2026-10-08,65,ABERTO,,0
PRZ001971,EXP001883,PGR-00091460/2026,DOCUMENTO,CIVINT/STIC,RESPOSTA,2026-08-15,2026-10-27,73,ABERTO,,0
PRZ001972,EXP001884,PGR-00092939/2026,DOCUMENTO,CIVINT/STIC,RESPOSTA,2026-09-26,2026-10-17,21,ABERTO,,0
PRZ001973,EXP001885,PGR-00036536/2026,DOCUMENTO,CIVINT/STIC,RESPOSTA,2026-09-26,2026-12-22,87,ABERTO,,0
PRZ001974,EXP001886,PGR-00052437/2026,DOCUMENTO,CIVINT/STIC,RESPOSTA,2026-08-22,2026-10-06,45,ABERTO,,1
PRZ001975,EXP001886,PGR-00052437/2026,DOCUMENTO,CIVINT/STIC,RESPOSTA,2026-08-22,2026-09-17,26,PRORROGADO,2026-10-05T10:49:27-03:00,0
PRZ001976,EXP001887,PGR-00022572/2026,DOCUMENTO,CIVINT/STIC,RESPOSTA,2026-06-02,2026-10-07,127,ABERTO,,0
PRZ001977,EXP001888,PGR-00087259/2026,DOCUMENTO,CIVINT/STIC,RESPOSTA,2026-07-20,2026-12-04,137,ABERTO,,0
PRZ001978,EXP001888,PGR-00087259/2026,DOCUMENTO,CIVINT/STIC,RESPOSTA,2026-07-20,2026-11-28,131,PRORROGADO,2026-08-03T18:45:44-03:00,0
PRZ001979,EXP001889,PGR-00010651/2026,DOCUMENTO,CIVINT/STIC,RESPOSTA,2026-08-14,2027-01-02,141,ABERTO,,0
PRZ001980,EXP001890,PGR-00021185/2026,DOCUMENTO,CIVINT/STIC,RESPOSTA,2026-07-10,2026-10-22,104,ABERTO,,0
PRZ001981,EXP001891,PGR-00067575/2026,DOCUMENTO,CIVINT/STIC,RESPOSTA,2026-06-19,2026-12-09,173,ABERTO,,0
PRZ001982,EXP001892,PGR-00073428/2026,DOCUMENTO,CIVINT/STIC,RESPOSTA,2026-09-27,2026-12-17,81,ABERTO,,0
PRZ001983,EXP001893,PGR-00002622/2026,DOCUMENTO,CIVINT/STIC,RESPOSTA,2026-10-03,2026-10-21,18,ABERTO,,0
PRZ001984,EXP001894,PGR-00002181/2026,DOCUMENTO,CIVINT/STIC,RESPOSTA,2026-09-28,2026-10-15,17,ABERTO,,0
PRZ001985,EXP001895,PGR-00016005/2026,DOCUMENTO,CIVINT/STIC,RESPOSTA,2026-09-28,2026-12-21,84,ABERTO,,0
PRZ001986,EXP001896,PGR-00083159/2026,DOCUMENTO,CIVINT/STIC,RESPOSTA,2026-10-06,2026-12-02,57,ABERTO,,0
PRZ001987,EXP001897,PGR-00082224/2026,DOCUMENTO,CIVINT/STIC,RESPOSTA,2026-09-17,2026-10-23,36,ABERTO,,0
PRZ001988,EXP001898,PGR-00064598/2026,DOCUMENTO,CIVINT/STIC,RESPOSTA,2026-10-05,2026-10-06,1,ABERTO,,1
PRZ001989,EXP001899,PGR-00032467/2026,DOCUMENTO,CIVINT/STIC,RESPOSTA,2026-09-04,2026-11-14,71,ABERTO,,0
PRZ001990,EXP001900,PGR-00091883/2026,DOCUMENTO,CIVINT/STIC,RESPOSTA,2026-09-28,2026-09-29,1,ABERTO,,8
PRZ001991,EXP001901,PGR-00044093/2026,DOCUMENTO,CIVINT/STIC,RESPOSTA,2026-06-06,2026-10-26,142,ABERTO,,0
PRZ001992,EXP001902,PGR-00021753/2026,DOCUMENTO,CIVINT/STIC,RESPOSTA,2026-08-05,2026-10-11,67,ABERTO,,0
PRZ001993,EXP001903,PGR-00017205/2026,DOCUMENTO,CIVINT/STIC,RESPOSTA,2026-08-31,2026-10-10,40,ABERTO,,0
PRZ001994,EXP001904,PGR-00049572/2026,DOCUMENTO,CIVINT/STIC,RESPOSTA,2026-10-05,2026-10-13,8,ABERTO,,0
PRZ001995,EXP001904,PGR-00049572/2026,DOCUMENTO,CIVINT/STIC,RESPOSTA,2026-10-05,2026-10-06,1,PRORROGADO,2026-10-07T00:05:47-03:00,0
PRZ001996,EXP001905,PGR-00099362/2026,DOCUMENTO,CIVINT/STIC,RESPOSTA,2026-10-04,2026-10-05,1,ABERTO,,2
PRZ001997,EXP001906,PGR-00065655/2026,DOCUMENTO,CIVINT/STIC,RESPOSTA,2026-08-25,2026-09-20,26,ABERTO,,17
PRZ001998,EXP001907,PGR-00085694/2026,DOCUMENTO,CIVINT/STIC,RESPOSTA,2026-07-18,2026-10-22,96,ABERTO,,0
PRZ001999,EXP001908,PGR-00036941/2026,DOCUMENTO,CIVINT/STIC,RESPOSTA,2026-05-02,2026-12-08,220,ABERTO,,0
PRZ002000,EXP001908,PGR-00036941/2026,DOCUMENTO,CIVINT/STIC,RESPOSTA,2026-05-02,2026-11-22,204,PRORROGADO,2026-07-19T17:07:12-03:00,0
PRZ002001,EXP001909,PGR-00074996/2026,DOCUMENTO,CIVINT/STIC,RESPOSTA,2026-09-10,2026-10-15,35,ABERTO,,0
PRZ002002,EXP001910,PGR-00091570/2026,DOCUMENTO,CIVINT/STIC,RESPOSTA,2026-09-07,2026-11-15,69,ABERTO,,0
PRZ002003,EXP001911,PGR-00093272/2026,DOCUMENTO,CIVINT/STIC,RESPOSTA,2026-09-24,2026-12-01,68,ABERTO,,0
PRZ002004,EXP001912,PGR-00000702/2026,DOCUMENTO,CIVINT/STIC,RESPOSTA,2026-09-20,2026-10-14,24,ABERTO,,0
PRZ002005,EXP001913,PGR-00008599/2026,DOCUMENTO,CIVINT/STIC,RESPOSTA,2026-09-28,2026-10-10,12,ABERTO,,0
PRZ002006,EXP001914,PGR-00049020/2026,DOCUMENTO,CIVINT/STIC,RESPOSTA,2026-03-17,2026-11-21,249,ABERTO,,0
PRZ002007,EXP001915,PGR-00050018/2026,DOCUMENTO,CIVINT/STIC,RESPOSTA,2026-09-05,2026-10-13,38,ABERTO,,0
PRZ002008,EXP001916,PGR-00001523/2026,DOCUMENTO,CIVINT/STIC,RESPOSTA,2026-04-12,2026-11-11,213,ABERTO,,0
PRZ002009,EXP001917,PGR-00039393/2026,DOCUMENTO,CIVINT/STIC,RESPOSTA,2026-10-06,2026-11-11,36,ABERTO,,0
PRZ002010,EXP001918,PGR-00092699/2026,DOCUMENTO,CIVINT/STIC,RESPOSTA,2026-09-30,2026-12-17,78,ABERTO,,0
PRZ002011,EXP001919,PGR-00030759/2026,DOCUMENTO,CIVINT/STIC,RESPOSTA,2026-10-01,2026-10-13,12,ABERTO,,0
PRZ002012,EXP001920,PGR-00020285/2026,DOCUMENTO,CIVINT/STIC,RESPOSTA,2026-08-12,2026-12-17,127,ABERTO,,0
PRZ002013,EXP001921,PGR-00097486/2026,DOCUMENTO,CIVINT/STIC,RESPOSTA,2026-09-01,2026-09-02,1,ABERTO,,35
PRZ002014,EXP001922,PGR-00073229/2026,DOCUMENTO,CIVINT/STIC,RESPOSTA,2026-10-04,2026-11-05,32,ABERTO,,0
PRZ002015,EXP001923,PGR-00043660/2026,DOCUMENTO,CIVINT/STIC,RESPOSTA,2026-09-17,2026-12-02,76,ABERTO,,0
PRZ002016,EXP001923,PGR-00043660/2026,DOCUMENTO,CIVINT/STIC,RESPOSTA,2026-09-17,2026-11-23,67,PRORROGADO,2026-10-05T17:43:13-03:00,0
PRZ002017,EXP001924,PGR-00013953/2026,DOCUMENTO,CIVINT/STIC,RESPOSTA,2026-09-17,2026-09-26,9,ABERTO,,11
PRZ002018,EXP001925,PGR-00033793/2026,DOCUMENTO,CIVINT/STIC,RESPOSTA,2026-08-22,2026-09-03,12,ABERTO,,34
PRZ002019,EXP001926,PGR-00017060/2026,DOCUMENTO,CIVINT/STIC,RESPOSTA,2026-09-07,2026-11-03,57,ABERTO,,0
PRZ002020,EXP001927,PGR-00024670/2026,DOCUMENTO,CIVINT/STIC,RESPOSTA,2026-10-02,2026-10-29,27,ABERTO,,0
PRZ002021,EXP001928,PGR-00081168/2026,DOCUMENTO,CIVINT/STIC,RESPOSTA,2026-08-30,2027-01-01,124,ABERTO,,0
PRZ002022,EXP001929,PGR-00074819/2026,DOCUMENTO,CIVINT/STIC,RESPOSTA,2026-09-23,2026-10-08,15,ABERTO,,0
PRZ002023,EXP001930,PGR-00054861/2026,DOCUMENTO,CIVINT/STIC,RESPOSTA,2026-09-27,2026-09-28,1,ABERTO,,9
PRZ002024,EXP001931,PGR-00010450/2026,DOCUMENTO,CIVINT/STIC,RESPOSTA,2026-09-21,2026-10-13,22,ABERTO,,0
PRZ002025,EXP001932,PGR-00088537/2026,DOCUMENTO,CIVINT/STIC,RESPOSTA,2026-09-04,2026-09-19,15,ABERTO,,18
PRZ002026,EXP001933,PGR-00008216/2026,DOCUMENTO,CIVINT/STIC,RESPOSTA,2026-10-05,2026-10-18,13,ABERTO,,0
PRZ002027,EXP001934,PGR-00087403/2026,DOCUMENTO,CIVINT/STIC,RESPOSTA,2026-10-06,2026-11-06,31,ABERTO,,0
PRZ002028,EXP001934,PGR-00087403/2026,DOCUMENTO,CIVINT/STIC,RESPOSTA,2026-10-06,2026-10-31,25,PRORROGADO,2026-10-06T19:51:49-03:00,0
PRZ002029,EXP001935,PGR-00024934/2026,DOCUMENTO,CIVINT/STIC,RESPOSTA,2026-09-29,2026-11-05,37,ABERTO,,0
PRZ002030,EXP001936,PGR-00011225/2026,DOCUMENTO,CIVINT/STIC,RESPOSTA,2026-09-19,2026-11-15,57,ABERTO,,0
PRZ002031,EXP001937,PGR-00014031/2026,DOCUMENTO,CIVINT/STIC,RESPOSTA,2026-08-13,2026-10-11,59,ABERTO,,0
PRZ002032,EXP001938,PGR-00083494/2026,DOCUMENTO,CIVINT/STIC,RESPOSTA,2026-09-08,2026-12-02,85,ABERTO,,0
PRZ002033,EXP001939,PGR-00061399/2026,DOCUMENTO,CIVINT/STIC,RESPOSTA,2026-09-22,2026-11-27,66,ABERTO,,0
PRZ002034,EXP001940,PGR-00046082/2026,DOCUMENTO,CIVINT/STIC,RESPOSTA,2026-10-01,2026-11-26,56,ABERTO,,0
PRZ002035,EXP001941,PGR-00010636/2026,DOCUMENTO,CIVINT/STIC,RESPOSTA,2026-07-08,2026-12-29,174,ABERTO,,0
PRZ002036,EXP001942,PGR-00025875/2026,DOCUMENTO,CIVINT/STIC,RESPOSTA,2026-10-02,2026-10-22,20,ABERTO,,0
PRZ002037,EXP001943,PGR-00077199/2026,DOCUMENTO,CIVINT/STIC,RESPOSTA,2026-09-04,2026-12-20,107,ABERTO,,0
PRZ002038,EXP001944,PGR-00095012/2026,DOCUMENTO,CIVINT/STIC,RESPOSTA,2026-09-13,2026-11-09,57,ABERTO,,0
PRZ002039,EXP001945,PGR-00090731/2026,DOCUMENTO,CIVINT/STIC,RESPOSTA,2026-09-29,2026-11-17,49,ABERTO,,0
PRZ002040,EXP001946,PGR-00030913/2026,DOCUMENTO,CIVINT/STIC,RESPOSTA,2026-10-03,2026-10-08,5,ABERTO,,0
PRZ002041,EXP001947,PGR-00002398/2026,DOCUMENTO,CIVINT/STIC,RESPOSTA,2026-10-07,2026-10-08,1,ABERTO,,0
PRZ002042,EXP001948,PGR-00020490/2026,DOCUMENTO,CIVINT/STIC,RESPOSTA,2026-10-07,2026-10-25,18,ABERTO,,0
PRZ002043,EXP001949,PGR-00067421/2026,DOCUMENTO,CIVINT/STIC,RESPOSTA,2026-08-23,2026-12-07,106,ABERTO,,0
PRZ002044,EXP001950,PGR-00078436/2026,DOCUMENTO,CIVINT/STIC,RESPOSTA,2026-09-26,2026-10-08,12,ABERTO,,0
PRZ002045,EXP001951,PGR-00011533/2026,DOCUMENTO,CIVINT/STIC,RESPOSTA,2026-08-28,2026-08-29,1,ABERTO,,39
PRZ002046,EXP001952,PGR-00098134/2026,DOCUMENTO,CIVINT/STIC,RESPOSTA,2026-09-14,2026-12-31,108,ABERTO,,0
PRZ002047,EXP001952,PGR-00098134/2026,DOCUMENTO,CIVINT/STIC,RESPOSTA,2026-09-14,2026-12-16,93,PRORROGADO,2026-09-17T03:56:16-03:00,0
PRZ002048,EXP001953,PGR-00009714/2026,DOCUMENTO,CIVINT/STIC,RESPOSTA,2026-08-11,2026-12-09,120,ABERTO,,0
PRZ002049,EXP001954,PGR-00059152/2026,DOCUMENTO,CIVINT/STIC,RESPOSTA,2026-08-15,2026-12-14,121,ABERTO,,0
PRZ002050,EXP001955,PGR-00079306/2026,DOCUMENTO,CIVINT/STIC,RESPOSTA,2026-10-01,2026-11-16,46,ABERTO,,0
PRZ002051,EXP001956,PGR-00025295/2026,DOCUMENTO,CIVINT/STIC,RESPOSTA,2026-08-26,2026-09-19,24,ABERTO,,18
PRZ002052,EXP001957,PGR-00028933/2026,DOCUMENTO,CIVINT/STIC,RESPOSTA,2026-07-16,2026-10-13,89,ABERTO,,0
PRZ002053,EXP001958,PGR-00055462/2026,DOCUMENTO,CIVINT/STIC,RESPOSTA,2026-08-13,2026-12-15,124,ABERTO,,0
PRZ002054,EXP001958,PGR-00055462/2026,DOCUMENTO,CIVINT/STIC,RESPOSTA,2026-08-13,2026-12-08,117,PRORROGADO,2026-09-12T06:50:02-03:00,0
PRZ002055,EXP001959,PGR-00002503/2026,DOCUMENTO,CIVINT/STIC,RESPOSTA,2026-09-17,2026-10-28,41,ABERTO,,0
PRZ002056,EXP001960,PGR-00060494/2026,DOCUMENTO,CIVINT/STIC,RESPOSTA,2026-07-31,2026-09-19,50,ABERTO,,18
PRZ002057,EXP001961,PGR-00029927/2026,DOCUMENTO,CIVINT/STIC,RESPOSTA,2026-08-04,2026-09-19,46,ABERTO,,18
PRZ002058,EXP001962,PGR-00081812/2026,DOCUMENTO,CIVINT/STIC,RESPOSTA,2026-09-14,2026-10-07,23,ABERTO,,0
PRZ002059,EXP001963,PGR-00067528/2026,DOCUMENTO,CIVINT/STIC,RESPOSTA,2026-08-28,2026-10-11,44,ABERTO,,0
PRZ002060,EXP001964,PGR-00082623/2026,DOCUMENTO,CIVINT/STIC,RESPOSTA,2026-08-21,2026-10-08,48,ABERTO,,0
PRZ002061,EXP001965,PGR-00059718/2026,DOCUMENTO,CIVINT/STIC,RESPOSTA,2026-10-05,2026-11-13,39,ABERTO,,0
PRZ002062,EXP001966,PGR-00085662/2026,DOCUMENTO,CIVINT/STIC,RESPOSTA,2026-08-16,2026-12-31,137,ABERTO,,0
PRZ002063,EXP001967,PGR-00014351/2026,DOCUMENTO,CIVINT/STIC,RESPOSTA,2026-07-22,2026-11-07,108,ABERTO,,0
PRZ002064,EXP001968,PGR-00072427/2026,DOCUMENTO,CIVINT/STIC,RESPOSTA,2026-09-09,2026-10-11,32,ABERTO,,0
PRZ002065,EXP001969,PGR-00022001/2026,DOCUMENTO,CIVINT/STIC,RESPOSTA,2026-09-09,2026-12-25,107,ABERTO,,0
PRZ002066,EXP001969,PGR-00022001/2026,DOCUMENTO,CIVINT/STIC,RESPOSTA,2026-09-09,2026-12-13,95,PRORROGADO,2026-09-21T09:05:25-03:00,0
PRZ002067,EXP001970,PGR-00060278/2026,DOCUMENTO,CIVINT/STIC,RESPOSTA,2026-08-18,2026-12-21,125,ABERTO,,0
PRZ002068,EXP001971,PGR-00066705/2026,DOCUMENTO,CIVINT/STIC,RESPOSTA,2026-09-08,2026-10-13,35,ABERTO,,0
PRZ002069,EXP001972,PGR-00015935/2026,DOCUMENTO,CIVINT/STIC,RESPOSTA,2026-09-30,2026-11-19,50,ABERTO,,0
PRZ002070,EXP001973,PGR-00077946/2026,DOCUMENTO,CIVINT/STIC,RESPOSTA,2026-08-25,2026-10-21,57,ABERTO,,0
PRZ002071,EXP001974,PGR-00096728/2026,DOCUMENTO,CIVINT/STIC,RESPOSTA,2026-07-17,2026-10-07,82,ABERTO,,0
PRZ002072,EXP001975,PGR-00086166/2026,DOCUMENTO,CIVINT/STIC,RESPOSTA,2026-10-02,2026-11-06,35,ABERTO,,0
PRZ002073,EXP001976,PGR-00029812/2026,DOCUMENTO,CIVINT/STIC,RESPOSTA,2026-09-17,2026-09-18,1,ABERTO,,19
PRZ002074,EXP001977,PGR-00061732/2026,DOCUMENTO,CIVINT/STIC,RESPOSTA,2026-09-05,2026-10-13,38,ABERTO,,0
PRZ002075,EXP001978,PGR-00020301/2026,DOCUMENTO,CIVINT/STIC,RESPOSTA,2026-09-11,2026-10-23,42,ABERTO,,0
PRZ002076,EXP001979,PGR-00049196/2026,DOCUMENTO,CIVINT/STIC,RESPOSTA,2026-07-29,2026-10-08,71,ABERTO,,0
PRZ002077,EXP001980,PGR-00079291/2026,DOCUMENTO,CIVINT/STIC,RESPOSTA,2026-09-30,2027-01-01,93,ABERTO,,0
PRZ002078,EXP001981,PGR-00002184/2026,DOCUMENTO,CIVINT/STIC,RESPOSTA,2026-09-26,2026-10-14,18,ABERTO,,0
PRZ002079,EXP001982,PGR-00010220/2026,DOCUMENTO,CIVINT/STIC,RESPOSTA,2026-09-01,2026-10-12,41,ABERTO,,0
PRZ002080,EXP001983,PGR-00048046/2026,DOCUMENTO,CIVINT/STIC,RESPOSTA,2026-07-11,2026-12-05,147,ABERTO,,0
PRZ002081,EXP001984,PGR-00005401/2026,DOCUMENTO,CIVINT/STIC,RESPOSTA,2026-09-18,2027-01-02,106,ABERTO,,0
PRZ002082,EXP001985,PGR-00062937/2026,DOCUMENTO,CIVINT/STIC,RESPOSTA,2026-10-06,2026-11-15,40,ABERTO,,0
PRZ002083,EXP001985,PGR-00062937/2026,DOCUMENTO,CIVINT/STIC,RESPOSTA,2026-10-06,2026-10-31,25,PRORROGADO,2026-10-07T02:49:41-03:00,0
PRZ002084,EXP001986,PGR-00002520/2026,DOCUMENTO,CIVINT/STIC,RESPOSTA,2026-09-09,2027-01-02,115,ABERTO,,0
PRZ002085,EXP001987,PGR-00024540/2026,DOCUMENTO,CIVINT/STIC,RESPOSTA,2026-08-17,2026-10-10,54,ABERTO,,0
PRZ002086,EXP001988,PGR-00062006/2026,DOCUMENTO,CIVINT/STIC,RESPOSTA,2026-10-07,2026-10-08,1,ABERTO,,0
PRZ002087,EXP001989,PGR-00032199/2026,DOCUMENTO,CIVINT/STIC,RESPOSTA,2026-09-12,2026-12-05,84,ABERTO,,0
PRZ002088,EXP001990,PGR-00013325/2026,DOCUMENTO,CIVINT/STIC,RESPOSTA,2026-10-03,2026-11-02,30,ABERTO,,0
PRZ002089,EXP001991,PGR-00098545/2026,DOCUMENTO,CIVINT/STIC,RESPOSTA,2026-08-13,2026-10-08,56,ABERTO,,0
PRZ002090,EXP001992,PGR-00064424/2026,DOCUMENTO,CIVINT/STIC,RESPOSTA,2026-09-03,2026-12-06,94,ABERTO,,0
PRZ002091,EXP001993,PGR-00038024/2026,DOCUMENTO,CIVINT/STIC,RESPOSTA,2026-08-07,2027-01-05,151,ABERTO,,0
PRZ002092,EXP001994,PGR-00009667/2026,DOCUMENTO,CIVINT/STIC,RESPOSTA,2026-10-04,2026-11-18,45,ABERTO,,0
PRZ002093,EXP001995,PGR-00038608/2026,DOCUMENTO,CIVINT/STIC,RESPOSTA,2026-10-03,2026-10-11,8,ABERTO,,0
PRZ002094,EXP001996,PGR-00077318/2026,DOCUMENTO,CIVINT/STIC,RESPOSTA,2026-08-27,2026-11-02,67,ABERTO,,0
PRZ002095,EXP001997,PGR-00021238/2026,DOCUMENTO,CIVINT/STIC,RESPOSTA,2026-09-05,2026-11-21,77,ABERTO,,0
PRZ002096,EXP001998,PGR-00055437/2026,DOCUMENTO,CIVINT/STIC,RESPOSTA,2026-08-14,2026-10-16,63,ABERTO,,0
PRZ002097,EXP001999,PGR-00075912/2026,DOCUMENTO,CIVINT/STIC,RESPOSTA,2026-10-07,2026-10-11,4,ABERTO,,0
PRZ002098,EXP002000,PGR-00003582/2026,DOCUMENTO,CIVINT/STIC,RESPOSTA,2026-09-03,2026-11-18,76,ABERTO,,0
PRZ002099,EXP002000,PGR-00003582/2026,DOCUMENTO,CIVINT/STIC,RESPOSTA,2026-09-03,2026-11-11,69,PRORROGADO,2026-09-12T02:56:17-03:00,0
PRZ002100,EXP002001,PGR-00055849/2026,DOCUMENTO,CIVINT/STIC,RESPOSTA,2026-08-19,2026-12-04,107,ABERTO,,0
PRZ002101,EXP002002,PGR-00049205/2026,DOCUMENTO,CIVINT/STIC,RESPOSTA,2026-09-02,2026-12-02,91,ABERTO,,0
PRZ002102,EXP002003,PGR-00085203/2026,DOCUMENTO,CIVINT/STIC,RESPOSTA,2026-10-02,2026-10-14,12,ABERTO,,0
PRZ002103,EXP002004,PGR-00053422/2026,DOCUMENTO,CIVINT/STIC,RESPOSTA,2026-09-27,2026-11-12,46,ABERTO,,0
PRZ002104,EXP002005,PGR-00080463/2026,DOCUMENTO,CIVINT/STIC,RESPOSTA,2026-08-21,2026-09-12,22,ABERTO,,25
PRZ002105,EXP002006,PGR-00084240/2026,DOCUMENTO,CIVINT/STIC,RESPOSTA,2026-09-23,2026-09-24,1,ABERTO,,13
PRZ002106,EXP002007,PGR-00054575/2026,DOCUMENTO,CIVINT/STIC,RESPOSTA,2026-09-10,2026-10-11,31,ABERTO,,0
PRZ002107,EXP002008,PGR-00098978/2026,DOCUMENTO,CIVINT/STIC,RESPOSTA,2026-10-07,2026-10-14,7,ABERTO,,0
PRZ002108,EXP002009,PGR-00007958/2026,DOCUMENTO,CIVINT/STIC,RESPOSTA,2026-07-24,2026-11-27,126,ABERTO,,0
PRZ002109,EXP002010,PGR-00080330/2026,DOCUMENTO,CIVINT/STIC,RESPOSTA,2026-08-30,2026-10-24,55,ABERTO,,0
PRZ002110,EXP002011,PGR-00015839/2026,DOCUMENTO,CIVINT/STIC,RESPOSTA,2026-10-06,2026-11-28,53,ABERTO,,0
PRZ002111,EXP002012,PGR-00024687/2026,DOCUMENTO,CIVINT/STIC,RESPOSTA,2026-09-18,2026-09-19,1,ABERTO,,18
PRZ002112,EXP002013,PGR-00005011/2026,DOCUMENTO,CIVINT/STIC,RESPOSTA,2026-10-02,2026-11-14,43,ABERTO,,0
PRZ002113,EXP002014,PGR-00034080/2026,DOCUMENTO,CIVINT/STIC,RESPOSTA,2026-09-07,2026-12-02,86,ABERTO,,0
PRZ002114,EXP002015,PGR-00064446/2026,DOCUMENTO,CIVINT/STIC,RESPOSTA,2026-09-23,2026-10-23,30,ABERTO,,0
PRZ002115,EXP002016,PGR-00047424/2026,DOCUMENTO,CIVINT/STIC,RESPOSTA,2026-09-19,2026-09-26,7,ABERTO,,11
PRZ002116,EXP002017,PGR-00079945/2026,DOCUMENTO,CIVINT/STIC,RESPOSTA,2026-08-30,2026-10-08,39,ABERTO,,0
PRZ002117,EXP002018,PGR-00050258/2026,DOCUMENTO,CIVINT/STIC,RESPOSTA,2026-08-08,2026-11-01,85,ABERTO,,0
PRZ002118,EXP002019,PGR-00058759/2026,DOCUMENTO,CIVINT/STIC,RESPOSTA,2026-08-07,2026-09-26,50,ABERTO,,11
PRZ002119,EXP002020,PGR-00084168/2026,DOCUMENTO,CIVINT/STIC,RESPOSTA,2026-10-02,2026-11-05,34,ABERTO,,0
PRZ002120,EXP002021,PGR-00040855/2026,DOCUMENTO,CIVINT/STIC,RESPOSTA,2026-09-24,2026-11-03,40,ABERTO,,0
PRZ002121,EXP002022,PGR-00054290/2026,DOCUMENTO,CIVINT/STIC,RESPOSTA,2026-10-01,2026-10-31,30,ABERTO,,0
PRZ002122,EXP002023,PGR-00004762/2026,DOCUMENTO,CIVINT/STIC,RESPOSTA,2026-08-27,2026-10-21,55,ABERTO,,0
PRZ002123,EXP002024,PGR-00054451/2026,DOCUMENTO,CIVINT/STIC,RESPOSTA,2026-09-23,2027-01-01,100,ABERTO,,0
PRZ002124,EXP002025,PGR-00031111/2026,DOCUMENTO,CIVINT/STIC,RESPOSTA,2026-09-12,2026-12-04,83,ABERTO,,0
PRZ002125,EXP002026,PGR-00048512/2026,DOCUMENTO,CIVINT/STIC,RESPOSTA,2026-08-13,2026-10-13,61,ABERTO,,0
PRZ002126,EXP002027,PGR-00045349/2026,DOCUMENTO,CIVINT/STIC,RESPOSTA,2026-09-28,2026-10-06,8,ABERTO,,1
PRZ002127,EXP002028,PGR-00043268/2026,DOCUMENTO,CIVINT/STIC,RESPOSTA,2026-09-27,2026-10-01,4,ABERTO,,6
PRZ002128,EXP002029,PGR-00043866/2026,DOCUMENTO,CIVINT/STIC,RESPOSTA,2026-08-28,2026-12-25,119,ABERTO,,0
PRZ002129,EXP002030,PGR-00003821/2026,DOCUMENTO,CIVINT/STIC,RESPOSTA,2026-10-06,2026-10-07,1,ABERTO,,0
PRZ002130,EXP002031,PGR-00092643/2026,DOCUMENTO,CIVINT/STIC,RESPOSTA,2026-09-22,2026-09-23,1,ABERTO,,14
PRZ002131,EXP002032,PGR-00021104/2026,DOCUMENTO,CIVINT/STIC,RESPOSTA,2026-09-08,2026-09-25,17,ABERTO,,12
PRZ002132,EXP002033,PGR-00091841/2026,DOCUMENTO,CIVINT/STIC,RESPOSTA,2026-09-21,2026-10-09,18,ABERTO,,0
PRZ002133,EXP002034,PGR-00011900/2026,DOCUMENTO,CIVINT/STIC,RESPOSTA,2026-09-12,2026-09-13,1,ABERTO,,24
PRZ002134,EXP002035,PGR-00058000/2026,DOCUMENTO,CIVINT/STIC,RESPOSTA,2026-09-18,2026-10-13,25,ABERTO,,0
PRZ002135,EXP002036,PGR-00079601/2026,DOCUMENTO,CIVINT/STIC,RESPOSTA,2026-07-15,2027-01-04,173,ABERTO,,0
PRZ002136,EXP002037,PGR-00072667/2026,DOCUMENTO,CIVINT/STIC,RESPOSTA,2026-09-28,2026-10-10,12,ABERTO,,0
PRZ002137,EXP002038,PGR-00025317/2026,DOCUMENTO,CIVINT/STIC,RESPOSTA,2026-09-01,2026-11-02,62,ABERTO,,0
PRZ002138,EXP002039,PGR-00067090/2026,DOCUMENTO,CIVINT/STIC,RESPOSTA,2026-04-14,2026-10-08,177,ABERTO,,0
PRZ002139,EXP002040,PGR-00033885/2026,DOCUMENTO,CIVINT/STIC,RESPOSTA,2026-09-10,2026-10-13,33,ABERTO,,0
PRZ002140,EXP002041,PGR-00066686/2026,DOCUMENTO,CIVINT/STIC,RESPOSTA,2026-09-23,2026-12-04,72,ABERTO,,0
PRZ002141,EXP002042,PGR-00015776/2026,DOCUMENTO,CIVINT/STIC,RESPOSTA,2026-08-07,2026-10-26,80,ABERTO,,0
PRZ002142,EXP002043,PGR-00099718/2026,DOCUMENTO,CIVINT/STIC,RESPOSTA,2026-09-27,2026-09-28,1,ABERTO,,9
PRZ002143,EXP002044,PGR-00067859/2026,DOCUMENTO,CIVINT/STIC,RESPOSTA,2026-08-19,2026-10-10,52,ABERTO,,0
PRZ002144,EXP002045,PGR-00011626/2026,DOCUMENTO,CIVINT/STIC,RESPOSTA,2026-09-06,2026-12-07,92,ABERTO,,0
PRZ002145,EXP002046,PGR-00097583/2026,DOCUMENTO,CIVINT/STIC,RESPOSTA,2026-04-23,2026-10-10,170,ABERTO,,0
PRZ002146,EXP002047,PGR-00032628/2026,DOCUMENTO,CIVINT/STIC,RESPOSTA,2026-07-09,2026-11-12,126,ABERTO,,0
PRZ002147,EXP002048,PGR-00082683/2026,DOCUMENTO,CIVINT/STIC,RESPOSTA,2026-09-29,2026-12-28,90,ABERTO,,0
PRZ002148,EXP002049,PGR-00062961/2026,DOCUMENTO,CIVINT/STIC,RESPOSTA,2026-10-05,2026-10-06,1,ABERTO,,1
PRZ002149,EXP002050,PGR-00072014/2026,DOCUMENTO,CIVINT/STIC,RESPOSTA,2026-06-22,2026-11-26,157,ABERTO,,0
PRZ002150,EXP002051,PGR-00004710/2026,DOCUMENTO,CIVINT/STIC,RESPOSTA,2026-08-31,2026-10-21,51,ABERTO,,0
PRZ002151,EXP002052,PGR-00098617/2026,DOCUMENTO,CIVINT/STIC,RESPOSTA,2026-09-02,2026-10-08,36,ABERTO,,0
PRZ002152,EXP002053,PGR-00002772/2026,DOCUMENTO,CIVINT/STIC,RESPOSTA,2026-10-02,2026-12-02,61,ABERTO,,0
PRZ002153,EXP002053,PGR-00002772/2026,DOCUMENTO,CIVINT/STIC,RESPOSTA,2026-10-02,2026-11-26,55,PRORROGADO,2026-10-06T16:25:48-03:00,0
PRZ002154,EXP002054,PGR-00059944/2026,DOCUMENTO,CIVINT/STIC,RESPOSTA,2026-08-23,2026-10-28,66,ABERTO,,0
PRZ002155,EXP002055,PGR-00007798/2026,DOCUMENTO,CIVINT/STIC,RESPOSTA,2026-09-06,2026-11-10,65,ABERTO,,0
PRZ002156,EXP002056,PGR-00085543/2026,DOCUMENTO,CIVINT/STIC,RESPOSTA,2026-09-21,2026-10-08,17,ABERTO,,0
PRZ002157,EXP002057,PGR-00003555/2026,DOCUMENTO,CIVINT/STIC,RESPOSTA,2026-06-12,2026-10-08,118,ABERTO,,0
PRZ002158,EXP002058,PGR-00089001/2026,DOCUMENTO,CIVINT/STIC,RESPOSTA,2026-09-13,2026-10-08,25,ABERTO,,0
PRZ002159,EXP002059,PGR-00012667/2026,DOCUMENTO,CIVINT/STIC,RESPOSTA,2026-07-11,2027-01-01,174,ABERTO,,0
PRZ002160,EXP002060,PGR-00022915/2026,DOCUMENTO,CIVINT/STIC,RESPOSTA,2026-10-03,2026-10-25,22,ABERTO,,0
PRZ002161,EXP002061,PGR-00016543/2026,DOCUMENTO,CIVINT/STIC,RESPOSTA,2026-10-07,2026-10-08,1,ABERTO,,0
PRZ002162,EXP002062,PGR-00051889/2026,DOCUMENTO,CIVINT/STIC,RESPOSTA,2026-09-08,2026-09-09,1,ABERTO,,28
PRZ002163,EXP002063,PGR-00067312/2026,DOCUMENTO,CIVINT/STIC,RESPOSTA,2026-07-20,2026-11-28,131,ABERTO,,0
PRZ002164,EXP002064,PGR-00080570/2026,DOCUMENTO,CIVINT/STIC,RESPOSTA,2026-08-31,2026-10-11,41,ABERTO,,0
PRZ002165,EXP002065,PGR-00086767/2026,DOCUMENTO,CIVINT/STIC,RESPOSTA,2026-08-27,2026-09-11,15,ABERTO,,26
PRZ002166,EXP002066,PGR-00086528/2026,DOCUMENTO,CIVINT/STIC,RESPOSTA,2026-08-07,2026-09-26,50,ABERTO,,11
PRZ002167,EXP002067,PGR-00010110/2026,DOCUMENTO,CIVINT/STIC,RESPOSTA,2026-07-24,2026-08-26,33,ABERTO,,42
PRZ002168,EXP002068,PGR-00057505/2026,DOCUMENTO,CIVINT/STIC,RESPOSTA,2026-08-11,2026-11-29,110,ABERTO,,0
PRZ002169,EXP002069,PGR-00094556/2026,DOCUMENTO,CIVINT/STIC,RESPOSTA,2026-09-22,2026-12-28,97,ABERTO,,0
PRZ002170,EXP002070,PGR-00078441/2026,DOCUMENTO,CIVINT/STIC,RESPOSTA,2026-05-26,2026-10-13,140,ABERTO,,0
PRZ002171,EXP002071,PGR-00039093/2026,DOCUMENTO,CIVINT/STIC,RESPOSTA,2026-09-23,2026-10-10,17,ABERTO,,0
PRZ002172,EXP002072,PGR-00042369/2026,DOCUMENTO,CIVINT/STIC,RESPOSTA,2026-06-28,2026-12-07,162,ABERTO,,0
PRZ002173,EXP002073,PGR-00094356/2026,DOCUMENTO,CIVINT/STIC,RESPOSTA,2026-09-11,2026-10-20,39,ABERTO,,0
PRZ002174,EXP002074,PGR-00019333/2026,DOCUMENTO,CIVINT/STIC,RESPOSTA,2026-10-06,2026-10-07,1,ABERTO,,0
PRZ002175,EXP002075,PGR-00061305/2026,DOCUMENTO,CIVINT/STIC,RESPOSTA,2026-09-14,2026-11-23,70,ABERTO,,0
PRZ002176,EXP002076,PGR-00071906/2026,DOCUMENTO,CIVINT/STIC,RESPOSTA,2026-09-24,2026-10-09,15,ABERTO,,0
PRZ002177,EXP002077,PGR-00096192/2026,DOCUMENTO,CIVINT/STIC,RESPOSTA,2026-10-02,2026-10-09,7,ABERTO,,0
PRZ002178,EXP002078,PGR-00097567/2026,DOCUMENTO,CIVINT/STIC,RESPOSTA,2026-08-19,2026-09-29,41,ABERTO,,8
PRZ002179,EXP002079,PGR-00087492/2026,DOCUMENTO,CIVINT/STIC,RESPOSTA,2026-09-14,2026-10-08,24,ABERTO,,0
PRZ002180,EXP002080,PGR-00030466/2026,DOCUMENTO,CIVINT/STIC,RESPOSTA,2026-07-14,2026-10-12,90,ABERTO,,0
PRZ002181,EXP002081,PGR-00015186/2026,DOCUMENTO,CIVINT/STIC,RESPOSTA,2026-09-03,2026-10-08,35,ABERTO,,0
PRZ002182,EXP002082,PGR-00054544/2026,DOCUMENTO,CIVINT/STIC,RESPOSTA,2026-07-20,2026-10-15,87,ABERTO,,0
PRZ002183,EXP002083,PGR-00014197/2026,DOCUMENTO,CIVINT/STIC,RESPOSTA,2026-09-22,2026-12-02,71,ABERTO,,0
PRZ002184,EXP002084,PGR-00088162/2026,DOCUMENTO,CIVINT/STIC,RESPOSTA,2026-09-19,2026-12-15,87,ABERTO,,0
PRZ002185,EXP002085,PGR-00045941/2026,DOCUMENTO,CIVINT/STIC,RESPOSTA,2026-09-14,2026-12-27,104,ABERTO,,0
PRZ002186,EXP002086,PGR-00002171/2026,DOCUMENTO,CIVINT/STIC,RESPOSTA,2026-09-29,2026-11-07,39,ABERTO,,0
PRZ002187,EXP002087,PGR-00007650/2026,DOCUMENTO,CIVINT/STIC,RESPOSTA,2026-09-16,2026-10-08,22,ABERTO,,0
PRZ002188,EXP002088,PGR-00073659/2026,DOCUMENTO,CIVINT/STIC,RESPOSTA,2026-08-09,2026-11-29,112,ABERTO,,0
PRZ002189,EXP002089,PGR-00055650/2026,DOCUMENTO,CIVINT/STIC,RESPOSTA,2026-10-01,2026-10-14,13,ABERTO,,0
PRZ002190,EXP002090,PGR-00013753/2026,DOCUMENTO,CIVINT/STIC,RESPOSTA,2026-08-20,2026-08-31,11,ABERTO,,37
PRZ002191,EXP002091,PGR-00080511/2026,DOCUMENTO,CIVINT/STIC,RESPOSTA,2026-10-05,2027-01-01,88,ABERTO,,0
PRZ002192,EXP002092,PGR-00059895/2026,DOCUMENTO,CIVINT/STIC,RESPOSTA,2026-09-10,2026-11-25,76,ABERTO,,0
PRZ002193,EXP002092,PGR-00059895/2026,DOCUMENTO,CIVINT/STIC,RESPOSTA,2026-09-10,2026-11-09,60,PRORROGADO,2026-10-04T01:42:53-03:00,0
PRZ002194,EXP002093,PGR-00014372/2026,DOCUMENTO,CIVINT/STIC,RESPOSTA,2026-05-12,2026-12-30,232,ABERTO,,0
PRZ002195,EXP002094,PGR-00017530/2026,DOCUMENTO,CIVINT/STIC,RESPOSTA,2026-10-05,2026-10-12,7,ABERTO,,0
PRZ002196,EXP002095,PGR-00013141/2026,DOCUMENTO,CIVINT/STIC,RESPOSTA,2026-08-21,2026-11-17,88,ABERTO,,0
PRZ002197,EXP002096,PGR-00000909/2026,DOCUMENTO,CIVINT/STIC,RESPOSTA,2026-09-09,2026-12-17,99,ABERTO,,0
PRZ002198,EXP002097,PGR-00069564/2026,DOCUMENTO,CIVINT/STIC,RESPOSTA,2026-09-05,2026-12-23,109,ABERTO,,0
PRZ002199,EXP002098,PGR-00025655/2026,DOCUMENTO,CIVINT/STIC,RESPOSTA,2026-09-12,2026-10-30,48,ABERTO,,0
PRZ002200,EXP002099,PGR-00060594/2026,DOCUMENTO,CIVINT/STIC,RESPOSTA,2026-06-09,2026-10-16,129,ABERTO,,0
PRZ002201,EXP002100,PGR-00056883/2026,DOCUMENTO,CIVINT/STIC,RESPOSTA,2026-07-04,2026-10-08,96,ABERTO,,0
PRZ002202,EXP002101,PGR-00052297/2026,DOCUMENTO,CIVINT/STIC,RESPOSTA,2026-07-05,2026-10-15,102,ABERTO,,0
PRZ002203,EXP002102,PGR-00010177/2026,DOCUMENTO,CIVINT/STIC,RESPOSTA,2026-09-09,2026-10-10,31,ABERTO,,0
PRZ002204,EXP002103,PGR-00076052/2026,DOCUMENTO,CIVINT/STIC,RESPOSTA,2026-09-23,2026-12-01,69,ABERTO,,0
PRZ002205,EXP002104,PGR-00029490/2026,DOCUMENTO,CIVINT/STIC,RESPOSTA,2026-09-06,2026-10-31,55,ABERTO,,0
PRZ002206,EXP002105,PGR-00010439/2026,DOCUMENTO,CIVINT/STIC,RESPOSTA,2026-08-31,2026-11-17,78,ABERTO,,0
PRZ002207,EXP002106,PGR-00084721/2026,DOCUMENTO,CIVINT/STIC,RESPOSTA,2026-07-24,2026-11-07,106,ABERTO,,0
PRZ002208,EXP002107,PGR-00082517/2026,DOCUMENTO,CIVINT/STIC,RESPOSTA,2026-07-21,2026-12-28,160,ABERTO,,0
PRZ002209,EXP002108,PGR-00038448/2026,DOCUMENTO,CIVINT/STIC,RESPOSTA,2026-08-01,2026-10-09,69,ABERTO,,0
PRZ002210,EXP002109,PGR-00021878/2026,DOCUMENTO,CIVINT/STIC,RESPOSTA,2026-08-24,2026-11-13,81,ABERTO,,0
PRZ002211,EXP002110,PGR-00052198/2026,DOCUMENTO,CIVINT/STIC,RESPOSTA,2026-09-06,2026-10-08,32,ABERTO,,0
PRZ002212,EXP002110,PGR-00052198/2026,DOCUMENTO,CIVINT/STIC,RESPOSTA,2026-09-06,2026-09-21,15,PRORROGADO,2026-09-21T01:56:46-03:00,0
PRZ002213,EXP002111,PGR-00083245/2026,DOCUMENTO,CIVINT/STIC,RESPOSTA,2026-07-28,2026-10-08,72,ABERTO,,0
PRZ002214,EXP002111,PGR-00083245/2026,DOCUMENTO,CIVINT/STIC,RESPOSTA,2026-07-28,2026-09-19,53,PRORROGADO,2026-09-27T07:20:21-03:00,0
PRZ002215,EXP002112,PGR-00034727/2026,DOCUMENTO,CIVINT/STIC,RESPOSTA,2026-09-11,2026-12-10,90,ABERTO,,0
PRZ002216,EXP002113,PGR-00003718/2026,DOCUMENTO,CIVINT/STIC,RESPOSTA,2026-10-03,2026-10-09,6,ABERTO,,0
PRZ002217,EXP002114,PGR-00040829/2026,DOCUMENTO,CIVINT/STIC,RESPOSTA,2026-10-03,2026-12-12,70,ABERTO,,0
PRZ002218,EXP002115,PGR-00034819/2026,DOCUMENTO,CIVINT/STIC,RESPOSTA,2026-10-07,2026-10-10,3,ABERTO,,0
PRZ002219,EXP002116,PGR-00091989/2026,DOCUMENTO,CIVINT/STIC,RESPOSTA,2026-09-15,2026-10-09,24,ABERTO,,0
PRZ002220,EXP002117,PGR-00041808/2026,DOCUMENTO,CIVINT/STIC,RESPOSTA,2026-08-24,2026-11-04,72,ABERTO,,0
PRZ002221,EXP002118,PGR-00007844/2026,DOCUMENTO,CIVINT/STIC,RESPOSTA,2026-08-29,2026-10-09,41,ABERTO,,0
PRZ002222,EXP002118,PGR-00007844/2026,DOCUMENTO,CIVINT/STIC,RESPOSTA,2026-08-29,2026-09-22,24,PRORROGADO,2026-09-22T15:28:34-03:00,0
PRZ002223,EXP002119,PGR-00022648/2026,DOCUMENTO,CIVINT/STIC,RESPOSTA,2026-09-28,2026-10-10,12,ABERTO,,0
PRZ002224,EXP002120,PGR-00005889/2026,DOCUMENTO,CIVINT/STIC,RESPOSTA,2026-07-05,2026-12-16,164,ABERTO,,0
PRZ002225,EXP002121,PGR-00038773/2026,DOCUMENTO,CIVINT/STIC,RESPOSTA,2026-07-17,2026-10-07,82,ABERTO,,0
PRZ002226,EXP002122,PGR-00046611/2026,DOCUMENTO,CIVINT/STIC,RESPOSTA,2026-09-26,2026-10-10,14,ABERTO,,0
PRZ002227,EXP002122,PGR-00046611/2026,DOCUMENTO,CIVINT/STIC,RESPOSTA,2026-09-26,2026-09-27,1,PRORROGADO,2026-10-04T16:25:51-03:00,0
PRZ002228,EXP002123,PGR-00062286/2026,DOCUMENTO,CIVINT/STIC,RESPOSTA,2026-10-01,2026-11-07,37,ABERTO,,0
PRZ002229,EXP002123,PGR-00062286/2026,DOCUMENTO,CIVINT/STIC,RESPOSTA,2026-10-01,2026-10-22,21,PRORROGADO,2026-10-07T06:12:10-03:00,0
PRZ002230,EXP002124,PGR-00038402/2026,DOCUMENTO,CIVINT/STIC,RESPOSTA,2026-09-24,2026-12-19,86,ABERTO,,0
PRZ002231,EXP002125,PGR-00099593/2026,DOCUMENTO,CIVINT/STIC,RESPOSTA,2026-09-10,2026-10-07,27,ABERTO,,0
PRZ002232,EXP002126,PGR-00071250/2026,DOCUMENTO,CIVINT/STIC,RESPOSTA,2026-08-06,2026-12-07,123,ABERTO,,0
PRZ002233,EXP002126,PGR-00071250/2026,DOCUMENTO,CIVINT/STIC,RESPOSTA,2026-08-06,2026-11-25,111,PRORROGADO,2026-09-19T12:06:14-03:00,0
PRZ002234,EXP002127,PGR-00067366/2026,DOCUMENTO,CIVINT/STIC,RESPOSTA,2026-09-08,2026-10-31,53,ABERTO,,0
PRZ002235,EXP002128,PGR-00006975/2026,DOCUMENTO,CIVINT/STIC,RESPOSTA,2026-08-30,2026-12-18,110,ABERTO,,0
PRZ002236,EXP002129,PGR-00051689/2026,DOCUMENTO,CIVINT/STIC,RESPOSTA,2026-09-14,2026-09-15,1,ABERTO,,22
PRZ002237,EXP002130,PGR-00042240/2026,DOCUMENTO,CIVINT/STIC,RESPOSTA,2026-09-22,2026-12-08,77,ABERTO,,0
PRZ002238,EXP002131,PGR-00053759/2026,DOCUMENTO,CIVINT/STIC,RESPOSTA,2026-08-31,2026-12-06,97,ABERTO,,0
PRZ002239,EXP002132,PGR-00054933/2026,DOCUMENTO,CIVINT/STIC,RESPOSTA,2026-09-23,2026-10-08,15,ABERTO,,0
PRZ002240,EXP002133,PGR-00068704/2026,DOCUMENTO,CIVINT/STIC,RESPOSTA,2026-09-04,2026-10-08,34,ABERTO,,0
PRZ002241,EXP002134,PGR-00055649/2026,DOCUMENTO,CIVINT/STIC,RESPOSTA,2026-08-31,2026-09-03,3,ABERTO,,34
PRZ002242,EXP002135,PGR-00039424/2026,DOCUMENTO,CIVINT/STIC,RESPOSTA,2026-08-22,2026-10-09,48,ABERTO,,0
PRZ002243,EXP002136,PGR-00032994/2026,DOCUMENTO,CIVINT/STIC,RESPOSTA,2026-09-22,2026-10-27,35,ABERTO,,0
PRZ002244,EXP002137,PGR-00054319/2026,DOCUMENTO,CIVINT/STIC,RESPOSTA,2026-09-24,2026-10-14,20,ABERTO,,0
PRZ002245,EXP002138,PGR-00053058/2026,DOCUMENTO,CIVINT/STIC,RESPOSTA,2026-09-19,2026-11-22,64,ABERTO,,0
PRZ002246,EXP002139,PGR-00096937/2026,DOCUMENTO,CIVINT/STIC,RESPOSTA,2026-09-05,2026-10-13,38,ABERTO,,0
PRZ002247,EXP002140,PGR-00088118/2026,DOCUMENTO,CIVINT/STIC,RESPOSTA,2026-08-26,2026-10-11,46,ABERTO,,0
PRZ002248,EXP002140,PGR-00088118/2026,DOCUMENTO,CIVINT/STIC,RESPOSTA,2026-08-26,2026-09-26,31,PRORROGADO,2026-09-26T11:25:50-03:00,0
PRZ002249,EXP002141,PGR-00094689/2026,DOCUMENTO,CIVINT/STIC,RESPOSTA,2026-09-29,2026-11-30,62,ABERTO,,0
PRZ002250,EXP002142,PGR-00055728/2026,DOCUMENTO,CIVINT/STIC,RESPOSTA,2026-09-19,2026-11-28,70,ABERTO,,0
PRZ002251,EXP002143,PGR-00009193/2026,DOCUMENTO,CIVINT/STIC,RESPOSTA,2026-09-04,2027-01-01,119,ABERTO,,0
PRZ002252,EXP002144,PGR-00001513/2026,DOCUMENTO,CIVINT/STIC,RESPOSTA,2026-09-13,2026-10-17,34,ABERTO,,0
PRZ002253,EXP002145,PGR-00086760/2026,DOCUMENTO,CIVINT/STIC,RESPOSTA,2026-10-07,2026-11-13,37,ABERTO,,0
PRZ002254,EXP002146,PGR-00068541/2026,DOCUMENTO,CIVINT/STIC,RESPOSTA,2026-08-19,2026-12-11,114,ABERTO,,0
PRZ002255,EXP002147,PGR-00078301/2026,DOCUMENTO,CIVINT/STIC,RESPOSTA,2026-09-08,2026-09-09,1,ABERTO,,28
PRZ002256,EXP002148,PGR-00006024/2026,DOCUMENTO,CIVINT/STIC,RESPOSTA,2026-09-09,2026-11-12,64,ABERTO,,0
PRZ002257,EXP002149,PGR-00092662/2026,DOCUMENTO,CIVINT/STIC,RESPOSTA,2026-07-24,2026-12-08,137,ABERTO,,0
PRZ002258,EXP002150,PGR-00015845/2026,DOCUMENTO,CIVINT/STIC,RESPOSTA,2026-06-09,2026-10-03,116,ABERTO,,4
PRZ002259,EXP002151,PGR-00065934/2026,DOCUMENTO,CIVINT/STIC,RESPOSTA,2026-09-30,2026-10-14,14,ABERTO,,0
PRZ002260,EXP002152,PGR-00000663/2026,DOCUMENTO,CIVINT/STIC,RESPOSTA,2026-05-21,2026-12-16,209,ABERTO,,0
PRZ002261,EXP002153,PGR-00044502/2026,DOCUMENTO,CIVINT/STIC,RESPOSTA,2026-10-04,2026-12-21,78,ABERTO,,0
PRZ002262,EXP002154,PGR-00098200/2026,DOCUMENTO,CIVINT/STIC,RESPOSTA,2026-07-16,2027-01-05,173,ABERTO,,0
PRZ002263,EXP002155,PGR-00020549/2026,DOCUMENTO,CIVINT/STIC,RESPOSTA,2026-09-14,2026-12-01,78,ABERTO,,0
PRZ002264,EXP002156,PGR-00084339/2026,DOCUMENTO,CIVINT/STIC,RESPOSTA,2026-09-09,2026-10-13,34,ABERTO,,0
PRZ002265,EXP002156,PGR-00084339/2026,DOCUMENTO,CIVINT/STIC,RESPOSTA,2026-09-09,2026-09-24,15,PRORROGADO,2026-10-07T07:44:48-03:00,0
PRZ002266,EXP002157,PGR-00010069/2026,DOCUMENTO,CIVINT/STIC,RESPOSTA,2026-09-08,2026-10-07,29,ABERTO,,0
PRZ002267,EXP002158,PGR-00057264/2026,DOCUMENTO,CIVINT/STIC,RESPOSTA,2026-08-27,2026-10-14,48,ABERTO,,0
PRZ002268,EXP002158,PGR-00057264/2026,DOCUMENTO,CIVINT/STIC,RESPOSTA,2026-08-27,2026-09-30,34,PRORROGADO,2026-09-09T07:28:21-03:00,0
PRZ002269,EXP002159,PGR-00084243/2026,DOCUMENTO,CIVINT/STIC,RESPOSTA,2026-07-24,2026-11-26,125,ABERTO,,0
PRZ002270,EXP002160,PGR-00059816/2026,DOCUMENTO,CIVINT/STIC,RESPOSTA,2026-09-30,2026-10-25,25,ABERTO,,0
PRZ002271,EXP002161,PGR-00033717/2026,DOCUMENTO,CIVINT/STIC,RESPOSTA,2026-07-08,2026-11-18,133,ABERTO,,0
PRZ002272,EXP002162,PGR-00084197/2026,DOCUMENTO,CIVINT/STIC,RESPOSTA,2026-10-06,2026-10-08,2,ABERTO,,0
PRZ002273,EXP002163,PGR-00072888/2026,DOCUMENTO,CIVINT/STIC,RESPOSTA,2026-05-08,2026-09-26,141,ABERTO,,11
PRZ002274,EXP002164,PGR-00063132/2026,DOCUMENTO,CIVINT/STIC,RESPOSTA,2026-09-19,2026-11-16,58,ABERTO,,0
PRZ002275,EXP002165,PGR-00062417/2026,DOCUMENTO,CIVINT/STIC,RESPOSTA,2026-06-24,2026-10-13,111,ABERTO,,0
PRZ002276,EXP002166,PGR-00084966/2026,DOCUMENTO,CIVINT/STIC,RESPOSTA,2026-09-04,2026-10-09,35,ABERTO,,0
PRZ002277,EXP002167,PGR-00050303/2026,DOCUMENTO,CIVINT/STIC,RESPOSTA,2026-09-28,2026-10-08,10,ABERTO,,0
PRZ002278,EXP002168,PGR-00095696/2026,DOCUMENTO,CIVINT/STIC,RESPOSTA,2026-09-13,2026-10-12,29,ABERTO,,0
PRZ002279,EXP002169,PGR-00079802/2026,DOCUMENTO,CIVINT/STIC,RESPOSTA,2026-08-01,2026-10-14,74,ABERTO,,0
PRZ002280,EXP002170,PGR-00006923/2026,DOCUMENTO,CIVINT/STIC,RESPOSTA,2026-08-02,2026-10-14,73,ABERTO,,0
PRZ002281,EXP002171,PGR-00028607/2026,DOCUMENTO,CIVINT/STIC,RESPOSTA,2026-08-30,2026-09-07,8,ABERTO,,30
PRZ002282,EXP002172,PGR-00012970/2026,DOCUMENTO,CIVINT/STIC,RESPOSTA,2026-09-26,2026-11-17,52,ABERTO,,0
PRZ002283,EXP002173,PGR-00089250/2026,DOCUMENTO,CIVINT/STIC,RESPOSTA,2026-10-02,2026-10-18,16,ABERTO,,0
PRZ002284,EXP002174,PGR-00088571/2026,DOCUMENTO,CIVINT/STIC,RESPOSTA,2026-08-21,2026-10-10,50,ABERTO,,0
PRZ002285,EXP002174,PGR-00088571/2026,DOCUMENTO,CIVINT/STIC,RESPOSTA,2026-08-21,2026-09-26,36,PRORROGADO,2026-10-04T22:43:58-03:00,0
PRZ002286,EXP002175,PGR-00090729/2026,DOCUMENTO,CIVINT/STIC,RESPOSTA,2026-09-06,2027-01-03,119,ABERTO,,0
PRZ002287,EXP002176,PGR-00094959/2026,DOCUMENTO,CIVINT/STIC,RESPOSTA,2026-08-12,2026-12-28,138,ABERTO,,0
PRZ002288,EXP002177,PGR-00038652/2026,DOCUMENTO,CIVINT/STIC,RESPOSTA,2026-10-03,2026-10-10,7,ABERTO,,0
PRZ002289,EXP002178,PGR-00055016/2026,DOCUMENTO,CIVINT/STIC,RESPOSTA,2026-08-06,2026-10-08,63,ABERTO,,0
PRZ002290,EXP002179,PGR-00014420/2026,DOCUMENTO,CIVINT/STIC,RESPOSTA,2026-09-05,2026-11-06,62,ABERTO,,0
PRZ002291,EXP002180,PGR-00067809/2026,DOCUMENTO,CIVINT/STIC,RESPOSTA,2026-08-09,2026-10-13,65,ABERTO,,0
PRZ002292,EXP002181,PGR-00041055/2026,DOCUMENTO,CIVINT/STIC,RESPOSTA,2026-09-29,2026-10-13,14,ABERTO,,0
PRZ002293,EXP002182,PGR-00066629/2026,DOCUMENTO,CIVINT/STIC,RESPOSTA,2026-07-30,2026-11-01,94,ABERTO,,0
PRZ002294,EXP002183,PGR-00039240/2026,DOCUMENTO,CIVINT/STIC,RESPOSTA,2026-09-21,2026-12-04,74,ABERTO,,0
PRZ002295,EXP002184,PGR-00072222/2026,DOCUMENTO,CIVINT/STIC,RESPOSTA,2026-09-23,2026-10-12,19,ABERTO,,0
PRZ002296,EXP002185,PGR-00067780/2026,DOCUMENTO,CIVINT/STIC,RESPOSTA,2026-09-11,2026-11-12,62,ABERTO,,0
PRZ002297,EXP002186,PGR-00028114/2026,DOCUMENTO,CIVINT/STIC,RESPOSTA,2026-08-04,2026-12-01,119,ABERTO,,0
PRZ002298,EXP002187,PGR-00042542/2026,DOCUMENTO,CIVINT/STIC,RESPOSTA,2026-09-27,2026-10-07,10,ABERTO,,0
PRZ002299,EXP002187,PGR-00042542/2026,DOCUMENTO,CIVINT/STIC,RESPOSTA,2026-09-27,2026-09-28,1,PRORROGADO,2026-10-04T00:03:23-03:00,0
PRZ002300,EXP002188,PGR-00054276/2026,DOCUMENTO,CIVINT/STIC,RESPOSTA,2026-07-31,2026-11-04,96,ABERTO,,0
PRZ002301,EXP002188,PGR-00054276/2026,DOCUMENTO,CIVINT/STIC,RESPOSTA,2026-07-31,2026-10-30,91,PRORROGADO,2026-08-15T01:12:37-03:00,0
PRZ002302,EXP002189,PGR-00078193/2026,DOCUMENTO,CIVINT/STIC,RESPOSTA,2026-09-23,2026-09-24,1,ABERTO,,13
PRZ002303,EXP002190,PGR-00074433/2026,DOCUMENTO,CIVINT/STIC,RESPOSTA,2026-09-17,2026-09-18,1,ABERTO,,19
PRZ002304,EXP002191,PGR-00006582/2026,DOCUMENTO,CIVINT/STIC,RESPOSTA,2026-09-18,2026-10-07,19,ABERTO,,0
PRZ002305,EXP002192,PGR-00036430/2026,DOCUMENTO,CIVINT/STIC,RESPOSTA,2026-09-03,2026-11-15,73,ABERTO,,0
PRZ002306,EXP002193,PGR-00066372/2026,DOCUMENTO,CIVINT/STIC,RESPOSTA,2026-10-07,2026-10-08,1,ABERTO,,0
PRZ002307,EXP002194,PGR-00037772/2026,DOCUMENTO,CIVINT/STIC,RESPOSTA,2026-07-19,2026-11-04,108,ABERTO,,0
PRZ002308,EXP002195,PGR-00056259/2026,DOCUMENTO,CIVINT/STIC,RESPOSTA,2026-06-26,2026-11-06,133,ABERTO,,0
PRZ002309,EXP002196,PGR-00060174/2026,DOCUMENTO,CIVINT/STIC,RESPOSTA,2026-10-07,2026-10-14,7,ABERTO,,0
PRZ002310,EXP002196,PGR-00060174/2026,DOCUMENTO,CIVINT/STIC,RESPOSTA,2026-10-07,2026-10-08,1,PRORROGADO,2026-10-07T17:00:00-03:00,0
PRZ002311,EXP002197,PGR-00080933/2026,DOCUMENTO,CIVINT/STIC,RESPOSTA,2026-08-27,2026-12-31,126,ABERTO,,0
PRZ002312,EXP002198,PGR-00095088/2026,DOCUMENTO,CIVINT/STIC,RESPOSTA,2026-09-02,2026-09-04,2,ABERTO,,33
PRZ002313,EXP002199,PGR-00051475/2026,DOCUMENTO,CIVINT/STIC,RESPOSTA,2026-08-28,2026-10-13,46,ABERTO,,0
PRZ002314,EXP002200,PGR-00022219/2026,DOCUMENTO,CIVINT/STIC,RESPOSTA,2026-08-17,2026-10-29,73,ABERTO,,0
PRZ002315,EXP002201,PGR-00070549/2026,DOCUMENTO,CIVINT/STIC,RESPOSTA,2026-07-26,2026-09-07,43,ABERTO,,30
PRZ002316,EXP002202,PGR-00036902/2026,DOCUMENTO,CIVINT/STIC,RESPOSTA,2026-08-31,2026-11-12,73,ABERTO,,0
PRZ002317,EXP002203,PGR-00049786/2026,DOCUMENTO,CIVINT/STIC,RESPOSTA,2026-08-06,2026-09-07,32,ABERTO,,30
PRZ002318,EXP002204,PGR-00065257/2026,DOCUMENTO,CIVINT/STIC,RESPOSTA,2026-08-22,2026-12-23,123,ABERTO,,0
PRZ002319,EXP002205,PGR-00059343/2026,DOCUMENTO,CIVINT/STIC,RESPOSTA,2026-10-04,2026-12-01,58,ABERTO,,0
PRZ002320,EXP002206,PGR-00094967/2026,DOCUMENTO,CIVINT/STIC,RESPOSTA,2026-10-06,2026-12-01,56,ABERTO,,0
PRZ002321,EXP002207,PGR-00022566/2026,DOCUMENTO,CIVINT/STIC,RESPOSTA,2026-10-06,2026-11-06,31,ABERTO,,0
PRZ002322,EXP002208,PGR-00051484/2026,DOCUMENTO,CIVINT/STIC,RESPOSTA,2026-09-29,2026-12-22,84,ABERTO,,0
PRZ002323,EXP002209,PGR-00030019/2026,DOCUMENTO,CIVINT/STIC,RESPOSTA,2026-09-02,2026-10-28,56,ABERTO,,0
PRZ002324,EXP002209,PGR-00030019/2026,DOCUMENTO,CIVINT/STIC,RESPOSTA,2026-09-02,2026-10-11,39,PRORROGADO,2026-09-20T17:30:45-03:00,0
PRZ002325,EXP002210,PGR-00030181/2026,DOCUMENTO,CIVINT/STIC,RESPOSTA,2026-06-12,2026-10-08,118,ABERTO,,0
PRZ002326,EXP002211,PGR-00006556/2026,DOCUMENTO,CIVINT/STIC,RESPOSTA,2026-09-28,2026-10-06,8,ABERTO,,1
PRZ002327,EXP002212,PGR-00090494/2026,DOCUMENTO,CIVINT/STIC,RESPOSTA,2026-07-09,2026-11-21,135,ABERTO,,0
PRZ002328,EXP002213,PGR-00015785/2026,DOCUMENTO,CIVINT/STIC,RESPOSTA,2026-07-24,2026-12-05,134,ABERTO,,0
PRZ002329,EXP002213,PGR-00015785/2026,DOCUMENTO,CIVINT/STIC,RESPOSTA,2026-07-24,2026-11-18,117,PRORROGADO,2026-09-18T04:02:06-03:00,0
PRZ002330,EXP002214,PGR-00016869/2026,DOCUMENTO,CIVINT/STIC,RESPOSTA,2026-06-27,2026-09-08,73,ABERTO,,29
PRZ002331,EXP002215,PGR-00051552/2026,DOCUMENTO,CIVINT/STIC,RESPOSTA,2026-09-08,2026-12-28,111,ABERTO,,0
PRZ002332,EXP002216,PGR-00033405/2026,DOCUMENTO,CIVINT/STIC,RESPOSTA,2026-10-03,2026-10-14,11,ABERTO,,0
PRZ002333,EXP002217,PGR-00089819/2026,DOCUMENTO,CIVINT/STIC,RESPOSTA,2026-07-18,2026-12-16,151,ABERTO,,0
PRZ002334,EXP002218,PGR-00022071/2026,DOCUMENTO,CIVINT/STIC,RESPOSTA,2026-09-16,2026-10-08,22,ABERTO,,0
PRZ002335,EXP002219,PGR-00097311/2026,DOCUMENTO,CIVINT/STIC,RESPOSTA,2026-09-25,2026-12-25,91,ABERTO,,0
PRZ002336,EXP002220,PGR-00026017/2026,DOCUMENTO,CIVINT/STIC,RESPOSTA,2026-10-05,2026-10-14,9,ABERTO,,0
PRZ002337,EXP002221,PGR-00005710/2026,DOCUMENTO,CIVINT/STIC,RESPOSTA,2026-09-25,2026-11-01,37,ABERTO,,0
PRZ002338,EXP002222,PGR-00051330/2026,DOCUMENTO,CIVINT/STIC,RESPOSTA,2026-09-26,2026-12-20,85,ABERTO,,0
PRZ002339,EXP002222,PGR-00051330/2026,DOCUMENTO,CIVINT/STIC,RESPOSTA,2026-09-26,2026-12-08,73,PRORROGADO,2026-09-30T16:29:02-03:00,0
PRZ002340,EXP002223,PGR-00003696/2026,DOCUMENTO,CIVINT/STIC,RESPOSTA,2026-10-05,2027-01-05,92,ABERTO,,0
PRZ002341,EXP002224,PGR-00078555/2026,DOCUMENTO,CIVINT/STIC,RESPOSTA,2026-10-04,2026-11-10,37,ABERTO,,0
PRZ002342,EXP002225,PGR-00086408/2026,DOCUMENTO,CIVINT/STIC,RESPOSTA,2026-06-30,2026-10-20,112,ABERTO,,0
PRZ002343,EXP002226,PGR-00064683/2026,DOCUMENTO,CIVINT/STIC,RESPOSTA,2026-09-28,2026-12-29,92,ABERTO,,0
PRZ002344,EXP002227,PGR-00044721/2026,DOCUMENTO,CIVINT/STIC,RESPOSTA,2026-09-23,2026-10-09,16,ABERTO,,0
PRZ002345,EXP002228,PGR-00068918/2026,DOCUMENTO,CIVINT/STIC,RESPOSTA,2026-07-30,2026-10-08,70,ABERTO,,0
PRZ002346,EXP002229,PGR-00013333/2026,DOCUMENTO,CIVINT/STIC,RESPOSTA,2026-09-05,2026-10-07,32,ABERTO,,0
PRZ002347,EXP002230,PGR-00036781/2026,DOCUMENTO,CIVINT/STIC,RESPOSTA,2026-10-03,2026-10-14,11,ABERTO,,0
PRZ002348,EXP002231,PGR-00062342/2026,DOCUMENTO,CIVINT/STIC,RESPOSTA,2026-10-01,2026-12-16,76,ABERTO,,0
PRZ002349,EXP002232,PGR-00067721/2026,DOCUMENTO,CIVINT/STIC,RESPOSTA,2026-10-07,2026-11-27,51,ABERTO,,0
PRZ002350,EXP002233,PGR-00068290/2026,DOCUMENTO,CIVINT/STIC,RESPOSTA,2026-10-01,2026-12-22,82,ABERTO,,0
PRZ002351,EXP002234,PGR-00003358/2026,DOCUMENTO,CIVINT/STIC,RESPOSTA,2026-09-21,2026-10-09,18,ABERTO,,0
PRZ002352,EXP002235,PGR-00038461/2026,DOCUMENTO,CIVINT/STIC,RESPOSTA,2026-10-02,2026-10-03,1,ABERTO,,4
PRZ002353,EXP002236,PGR-00036275/2026,DOCUMENTO,CIVINT/STIC,RESPOSTA,2026-09-12,2026-10-07,25,ABERTO,,0
PRZ002354,EXP002237,PGR-00088289/2026,DOCUMENTO,CIVINT/STIC,RESPOSTA,2026-10-07,2026-11-30,54,ABERTO,,0
PRZ002355,EXP002238,PGR-00057781/2026,DOCUMENTO,CIVINT/STIC,RESPOSTA,2026-09-30,2026-10-10,10,ABERTO,,0
PRZ002356,EXP002239,PGR-00080695/2026,DOCUMENTO,CIVINT/STIC,RESPOSTA,2026-10-02,2026-10-03,1,ABERTO,,4
PRZ002357,EXP002240,PGR-00070423/2026,DOCUMENTO,CIVINT/STIC,RESPOSTA,2026-09-16,2026-12-24,99,ABERTO,,0
PRZ002358,EXP002240,PGR-00070423/2026,DOCUMENTO,CIVINT/STIC,RESPOSTA,2026-09-16,2026-12-11,86,PRORROGADO,2026-10-01T12:02:27-03:00,0
PRZ002359,EXP002241,PGR-00048861/2026,DOCUMENTO,CIVINT/STIC,RESPOSTA,2026-08-21,2026-10-27,67,ABERTO,,0
PRZ002360,EXP002242,PGR-00051173/2026,DOCUMENTO,CIVINT/STIC,RESPOSTA,2026-09-28,2027-01-01,95,ABERTO,,0
PRZ002361,EXP002243,PGR-00063094/2026,DOCUMENTO,CIVINT/STIC,RESPOSTA,2026-09-29,2026-10-11,12,ABERTO,,0
PRZ002362,EXP002244,PGR-00002304/2026,DOCUMENTO,CIVINT/STIC,RESPOSTA,2026-09-28,2026-10-11,13,ABERTO,,0
PRZ002363,EXP002245,PGR-00065295/2026,DOCUMENTO,CIVINT/STIC,RESPOSTA,2026-09-25,2026-09-26,1,ABERTO,,11
PRZ002364,EXP002246,PGR-00024522/2026,DOCUMENTO,CIVINT/STIC,RESPOSTA,2026-09-16,2026-10-07,21,ABERTO,,0
PRZ002365,EXP002247,PGR-00023875/2026,DOCUMENTO,CIVINT/STIC,RESPOSTA,2026-09-09,2026-10-14,35,ABERTO,,0
PRZ002366,EXP002248,PGR-00018302/2026,DOCUMENTO,CIVINT/STIC,RESPOSTA,2026-07-17,2026-10-14,89,ABERTO,,0
PRZ002367,EXP002248,PGR-00018302/2026,DOCUMENTO,CIVINT/STIC,RESPOSTA,2026-07-17,2026-09-30,75,PRORROGADO,2026-08-12T10:58:33-03:00,0
PRZ002368,EXP002249,PGR-00031923/2026,DOCUMENTO,CIVINT/STIC,RESPOSTA,2026-07-13,2026-09-24,73,ABERTO,,13
PRZ002369,EXP002250,PGR-00076669/2026,DOCUMENTO,CIVINT/STIC,RESPOSTA,2026-09-25,2026-10-13,18,ABERTO,,0
PRZ002370,EXP002251,PGR-00067214/2026,DOCUMENTO,CIVINT/STIC,RESPOSTA,2026-09-17,2026-10-12,25,ABERTO,,0
PRZ002371,EXP002252,PGR-00099482/2026,DOCUMENTO,CIVINT/STIC,RESPOSTA,2026-06-13,2026-12-25,195,ABERTO,,0
PRZ002372,EXP002252,PGR-00099482/2026,DOCUMENTO,CIVINT/STIC,RESPOSTA,2026-06-13,2026-12-18,188,PRORROGADO,2026-08-13T03:25:59-03:00,0
PRZ002373,EXP002253,PGR-00047226/2026,DOCUMENTO,CIVINT/STIC,RESPOSTA,2026-09-10,2026-11-28,79,ABERTO,,0
PRZ002374,EXP002254,PGR-00018423/2026,DOCUMENTO,CIVINT/STIC,RESPOSTA,2026-09-19,2027-01-04,107,ABERTO,,0
PRZ002375,EXP002255,PGR-00094657/2026,DOCUMENTO,CIVINT/STIC,RESPOSTA,2026-09-25,2026-12-19,85,ABERTO,,0
PRZ002376,EXP002256,PGR-00063657/2026,DOCUMENTO,CIVINT/STIC,RESPOSTA,2026-08-24,2026-09-04,11,ABERTO,,33
PRZ002377,EXP002257,PGR-00013702/2026,DOCUMENTO,CIVINT/STIC,RESPOSTA,2026-09-16,2026-12-20,95,ABERTO,,0
PRZ002378,EXP002257,PGR-00013702/2026,DOCUMENTO,CIVINT/STIC,RESPOSTA,2026-09-16,2026-12-01,76,PRORROGADO,2026-09-20T17:58:41-03:00,0
PRZ002379,EXP002258,PGR-00023053/2026,DOCUMENTO,CIVINT/STIC,RESPOSTA,2026-09-23,2026-10-09,16,ABERTO,,0
PRZ002380,EXP002259,PGR-00096496/2026,DOCUMENTO,CIVINT/STIC,RESPOSTA,2026-10-06,2026-10-12,6,ABERTO,,0
PRZ002381,EXP002260,PGR-00045602/2026,DOCUMENTO,CIVINT/STIC,RESPOSTA,2026-09-15,2026-10-16,31,ABERTO,,0
PRZ002382,EXP002261,PGR-00039843/2026,DOCUMENTO,CIVINT/STIC,RESPOSTA,2026-09-07,2026-12-13,97,ABERTO,,0
PRZ002383,EXP002261,PGR-00039843/2026,DOCUMENTO,CIVINT/STIC,RESPOSTA,2026-09-07,2026-11-29,83,PRORROGADO,2026-10-03T04:25:23-03:00,0
PRZ002384,EXP002262,PGR-00073341/2026,DOCUMENTO,CIVINT/STIC,RESPOSTA,2026-05-24,2026-10-08,137,ABERTO,,0
PRZ002385,EXP002263,PGR-00096818/2026,DOCUMENTO,CIVINT/STIC,RESPOSTA,2026-09-28,2026-10-07,9,ABERTO,,0
PRZ002386,EXP002263,PGR-00096818/2026,DOCUMENTO,CIVINT/STIC,RESPOSTA,2026-09-28,2026-10-01,3,PRORROGADO,2026-10-02T03:26:54-03:00,0
PRZ002387,EXP002264,PGR-00019874/2026,DOCUMENTO,CIVINT/STIC,RESPOSTA,2026-10-02,2026-11-08,37,ABERTO,,0
PRZ002388,EXP002265,PGR-00018084/2026,DOCUMENTO,CIVINT/STIC,RESPOSTA,2026-10-07,2026-10-09,2,ABERTO,,0
PRZ002389,EXP002266,PGR-00068195/2026,DOCUMENTO,CIVINT/STIC,RESPOSTA,2026-09-18,2026-10-09,21,ABERTO,,0
PRZ002390,EXP002267,PGR-00046612/2026,DOCUMENTO,CIVINT/STIC,RESPOSTA,2026-09-25,2026-10-13,18,ABERTO,,0
PRZ002391,EXP002268,PGR-00090919/2026,DOCUMENTO,CIVINT/STIC,RESPOSTA,2026-09-22,2026-11-29,68,ABERTO,,0
PRZ002392,EXP002269,PGR-00094718/2026,DOCUMENTO,CIVINT/STIC,RESPOSTA,2026-10-04,2026-10-05,1,ABERTO,,2
PRZ002393,EXP002270,PGR-00037204/2026,DOCUMENTO,CIVINT/STIC,RESPOSTA,2026-07-04,2026-10-03,91,ABERTO,,4
PRZ002394,EXP002271,PGR-00038627/2026,DOCUMENTO,CIVINT/STIC,RESPOSTA,2026-10-01,2026-10-12,11,ABERTO,,0
PRZ002395,EXP002272,PGR-00060998/2026,DOCUMENTO,CIVINT/STIC,RESPOSTA,2026-07-25,2026-12-30,158,ABERTO,,0
PRZ002396,EXP002273,PGR-00081869/2026,DOCUMENTO,CIVINT/STIC,RESPOSTA,2026-10-04,2026-11-25,52,ABERTO,,0
PRZ002397,EXP002273,PGR-00081869/2026,DOCUMENTO,CIVINT/STIC,RESPOSTA,2026-10-04,2026-11-08,35,PRORROGADO,2026-10-06T05:05:51-03:00,0
PRZ002398,EXP002274,PGR-00081134/2026,DOCUMENTO,CIVINT/STIC,RESPOSTA,2026-08-09,2026-10-11,63,ABERTO,,0
PRZ002399,EXP002275,PGR-00003556/2026,DOCUMENTO,CIVINT/STIC,RESPOSTA,2026-09-17,2026-10-02,15,ABERTO,,5
PRZ002400,EXP002276,PGR-00079484/2026,DOCUMENTO,CIVINT/STIC,RESPOSTA,2026-10-02,2026-12-19,78,ABERTO,,0
PRZ002401,EXP002277,PGR-00077580/2026,DOCUMENTO,CIVINT/STIC,RESPOSTA,2026-10-07,2026-10-08,1,ABERTO,,0
PRZ002402,EXP002278,PGR-00068885/2026,DOCUMENTO,CIVINT/STIC,RESPOSTA,2026-10-07,2026-10-10,3,ABERTO,,0
PRZ002403,EXP002279,PGR-00027291/2026,DOCUMENTO,CIVINT/STIC,RESPOSTA,2026-10-07,2026-11-24,48,ABERTO,,0
PRZ002404,EXP002280,PGR-00055273/2026,DOCUMENTO,CIVINT/STIC,RESPOSTA,2026-09-25,2026-10-19,24,ABERTO,,0
PRZ002405,EXP002281,PGR-00063055/2026,DOCUMENTO,CIVINT/STIC,RESPOSTA,2026-09-23,2026-10-11,18,ABERTO,,0
PRZ002406,EXP002282,PGR-00080960/2026,DOCUMENTO,CIVINT/STIC,RESPOSTA,2026-09-22,2026-10-12,20,ABERTO,,0
PRZ002407,EXP002283,PGR-00039390/2026,DOCUMENTO,CIVINT/STIC,RESPOSTA,2026-09-22,2026-10-05,13,ABERTO,,2
PRZ002408,EXP002283,PGR-00039390/2026,DOCUMENTO,CIVINT/STIC,RESPOSTA,2026-09-22,2026-09-23,1,PRORROGADO,2026-09-23T19:16:56-03:00,0
PRZ002409,EXP002284,PGR-00049006/2026,DOCUMENTO,CIVINT/STIC,RESPOSTA,2026-05-23,2026-11-08,169,ABERTO,,0
PRZ002410,EXP002285,PGR-00082525/2026,DOCUMENTO,CIVINT/STIC,RESPOSTA,2026-09-15,2026-12-03,79,ABERTO,,0
PRZ002411,EXP002286,PGR-00094360/2026,DOCUMENTO,CIVINT/STIC,RESPOSTA,2026-10-02,2026-11-29,58,ABERTO,,0
PRZ002412,EXP002287,PGR-00014434/2026,DOCUMENTO,CIVINT/STIC,RESPOSTA,2026-08-08,2026-08-23,15,ABERTO,,45
PRZ002413,EXP002288,PGR-00082961/2026,DOCUMENTO,CIVINT/STIC,RESPOSTA,2026-10-06,2026-11-26,51,ABERTO,,0
PRZ002414,EXP002289,PGR-00027627/2026,DOCUMENTO,CIVINT/STIC,RESPOSTA,2026-09-08,2026-11-15,68,ABERTO,,0
PRZ002415,EXP002290,PGR-00080071/2026,DOCUMENTO,CIVINT/STIC,RESPOSTA,2026-09-20,2026-10-10,20,ABERTO,,0
PRZ002416,EXP002291,PGR-00020550/2026,DOCUMENTO,CIVINT/STIC,RESPOSTA,2026-09-07,2026-10-11,34,ABERTO,,0
PRZ002417,EXP002292,PGR-00061851/2026,DOCUMENTO,CIVINT/STIC,RESPOSTA,2026-08-08,2026-10-29,82,ABERTO,,0
PRZ002418,EXP002293,PGR-00086025/2026,DOCUMENTO,CIVINT/STIC,RESPOSTA,2026-09-28,2026-11-04,37,ABERTO,,0
PRZ002419,EXP002294,PGR-00097531/2026,DOCUMENTO,CIVINT/STIC,RESPOSTA,2026-09-12,2026-10-13,31,ABERTO,,0
PRZ002420,EXP002295,PGR-00066024/2026,DOCUMENTO,CIVINT/STIC,RESPOSTA,2026-09-21,2026-09-22,1,ABERTO,,15
PRZ002421,EXP002296,PGR-00051976/2026,DOCUMENTO,CIVINT/STIC,RESPOSTA,2026-10-04,2026-10-26,22,ABERTO,,0
PRZ002422,EXP002297,PGR-00095798/2026,DOCUMENTO,CIVINT/STIC,RESPOSTA,2026-09-15,2026-12-19,95,ABERTO,,0
PRZ002423,EXP002298,PGR-00034917/2026,DOCUMENTO,CIVINT/STIC,RESPOSTA,2026-08-19,2026-10-10,52,ABERTO,,0
PRZ002424,EXP002298,PGR-00034917/2026,DOCUMENTO,CIVINT/STIC,RESPOSTA,2026-08-19,2026-10-05,47,PRORROGADO,2026-09-25T23:49:19-03:00,0
PRZ002425,EXP002299,PGR-00047017/2026,DOCUMENTO,CIVINT/STIC,RESPOSTA,2026-07-05,2026-10-12,99,ABERTO,,0
PRZ002426,EXP002300,PGR-00066067/2026,DOCUMENTO,CIVINT/STIC,RESPOSTA,2026-08-15,2026-12-28,135,ABERTO,,0
PRZ002427,EXP002301,PGR-00078112/2026,DOCUMENTO,CIVINT/STIC,RESPOSTA,2026-08-15,2026-11-04,81,ABERTO,,0
PRZ002428,EXP002302,PGR-00063499/2026,DOCUMENTO,CIVINT/STIC,RESPOSTA,2026-10-04,2026-10-17,13,ABERTO,,0
PRZ002429,EXP002303,PGR-00056335/2026,DOCUMENTO,CIVINT/STIC,RESPOSTA,2026-09-23,2026-09-25,2,ABERTO,,12
PRZ002430,EXP002304,PGR-00048531/2026,DOCUMENTO,CIVINT/STIC,RESPOSTA,2026-10-02,2026-10-03,1,ABERTO,,4
PRZ002431,EXP002305,PGR-00048679/2026,DOCUMENTO,CIVINT/STIC,RESPOSTA,2026-07-26,2026-10-20,86,ABERTO,,0
PRZ002432,EXP002306,PGR-00088103/2026,DOCUMENTO,CIVINT/STIC,RESPOSTA,2026-09-20,2026-12-02,73,ABERTO,,0
PRZ002433,EXP002307,PGR-00024028/2026,DOCUMENTO,CIVINT/STIC,RESPOSTA,2026-09-16,2026-09-17,1,ABERTO,,20
PRZ002434,EXP002308,PGR-00003370/2026,DOCUMENTO,CIVINT/STIC,RESPOSTA,2026-10-07,2026-10-25,18,ABERTO,,0
PRZ002435,EXP002309,PGR-00009821/2026,DOCUMENTO,CIVINT/STIC,RESPOSTA,2026-10-04,2026-12-22,79,ABERTO,,0
PRZ002436,EXP002310,PGR-00004555/2026,DOCUMENTO,CIVINT/STIC,RESPOSTA,2026-09-15,2026-11-13,59,ABERTO,,0
PRZ002437,EXP002311,PGR-00041160/2026,DOCUMENTO,CIVINT/STIC,RESPOSTA,2026-06-13,2026-11-08,148,ABERTO,,0
PRZ002438,EXP002312,PGR-00007150/2026,DOCUMENTO,CIVINT/STIC,RESPOSTA,2026-10-05,2027-01-03,90,ABERTO,,0
PRZ002439,EXP002313,PGR-00099246/2026,DOCUMENTO,CIVINT/STIC,RESPOSTA,2026-09-26,2026-12-17,82,ABERTO,,0
PRZ002440,EXP002314,PGR-00014260/2026,DOCUMENTO,CIVINT/STIC,RESPOSTA,2026-10-07,2026-10-10,3,ABERTO,,0
PRZ002441,EXP002315,PGR-00086647/2026,DOCUMENTO,CIVINT/STIC,RESPOSTA,2026-07-29,2026-12-24,148,ABERTO,,0
PRZ002442,EXP002316,PGR-00061982/2026,DOCUMENTO,CIVINT/STIC,RESPOSTA,2026-09-10,2026-10-10,30,ABERTO,,0
PRZ002443,EXP002317,PGR-00048149/2026,DOCUMENTO,CIVINT/STIC,RESPOSTA,2026-10-05,2026-11-22,48,ABERTO,,0
PRZ002444,EXP002318,PGR-00041635/2026,DOCUMENTO,CIVINT/STIC,RESPOSTA,2026-09-24,2026-09-25,1,ABERTO,,12
PRZ002445,EXP002319,PGR-00036650/2026,DOCUMENTO,CIVINT/STIC,RESPOSTA,2026-10-02,2026-10-03,1,ABERTO,,4
PRZ002446,EXP002320,PGR-00002481/2026,DOCUMENTO,CIVINT/STIC,RESPOSTA,2026-09-09,2026-09-10,1,ABERTO,,27
PRZ002447,EXP002321,PGR-00042488/2026,DOCUMENTO,CIVINT/STIC,RESPOSTA,2026-10-03,2026-10-04,1,ABERTO,,3
PRZ002448,EXP002322,PGR-00089516/2026,DOCUMENTO,CIVINT/STIC,RESPOSTA,2026-09-25,2027-01-04,101,ABERTO,,0
PRZ002449,EXP002322,PGR-00089516/2026,DOCUMENTO,CIVINT/STIC,RESPOSTA,2026-09-25,2026-12-22,88,PRORROGADO,2026-10-04T23:17:21-03:00,0
PRZ002450,EXP002323,PGR-00055552/2026,DOCUMENTO,CIVINT/STIC,RESPOSTA,2026-09-13,2026-12-04,82,ABERTO,,0
PRZ002451,EXP002324,PGR-00090825/2026,DOCUMENTO,CIVINT/STIC,RESPOSTA,2026-06-02,2026-11-06,157,ABERTO,,0
PRZ002452,EXP002325,PGR-00050729/2026,DOCUMENTO,CIVINT/STIC,RESPOSTA,2026-09-12,2026-10-25,43,ABERTO,,0
PRZ002453,EXP002326,PGR-00096931/2026,DOCUMENTO,CIVINT/STIC,RESPOSTA,2026-03-25,2026-11-10,230,ABERTO,,0
PRZ002454,EXP002327,PGR-00025593/2026,DOCUMENTO,CIVINT/STIC,RESPOSTA,2026-09-18,2026-10-08,20,ABERTO,,0
PRZ002455,EXP002328,PGR-00033813/2026,DOCUMENTO,CIVINT/STIC,RESPOSTA,2026-09-30,2026-10-10,10,ABERTO,,0
PRZ002456,EXP002329,PGR-00027024/2026,DOCUMENTO,CIVINT/STIC,RESPOSTA,2026-07-19,2026-12-01,135,ABERTO,,0
PRZ002457,EXP002330,PGR-00046871/2026,DOCUMENTO,CIVINT/STIC,RESPOSTA,2026-08-10,2026-10-12,63,ABERTO,,0
PRZ002458,EXP002331,PGR-00087010/2026,DOCUMENTO,CIVINT/STIC,RESPOSTA,2026-09-14,2026-11-24,71,ABERTO,,0
PRZ002459,EXP002332,PGR-00079274/2026,DOCUMENTO,CIVINT/STIC,RESPOSTA,2026-10-05,2026-11-06,32,ABERTO,,0
PRZ002460,EXP002333,PGR-00074671/2026,DOCUMENTO,CIVINT/STIC,RESPOSTA,2026-09-15,2026-10-08,23,ABERTO,,0
PRZ002461,EXP002334,PGR-00042035/2026,DOCUMENTO,CIVINT/STIC,RESPOSTA,2026-10-06,2026-10-13,7,ABERTO,,0
PRZ002462,EXP002335,PGR-00003763/2026,DOCUMENTO,CIVINT/STIC,RESPOSTA,2026-09-16,2026-10-11,25,ABERTO,,0
PRZ002463,EXP002336,PGR-00035404/2026,DOCUMENTO,CIVINT/STIC,RESPOSTA,2026-10-01,2026-11-05,35,ABERTO,,0
PRZ002464,EXP002336,PGR-00035404/2026,DOCUMENTO,CIVINT/STIC,RESPOSTA,2026-10-01,2026-10-30,29,PRORROGADO,2026-10-01T11:55:41-03:00,0
PRZ002465,EXP002337,PGR-00024619/2026,DOCUMENTO,CIVINT/STIC,RESPOSTA,2026-07-23,2026-10-08,77,ABERTO,,0
PRZ002466,EXP002338,PGR-00011309/2026,DOCUMENTO,CIVINT/STIC,RESPOSTA,2026-06-07,2026-10-13,128,ABERTO,,0
PRZ002467,EXP002339,PGR-00071944/2026,DOCUMENTO,CIVINT/STIC,RESPOSTA,2026-09-20,2026-11-22,63,ABERTO,,0
PRZ002468,EXP002340,PGR-00059446/2026,DOCUMENTO,CIVINT/STIC,RESPOSTA,2026-09-15,2026-10-08,23,ABERTO,,0
PRZ002469,EXP002341,PGR-00015826/2026,DOCUMENTO,CIVINT/STIC,RESPOSTA,2026-08-03,2026-10-14,72,ABERTO,,0
PRZ002470,EXP002342,PGR-00064709/2026,DOCUMENTO,CIVINT/STIC,RESPOSTA,2026-09-25,2026-10-27,32,ABERTO,,0
PRZ002471,EXP002343,PGR-00039178/2026,DOCUMENTO,CIVINT/STIC,RESPOSTA,2026-09-19,2026-09-20,1,ABERTO,,17
PRZ002472,EXP002344,PGR-00077495/2026,DOCUMENTO,CIVINT/STIC,RESPOSTA,2026-08-16,2026-10-14,59,ABERTO,,0
PRZ002473,EXP002345,PGR-00001593/2026,DOCUMENTO,CIVINT/STIC,RESPOSTA,2026-09-02,2026-10-07,35,ABERTO,,0
PRZ002474,EXP002346,PGR-00018063/2026,DOCUMENTO,CIVINT/STIC,RESPOSTA,2026-08-30,2026-11-20,82,ABERTO,,0
PRZ002475,EXP002347,PGR-00035193/2026,DOCUMENTO,CIVINT/STIC,RESPOSTA,2026-09-25,2026-10-16,21,ABERTO,,0
PRZ002476,EXP002348,PGR-00061977/2026,DOCUMENTO,CIVINT/STIC,RESPOSTA,2026-09-22,2026-09-24,2,ABERTO,,13
PRZ002477,EXP002349,PGR-00065744/2026,DOCUMENTO,CIVINT/STIC,RESPOSTA,2026-09-15,2026-12-06,82,ABERTO,,0
PRZ002478,EXP002350,PGR-00012670/2026,DOCUMENTO,CIVINT/STIC,RESPOSTA,2026-09-17,2026-11-10,54,ABERTO,,0
PRZ002479,EXP002351,PGR-00047767/2026,DOCUMENTO,CIVINT/STIC,RESPOSTA,2026-08-16,2026-10-19,64,ABERTO,,0
PRZ002480,EXP002352,PGR-00046781/2026,DOCUMENTO,CIVINT/STIC,RESPOSTA,2026-09-23,2026-11-04,42,ABERTO,,0
PRZ002481,EXP002353,PGR-00023805/2026,DOCUMENTO,CIVINT/STIC,RESPOSTA,2026-09-30,2026-10-11,11,ABERTO,,0
PRZ002482,EXP002354,PGR-00097918/2026,DOCUMENTO,CIVINT/STIC,RESPOSTA,2026-10-06,2026-10-08,2,ABERTO,,0
PRZ002483,EXP002355,PGR-00022447/2026,DOCUMENTO,CIVINT/STIC,RESPOSTA,2026-09-18,2026-10-08,20,ABERTO,,0
PRZ002484,EXP002355,PGR-00022447/2026,DOCUMENTO,CIVINT/STIC,RESPOSTA,2026-09-18,2026-10-01,13,PRORROGADO,2026-09-28T20:21:40-03:00,0
PRZ002485,EXP002356,PGR-00012780/2026,DOCUMENTO,CIVINT/STIC,RESPOSTA,2026-09-17,2026-11-10,54,ABERTO,,0
PRZ002486,EXP002357,PGR-00064739/2026,DOCUMENTO,CIVINT/STIC,RESPOSTA,2026-08-30,2026-11-16,78,ABERTO,,0
PRZ002487,EXP002358,PGR-00004261/2026,DOCUMENTO,CIVINT/STIC,RESPOSTA,2026-08-23,2026-11-03,72,ABERTO,,0
PRZ002488,EXP002359,PGR-00048893/2026,DOCUMENTO,CIVINT/STIC,RESPOSTA,2026-10-07,2026-10-08,1,ABERTO,,0
PRZ002489,EXP002360,PGR-00065111/2026,DOCUMENTO,CIVINT/STIC,RESPOSTA,2026-06-28,2026-10-14,108,ABERTO,,0
PRZ002490,EXP002361,PGR-00026433/2026,DOCUMENTO,CIVINT/STIC,RESPOSTA,2026-10-05,2026-10-14,9,ABERTO,,0
PRZ002491,EXP002362,PGR-00047284/2026,DOCUMENTO,CIVINT/STIC,RESPOSTA,2026-06-19,2026-10-11,114,ABERTO,,0
PRZ002492,EXP002363,PGR-00026989/2026,DOCUMENTO,CIVINT/STIC,RESPOSTA,2026-09-16,2026-10-11,25,ABERTO,,0
PRZ002493,EXP002364,PGR-00051591/2026,DOCUMENTO,CIVINT/STIC,RESPOSTA,2026-09-14,2026-10-10,26,ABERTO,,0
PRZ002494,EXP002365,PGR-00072480/2026,DOCUMENTO,CIVINT/STIC,RESPOSTA,2026-09-11,2026-10-12,31,ABERTO,,0
PRZ002495,EXP002366,PGR-00020113/2026,DOCUMENTO,CIVINT/STIC,RESPOSTA,2026-10-02,2026-11-11,40,ABERTO,,0
PRZ002496,EXP002367,PGR-00099528/2026,DOCUMENTO,CIVINT/STIC,RESPOSTA,2026-09-08,2026-11-13,66,ABERTO,,0
PRZ002497,EXP002368,PGR-00022525/2026,DOCUMENTO,CIVINT/STIC,RESPOSTA,2026-10-04,2026-12-25,82,ABERTO,,0
PRZ002498,EXP002369,PGR-00077170/2026,DOCUMENTO,CIVINT/STIC,RESPOSTA,2026-10-07,2026-10-11,4,ABERTO,,0
PRZ002499,EXP002370,PGR-00069767/2026,DOCUMENTO,CIVINT/STIC,RESPOSTA,2026-09-12,2026-10-12,30,ABERTO,,0
PRZ002500,EXP002371,PGR-00073835/2026,DOCUMENTO,CIVINT/STIC,RESPOSTA,2026-10-05,2026-11-28,54,ABERTO,,0
PRZ002501,EXP002372,PGR-00011430/2026,DOCUMENTO,CIVINT/STIC,RESPOSTA,2026-08-29,2027-01-02,126,ABERTO,,0
PRZ002502,EXP002373,PGR-00089428/2026,DOCUMENTO,CIVINT/STIC,RESPOSTA,2026-10-04,2026-10-05,1,ABERTO,,2
PRZ002503,EXP002374,PGR-00026858/2026,DOCUMENTO,CIVINT/STIC,RESPOSTA,2026-09-06,2026-09-10,4,ABERTO,,27
PRZ002504,EXP002375,PGR-00012223/2026,DOCUMENTO,CIVINT/STIC,RESPOSTA,2026-10-07,2026-10-08,1,ABERTO,,0
PRZ002505,EXP002376,PGR-00004277/2026,DOCUMENTO,CIVINT/STIC,RESPOSTA,2026-10-07,2026-10-09,2,ABERTO,,0
PRZ002506,EXP002377,PGR-00066967/2026,DOCUMENTO,CIVINT/STIC,RESPOSTA,2026-08-13,2026-11-14,93,ABERTO,,0
PRZ002507,EXP002378,PGR-00023619/2026,DOCUMENTO,CIVINT/STIC,RESPOSTA,2026-08-21,2026-10-07,47,ABERTO,,0
PRZ002508,EXP002379,PGR-00079988/2026,DOCUMENTO,CIVINT/STIC,RESPOSTA,2026-09-28,2026-10-10,12,ABERTO,,0
PRZ002509,EXP002380,PGR-00022666/2026,DOCUMENTO,CIVINT/STIC,RESPOSTA,2026-09-10,2026-12-16,97,ABERTO,,0
PRZ002510,EXP002381,PGR-00044904/2026,DOCUMENTO,CIVINT/STIC,RESPOSTA,2026-07-12,2026-10-13,93,ABERTO,,0
PRZ002511,EXP002382,PGR-00005130/2026,DOCUMENTO,CIVINT/STIC,RESPOSTA,2026-09-20,2026-10-09,19,ABERTO,,0
PRZ002512,EXP002383,PGR-00093810/2026,DOCUMENTO,CIVINT/STIC,RESPOSTA,2026-10-06,2026-10-12,6,ABERTO,,0
PRZ002513,EXP002384,PGR-00064551/2026,DOCUMENTO,CIVINT/STIC,RESPOSTA,2026-08-16,2026-12-07,113,ABERTO,,0
PRZ002514,EXP002385,PGR-00048239/2026,DOCUMENTO,CIVINT/STIC,RESPOSTA,2026-09-15,2026-11-08,54,ABERTO,,0
PRZ002515,EXP002386,PGR-00033117/2026,DOCUMENTO,CIVINT/STIC,RESPOSTA,2026-07-07,2026-10-07,92,ABERTO,,0
PRZ002516,EXP002387,PGR-00013822/2026,DOCUMENTO,CIVINT/STIC,RESPOSTA,2026-09-25,2026-10-23,28,ABERTO,,0
PRZ002517,EXP002388,PGR-00091546/2026,DOCUMENTO,CIVINT/STIC,RESPOSTA,2026-08-10,2026-08-30,20,ABERTO,,38
PRZ002518,EXP002389,PGR-00080453/2026,DOCUMENTO,CIVINT/STIC,RESPOSTA,2026-08-25,2026-12-21,118,ABERTO,,0
PRZ002519,EXP002390,PGR-00067781/2026,DOCUMENTO,CIVINT/STIC,RESPOSTA,2026-09-27,2026-10-23,26,ABERTO,,0
PRZ002520,EXP002391,PGR-00003246/2026,DOCUMENTO,CIVINT/STIC,RESPOSTA,2026-09-09,2026-11-22,74,ABERTO,,0
PRZ002521,EXP002392,PGR-00091462/2026,DOCUMENTO,CIVINT/STIC,RESPOSTA,2026-09-04,2026-10-10,36,ABERTO,,0
PRZ002522,EXP002393,PGR-00013269/2026,DOCUMENTO,CIVINT/STIC,RESPOSTA,2026-08-05,2026-11-14,101,ABERTO,,0
PRZ002523,EXP002394,PGR-00098190/2026,DOCUMENTO,CIVINT/STIC,RESPOSTA,2026-09-08,2026-10-25,47,ABERTO,,0
PRZ002524,EXP002394,PGR-00098190/2026,DOCUMENTO,CIVINT/STIC,RESPOSTA,2026-09-08,2026-10-17,39,PRORROGADO,2026-09-24T22:37:03-03:00,0
PRZ002525,EXP002395,PGR-00061708/2026,DOCUMENTO,CIVINT/STIC,RESPOSTA,2026-08-28,2026-12-04,98,ABERTO,,0
PRZ002526,EXP002396,PGR-00090840/2026,DOCUMENTO,CIVINT/STIC,RESPOSTA,2026-10-05,2026-10-07,2,ABERTO,,0
PRZ002527,EXP002397,PGR-00091729/2026,DOCUMENTO,CIVINT/STIC,RESPOSTA,2026-10-06,2026-10-14,8,ABERTO,,0
PRZ002528,EXP002398,PGR-00076429/2026,DOCUMENTO,CIVINT/STIC,RESPOSTA,2026-09-07,2026-10-12,35,ABERTO,,0
PRZ002529,EXP002399,PGR-00098632/2026,DOCUMENTO,CIVINT/STIC,RESPOSTA,2026-10-07,2026-11-07,31,ABERTO,,0
PRZ002530,EXP002400,PGR-00009288/2026,DOCUMENTO,CIVINT/STIC,RESPOSTA,2026-10-06,2026-10-10,4,ABERTO,,0
PRZ002531,EXP002401,PGR-00044870/2026,DOCUMENTO,CIVINT/STIC,RESPOSTA,2026-10-06,2026-10-07,1,ABERTO,,0
PRZ002532,EXP002402,PGR-00051238/2026,DOCUMENTO,CIVINT/STIC,RESPOSTA,2026-09-30,2026-10-25,25,ABERTO,,0
PRZ002533,EXP002402,PGR-00051238/2026,DOCUMENTO,CIVINT/STIC,RESPOSTA,2026-09-30,2026-10-09,9,PRORROGADO,2026-10-03T05:51:27-03:00,0
PRZ002534,EXP002403,PGR-00026624/2026,DOCUMENTO,CIVINT/STIC,RESPOSTA,2026-09-26,2026-12-27,92,ABERTO,,0
PRZ002535,EXP002404,PGR-00082593/2026,DOCUMENTO,CIVINT/STIC,RESPOSTA,2026-09-15,2026-11-14,60,ABERTO,,0
PRZ002536,EXP002405,PGR-00031241/2026,DOCUMENTO,CIVINT/STIC,RESPOSTA,2026-09-18,2026-10-27,39,ABERTO,,0
PRZ002537,EXP002406,PGR-00096964/2026,DOCUMENTO,CIVINT/STIC,RESPOSTA,2026-09-24,2026-10-10,16,ABERTO,,0
PRZ002538,EXP002407,PGR-00079576/2026,DOCUMENTO,CIVINT/STIC,RESPOSTA,2026-09-01,2026-11-19,79,ABERTO,,0
PRZ002539,EXP002408,PGR-00018497/2026,DOCUMENTO,CIVINT/STIC,RESPOSTA,2026-09-08,2026-10-09,31,ABERTO,,0
PRZ002540,EXP002409,PGR-00035740/2026,DOCUMENTO,CIVINT/STIC,RESPOSTA,2026-10-02,2026-10-09,7,ABERTO,,0
PRZ002541,EXP002409,PGR-00035740/2026,DOCUMENTO,CIVINT/STIC,RESPOSTA,2026-10-02,2026-10-03,1,PRORROGADO,2026-10-06T03:37:14-03:00,0
PRZ002542,EXP002410,PGR-00039553/2026,DOCUMENTO,CIVINT/STIC,RESPOSTA,2026-06-20,2026-10-13,115,ABERTO,,0
PRZ002543,EXP002410,PGR-00039553/2026,DOCUMENTO,CIVINT/STIC,RESPOSTA,2026-06-20,2026-09-29,101,PRORROGADO,2026-09-16T19:30:04-03:00,0
PRZ002544,EXP002411,PGR-00088354/2026,DOCUMENTO,CIVINT/STIC,RESPOSTA,2026-07-20,2026-11-02,105,ABERTO,,0
PRZ002545,EXP002412,PGR-00035963/2026,DOCUMENTO,CIVINT/STIC,RESPOSTA,2026-09-04,2026-11-10,67,ABERTO,,0
PRZ002546,EXP002413,PGR-00043919/2026,DOCUMENTO,CIVINT/STIC,RESPOSTA,2026-09-28,2027-01-05,99,ABERTO,,0
PRZ002547,EXP002414,PGR-00065261/2026,DOCUMENTO,CIVINT/STIC,RESPOSTA,2026-10-04,2026-11-24,51,ABERTO,,0
PRZ002548,EXP002415,PGR-00018974/2026,DOCUMENTO,CIVINT/STIC,RESPOSTA,2026-09-30,2026-10-08,8,ABERTO,,0
PRZ002549,EXP002416,PGR-00083022/2026,DOCUMENTO,CIVINT/STIC,RESPOSTA,2026-09-08,2026-12-17,100,ABERTO,,0
PRZ002550,EXP002416,PGR-00083022/2026,DOCUMENTO,CIVINT/STIC,RESPOSTA,2026-09-08,2026-11-29,82,PRORROGADO,2026-10-07T00:09:58-03:00,0
PRZ002551,EXP002417,PGR-00068959/2026,DOCUMENTO,CIVINT/STIC,RESPOSTA,2026-08-21,2026-10-07,47,ABERTO,,0
PRZ002552,EXP002418,PGR-00027803/2026,DOCUMENTO,CIVINT/STIC,RESPOSTA,2026-10-06,2026-10-07,1,ABERTO,,0
PRZ002553,EXP002419,PGR-00049060/2026,DOCUMENTO,CIVINT/STIC,RESPOSTA,2026-08-11,2026-12-15,126,ABERTO,,0
PRZ002554,EXP002420,PGR-00010351/2026,DOCUMENTO,CIVINT/STIC,RESPOSTA,2026-10-04,2026-10-05,1,ABERTO,,2
PRZ002555,EXP002421,PGR-00098806/2026,DOCUMENTO,CIVINT/STIC,RESPOSTA,2026-09-30,2026-11-12,43,ABERTO,,0
PRZ002556,EXP002422,PGR-00038850/2026,DOCUMENTO,CIVINT/STIC,RESPOSTA,2026-08-07,2026-11-06,91,ABERTO,,0
PRZ002557,EXP002423,PGR-00033377/2026,DOCUMENTO,CIVINT/STIC,RESPOSTA,2026-10-01,2026-10-12,11,ABERTO,,0
PRZ002558,EXP002424,PGR-00053029/2026,DOCUMENTO,CIVINT/STIC,RESPOSTA,2026-09-11,2026-12-19,99,ABERTO,,0
PRZ002559,EXP002425,PGR-00013788/2026,DOCUMENTO,CIVINT/STIC,RESPOSTA,2026-08-15,2026-10-14,60,ABERTO,,0
PRZ002560,EXP002426,PGR-00013881/2026,DOCUMENTO,CIVINT/STIC,RESPOSTA,2026-08-02,2026-09-26,55,ABERTO,,11
PRZ002561,EXP002427,PGR-00077470/2026,DOCUMENTO,CIVINT/STIC,RESPOSTA,2026-07-13,2026-10-14,93,ABERTO,,0
PRZ002562,EXP002428,PGR-00084241/2026,DOCUMENTO,CIVINT/STIC,RESPOSTA,2026-09-20,2026-09-21,1,ABERTO,,16
PRZ002563,EXP002429,PGR-00028546/2026,DOCUMENTO,CIVINT/STIC,RESPOSTA,2026-08-20,2026-12-23,125,ABERTO,,0
PRZ002564,EXP002430,PGR-00098543/2026,DOCUMENTO,CIVINT/STIC,RESPOSTA,2026-10-06,2026-12-04,59,ABERTO,,0
PRZ002565,EXP002431,PGR-00071157/2026,DOCUMENTO,CIVINT/STIC,RESPOSTA,2026-09-30,2026-12-02,63,ABERTO,,0
PRZ002566,EXP002431,PGR-00071157/2026,DOCUMENTO,CIVINT/STIC,RESPOSTA,2026-09-30,2026-11-19,50,PRORROGADO,2026-10-06T00:39:46-03:00,0
PRZ002567,EXP002432,PGR-00040927/2026,DOCUMENTO,CIVINT/STIC,RESPOSTA,2026-10-06,2026-10-27,21,ABERTO,,0
PRZ002568,EXP002433,PGR-00040059/2026,DOCUMENTO,CIVINT/STIC,RESPOSTA,2026-10-02,2026-10-30,28,ABERTO,,0
PRZ002569,EXP002434,PGR-00046786/2026,DOCUMENTO,CIVINT/STIC,RESPOSTA,2026-09-16,2026-10-14,28,ABERTO,,0
PRZ002570,EXP002435,PGR-00075037/2026,DOCUMENTO,CIVINT/STIC,RESPOSTA,2026-09-05,2026-10-29,54,ABERTO,,0
PRZ002571,EXP002436,PGR-00053310/2026,DOCUMENTO,CIVINT/STIC,RESPOSTA,2026-08-21,2026-10-14,54,ABERTO,,0
PRZ002572,EXP002437,PGR-00042758/2026,DOCUMENTO,CIVINT/STIC,RESPOSTA,2026-10-01,2026-11-17,47,ABERTO,,0
PRZ002573,EXP002438,PGR-00074254/2026,DOCUMENTO,CIVINT/STIC,RESPOSTA,2026-09-10,2026-10-14,34,ABERTO,,0
PRZ002574,EXP002439,PGR-00068087/2026,DOCUMENTO,CIVINT/STIC,RESPOSTA,2026-09-03,2026-11-07,65,ABERTO,,0
PRZ002575,EXP002440,PGR-00056250/2026,DOCUMENTO,CIVINT/STIC,RESPOSTA,2026-09-25,2026-11-25,61,ABERTO,,0
PRZ002576,EXP002441,PGR-00096318/2026,DOCUMENTO,CIVINT/STIC,RESPOSTA,2026-08-24,2026-11-26,94,ABERTO,,0
PRZ002577,EXP002442,PGR-00079831/2026,DOCUMENTO,CIVINT/STIC,RESPOSTA,2026-09-18,2026-10-25,37,ABERTO,,0
PRZ002578,EXP002443,PGR-00014753/2026,DOCUMENTO,CIVINT/STIC,RESPOSTA,2026-09-20,2026-11-04,45,ABERTO,,0
PRZ002579,EXP002444,PGR-00010599/2026,DOCUMENTO,CIVINT/STIC,RESPOSTA,2026-06-18,2026-10-29,133,ABERTO,,0
PRZ002580,EXP002445,PGR-00083581/2026,DOCUMENTO,CIVINT/STIC,RESPOSTA,2026-10-07,2026-10-09,2,ABERTO,,0
PRZ002581,EXP002446,PGR-00026831/2026,DOCUMENTO,CIVINT/STIC,RESPOSTA,2026-09-11,2026-10-19,38,ABERTO,,0
PRZ002582,EXP002447,PGR-00059683/2026,DOCUMENTO,CIVINT/STIC,RESPOSTA,2026-09-05,2026-11-14,70,ABERTO,,0
PRZ002583,EXP002448,PGR-00079716/2026,DOCUMENTO,CIVINT/STIC,RESPOSTA,2026-10-06,2026-10-10,4,ABERTO,,0
PRZ002584,EXP002449,PGR-00051556/2026,DOCUMENTO,CIVINT/STIC,RESPOSTA,2026-06-30,2026-09-14,76,ABERTO,,23
PRZ002585,EXP002450,PGR-00067069/2026,DOCUMENTO,CIVINT/STIC,RESPOSTA,2026-08-18,2026-10-21,64,ABERTO,,0
PRZ002586,EXP002451,PGR-00042526/2026,DOCUMENTO,CIVINT/STIC,RESPOSTA,2026-09-22,2026-10-12,20,ABERTO,,0
PRZ002587,EXP002452,PGR-00044239/2026,DOCUMENTO,CIVINT/STIC,RESPOSTA,2026-10-05,2026-10-25,20,ABERTO,,0
PRZ002588,EXP002453,PGR-00066064/2026,DOCUMENTO,CIVINT/STIC,RESPOSTA,2026-09-23,2026-10-11,18,ABERTO,,0
PRZ002589,EXP002454,PGR-00007173/2026,DOCUMENTO,CIVINT/STIC,RESPOSTA,2026-10-01,2026-12-28,88,ABERTO,,0
PRZ002590,EXP002455,PGR-00054673/2026,DOCUMENTO,CIVINT/STIC,RESPOSTA,2026-09-19,2026-10-10,21,ABERTO,,0
PRZ002591,EXP002456,PGR-00055988/2026,DOCUMENTO,CIVINT/STIC,RESPOSTA,2026-09-20,2026-12-15,86,ABERTO,,0
PRZ002592,EXP002457,PGR-00037045/2026,DOCUMENTO,CIVINT/STIC,RESPOSTA,2026-09-14,2026-11-09,56,ABERTO,,0
PRZ002593,EXP002458,PGR-00015400/2026,DOCUMENTO,CIVINT/STIC,RESPOSTA,2026-09-05,2026-10-31,56,ABERTO,,0
PRZ002594,EXP002459,PGR-00021390/2026,DOCUMENTO,CIVINT/STIC,RESPOSTA,2026-10-01,2026-10-12,11,ABERTO,,0
PRZ002595,EXP002460,PGR-00028512/2026,DOCUMENTO,CIVINT/STIC,RESPOSTA,2026-09-30,2026-10-30,30,ABERTO,,0
PRZ002596,EXP002461,PGR-00034474/2026,DOCUMENTO,CIVINT/STIC,RESPOSTA,2026-09-28,2026-11-10,43,ABERTO,,0
PRZ002597,EXP002462,PGR-00067275/2026,DOCUMENTO,CIVINT/STIC,RESPOSTA,2026-09-30,2026-12-15,76,ABERTO,,0
PRZ002598,EXP002463,PGR-00061005/2026,DOCUMENTO,CIVINT/STIC,RESPOSTA,2026-07-18,2026-11-16,121,ABERTO,,0
PRZ002599,EXP002464,PGR-00036673/2026,DOCUMENTO,CIVINT/STIC,RESPOSTA,2026-09-23,2026-12-05,73,ABERTO,,0
PRZ002600,EXP002465,PGR-00000778/2026,DOCUMENTO,CIVINT/STIC,RESPOSTA,2026-09-29,2026-11-07,39,ABERTO,,0
PRZ002601,EXP002466,PGR-00070431/2026,DOCUMENTO,CIVINT/STIC,RESPOSTA,2026-10-01,2026-11-08,38,ABERTO,,0
PRZ002602,EXP002467,PGR-00080891/2026,DOCUMENTO,CIVINT/STIC,RESPOSTA,2026-08-15,2026-11-19,96,ABERTO,,0
PRZ002603,EXP002468,PGR-00031589/2026,DOCUMENTO,CIVINT/STIC,RESPOSTA,2026-08-14,2026-10-08,55,ABERTO,,0
PRZ002604,EXP002469,PGR-00072208/2026,DOCUMENTO,CIVINT/STIC,RESPOSTA,2026-10-01,2026-10-28,27,ABERTO,,0
PRZ002605,EXP002470,PGR-00096353/2026,DOCUMENTO,CIVINT/STIC,RESPOSTA,2026-09-17,2026-12-17,91,ABERTO,,0
PRZ002606,EXP002471,PGR-00070913/2026,DOCUMENTO,CIVINT/STIC,RESPOSTA,2026-09-23,2026-12-08,76,ABERTO,,0
PRZ002607,EXP002472,PGR-00045722/2026,DOCUMENTO,CIVINT/STIC,RESPOSTA,2026-09-08,2026-11-22,75,ABERTO,,0
PRZ002608,EXP002473,PGR-00039077/2026,DOCUMENTO,CIVINT/STIC,RESPOSTA,2026-09-04,2026-10-09,35,ABERTO,,0
PRZ002609,EXP002474,PGR-00098702/2026,DOCUMENTO,CIVINT/STIC,RESPOSTA,2026-08-30,2026-09-06,7,ABERTO,,31
PRZ002610,EXP002474,PGR-00098702/2026,DOCUMENTO,CIVINT/STIC,RESPOSTA,2026-08-30,2026-08-31,1,PRORROGADO,2026-09-06T15:37:50-03:00,0
PRZ002611,EXP002475,PGR-00099145/2026,DOCUMENTO,CIVINT/STIC,RESPOSTA,2026-09-21,2026-10-21,30,ABERTO,,0
PRZ002612,EXP002476,PGR-00073620/2026,DOCUMENTO,CIVINT/STIC,RESPOSTA,2026-09-01,2027-01-04,125,ABERTO,,0
PRZ002613,EXP002477,PGR-00027934/2026,DOCUMENTO,CIVINT/STIC,RESPOSTA,2026-06-05,2026-10-13,130,ABERTO,,0
PRZ002614,EXP002478,PGR-00077624/2026,DOCUMENTO,CIVINT/STIC,RESPOSTA,2026-09-26,2026-10-08,12,ABERTO,,0
PRZ002615,EXP002479,PGR-00086650/2026,DOCUMENTO,CIVINT/STIC,RESPOSTA,2026-09-15,2026-10-21,36,ABERTO,,0
PRZ002616,EXP002480,PGR-00092536/2026,DOCUMENTO,CIVINT/STIC,RESPOSTA,2026-09-17,2026-10-08,21,ABERTO,,0
PRZ002617,EXP002481,PGR-00033694/2026,DOCUMENTO,CIVINT/STIC,RESPOSTA,2026-07-30,2026-10-11,73,ABERTO,,0
PRZ002618,EXP002482,PGR-00093826/2026,DOCUMENTO,CIVINT/STIC,RESPOSTA,2026-07-30,2026-10-14,76,ABERTO,,0
PRZ002619,EXP002483,PGR-00052572/2026,DOCUMENTO,CIVINT/STIC,RESPOSTA,2026-08-25,2026-09-05,11,ABERTO,,32
PRZ002620,EXP002484,PGR-00051857/2026,DOCUMENTO,CIVINT/STIC,RESPOSTA,2026-08-25,2026-12-28,125,ABERTO,,0
PRZ002621,EXP002485,PGR-00096958/2026,DOCUMENTO,CIVINT/STIC,RESPOSTA,2026-09-09,2026-10-10,31,ABERTO,,0
PRZ002622,EXP002486,PGR-00094029/2026,DOCUMENTO,CIVINT/STIC,RESPOSTA,2026-10-02,2026-10-20,18,ABERTO,,0
PRZ002623,EXP002487,PGR-00053336/2026,DOCUMENTO,CIVINT/STIC,RESPOSTA,2026-08-13,2026-10-07,55,ABERTO,,0
PRZ002624,EXP002488,PGR-00069444/2026,DOCUMENTO,CIVINT/STIC,RESPOSTA,2026-09-08,2026-09-10,2,ABERTO,,27
PRZ002625,EXP002489,PGR-00050287/2026,DOCUMENTO,CIVINT/STIC,RESPOSTA,2026-09-24,2026-12-13,80,ABERTO,,0
PRZ002626,EXP002490,PGR-00039156/2026,DOCUMENTO,CIVINT/STIC,RESPOSTA,2026-09-08,2026-11-23,76,ABERTO,,0
PRZ002627,EXP002491,PGR-00099303/2026,DOCUMENTO,CIVINT/STIC,RESPOSTA,2026-09-26,2026-10-16,20,ABERTO,,0
PRZ002628,EXP002492,PGR-00034038/2026,DOCUMENTO,CIVINT/STIC,RESPOSTA,2026-09-27,2026-10-16,19,ABERTO,,0
PRZ002629,EXP002493,PGR-00042674/2026,DOCUMENTO,CIVINT/STIC,RESPOSTA,2026-09-30,2026-11-22,53,ABERTO,,0
PRZ002630,EXP002494,PGR-00084953/2026,DOCUMENTO,CIVINT/STIC,RESPOSTA,2026-08-24,2026-10-04,41,ABERTO,,3
PRZ002631,EXP002495,PGR-00096497/2026,DOCUMENTO,CIVINT/STIC,RESPOSTA,2026-06-12,2026-10-10,120,ABERTO,,0
PRZ002632,EXP002496,PGR-00041643/2026,DOCUMENTO,CIVINT/STIC,RESPOSTA,2026-09-21,2026-10-08,17,ABERTO,,0
PRZ002633,EXP002496,PGR-00041643/2026,DOCUMENTO,CIVINT/STIC,RESPOSTA,2026-09-21,2026-09-22,1,PRORROGADO,2026-10-05T22:06:15-03:00,0
PRZ002634,EXP002497,PGR-00051272/2026,DOCUMENTO,CIVINT/STIC,RESPOSTA,2026-10-06,2026-11-12,37,ABERTO,,0
PRZ002635,EXP002498,PGR-00097360/2026,DOCUMENTO,CIVINT/STIC,RESPOSTA,2026-08-12,2026-10-10,59,ABERTO,,0
PRZ002636,EXP002499,PGR-00052956/2026,DOCUMENTO,CIVINT/STIC,RESPOSTA,2026-09-22,2026-09-23,1,ABERTO,,14
PRZ002637,EXP002500,PGR-00017464/2026,DOCUMENTO,CIVINT/STIC,RESPOSTA,2026-09-15,2026-11-30,76,ABERTO,,0
PRZ002638,EXP002501,PGR-00067220/2026,DOCUMENTO,CIVINT/STIC,RESPOSTA,2026-08-27,2026-11-13,78,ABERTO,,0
PRZ002639,EXP002501,PGR-00067220/2026,DOCUMENTO,CIVINT/STIC,RESPOSTA,2026-08-27,2026-10-28,62,PRORROGADO,2026-09-15T02:37:14-03:00,0
PRZ002640,EXP002502,PGR-00048936/2026,DOCUMENTO,CIVINT/STIC,RESPOSTA,2026-10-01,2027-01-04,95,ABERTO,,0
PRZ002641,EXP002503,PGR-00036422/2026,DOCUMENTO,CIVINT/STIC,RESPOSTA,2026-09-13,2026-12-09,87,ABERTO,,0
PRZ002642,EXP002503,PGR-00036422/2026,DOCUMENTO,CIVINT/STIC,RESPOSTA,2026-09-13,2026-11-26,74,PRORROGADO,2026-09-19T12:39:23-03:00,0
PRZ002643,EXP002504,PGR-00047592/2026,DOCUMENTO,CIVINT/STIC,RESPOSTA,2026-10-02,2026-10-30,28,ABERTO,,0
PRZ002644,EXP002505,PGR-00040382/2026,DOCUMENTO,CIVINT/STIC,RESPOSTA,2026-07-19,2026-11-21,125,ABERTO,,0
PRZ002645,EXP002506,PGR-00001905/2026,DOCUMENTO,CIVINT/STIC,RESPOSTA,2026-09-25,2026-12-12,78,ABERTO,,0
PRZ002646,EXP002507,PGR-00058551/2026,DOCUMENTO,CIVINT/STIC,RESPOSTA,2026-10-04,2026-10-12,8,ABERTO,,0
PRZ002647,EXP002508,PGR-00058172/2026,DOCUMENTO,CIVINT/STIC,RESPOSTA,2026-09-18,2026-09-19,1,ABERTO,,18
PRZ002648,EXP002509,PGR-00082301/2026,DOCUMENTO,CIVINT/STIC,RESPOSTA,2026-09-06,2026-12-18,103,ABERTO,,0
PRZ002649,EXP002510,PGR-00087140/2026,DOCUMENTO,CIVINT/STIC,RESPOSTA,2026-08-11,2026-10-07,57,ABERTO,,0
PRZ002650,EXP002510,PGR-00087140/2026,DOCUMENTO,CIVINT/STIC,RESPOSTA,2026-08-11,2026-09-26,46,PRORROGADO,2026-09-22T07:02:25-03:00,0
PRZ002651,EXP002511,PGR-00023088/2026,DOCUMENTO,CIVINT/STIC,RESPOSTA,2026-09-19,2026-11-22,64,ABERTO,,0
PRZ002652,EXP002512,PGR-00053303/2026,DOCUMENTO,CIVINT/STIC,RESPOSTA,2026-09-27,2026-10-10,13,ABERTO,,0
PRZ002653,EXP002513,PGR-00095476/2026,DOCUMENTO,CIVINT/STIC,RESPOSTA,2026-10-05,2026-11-12,38,ABERTO,,0
PRZ002654,EXP002514,PGR-00092471/2026,DOCUMENTO,CIVINT/STIC,RESPOSTA,2026-08-13,2026-10-27,75,ABERTO,,0
PRZ002655,EXP002515,PGR-00092763/2026,DOCUMENTO,CIVINT/STIC,RESPOSTA,2026-09-17,2026-12-11,85,ABERTO,,0
PRZ002656,EXP002516,PGR-00087686/2026,DOCUMENTO,CIVINT/STIC,RESPOSTA,2026-09-21,2026-10-07,16,ABERTO,,0
PRZ002657,EXP002517,PGR-00026808/2026,DOCUMENTO,CIVINT/STIC,RESPOSTA,2026-06-02,2026-10-18,138,ABERTO,,0
PRZ002658,EXP002518,PGR-00064916/2026,DOCUMENTO,CIVINT/STIC,RESPOSTA,2026-08-29,2026-10-14,46,ABERTO,,0
PRZ002659,EXP002519,PGR-00032140/2026,DOCUMENTO,CIVINT/STIC,RESPOSTA,2026-09-19,2026-10-11,22,ABERTO,,0
PRZ002660,EXP002520,PGR-00090204/2026,DOCUMENTO,CIVINT/STIC,RESPOSTA,2026-09-27,2026-10-10,13,ABERTO,,0
PRZ002661,EXP002521,PGR-00064977/2026,DOCUMENTO,CIVINT/STIC,RESPOSTA,2026-09-08,2026-11-12,65,ABERTO,,0
PRZ002662,EXP002522,PGR-00002743/2026,DOCUMENTO,CIVINT/STIC,RESPOSTA,2026-09-20,2026-09-21,1,ABERTO,,16
PRZ002663,EXP002523,PGR-00066466/2026,DOCUMENTO,CIVINT/STIC,RESPOSTA,2026-10-06,2026-10-21,15,ABERTO,,0
PRZ002664,EXP002524,PGR-00025787/2026,DOCUMENTO,CIVINT/STIC,RESPOSTA,2026-09-29,2026-12-17,79,ABERTO,,0
PRZ002665,EXP002525,PGR-00027864/2026,DOCUMENTO,CIVINT/STIC,RESPOSTA,2026-08-08,2026-11-08,92,ABERTO,,0
PRZ002666,EXP002525,PGR-00027864/2026,DOCUMENTO,CIVINT/STIC,RESPOSTA,2026-08-08,2026-10-25,78,PRORROGADO,2026-09-20T12:26:56-03:00,0
PRZ002667,EXP002526,PGR-00061528/2026,DOCUMENTO,CIVINT/STIC,RESPOSTA,2026-08-26,2026-09-29,34,ABERTO,,8
PRZ002668,EXP002527,PGR-00054516/2026,DOCUMENTO,CIVINT/STIC,RESPOSTA,2026-10-07,2026-10-14,7,ABERTO,,0
PRZ002669,EXP002528,PGR-00051521/2026,DOCUMENTO,CIVINT/STIC,RESPOSTA,2026-07-08,2026-10-07,91,ABERTO,,0
PRZ002670,EXP002528,PGR-00051521/2026,DOCUMENTO,CIVINT/STIC,RESPOSTA,2026-07-08,2026-09-19,73,PRORROGADO,2026-07-09T16:43:08-03:00,0
PRZ002671,EXP002529,PGR-00090042/2026,DOCUMENTO,CIVINT/STIC,RESPOSTA,2026-10-02,2026-11-26,55,ABERTO,,0
PRZ002672,EXP002530,PGR-00022557/2026,DOCUMENTO,CIVINT/STIC,RESPOSTA,2026-08-09,2026-11-24,107,ABERTO,,0
PRZ002673,EXP002531,PGR-00015310/2026,DOCUMENTO,CIVINT/STIC,RESPOSTA,2026-09-20,2026-10-08,18,ABERTO,,0
PRZ002674,EXP002532,PGR-00008882/2026,DOCUMENTO,CIVINT/STIC,RESPOSTA,2026-09-26,2026-10-20,24,ABERTO,,0
PRZ002675,EXP002533,PGR-00048613/2026,DOCUMENTO,CIVINT/STIC,RESPOSTA,2026-09-08,2026-10-17,39,ABERTO,,0
PRZ002676,EXP002534,PGR-00068565/2026,DOCUMENTO,CIVINT/STIC,RESPOSTA,2026-09-29,2026-10-12,13,ABERTO,,0
PRZ002677,EXP002535,PGR-00067566/2026,DOCUMENTO,CIVINT/STIC,RESPOSTA,2026-10-01,2026-12-19,79,ABERTO,,0
PRZ002678,EXP002536,PGR-00099773/2026,DOCUMENTO,CIVINT/STIC,RESPOSTA,2026-07-23,2026-12-04,134,ABERTO,,0
PRZ002679,EXP002537,PGR-00081511/2026,DOCUMENTO,CIVINT/STIC,RESPOSTA,2026-09-25,2026-10-13,18,ABERTO,,0
PRZ002680,EXP002538,PGR-00004760/2026,DOCUMENTO,CIVINT/STIC,RESPOSTA,2026-09-21,2026-09-29,8,ABERTO,,8
PRZ002681,EXP002538,PGR-00004760/2026,DOCUMENTO,CIVINT/STIC,RESPOSTA,2026-09-21,2026-09-22,1,PRORROGADO,2026-09-30T06:44:50-03:00,0
PRZ002682,EXP002539,PGR-00025314/2026,DOCUMENTO,CIVINT/STIC,RESPOSTA,2026-07-07,2026-12-13,159,ABERTO,,0
PRZ002683,EXP002540,PGR-00028837/2026,DOCUMENTO,CIVINT/STIC,RESPOSTA,2026-09-29,2026-12-16,78,ABERTO,,0
PRZ002684,EXP002541,PGR-00076741/2026,DOCUMENTO,CIVINT/STIC,RESPOSTA,2026-09-27,2026-10-12,15,ABERTO,,0
PRZ002685,EXP002542,PGR-00050408/2026,DOCUMENTO,CIVINT/STIC,RESPOSTA,2026-09-27,2026-10-11,14,ABERTO,,0
PRZ002686,EXP002543,PGR-00081681/2026,DOCUMENTO,CIVINT/STIC,RESPOSTA,2026-09-27,2026-09-28,1,ABERTO,,9
PRZ002687,EXP002544,PGR-00002508/2026,DOCUMENTO,CIVINT/STIC,RESPOSTA,2026-09-24,2026-12-06,73,ABERTO,,0
PRZ002688,EXP002545,PGR-00084214/2026,DOCUMENTO,CIVINT/STIC,RESPOSTA,2026-08-02,2026-10-14,73,ABERTO,,0
PRZ002689,EXP002546,PGR-00066157/2026,DOCUMENTO,CIVINT/STIC,RESPOSTA,2026-09-27,2026-09-29,2,ABERTO,,8
PRZ002690,EXP002547,PGR-00074740/2026,DOCUMENTO,CIVINT/STIC,RESPOSTA,2026-09-30,2026-10-23,23,ABERTO,,0
PRZ002691,EXP002548,PGR-00094863/2026,DOCUMENTO,CIVINT/STIC,RESPOSTA,2026-10-06,2026-11-27,52,ABERTO,,0
PRZ002692,EXP002548,PGR-00094863/2026,DOCUMENTO,CIVINT/STIC,RESPOSTA,2026-10-06,2026-11-19,44,PRORROGADO,2026-10-07T00:01:15-03:00,0
PRZ002693,EXP002549,PGR-00022429/2026,DOCUMENTO,CIVINT/STIC,RESPOSTA,2026-09-11,2026-11-30,80,ABERTO,,0
PRZ002694,EXP002550,PGR-00075930/2026,DOCUMENTO,CIVINT/STIC,RESPOSTA,2026-09-10,2026-10-08,28,ABERTO,,0
PRZ002695,EXP002551,PGR-00085405/2026,DOCUMENTO,CIVINT/STIC,RESPOSTA,2026-09-12,2026-11-20,69,ABERTO,,0
PRZ002696,EXP002552,PGR-00078346/2026,DOCUMENTO,CIVINT/STIC,RESPOSTA,2026-10-01,2026-11-03,33,ABERTO,,0
PRZ002697,EXP002553,PGR-00056081/2026,DOCUMENTO,CIVINT/STIC,RESPOSTA,2026-09-23,2026-12-14,82,ABERTO,,0
PRZ002698,EXP002554,PGR-00046653/2026,DOCUMENTO,CIVINT/STIC,RESPOSTA,2026-06-05,2026-10-25,142,ABERTO,,0
PRZ002699,EXP002555,PGR-00039064/2026,DOCUMENTO,CIVINT/STIC,RESPOSTA,2026-09-19,2026-11-07,49,ABERTO,,0
PRZ002700,EXP002556,PGR-00099047/2026,DOCUMENTO,CIVINT/STIC,RESPOSTA,2026-09-08,2027-01-01,115,ABERTO,,0
PRZ002701,EXP002557,PGR-00050938/2026,DOCUMENTO,CIVINT/STIC,RESPOSTA,2026-08-28,2026-12-04,98,ABERTO,,0
PRZ002702,EXP002558,PGR-00017109/2026,DOCUMENTO,CIVINT/STIC,RESPOSTA,2026-10-01,2026-11-22,52,ABERTO,,0
PRZ002703,EXP002559,PGR-00050777/2026,DOCUMENTO,CIVINT/STIC,RESPOSTA,2026-09-03,2026-12-15,103,ABERTO,,0
PRZ002704,EXP002560,PGR-00078234/2026,DOCUMENTO,CIVINT/STIC,RESPOSTA,2026-08-07,2026-08-29,22,ABERTO,,39
PRZ002705,EXP002561,PGR-00042599/2026,DOCUMENTO,CIVINT/STIC,RESPOSTA,2026-07-21,2026-10-14,85,ABERTO,,0
PRZ002706,EXP002562,PGR-00041482/2026,DOCUMENTO,CIVINT/STIC,RESPOSTA,2026-09-30,2026-10-25,25,ABERTO,,0
PRZ002707,EXP002563,PGR-00045835/2026,DOCUMENTO,CIVINT/STIC,RESPOSTA,2026-09-05,2026-10-19,44,ABERTO,,0
PRZ002708,EXP002564,PGR-00009651/2026,DOCUMENTO,CIVINT/STIC,RESPOSTA,2026-10-04,2026-12-28,85,ABERTO,,0
PRZ002709,EXP002565,PGR-00058112/2026,DOCUMENTO,CIVINT/STIC,RESPOSTA,2026-08-01,2026-12-03,124,ABERTO,,0
PRZ002710,EXP002566,PGR-00077929/2026,DOCUMENTO,CIVINT/STIC,RESPOSTA,2026-09-22,2026-12-11,80,ABERTO,,0
PRZ002711,EXP002567,PGR-00048212/2026,DOCUMENTO,CIVINT/STIC,RESPOSTA,2026-10-01,2026-12-28,88,ABERTO,,0
PRZ002712,EXP002568,PGR-00035074/2026,DOCUMENTO,CIVINT/STIC,RESPOSTA,2026-09-19,2026-11-07,49,ABERTO,,0
PRZ002713,EXP002568,PGR-00035074/2026,DOCUMENTO,CIVINT/STIC,RESPOSTA,2026-09-19,2026-10-29,40,PRORROGADO,2026-10-06T22:05:28-03:00,0
PRZ002714,EXP002569,PGR-00027241/2026,DOCUMENTO,CIVINT/STIC,RESPOSTA,2026-10-03,2026-12-27,85,ABERTO,,0
PRZ002715,EXP002570,PGR-00081693/2026,DOCUMENTO,CIVINT/STIC,RESPOSTA,2026-09-28,2026-10-09,11,ABERTO,,0
PRZ002716,EXP002571,PGR-00090557/2026,DOCUMENTO,CIVINT/STIC,RESPOSTA,2026-08-22,2026-10-19,58,ABERTO,,0
PRZ002717,EXP002572,PGR-00030231/2026,DOCUMENTO,CIVINT/STIC,RESPOSTA,2026-07-13,2026-10-30,109,ABERTO,,0
PRZ002718,EXP002573,PGR-00020863/2026,DOCUMENTO,CIVINT/STIC,RESPOSTA,2026-10-05,2026-12-30,86,ABERTO,,0
PRZ002719,EXP002574,PGR-00033984/2026,DOCUMENTO,CIVINT/STIC,RESPOSTA,2026-09-15,2026-12-15,91,ABERTO,,0
PRZ002720,EXP002575,PGR-00015602/2026,DOCUMENTO,CIVINT/STIC,RESPOSTA,2026-09-02,2026-10-14,42,ABERTO,,0
PRZ002721,EXP002576,PGR-00098049/2026,DOCUMENTO,CIVINT/STIC,RESPOSTA,2026-09-27,2026-10-18,21,ABERTO,,0
PRZ002722,EXP002577,PGR-00081555/2026,DOCUMENTO,CIVINT/STIC,RESPOSTA,2026-09-30,2026-12-14,75,ABERTO,,0
PRZ002723,EXP002578,PGR-00012846/2026,DOCUMENTO,CIVINT/STIC,RESPOSTA,2026-08-24,2026-11-18,86,ABERTO,,0
PRZ002724,EXP002579,PGR-00024909/2026,DOCUMENTO,CIVINT/STIC,RESPOSTA,2026-10-03,2026-12-23,81,ABERTO,,0
PRZ002725,EXP002579,PGR-00024909/2026,DOCUMENTO,CIVINT/STIC,RESPOSTA,2026-10-03,2026-12-18,76,PRORROGADO,2026-10-05T10:39:03-03:00,0
PRZ002726,EXP002580,PGR-00086203/2026,DOCUMENTO,CIVINT/STIC,RESPOSTA,2026-08-31,2026-11-15,76,ABERTO,,0
PRZ002727,EXP002581,PGR-00001442/2026,DOCUMENTO,CIVINT/STIC,RESPOSTA,2026-08-15,2026-08-30,15,ABERTO,,38
PRZ002728,EXP002582,PGR-00045095/2026,DOCUMENTO,CIVINT/STIC,RESPOSTA,2026-06-21,2026-12-22,184,ABERTO,,0
PRZ002729,EXP002583,PGR-00094398/2026,DOCUMENTO,CIVINT/STIC,RESPOSTA,2026-09-27,2026-10-09,12,ABERTO,,0
PRZ002730,EXP002584,PGR-00092966/2026,DOCUMENTO,CIVINT/STIC,RESPOSTA,2026-08-23,2026-10-20,58,ABERTO,,0
PRZ002731,EXP002585,PGR-00093510/2026,DOCUMENTO,CIVINT/STIC,RESPOSTA,2026-09-19,2026-10-09,20,ABERTO,,0
PRZ002732,EXP002586,PGR-00096356/2026,DOCUMENTO,CIVINT/STIC,RESPOSTA,2026-10-06,2026-12-01,56,ABERTO,,0
PRZ002733,EXP002587,PGR-00031451/2026,DOCUMENTO,CIVINT/STIC,RESPOSTA,2026-06-19,2026-11-25,159,ABERTO,,0
PRZ002734,EXP002588,PGR-00012054/2026,DOCUMENTO,CIVINT/STIC,RESPOSTA,2026-09-28,2026-12-19,82,ABERTO,,0
PRZ002735,EXP002589,PGR-00046110/2026,DOCUMENTO,CIVINT/STIC,RESPOSTA,2026-07-15,2026-10-13,90,ABERTO,,0
PRZ002736,EXP002590,PGR-00051626/2026,DOCUMENTO,CIVINT/STIC,RESPOSTA,2026-09-08,2026-10-21,43,ABERTO,,0
PRZ002737,EXP002591,PGR-00051205/2026,DOCUMENTO,CIVINT/STIC,RESPOSTA,2026-09-23,2026-10-09,16,ABERTO,,0
PRZ002738,EXP002592,PGR-00054715/2026,DOCUMENTO,CIVINT/STIC,RESPOSTA,2026-10-07,2026-10-08,1,ABERTO,,0
PRZ002739,EXP002593,PGR-00025920/2026,DOCUMENTO,CIVINT/STIC,RESPOSTA,2026-09-19,2026-10-12,23,ABERTO,,0
PRZ002740,EXP002594,PGR-00051418/2026,DOCUMENTO,CIVINT/STIC,RESPOSTA,2026-08-24,2026-08-25,1,ABERTO,,43
PRZ002741,EXP002595,PGR-00018406/2026,DOCUMENTO,CIVINT/STIC,RESPOSTA,2026-07-01,2026-10-10,101,ABERTO,,0
PRZ002742,EXP002596,PGR-00041491/2026,DOCUMENTO,CIVINT/STIC,RESPOSTA,2026-09-13,2026-11-13,61,ABERTO,,0
PRZ002743,EXP002597,PGR-00025415/2026,DOCUMENTO,CIVINT/STIC,RESPOSTA,2026-09-13,2026-12-02,80,ABERTO,,0
PRZ002744,EXP002598,PGR-00049422/2026,DOCUMENTO,CIVINT/STIC,RESPOSTA,2026-09-02,2026-10-09,37,ABERTO,,0
PRZ002745,EXP002599,PGR-00033624/2026,DOCUMENTO,CIVINT/STIC,RESPOSTA,2026-09-16,2026-10-08,22,ABERTO,,0
PRZ002746,EXP002600,PGR-00081161/2026,DOCUMENTO,CIVINT/STIC,RESPOSTA,2026-04-28,2026-10-07,162,ABERTO,,0
PRZ002747,EXP002601,PGR-00067005/2026,DOCUMENTO,CIVINT/STIC,RESPOSTA,2026-09-30,2026-10-24,24,ABERTO,,0
PRZ002748,EXP002602,PGR-00054314/2026,DOCUMENTO,CIVINT/STIC,RESPOSTA,2026-10-01,2026-11-03,33,ABERTO,,0
PRZ002749,EXP002603,PGR-00033134/2026,DOCUMENTO,CIVINT/STIC,RESPOSTA,2026-08-02,2026-10-26,85,ABERTO,,0
PRZ002750,EXP002604,PGR-00099905/2026,DOCUMENTO,CIVINT/STIC,RESPOSTA,2026-09-12,2026-11-06,55,ABERTO,,0
PRZ002751,EXP002605,PGR-00066844/2026,DOCUMENTO,CIVINT/STIC,RESPOSTA,2026-10-05,2026-10-06,1,ABERTO,,1
PRZ002752,EXP002606,PGR-00058453/2026,DOCUMENTO,CIVINT/STIC,RESPOSTA,2026-05-16,2026-10-11,148,ABERTO,,0
PRZ002753,EXP002607,PGR-00065419/2026,DOCUMENTO,CIVINT/STIC,RESPOSTA,2026-10-05,2026-11-12,38,ABERTO,,0
PRZ002754,EXP002608,PGR-00098773/2026,DOCUMENTO,CIVINT/STIC,RESPOSTA,2026-09-10,2026-10-30,50,ABERTO,,0
PRZ002755,EXP002609,PGR-00066755/2026,DOCUMENTO,CIVINT/STIC,RESPOSTA,2026-09-30,2026-11-27,58,ABERTO,,0
PRZ002756,EXP002610,PGR-00054905/2026,DOCUMENTO,CIVINT/STIC,RESPOSTA,2026-09-09,2026-11-25,77,ABERTO,,0
PRZ002757,EXP002611,PGR-00023652/2026,DOCUMENTO,CIVINT/STIC,RESPOSTA,2026-05-06,2026-11-12,190,ABERTO,,0
PRZ002758,EXP002612,PGR-00075974/2026,DOCUMENTO,CIVINT/STIC,RESPOSTA,2026-08-21,2026-09-10,20,ABERTO,,27
PRZ002759,EXP002613,PGR-00054653/2026,DOCUMENTO,CIVINT/STIC,RESPOSTA,2026-10-02,2026-10-03,1,ABERTO,,4
PRZ002760,EXP002614,PGR-00093990/2026,DOCUMENTO,CIVINT/STIC,RESPOSTA,2026-09-21,2026-10-22,31,ABERTO,,0
PRZ002761,EXP002615,PGR-00094900/2026,DOCUMENTO,CIVINT/STIC,RESPOSTA,2026-10-03,2026-12-20,78,ABERTO,,0
PRZ002762,EXP002616,PGR-00025149/2026,DOCUMENTO,CIVINT/STIC,RESPOSTA,2026-09-15,2026-09-16,1,ABERTO,,21
PRZ002763,EXP002617,PGR-00086532/2026,DOCUMENTO,CIVINT/STIC,RESPOSTA,2026-10-06,2026-10-07,1,ABERTO,,0
PRZ002764,EXP002618,PGR-00046724/2026,DOCUMENTO,CIVINT/STIC,RESPOSTA,2026-07-10,2026-10-10,92,ABERTO,,0
PRZ002765,EXP002619,PGR-00015972/2026,DOCUMENTO,CIVINT/STIC,RESPOSTA,2026-09-18,2026-11-18,61,ABERTO,,0
PRZ002766,EXP002620,PGR-00059795/2026,DOCUMENTO,CIVINT/STIC,RESPOSTA,2026-09-07,2026-10-17,40,ABERTO,,0
PRZ002767,EXP002621,PGR-00062151/2026,DOCUMENTO,CIVINT/STIC,RESPOSTA,2026-09-26,2026-11-10,45,ABERTO,,0
PRZ002768,EXP002621,PGR-00062151/2026,DOCUMENTO,CIVINT/STIC,RESPOSTA,2026-09-26,2026-10-22,26,PRORROGADO,2026-09-29T13:02:56-03:00,0
PRZ002769,EXP002622,PGR-00021450/2026,DOCUMENTO,CIVINT/STIC,RESPOSTA,2026-09-08,2026-09-09,1,ABERTO,,28
PRZ002770,EXP002623,PGR-00011486/2026,DOCUMENTO,CIVINT/STIC,RESPOSTA,2026-10-01,2026-10-13,12,ABERTO,,0
PRZ002771,EXP002624,PGR-00015225/2026,DOCUMENTO,CIVINT/STIC,RESPOSTA,2026-09-03,2026-11-01,59,ABERTO,,0
PRZ002772,EXP002625,PGR-00081801/2026,DOCUMENTO,CIVINT/STIC,RESPOSTA,2026-09-25,2026-11-12,48,ABERTO,,0
PRZ002773,EXP002626,PGR-00004235/2026,DOCUMENTO,CIVINT/STIC,RESPOSTA,2026-09-24,2026-10-27,33,ABERTO,,0
PRZ002774,EXP002626,PGR-00004235/2026,DOCUMENTO,CIVINT/STIC,RESPOSTA,2026-09-24,2026-10-08,14,PRORROGADO,2026-09-30T03:08:41-03:00,0
PRZ002775,EXP002627,PGR-00054441/2026,DOCUMENTO,CIVINT/STIC,RESPOSTA,2026-08-31,2026-11-22,83,ABERTO,,0
PRZ002776,EXP002628,PGR-00013066/2026,DOCUMENTO,CIVINT/STIC,RESPOSTA,2026-06-28,2026-12-01,156,ABERTO,,0
PRZ002777,EXP002629,PGR-00003535/2026,DOCUMENTO,CIVINT/STIC,RESPOSTA,2026-08-30,2026-12-14,106,ABERTO,,0
PRZ002778,EXP002630,PGR-00076521/2026,DOCUMENTO,CIVINT/STIC,RESPOSTA,2026-09-21,2026-09-22,1,ABERTO,,15
PRZ002779,EXP002631,PGR-00010715/2026,DOCUMENTO,CIVINT/STIC,RESPOSTA,2026-06-03,2026-10-31,150,ABERTO,,0
PRZ002780,EXP002632,PGR-00085476/2026,DOCUMENTO,CIVINT/STIC,RESPOSTA,2026-09-25,2026-09-26,1,ABERTO,,11
PRZ002781,EXP002633,PGR-00040463/2026,DOCUMENTO,CIVINT/STIC,RESPOSTA,2026-08-20,2026-10-20,61,ABERTO,,0
PRZ002782,EXP002634,PGR-00077121/2026,DOCUMENTO,CIVINT/STIC,RESPOSTA,2026-07-15,2026-11-26,134,ABERTO,,0
PRZ002783,EXP002635,PGR-00073118/2026,DOCUMENTO,CIVINT/STIC,RESPOSTA,2026-05-12,2026-12-02,204,ABERTO,,0
PRZ002784,EXP002636,PGR-00091070/2026,DOCUMENTO,CIVINT/STIC,RESPOSTA,2026-09-12,2026-09-26,14,ABERTO,,11
PRZ002785,EXP002637,PGR-00054809/2026,DOCUMENTO,CIVINT/STIC,RESPOSTA,2026-07-27,2026-12-14,140,ABERTO,,0
PRZ002786,EXP002637,PGR-00054809/2026,DOCUMENTO,CIVINT/STIC,RESPOSTA,2026-07-27,2026-12-03,129,PRORROGADO,2026-09-30T09:14:35-03:00,0
PRZ002787,EXP002638,PGR-00043171/2026,DOCUMENTO,CIVINT/STIC,RESPOSTA,2026-09-01,2026-11-23,83,ABERTO,,0
PRZ002788,EXP002639,PGR-00074910/2026,DOCUMENTO,CIVINT/STIC,RESPOSTA,2026-09-20,2026-10-29,39,ABERTO,,0
PRZ002789,EXP002640,PGR-00067544/2026,DOCUMENTO,CIVINT/STIC,RESPOSTA,2026-05-30,2026-12-01,185,ABERTO,,0
PRZ002790,EXP002641,PGR-00065415/2026,DOCUMENTO,CIVINT/STIC,RESPOSTA,2026-08-18,2026-12-19,123,ABERTO,,0
PRZ002791,EXP002642,PGR-00097088/2026,DOCUMENTO,CIVINT/STIC,RESPOSTA,2026-09-28,2026-12-20,83,ABERTO,,0
PRZ002792,EXP002643,PGR-00064040/2026,DOCUMENTO,CIVINT/STIC,RESPOSTA,2026-09-24,2026-12-26,93,ABERTO,,0
PRZ002793,EXP002644,PGR-00000670/2026,DOCUMENTO,CIVINT/STIC,RESPOSTA,2026-10-07,2026-10-30,23,ABERTO,,0
PRZ002794,EXP002645,PGR-00020649/2026,DOCUMENTO,CIVINT/STIC,RESPOSTA,2026-09-26,2026-09-27,1,ABERTO,,10
PRZ002795,EXP002646,PGR-00031403/2026,DOCUMENTO,CIVINT/STIC,RESPOSTA,2026-09-20,2026-10-12,22,ABERTO,,0
PRZ002796,EXP002647,PGR-00062553/2026,DOCUMENTO,CIVINT/STIC,RESPOSTA,2026-09-01,2026-11-17,77,ABERTO,,0
PRZ002797,EXP002648,PGR-00009557/2026,DOCUMENTO,CIVINT/STIC,RESPOSTA,2026-09-24,2026-10-16,22,ABERTO,,0
PRZ002798,EXP002649,PGR-00005627/2026,DOCUMENTO,CIVINT/STIC,RESPOSTA,2026-10-06,2026-11-08,33,ABERTO,,0
PRZ002799,EXP002650,PGR-00003363/2026,DOCUMENTO,CIVINT/STIC,RESPOSTA,2026-07-07,2026-11-12,128,ABERTO,,0
PRZ002800,EXP002651,PGR-00039635/2026,DOCUMENTO,CIVINT/STIC,RESPOSTA,2026-08-26,2026-10-25,60,ABERTO,,0
PRZ002801,EXP002652,PGR-00080887/2026,DOCUMENTO,CIVINT/STIC,RESPOSTA,2026-07-31,2026-11-23,115,ABERTO,,0
PRZ002802,EXP002653,PGR-00063591/2026,DOCUMENTO,CIVINT/STIC,RESPOSTA,2026-09-16,2026-10-10,24,ABERTO,,0
PRZ002803,EXP002654,PGR-00053349/2026,DOCUMENTO,CIVINT/STIC,RESPOSTA,2026-09-22,2026-11-30,69,ABERTO,,0
PRZ002804,EXP002655,PGR-00028856/2026,DOCUMENTO,CIVINT/STIC,RESPOSTA,2026-10-04,2026-12-14,71,ABERTO,,0
PRZ002805,EXP002656,PGR-00078271/2026,DOCUMENTO,CIVINT/STIC,RESPOSTA,2026-08-24,2026-10-26,63,ABERTO,,0
PRZ002806,EXP002657,PGR-00053420/2026,DOCUMENTO,CIVINT/STIC,RESPOSTA,2026-10-07,2026-12-20,74,ABERTO,,0
PRZ002807,EXP002658,PGR-00037583/2026,DOCUMENTO,CIVINT/STIC,RESPOSTA,2026-07-16,2026-10-15,91,ABERTO,,0
PRZ002808,EXP002659,PGR-00059878/2026,DOCUMENTO,CIVINT/STIC,RESPOSTA,2026-10-01,2026-11-17,47,ABERTO,,0
PRZ002809,EXP002660,PGR-00064563/2026,DOCUMENTO,CIVINT/STIC,RESPOSTA,2026-10-01,2026-12-07,67,ABERTO,,0
PRZ002810,EXP002661,PGR-00024375/2026,DOCUMENTO,CIVINT/STIC,RESPOSTA,2026-10-06,2026-10-14,8,ABERTO,,0
PRZ002811,EXP002662,PGR-00030683/2026,DOCUMENTO,CIVINT/STIC,RESPOSTA,2026-09-04,2026-09-27,23,ABERTO,,10
PRZ002812,EXP002663,PGR-00029707/2026,DOCUMENTO,CIVINT/STIC,RESPOSTA,2026-06-03,2026-09-10,99,ABERTO,,27
PRZ002813,EXP002664,PGR-00052610/2026,DOCUMENTO,CIVINT/STIC,RESPOSTA,2026-09-17,2026-12-18,92,ABERTO,,0
PRZ002814,EXP002665,PGR-00075735/2026,DOCUMENTO,CIVINT/STIC,RESPOSTA,2026-09-28,2026-09-29,1,ABERTO,,8
PRZ002815,EXP002666,PGR-00083329/2026,DOCUMENTO,CIVINT/STIC,RESPOSTA,2026-10-07,2026-10-08,1,ABERTO,,0
PRZ002816,EXP002667,PGR-00010567/2026,DOCUMENTO,CIVINT/STIC,RESPOSTA,2026-09-30,2026-11-30,61,ABERTO,,0
PRZ002817,EXP002668,PGR-00006995/2026,DOCUMENTO,CIVINT/STIC,RESPOSTA,2026-10-02,2026-10-12,10,ABERTO,,0
PRZ002818,EXP002669,PGR-00097811/2026,DOCUMENTO,CIVINT/STIC,RESPOSTA,2026-10-01,2026-10-12,11,ABERTO,,0
PRZ002819,EXP002670,PGR-00020350/2026,DOCUMENTO,CIVINT/STIC,RESPOSTA,2026-10-01,2026-10-11,10,ABERTO,,0
PRZ002820,EXP002671,PGR-00063423/2026,DOCUMENTO,CIVINT/STIC,RESPOSTA,2026-10-06,2026-10-07,1,ABERTO,,0
PRZ002821,EXP002672,PGR-00095912/2026,DOCUMENTO,CIVINT/STIC,RESPOSTA,2026-09-01,2026-10-25,54,ABERTO,,0
PRZ002822,EXP002673,PGR-00076461/2026,DOCUMENTO,CIVINT/STIC,RESPOSTA,2026-10-01,2026-12-29,89,ABERTO,,0
PRZ002823,EXP002674,PGR-00078934/2026,DOCUMENTO,CIVINT/STIC,RESPOSTA,2026-09-28,2026-09-29,1,ABERTO,,8
PRZ002824,EXP002675,PGR-00097871/2026,DOCUMENTO,CIVINT/STIC,RESPOSTA,2026-09-16,2026-10-14,28,ABERTO,,0
PRZ002825,EXP002676,PGR-00013666/2026,DOCUMENTO,CIVINT/STIC,RESPOSTA,2026-09-18,2026-10-04,16,ABERTO,,3
PRZ002826,EXP002677,PGR-00048250/2026,DOCUMENTO,CIVINT/STIC,RESPOSTA,2026-07-02,2026-11-06,127,ABERTO,,0
PRZ002827,EXP002678,PGR-00094719/2026,DOCUMENTO,CIVINT/STIC,RESPOSTA,2026-09-11,2026-12-30,110,ABERTO,,0
PRZ002828,EXP002679,PGR-00051898/2026,DOCUMENTO,CIVINT/STIC,RESPOSTA,2026-09-21,2026-12-12,82,ABERTO,,0
PRZ002829,EXP002680,PGR-00011001/2026,DOCUMENTO,CIVINT/STIC,RESPOSTA,2026-08-21,2026-12-18,119,ABERTO,,0
PRZ002830,EXP002681,PGR-00011094/2026,DOCUMENTO,CIVINT/STIC,RESPOSTA,2026-09-30,2026-12-07,68,ABERTO,,0
PRZ002831,EXP002682,PGR-00086186/2026,DOCUMENTO,CIVINT/STIC,RESPOSTA,2026-09-19,2026-10-28,39,ABERTO,,0
PRZ002832,EXP002683,PGR-00058263/2026,DOCUMENTO,CIVINT/STIC,RESPOSTA,2026-08-21,2026-10-10,50,ABERTO,,0
PRZ002833,EXP002684,PGR-00065752/2026,DOCUMENTO,CIVINT/STIC,RESPOSTA,2026-09-24,2026-10-14,20,ABERTO,,0
PRZ002834,EXP002685,PGR-00087261/2026,DOCUMENTO,CIVINT/STIC,RESPOSTA,2026-09-28,2026-10-08,10,ABERTO,,0
PRZ002835,EXP002686,PGR-00001337/2026,DOCUMENTO,CIVINT/STIC,RESPOSTA,2026-09-21,2026-10-07,16,ABERTO,,0
PRZ002836,EXP002687,PGR-00074848/2026,DOCUMENTO,CIVINT/STIC,RESPOSTA,2026-08-24,2026-12-03,101,ABERTO,,0
PRZ002837,EXP002688,PGR-00076399/2026,DOCUMENTO,CIVINT/STIC,RESPOSTA,2026-09-11,2026-09-13,2,ABERTO,,24
PRZ002838,EXP002689,PGR-00031117/2026,DOCUMENTO,CIVINT/STIC,RESPOSTA,2026-09-26,2026-10-14,18,ABERTO,,0
PRZ002839,EXP002690,PGR-00015963/2026,DOCUMENTO,CIVINT/STIC,RESPOSTA,2026-09-27,2026-12-27,91,ABERTO,,0
PRZ002840,EXP002691,PGR-00000018/2026,DOCUMENTO,CIVINT/STIC,RESPOSTA,2026-10-07,2026-11-03,27,ABERTO,,0
PRZ002841,EXP002692,PGR-00000601/2026,DOCUMENTO,CIVINT/STIC,RESPOSTA,2026-10-05,2026-10-14,9,ABERTO,,0
PRZ002842,EXP002693,PGR-00071890/2026,DOCUMENTO,CIVINT/STIC,RESPOSTA,2026-08-04,2026-10-09,66,ABERTO,,0
PRZ002843,EXP002693,PGR-00071890/2026,DOCUMENTO,CIVINT/STIC,RESPOSTA,2026-08-04,2026-09-27,54,PRORROGADO,2026-08-22T05:22:10-03:00,0
PRZ002844,EXP002694,PGR-00027688/2026,DOCUMENTO,CIVINT/STIC,RESPOSTA,2026-09-30,2026-10-08,8,ABERTO,,0
PRZ002845,EXP002695,PGR-00035207/2025,DOCUMENTO,CIVINT/STIC,RESPOSTA,2025-10-02,2027-01-05,460,ABERTO,,0
PRZ002846,EXP002696,PGR-00024559/2026,DOCUMENTO,CIVINT/STIC,RESPOSTA,2026-09-05,2026-10-11,36,ABERTO,,0
PRZ002847,EXP002697,PGR-00017824/2026,DOCUMENTO,CIVINT/STIC,RESPOSTA,2026-09-02,2026-11-10,69,ABERTO,,0
PRZ002848,EXP002698,PGR-00057479/2026,DOCUMENTO,CIVINT/STIC,RESPOSTA,2026-09-16,2026-10-07,21,ABERTO,,0
PRZ002849,EXP002699,PGR-00042781/2026,DOCUMENTO,CIVINT/STIC,RESPOSTA,2026-08-06,2026-09-17,42,ABERTO,,20
PRZ002850,EXP002700,PGR-00055138/2026,DOCUMENTO,CIVINT/STIC,RESPOSTA,2026-10-01,2026-11-07,37,ABERTO,,0
PRZ002851,EXP002701,PGR-00083510/2026,DOCUMENTO,CIVINT/STIC,RESPOSTA,2026-09-25,2026-11-01,37,ABERTO,,0
PRZ002852,EXP002702,PGR-00031242/2026,DOCUMENTO,CIVINT/STIC,RESPOSTA,2026-10-06,2026-10-10,4,ABERTO,,0
PRZ002853,EXP002703,PGR-00003491/2026,DOCUMENTO,CIVINT/STIC,RESPOSTA,2026-09-27,2026-11-20,54,ABERTO,,0
PRZ002854,EXP002704,PGR-00097487/2026,DOCUMENTO,CIVINT/STIC,RESPOSTA,2026-08-22,2026-11-20,90,ABERTO,,0
PRZ002855,EXP002705,PGR-00026058/2026,DOCUMENTO,CIVINT/STIC,RESPOSTA,2026-10-04,2026-10-13,9,ABERTO,,0
PRZ002856,EXP002706,PGR-00091675/2026,DOCUMENTO,CIVINT/STIC,RESPOSTA,2026-09-21,2026-12-10,80,ABERTO,,0
PRZ002857,EXP002707,PGR-00044295/2026,DOCUMENTO,CIVINT/STIC,RESPOSTA,2026-09-20,2026-09-28,8,ABERTO,,9
PRZ002858,EXP002708,PGR-00045613/2026,DOCUMENTO,CIVINT/STIC,RESPOSTA,2026-09-26,2026-10-09,13,ABERTO,,0
PRZ002859,EXP002709,PGR-00000598/2026,DOCUMENTO,CIVINT/STIC,RESPOSTA,2026-06-26,2026-10-10,106,ABERTO,,0
PRZ002860,EXP002710,PGR-00007572/2026,DOCUMENTO,CIVINT/STIC,RESPOSTA,2026-10-07,2026-11-20,44,ABERTO,,0
PRZ002861,EXP002711,PGR-00075415/2026,DOCUMENTO,CIVINT/STIC,RESPOSTA,2026-09-20,2026-10-14,24,ABERTO,,0
PRZ002862,EXP002712,PGR-00071221/2026,DOCUMENTO,CIVINT/STIC,RESPOSTA,2026-07-20,2026-10-13,85,ABERTO,,0
PRZ002863,EXP002713,PGR-00052641/2026,DOCUMENTO,CIVINT/STIC,RESPOSTA,2026-08-10,2026-09-17,38,ABERTO,,20
PRZ002864,EXP002714,PGR-00085102/2026,DOCUMENTO,CIVINT/STIC,RESPOSTA,2026-09-12,2026-12-24,103,ABERTO,,0
PRZ002865,EXP002715,PGR-00061006/2026,DOCUMENTO,CIVINT/STIC,RESPOSTA,2026-07-05,2026-08-23,49,ABERTO,,45
PRZ002866,EXP002716,PGR-00006865/2026,DOCUMENTO,CIVINT/STIC,RESPOSTA,2026-09-25,2026-12-16,82,ABERTO,,0
PRZ002867,EXP002716,PGR-00006865/2026,DOCUMENTO,CIVINT/STIC,RESPOSTA,2026-09-25,2026-12-05,71,PRORROGADO,2026-09-28T16:28:19-03:00,0
PRZ002868,EXP002717,PGR-00034701/2026,DOCUMENTO,CIVINT/STIC,RESPOSTA,2026-09-24,2026-10-31,37,ABERTO,,0
PRZ002869,EXP002718,PGR-00089153/2026,DOCUMENTO,CIVINT/STIC,RESPOSTA,2026-10-07,2026-10-08,1,ABERTO,,0
PRZ002870,EXP002719,PGR-00099187/2026,DOCUMENTO,CIVINT/STIC,RESPOSTA,2026-09-29,2026-11-14,46,ABERTO,,0
PRZ002871,EXP002720,PGR-00097315/2026,DOCUMENTO,CIVINT/STIC,RESPOSTA,2026-09-02,2026-12-01,90,ABERTO,,0
PRZ002872,EXP002720,PGR-00097315/2026,DOCUMENTO,CIVINT/STIC,RESPOSTA,2026-09-02,2026-11-14,73,PRORROGADO,2026-10-03T15:37:30-03:00,0
PRZ002873,EXP002721,PGR-00058308/2026,DOCUMENTO,CIVINT/STIC,RESPOSTA,2026-10-07,2026-10-24,17,ABERTO,,0
PRZ002874,EXP002722,PGR-00073882/2026,DOCUMENTO,CIVINT/STIC,RESPOSTA,2026-09-18,2026-10-08,20,ABERTO,,0
PRZ002875,EXP002723,PGR-00029110/2026,DOCUMENTO,CIVINT/STIC,RESPOSTA,2026-09-23,2026-09-24,1,ABERTO,,13
PRZ002876,EXP002724,PGR-00087666/2026,DOCUMENTO,CIVINT/STIC,RESPOSTA,2026-09-14,2027-01-01,109,ABERTO,,0
PRZ002877,EXP002725,PGR-00020156/2026,DOCUMENTO,CIVINT/STIC,RESPOSTA,2026-09-27,2026-11-27,61,ABERTO,,0
PRZ002878,EXP002726,PGR-00020581/2026,DOCUMENTO,CIVINT/STIC,RESPOSTA,2026-09-28,2026-10-15,17,ABERTO,,0
PRZ002879,EXP002727,PGR-00009415/2026,DOCUMENTO,CIVINT/STIC,RESPOSTA,2026-08-17,2026-12-06,111,ABERTO,,0
PRZ002880,EXP002728,PGR-00008885/2026,DOCUMENTO,CIVINT/STIC,RESPOSTA,2026-09-29,2026-12-24,86,ABERTO,,0
PRZ002881,EXP002729,PGR-00086319/2026,DOCUMENTO,CIVINT/STIC,RESPOSTA,2026-10-04,2026-11-16,43,ABERTO,,0
PRZ002882,EXP002730,PGR-00065785/2026,DOCUMENTO,CIVINT/STIC,RESPOSTA,2026-09-19,2026-10-12,23,ABERTO,,0
PRZ002883,EXP002731,PGR-00001327/2026,DOCUMENTO,CIVINT/STIC,RESPOSTA,2026-10-03,2026-11-22,50,ABERTO,,0
PRZ002884,EXP002732,PGR-00069417/2026,DOCUMENTO,CIVINT/STIC,RESPOSTA,2026-10-07,2026-10-31,24,ABERTO,,0
PRZ002885,EXP002733,PGR-00011963/2026,DOCUMENTO,CIVINT/STIC,RESPOSTA,2026-10-03,2026-12-10,68,ABERTO,,0
PRZ002886,EXP002734,PGR-00066788/2026,DOCUMENTO,CIVINT/STIC,RESPOSTA,2026-09-07,2026-09-08,1,ABERTO,,29
PRZ002887,EXP002735,PGR-00005973/2026,DOCUMENTO,CIVINT/STIC,RESPOSTA,2026-09-22,2026-10-10,18,ABERTO,,0
PRZ002888,EXP002736,PGR-00050540/2026,DOCUMENTO,CIVINT/STIC,RESPOSTA,2026-02-01,2026-10-09,250,ABERTO,,0
PRZ002889,EXP002737,PGR-00098627/2026,DOCUMENTO,CIVINT/STIC,RESPOSTA,2026-09-28,2026-10-10,12,ABERTO,,0
PRZ002890,EXP002737,PGR-00098627/2026,DOCUMENTO,CIVINT/STIC,RESPOSTA,2026-09-28,2026-10-04,6,PRORROGADO,2026-10-02T16:09:47-03:00,0
PRZ002891,EXP002738,PGR-00079543/2026,DOCUMENTO,CIVINT/STIC,RESPOSTA,2026-03-08,2026-10-09,215,ABERTO,,0
PRZ002892,EXP002739,PGR-00079965/2026,DOCUMENTO,CIVINT/STIC,RESPOSTA,2026-10-06,2026-12-11,66,ABERTO,,0
PRZ002893,EXP002740,PGR-00017656/2026,DOCUMENTO,CIVINT/STIC,RESPOSTA,2026-08-24,2026-12-21,119,ABERTO,,0
PRZ002894,EXP002740,PGR-00017656/2026,DOCUMENTO,CIVINT/STIC,RESPOSTA,2026-08-24,2026-12-05,103,PRORROGADO,2026-09-17T02:16:50-03:00,0
PRZ002895,EXP002741,PGR-00083636/2026,DOCUMENTO,CIVINT/STIC,RESPOSTA,2026-09-23,2026-11-21,59,ABERTO,,0
PRZ002896,EXP002742,PGR-00030682/2026,DOCUMENTO,CIVINT/STIC,RESPOSTA,2026-08-02,2026-11-08,98,ABERTO,,0
PRZ002897,EXP002743,PGR-00040281/2026,DOCUMENTO,CIVINT/STIC,RESPOSTA,2026-09-21,2026-12-03,73,ABERTO,,0
PRZ002898,EXP002744,PGR-00083977/2026,DOCUMENTO,CIVINT/STIC,RESPOSTA,2026-04-09,2026-10-11,185,ABERTO,,0
PRZ002899,EXP002745,PGR-00029162/2026,DOCUMENTO,CIVINT/STIC,RESPOSTA,2026-09-10,2026-11-12,63,ABERTO,,0
PRZ002900,EXP002746,PGR-00098704/2026,DOCUMENTO,CIVINT/STIC,RESPOSTA,2026-09-14,2026-11-04,51,ABERTO,,0
PRZ002901,EXP002747,PGR-00044312/2026,DOCUMENTO,CIVINT/STIC,RESPOSTA,2026-07-14,2026-10-14,92,ABERTO,,0
PRZ002902,EXP002748,PGR-00063795/2026,DOCUMENTO,CIVINT/STIC,RESPOSTA,2026-08-16,2026-10-14,59,ABERTO,,0
PRZ002903,EXP002749,PGR-00015538/2026,DOCUMENTO,CIVINT/STIC,RESPOSTA,2026-09-04,2026-10-13,39,ABERTO,,0
PRZ002904,EXP002749,PGR-00015538/2026,DOCUMENTO,CIVINT/STIC,RESPOSTA,2026-09-04,2026-10-07,33,PRORROGADO,2026-09-16T14:12:03-03:00,0
PRZ002905,EXP002750,PGR-00044098/2026,DOCUMENTO,CIVINT/STIC,RESPOSTA,2026-09-17,2026-11-15,59,ABERTO,,0
PRZ002906,EXP002751,PGR-00079129/2026,DOCUMENTO,CIVINT/STIC,RESPOSTA,2026-09-19,2026-12-13,85,ABERTO,,0
PRZ002907,EXP002752,PGR-00091930/2026,DOCUMENTO,CIVINT/STIC,RESPOSTA,2026-09-23,2026-09-24,1,ABERTO,,13
PRZ002908,EXP002753,PGR-00042111/2026,DOCUMENTO,CIVINT/STIC,RESPOSTA,2026-09-06,2026-12-19,104,ABERTO,,0
PRZ002909,EXP002753,PGR-00042111/2026,DOCUMENTO,CIVINT/STIC,RESPOSTA,2026-09-06,2026-12-12,97,PRORROGADO,2026-09-23T01:40:14-03:00,0
PRZ002910,EXP002754,PGR-00036667/2026,DOCUMENTO,CIVINT/STIC,RESPOSTA,2026-09-04,2027-01-05,123,ABERTO,,0
PRZ002911,EXP002755,PGR-00062590/2026,DOCUMENTO,CIVINT/STIC,RESPOSTA,2026-10-02,2026-12-21,80,ABERTO,,0
PRZ002912,EXP002756,PGR-00024780/2026,DOCUMENTO,CIVINT/STIC,RESPOSTA,2026-08-21,2026-10-11,51,ABERTO,,0
PRZ002913,EXP002757,PGR-00086473/2026,DOCUMENTO,CIVINT/STIC,RESPOSTA,2026-10-05,2026-10-06,1,ABERTO,,1
PRZ002914,EXP002758,PGR-00075417/2026,DOCUMENTO,CIVINT/STIC,RESPOSTA,2026-09-21,2026-09-22,1,ABERTO,,15
PRZ002915,EXP002759,PGR-00015978/2026,DOCUMENTO,CIVINT/STIC,RESPOSTA,2026-09-23,2026-09-24,1,ABERTO,,13
PRZ002916,EXP002760,PGR-00013496/2026,DOCUMENTO,CIVINT/STIC,RESPOSTA,2026-09-11,2026-12-13,93,ABERTO,,0
PRZ002917,EXP002761,PGR-00054244/2026,DOCUMENTO,CIVINT/STIC,RESPOSTA,2026-09-24,2026-09-25,1,ABERTO,,12
PRZ002918,EXP002762,PGR-00091095/2026,DOCUMENTO,CIVINT/STIC,RESPOSTA,2026-09-06,2026-10-11,35,ABERTO,,0
PRZ002919,EXP002762,PGR-00091095/2026,DOCUMENTO,CIVINT/STIC,RESPOSTA,2026-09-06,2026-10-04,28,PRORROGADO,2026-09-16T11:39:20-03:00,0
PRZ002920,EXP002763,PGR-00068933/2026,DOCUMENTO,CIVINT/STIC,RESPOSTA,2026-10-04,2026-12-21,78,ABERTO,,0
PRZ002921,EXP002764,PGR-00068038/2026,DOCUMENTO,CIVINT/STIC,RESPOSTA,2026-08-25,2026-10-13,49,ABERTO,,0
PRZ002922,EXP002764,PGR-00068038/2026,DOCUMENTO,CIVINT/STIC,RESPOSTA,2026-08-25,2026-09-30,36,PRORROGADO,2026-10-04T06:23:32-03:00,0
PRZ002923,EXP002765,PGR-00060851/2026,DOCUMENTO,CIVINT/STIC,RESPOSTA,2026-09-13,2026-11-08,56,ABERTO,,0
PRZ002924,EXP002765,PGR-00060851/2026,DOCUMENTO,CIVINT/STIC,RESPOSTA,2026-09-13,2026-10-28,45,PRORROGADO,2026-09-17T06:56:51-03:00,0
PRZ002925,EXP002766,PGR-00085677/2026,DOCUMENTO,CIVINT/STIC,RESPOSTA,2026-09-27,2026-10-16,19,ABERTO,,0
PRZ002926,EXP002767,PGR-00017271/2026,DOCUMENTO,CIVINT/STIC,RESPOSTA,2026-09-16,2026-12-09,84,ABERTO,,0
PRZ002927,EXP002768,PGR-00030307/2026,DOCUMENTO,CIVINT/STIC,RESPOSTA,2026-10-05,2027-01-02,89,ABERTO,,0
PRZ002928,EXP002769,PGR-00054716/2026,DOCUMENTO,CIVINT/STIC,RESPOSTA,2026-08-11,2026-11-28,109,ABERTO,,0
PRZ002929,EXP002770,PGR-00015572/2026,DOCUMENTO,CIVINT/STIC,RESPOSTA,2026-08-28,2026-12-02,96,ABERTO,,0
PRZ002930,EXP002771,PGR-00015787/2026,DOCUMENTO,CIVINT/STIC,RESPOSTA,2026-10-06,2026-10-07,1,ABERTO,,0
PRZ002931,EXP002772,PGR-00095003/2026,DOCUMENTO,CIVINT/STIC,RESPOSTA,2026-10-05,2026-12-17,73,ABERTO,,0
PRZ002932,EXP002773,PGR-00094245/2026,DOCUMENTO,CIVINT/STIC,RESPOSTA,2026-09-23,2026-11-18,56,ABERTO,,0
PRZ002933,EXP002774,PGR-00017047/2026,DOCUMENTO,CIVINT/STIC,RESPOSTA,2026-10-06,2026-11-14,39,ABERTO,,0
PRZ002934,EXP002775,PGR-00034895/2026,DOCUMENTO,CIVINT/STIC,RESPOSTA,2026-10-01,2026-10-09,8,ABERTO,,0
PRZ002935,EXP002776,PGR-00037882/2026,DOCUMENTO,CIVINT/STIC,RESPOSTA,2026-06-19,2026-10-07,110,ABERTO,,0
PRZ002936,EXP002777,PGR-00083963/2026,DOCUMENTO,CIVINT/STIC,RESPOSTA,2026-10-01,2026-10-08,7,ABERTO,,0
PRZ002937,EXP002778,PGR-00006081/2026,DOCUMENTO,CIVINT/STIC,RESPOSTA,2026-09-09,2026-10-11,32,ABERTO,,0
PRZ002938,EXP002779,PGR-00045147/2026,DOCUMENTO,CIVINT/STIC,RESPOSTA,2026-07-29,2026-10-12,75,ABERTO,,0
PRZ002939,EXP002779,PGR-00045147/2026,DOCUMENTO,CIVINT/STIC,RESPOSTA,2026-07-29,2026-09-23,56,PRORROGADO,2026-08-14T11:04:16-03:00,0
PRZ002940,EXP002780,PGR-00086462/2026,DOCUMENTO,CIVINT/STIC,RESPOSTA,2026-09-09,2026-10-10,31,ABERTO,,0
PRZ002941,EXP002781,PGR-00013025/2026,DOCUMENTO,CIVINT/STIC,RESPOSTA,2026-09-10,2026-11-01,52,ABERTO,,0
PRZ002942,EXP002782,PGR-00021792/2026,DOCUMENTO,CIVINT/STIC,RESPOSTA,2026-07-21,2026-10-08,79,ABERTO,,0
PRZ002943,EXP002783,PGR-00025939/2026,DOCUMENTO,CIVINT/STIC,RESPOSTA,2026-09-25,2026-10-09,14,ABERTO,,0
PRZ002944,EXP002784,PGR-00008816/2026,DOCUMENTO,CIVINT/STIC,RESPOSTA,2026-09-04,2026-11-19,76,ABERTO,,0
PRZ002945,EXP002785,PGR-00030929/2026,DOCUMENTO,CIVINT/STIC,RESPOSTA,2026-09-20,2026-10-14,24,ABERTO,,0
PRZ002946,EXP002786,PGR-00083697/2026,DOCUMENTO,CIVINT/STIC,RESPOSTA,2026-10-03,2026-11-16,44,ABERTO,,0
PRZ002947,EXP002787,PGR-00063245/2026,DOCUMENTO,CIVINT/STIC,RESPOSTA,2026-09-21,2026-09-22,1,ABERTO,,15
PRZ002948,EXP002788,PGR-00065212/2026,DOCUMENTO,CIVINT/STIC,RESPOSTA,2026-10-07,2026-10-11,4,ABERTO,,0
PRZ002949,EXP002789,PGR-00051788/2026,DOCUMENTO,CIVINT/STIC,RESPOSTA,2026-08-12,2026-11-26,106,ABERTO,,0
PRZ002950,EXP002790,PGR-00044282/2026,DOCUMENTO,CIVINT/STIC,RESPOSTA,2026-08-10,2026-10-12,63,ABERTO,,0
PRZ002951,EXP002791,PGR-00096486/2026,DOCUMENTO,CIVINT/STIC,RESPOSTA,2026-09-06,2026-12-03,88,ABERTO,,0
PRZ002952,EXP002792,PGR-00034762/2026,DOCUMENTO,CIVINT/STIC,RESPOSTA,2026-09-30,2026-10-15,15,ABERTO,,0
PRZ002953,EXP002793,PGR-00018643/2026,DOCUMENTO,CIVINT/STIC,RESPOSTA,2026-10-02,2026-11-23,52,ABERTO,,0
PRZ002954,EXP002794,PGR-00022296/2026,DOCUMENTO,CIVINT/STIC,RESPOSTA,2026-07-14,2026-10-07,85,ABERTO,,0
PRZ002955,EXP002795,PGR-00085568/2026,DOCUMENTO,CIVINT/STIC,RESPOSTA,2026-09-05,2026-11-14,70,ABERTO,,0
PRZ002956,EXP002796,PGR-00077157/2026,DOCUMENTO,CIVINT/STIC,RESPOSTA,2026-09-29,2026-10-09,10,ABERTO,,0
PRZ002957,EXP002797,PGR-00050973/2026,DOCUMENTO,CIVINT/STIC,RESPOSTA,2026-09-15,2026-12-23,99,ABERTO,,0
PRZ002958,EXP002798,PGR-00041962/2026,DOCUMENTO,CIVINT/STIC,RESPOSTA,2026-09-09,2026-10-08,29,ABERTO,,0
PRZ002959,EXP002799,PGR-00088645/2026,DOCUMENTO,CIVINT/STIC,RESPOSTA,2026-09-14,2026-12-26,103,ABERTO,,0
PRZ002960,EXP002800,PGR-00018106/2026,DOCUMENTO,CIVINT/STIC,RESPOSTA,2026-09-18,2026-12-24,97,ABERTO,,0
PRZ002961,EXP002801,PGR-00034973/2026,DOCUMENTO,CIVINT/STIC,RESPOSTA,2026-09-10,2026-11-05,56,ABERTO,,0
PRZ002962,EXP002802,PGR-00013118/2026,DOCUMENTO,CIVINT/STIC,RESPOSTA,2026-10-02,2026-11-27,56,ABERTO,,0
PRZ002963,EXP002802,PGR-00013118/2026,DOCUMENTO,CIVINT/STIC,RESPOSTA,2026-10-02,2026-11-21,50,PRORROGADO,2026-10-03T21:54:03-03:00,0
PRZ002964,EXP002803,PGR-00086158/2026,DOCUMENTO,CIVINT/STIC,RESPOSTA,2026-10-06,2026-10-10,4,ABERTO,,0
PRZ002965,EXP002804,PGR-00031551/2026,DOCUMENTO,CIVINT/STIC,RESPOSTA,2026-10-05,2026-12-09,65,ABERTO,,0
PRZ002966,EXP002805,PGR-00023657/2026,DOCUMENTO,CIVINT/STIC,RESPOSTA,2026-10-04,2026-11-22,49,ABERTO,,0
PRZ002967,EXP002806,PGR-00091515/2026,DOCUMENTO,CIVINT/STIC,RESPOSTA,2026-09-27,2026-10-29,32,ABERTO,,0
PRZ002968,EXP002807,PGR-00070578/2026,DOCUMENTO,CIVINT/STIC,RESPOSTA,2026-10-05,2026-11-14,40,ABERTO,,0
PRZ002969,EXP002808,PGR-00056457/2026,DOCUMENTO,CIVINT/STIC,RESPOSTA,2026-09-01,2026-10-09,38,ABERTO,,0
PRZ002970,EXP002809,PGR-00069438/2026,DOCUMENTO,CIVINT/STIC,RESPOSTA,2026-09-18,2026-10-08,20,ABERTO,,0
PRZ002971,EXP002810,PGR-00099820/2026,DOCUMENTO,CIVINT/STIC,RESPOSTA,2026-09-30,2026-10-11,11,ABERTO,,0
PRZ002972,EXP002811,PGR-00020293/2026,DOCUMENTO,CIVINT/STIC,RESPOSTA,2026-09-17,2026-10-13,26,ABERTO,,0
PRZ002973,EXP002812,PGR-00031446/2026,DOCUMENTO,CIVINT/STIC,RESPOSTA,2026-10-07,2026-10-12,5,ABERTO,,0
PRZ002974,EXP002813,PGR-00003792/2026,DOCUMENTO,CIVINT/STIC,RESPOSTA,2026-10-02,2026-10-11,9,ABERTO,,0
PRZ002975,EXP002814,PGR-00092448/2026,DOCUMENTO,CIVINT/STIC,RESPOSTA,2026-10-05,2026-10-06,1,ABERTO,,1
PRZ002976,EXP002815,PGR-00036776/2026,DOCUMENTO,CIVINT/STIC,RESPOSTA,2026-06-28,2026-10-08,102,ABERTO,,0
PRZ002977,EXP002816,PGR-00045626/2026,DOCUMENTO,CIVINT/STIC,RESPOSTA,2026-09-28,2026-12-19,82,ABERTO,,0
PRZ002978,EXP002817,PGR-00055003/2026,DOCUMENTO,CIVINT/STIC,RESPOSTA,2026-10-07,2027-01-03,88,ABERTO,,0
PRZ002979,EXP002818,PGR-00011123/2026,DOCUMENTO,CIVINT/STIC,RESPOSTA,2026-07-25,2026-12-09,137,ABERTO,,0
PRZ002980,EXP002819,PGR-00018278/2026,DOCUMENTO,CIVINT/STIC,RESPOSTA,2026-08-13,2026-12-26,135,ABERTO,,0
PRZ002981,EXP002820,PGR-00051390/2026,DOCUMENTO,CIVINT/STIC,RESPOSTA,2026-09-07,2026-10-14,37,ABERTO,,0
PRZ002982,EXP002821,PGR-00048930/2026,DOCUMENTO,CIVINT/STIC,RESPOSTA,2026-08-04,2026-11-26,114,ABERTO,,0
PRZ002983,EXP002822,PGR-00041451/2026,DOCUMENTO,CIVINT/STIC,RESPOSTA,2026-09-16,2026-11-05,50,ABERTO,,0
PRZ002984,EXP002823,PGR-00014183/2026,DOCUMENTO,CIVINT/STIC,RESPOSTA,2026-09-03,2026-09-04,1,ABERTO,,33
PRZ002985,EXP002824,PGR-00025595/2026,DOCUMENTO,CIVINT/STIC,RESPOSTA,2026-08-24,2026-09-04,11,ABERTO,,33
PRZ002986,EXP002825,PGR-00090528/2026,DOCUMENTO,CIVINT/STIC,RESPOSTA,2026-10-02,2026-10-03,1,ABERTO,,4
PRZ002987,EXP002826,PGR-00054248/2026,DOCUMENTO,CIVINT/STIC,RESPOSTA,2026-01-29,2026-10-16,260,ABERTO,,0
PRZ002988,EXP002827,PGR-00022508/2026,DOCUMENTO,CIVINT/STIC,RESPOSTA,2026-09-22,2026-10-24,32,ABERTO,,0
PRZ002989,EXP002828,PGR-00058896/2026,DOCUMENTO,CIVINT/STIC,RESPOSTA,2026-09-09,2026-11-17,69,ABERTO,,0
PRZ002990,EXP002829,PGR-00032703/2026,DOCUMENTO,CIVINT/STIC,RESPOSTA,2026-09-02,2026-12-13,102,ABERTO,,0
PRZ002991,EXP002830,PGR-00009028/2026,DOCUMENTO,CIVINT/STIC,RESPOSTA,2026-08-30,2026-10-09,40,ABERTO,,0
PRZ002992,EXP002831,PGR-00009354/2026,DOCUMENTO,CIVINT/STIC,RESPOSTA,2026-07-06,2026-09-25,81,ABERTO,,12
PRZ002993,EXP002832,PGR-00031201/2026,DOCUMENTO,CIVINT/STIC,RESPOSTA,2026-07-07,2026-09-14,69,ABERTO,,23
PRZ002994,EXP002833,PGR-00014326/2026,DOCUMENTO,CIVINT/STIC,RESPOSTA,2026-08-04,2026-08-24,20,ABERTO,,44
PRZ002995,EXP002834,PGR-00072159/2026,DOCUMENTO,CIVINT/STIC,RESPOSTA,2026-09-18,2026-10-29,41,ABERTO,,0
PRZ002996,EXP002835,PGR-00047709/2026,DOCUMENTO,CIVINT/STIC,RESPOSTA,2026-09-15,2026-12-18,94,ABERTO,,0
PRZ002997,EXP002836,PGR-00030210/2026,DOCUMENTO,CIVINT/STIC,RESPOSTA,2026-07-26,2026-12-31,158,ABERTO,,0
PRZ002998,EXP002837,PGR-00079142/2026,DOCUMENTO,CIVINT/STIC,RESPOSTA,2026-07-17,2026-12-21,157,ABERTO,,0
PRZ002999,EXP002838,PGR-00016298/2026,DOCUMENTO,CIVINT/STIC,RESPOSTA,2026-04-04,2026-10-10,189,ABERTO,,0
PRZ003000,EXP002839,PGR-00021388/2026,DOCUMENTO,CIVINT/STIC,RESPOSTA,2026-09-21,2026-10-08,17,ABERTO,,0
PRZ003001,EXP002840,PGR-00056570/2026,DOCUMENTO,CIVINT/STIC,RESPOSTA,2026-09-30,2026-10-11,11,ABERTO,,0
PRZ003002,EXP002841,PGR-00064172/2026,DOCUMENTO,CIVINT/STIC,RESPOSTA,2026-03-16,2026-11-07,236,ABERTO,,0
PRZ003003,EXP002842,PGR-00073316/2026,DOCUMENTO,CIVINT/STIC,RESPOSTA,2026-08-03,2026-10-11,69,ABERTO,,0
PRZ003004,EXP002843,PGR-00091189/2026,DOCUMENTO,CIVINT/STIC,RESPOSTA,2026-09-04,2026-10-08,34,ABERTO,,0
PRZ003005,EXP002844,PGR-00007864/2026,DOCUMENTO,CIVINT/STIC,RESPOSTA,2026-07-27,2026-09-11,46,ABERTO,,26
PRZ003006,EXP002845,PGR-00054539/2026,DOCUMENTO,CIVINT/STIC,RESPOSTA,2026-08-04,2026-12-08,126,ABERTO,,0
PRZ003007,EXP002846,PGR-00020055/2026,DOCUMENTO,CIVINT/STIC,RESPOSTA,2026-10-02,2026-10-03,1,ABERTO,,4
PRZ003008,EXP002847,PGR-00055686/2026,DOCUMENTO,CIVINT/STIC,RESPOSTA,2026-10-03,2026-10-20,17,ABERTO,,0
PRZ003009,EXP002848,PGR-00044925/2026,DOCUMENTO,CIVINT/STIC,RESPOSTA,2026-07-26,2026-10-08,74,ABERTO,,0
PRZ003010,EXP002848,PGR-00044925/2026,DOCUMENTO,CIVINT/STIC,RESPOSTA,2026-07-26,2026-10-03,69,PRORROGADO,2026-10-03T00:28:23-03:00,0
PRZ003011,EXP002849,PGR-00093463/2026,DOCUMENTO,CIVINT/STIC,RESPOSTA,2026-06-07,2026-10-28,143,ABERTO,,0
PRZ003012,EXP002850,PGR-00075819/2026,DOCUMENTO,CIVINT/STIC,RESPOSTA,2026-09-06,2026-10-14,38,ABERTO,,0
PRZ003013,EXP002851,PGR-00032450/2026,DOCUMENTO,CIVINT/STIC,RESPOSTA,2026-08-27,2026-10-12,46,ABERTO,,0
PRZ003014,EXP002852,PGR-00080924/2026,DOCUMENTO,CIVINT/STIC,RESPOSTA,2026-09-04,2026-10-11,37,ABERTO,,0
PRZ003015,EXP002853,PGR-00002665/2026,DOCUMENTO,CIVINT/STIC,RESPOSTA,2026-10-02,2026-10-07,5,ABERTO,,0
PRZ003016,EXP002854,PGR-00072834/2026,DOCUMENTO,CIVINT/STIC,RESPOSTA,2026-08-23,2026-10-07,45,ABERTO,,0
PRZ003017,EXP002855,PGR-00037547/2026,DOCUMENTO,CIVINT/STIC,RESPOSTA,2026-09-18,2026-11-13,56,ABERTO,,0
PRZ003018,EXP002856,PGR-00089178/2026,DOCUMENTO,CIVINT/STIC,RESPOSTA,2026-10-06,2026-10-10,4,ABERTO,,0
PRZ003019,EXP002857,PGR-00037135/2026,DOCUMENTO,CIVINT/STIC,RESPOSTA,2026-07-02,2026-12-01,152,ABERTO,,0
PRZ003020,EXP002858,PGR-00088733/2026,DOCUMENTO,CIVINT/STIC,RESPOSTA,2026-09-08,2026-12-08,91,ABERTO,,0
PRZ003021,EXP002859,PGR-00095886/2026,DOCUMENTO,CIVINT/STIC,RESPOSTA,2026-10-04,2026-12-14,71,ABERTO,,0
PRZ003022,EXP002860,PGR-00011544/2026,DOCUMENTO,CIVINT/STIC,RESPOSTA,2026-10-03,2026-10-04,1,ABERTO,,3
PRZ003023,EXP002861,PGR-00026946/2026,DOCUMENTO,CIVINT/STIC,RESPOSTA,2026-08-21,2026-09-08,18,ABERTO,,29
PRZ003024,EXP002862,PGR-00086210/2026,DOCUMENTO,CIVINT/STIC,RESPOSTA,2026-09-17,2026-11-20,64,ABERTO,,0
PRZ003025,EXP002863,PGR-00008291/2026,DOCUMENTO,CIVINT/STIC,RESPOSTA,2026-10-05,2026-10-22,17,ABERTO,,0
PRZ003026,EXP002864,PGR-00024330/2026,DOCUMENTO,CIVINT/STIC,RESPOSTA,2026-09-26,2027-01-02,98,ABERTO,,0
PRZ003027,EXP002865,PGR-00037794/2026,DOCUMENTO,CIVINT/STIC,RESPOSTA,2026-09-23,2026-10-13,20,ABERTO,,0
PRZ003028,EXP002866,PGR-00039104/2026,DOCUMENTO,CIVINT/STIC,RESPOSTA,2026-07-26,2026-10-13,79,ABERTO,,0
PRZ003029,EXP002867,PGR-00064674/2026,DOCUMENTO,CIVINT/STIC,RESPOSTA,2026-09-17,2026-12-22,96,ABERTO,,0
PRZ003030,EXP002867,PGR-00064674/2026,DOCUMENTO,CIVINT/STIC,RESPOSTA,2026-09-17,2026-12-05,79,PRORROGADO,2026-09-27T00:05:08-03:00,0
PRZ003031,EXP002868,PGR-00084284/2026,DOCUMENTO,CIVINT/STIC,RESPOSTA,2026-09-03,2026-10-13,40,ABERTO,,0
PRZ003032,EXP002868,PGR-00084284/2026,DOCUMENTO,CIVINT/STIC,RESPOSTA,2026-09-03,2026-10-02,29,PRORROGADO,2026-09-11T01:42:03-03:00,0
PRZ003033,EXP002869,PGR-00094709/2026,DOCUMENTO,CIVINT/STIC,RESPOSTA,2026-09-20,2026-10-08,18,ABERTO,,0
PRZ003034,EXP002869,PGR-00094709/2026,DOCUMENTO,CIVINT/STIC,RESPOSTA,2026-09-20,2026-09-24,4,PRORROGADO,2026-09-21T12:46:59-03:00,0
PRZ003035,EXP002870,PGR-00075973/2026,DOCUMENTO,CIVINT/STIC,RESPOSTA,2026-09-15,2026-12-15,91,ABERTO,,0
PRZ003036,EXP002871,PGR-00029746/2026,DOCUMENTO,CIVINT/STIC,RESPOSTA,2026-07-23,2026-12-27,157,ABERTO,,0
PRZ003037,EXP002872,PGR-00004373/2026,DOCUMENTO,CIVINT/STIC,RESPOSTA,2026-06-02,2026-11-13,164,ABERTO,,0
PRZ003038,EXP002873,PGR-00009649/2026,DOCUMENTO,CIVINT/STIC,RESPOSTA,2026-09-08,2026-10-13,35,ABERTO,,0
PRZ003039,EXP002874,PGR-00015091/2026,DOCUMENTO,CIVINT/STIC,RESPOSTA,2026-10-02,2026-10-21,19,ABERTO,,0
PRZ003040,EXP002875,PGR-00038207/2026,DOCUMENTO,CIVINT/STIC,RESPOSTA,2026-08-26,2026-10-12,47,ABERTO,,0
PRZ003041,EXP002876,PGR-00041376/2026,DOCUMENTO,CIVINT/STIC,RESPOSTA,2026-09-18,2027-01-02,106,ABERTO,,0
PRZ003042,EXP002877,PGR-00099218/2026,DOCUMENTO,CIVINT/STIC,RESPOSTA,2026-09-09,2026-11-24,76,ABERTO,,0
PRZ003043,EXP002878,PGR-00083489/2026,DOCUMENTO,CIVINT/STIC,RESPOSTA,2026-09-19,2026-09-20,1,ABERTO,,17
PRZ003044,EXP002879,PGR-00030576/2026,DOCUMENTO,CIVINT/STIC,RESPOSTA,2026-09-14,2026-09-15,1,ABERTO,,22
PRZ003045,EXP002880,PGR-00070086/2026,DOCUMENTO,CIVINT/STIC,RESPOSTA,2026-10-03,2026-10-08,5,ABERTO,,0
PRZ003046,EXP002881,PGR-00080165/2026,DOCUMENTO,CIVINT/STIC,RESPOSTA,2026-05-13,2026-10-08,148,ABERTO,,0
PRZ003047,EXP002882,PGR-00068881/2026,DOCUMENTO,CIVINT/STIC,RESPOSTA,2026-07-04,2026-10-29,117,ABERTO,,0
PRZ003048,EXP002883,PGR-00013056/2026,DOCUMENTO,CIVINT/STIC,RESPOSTA,2026-09-16,2026-10-08,22,ABERTO,,0
PRZ003049,EXP002884,PGR-00033075/2026,DOCUMENTO,CIVINT/STIC,RESPOSTA,2026-06-24,2026-10-13,111,ABERTO,,0
PRZ003050,EXP002885,PGR-00054499/2026,DOCUMENTO,CIVINT/STIC,RESPOSTA,2026-08-25,2026-10-11,47,ABERTO,,0
PRZ003051,EXP002886,PGR-00084667/2026,DOCUMENTO,CIVINT/STIC,RESPOSTA,2026-07-26,2026-10-23,89,ABERTO,,0
PRZ003052,EXP002886,PGR-00084667/2026,DOCUMENTO,CIVINT/STIC,RESPOSTA,2026-07-26,2026-10-18,84,PRORROGADO,2026-09-06T00:28:55-03:00,0
PRZ003053,EXP002887,PGR-00091940/2026,DOCUMENTO,CIVINT/STIC,RESPOSTA,2026-07-01,2026-10-10,101,ABERTO,,0
PRZ003054,EXP002888,PGR-00063064/2026,DOCUMENTO,CIVINT/STIC,RESPOSTA,2026-09-11,2027-01-04,115,ABERTO,,0
PRZ003055,EXP002889,PGR-00055475/2026,DOCUMENTO,CIVINT/STIC,RESPOSTA,2026-10-06,2026-10-07,1,ABERTO,,0
PRZ003056,EXP002890,PGR-00062663/2026,DOCUMENTO,CIVINT/STIC,RESPOSTA,2026-10-01,2026-10-19,18,ABERTO,,0
PRZ003057,EXP002891,PGR-00072224/2026,DOCUMENTO,CIVINT/STIC,RESPOSTA,2026-09-04,2026-09-13,9,ABERTO,,24
PRZ003058,EXP002891,PGR-00072224/2026,DOCUMENTO,CIVINT/STIC,RESPOSTA,2026-09-04,2026-09-05,1,PRORROGADO,2026-09-22T15:38:18-03:00,0
PRZ003059,EXP002892,PGR-00023753/2026,DOCUMENTO,CIVINT/STIC,RESPOSTA,2026-08-28,2026-11-15,79,ABERTO,,0
PRZ003060,EXP002893,PGR-00024302/2026,DOCUMENTO,CIVINT/STIC,RESPOSTA,2026-09-20,2026-12-28,99,ABERTO,,0
PRZ003061,EXP002894,PGR-00078938/2026,DOCUMENTO,CIVINT/STIC,RESPOSTA,2026-10-02,2026-11-16,45,ABERTO,,0
PRZ003062,EXP002894,PGR-00078938/2026,DOCUMENTO,CIVINT/STIC,RESPOSTA,2026-10-02,2026-10-31,29,PRORROGADO,2026-10-06T11:05:44-03:00,0
PRZ003063,EXP002895,PGR-00030812/2026,DOCUMENTO,CIVINT/STIC,RESPOSTA,2026-10-01,2026-10-23,22,ABERTO,,0
PRZ003064,EXP002896,PGR-00094655/2026,DOCUMENTO,CIVINT/STIC,RESPOSTA,2026-09-03,2026-10-22,49,ABERTO,,0
PRZ003065,EXP002897,PGR-00033490/2026,DOCUMENTO,CIVINT/STIC,RESPOSTA,2026-09-24,2026-10-12,18,ABERTO,,0
PRZ003066,EXP002898,PGR-00013000/2026,DOCUMENTO,CIVINT/STIC,RESPOSTA,2026-09-05,2026-10-01,26,ABERTO,,6
PRZ003067,EXP002898,PGR-00013000/2026,DOCUMENTO,CIVINT/STIC,RESPOSTA,2026-09-05,2026-09-13,8,PRORROGADO,2026-09-17T00:00:19-03:00,0
PRZ003068,EXP002899,PGR-00056153/2026,DOCUMENTO,CIVINT/STIC,RESPOSTA,2026-09-27,2026-10-09,12,ABERTO,,0
PRZ003069,EXP002900,PGR-00009277/2026,DOCUMENTO,CIVINT/STIC,RESPOSTA,2026-09-08,2026-11-06,59,ABERTO,,0
PRZ003070,EXP002901,PGR-00089147/2026,DOCUMENTO,CIVINT/STIC,RESPOSTA,2026-09-27,2026-12-14,78,ABERTO,,0
PRZ003071,EXP002902,PGR-00026606/2026,DOCUMENTO,CIVINT/STIC,RESPOSTA,2026-07-10,2026-10-24,106,ABERTO,,0
PRZ003072,EXP002903,PGR-00060302/2026,DOCUMENTO,CIVINT/STIC,RESPOSTA,2026-09-07,2026-10-09,32,ABERTO,,0
PRZ003073,EXP002904,PGR-00070728/2026,DOCUMENTO,CIVINT/STIC,RESPOSTA,2026-09-14,2026-11-08,55,ABERTO,,0
PRZ003074,EXP002904,PGR-00070728/2026,DOCUMENTO,CIVINT/STIC,RESPOSTA,2026-09-14,2026-10-23,39,PRORROGADO,2026-09-18T00:46:30-03:00,0
PRZ003075,EXP002905,PGR-00088540/2026,DOCUMENTO,CIVINT/STIC,RESPOSTA,2026-09-25,2026-12-04,70,ABERTO,,0
PRZ003076,EXP002906,PGR-00054487/2026,DOCUMENTO,CIVINT/STIC,RESPOSTA,2026-07-26,2026-10-11,77,ABERTO,,0
PRZ003077,EXP002906,PGR-00054487/2026,DOCUMENTO,CIVINT/STIC,RESPOSTA,2026-07-26,2026-09-24,60,PRORROGADO,2026-08-28T21:45:43-03:00,0
PRZ003078,EXP002907,PGR-00097270/2026,DOCUMENTO,CIVINT/STIC,RESPOSTA,2026-08-05,2026-10-21,77,ABERTO,,0
PRZ003079,EXP002908,PGR-00021531/2026,DOCUMENTO,CIVINT/STIC,RESPOSTA,2026-07-26,2026-08-31,36,ABERTO,,37
PRZ003080,EXP002909,PGR-00091921/2026,DOCUMENTO,CIVINT/STIC,RESPOSTA,2026-09-17,2026-10-09,22,ABERTO,,0
PRZ003081,EXP002910,PGR-00019811/2026,DOCUMENTO,CIVINT/STIC,RESPOSTA,2026-09-02,2026-12-31,120,ABERTO,,0
PRZ003082,EXP002911,PGR-00043114/2026,DOCUMENTO,CIVINT/STIC,RESPOSTA,2026-09-18,2026-11-09,52,ABERTO,,0
PRZ003083,EXP002912,PGR-00082309/2026,DOCUMENTO,CIVINT/STIC,RESPOSTA,2026-09-20,2026-10-13,23,ABERTO,,0
PRZ003084,EXP002913,PGR-00084014/2026,DOCUMENTO,CIVINT/STIC,RESPOSTA,2026-07-14,2026-10-14,92,ABERTO,,0
PRZ003085,EXP002914,PGR-00017747/2026,DOCUMENTO,CIVINT/STIC,RESPOSTA,2026-09-09,2026-10-16,37,ABERTO,,0
PRZ003086,EXP002914,PGR-00017747/2026,DOCUMENTO,CIVINT/STIC,RESPOSTA,2026-09-09,2026-10-06,27,PRORROGADO,2026-09-30T12:58:06-03:00,0
PRZ003087,EXP002915,PGR-00098851/2026,DOCUMENTO,CIVINT/STIC,RESPOSTA,2026-10-05,2026-12-28,84,ABERTO,,0
PRZ003088,EXP002916,PGR-00009998/2026,DOCUMENTO,CIVINT/STIC,RESPOSTA,2026-10-02,2026-11-18,47,ABERTO,,0
PRZ003089,EXP002917,PGR-00055816/2026,DOCUMENTO,CIVINT/STIC,RESPOSTA,2026-09-07,2026-11-24,78,ABERTO,,0
PRZ003090,EXP002918,PGR-00097932/2026,DOCUMENTO,CIVINT/STIC,RESPOSTA,2026-09-14,2026-12-28,105,ABERTO,,0
PRZ003091,EXP002919,PGR-00033769/2026,DOCUMENTO,CIVINT/STIC,RESPOSTA,2026-10-07,2026-11-12,36,ABERTO,,0
PRZ003092,EXP002920,PGR-00038080/2026,DOCUMENTO,CIVINT/STIC,RESPOSTA,2026-09-30,2026-11-15,46,ABERTO,,0
PRZ003093,EXP002921,PGR-00055798/2026,DOCUMENTO,CIVINT/STIC,RESPOSTA,2026-06-30,2026-10-09,101,ABERTO,,0
PRZ003094,EXP002922,PGR-00094306/2026,DOCUMENTO,CIVINT/STIC,RESPOSTA,2026-08-02,2026-11-05,95,ABERTO,,0
PRZ003095,EXP002923,PGR-00060031/2026,DOCUMENTO,CIVINT/STIC,RESPOSTA,2026-09-19,2026-11-03,45,ABERTO,,0
PRZ003096,EXP002924,PGR-00013956/2026,DOCUMENTO,CIVINT/STIC,RESPOSTA,2026-09-16,2026-12-08,83,ABERTO,,0
PRZ003097,EXP002925,PGR-00069439/2026,DOCUMENTO,CIVINT/STIC,RESPOSTA,2026-09-24,2026-11-06,43,ABERTO,,0
PRZ003098,EXP002925,PGR-00069439/2026,DOCUMENTO,CIVINT/STIC,RESPOSTA,2026-09-24,2026-10-24,30,PRORROGADO,2026-10-04T20:20:31-03:00,0
PRZ003099,EXP002926,PGR-00016035/2026,DOCUMENTO,CIVINT/STIC,RESPOSTA,2026-10-02,2026-10-03,1,ABERTO,,4
PRZ003100,EXP002927,PGR-00084862/2026,DOCUMENTO,CIVINT/STIC,RESPOSTA,2026-10-02,2026-10-10,8,ABERTO,,0
PRZ003101,EXP002928,PGR-00042239/2026,DOCUMENTO,CIVINT/STIC,RESPOSTA,2026-10-07,2026-12-02,56,ABERTO,,0
PRZ003102,EXP002929,PGR-00033991/2026,DOCUMENTO,CIVINT/STIC,RESPOSTA,2026-05-13,2026-09-11,121,ABERTO,,26
PRZ003103,EXP002930,PGR-00047945/2026,DOCUMENTO,CIVINT/STIC,RESPOSTA,2026-10-06,2026-11-29,54,ABERTO,,0
PRZ003104,EXP002930,PGR-00047945/2026,DOCUMENTO,CIVINT/STIC,RESPOSTA,2026-10-06,2026-11-21,46,PRORROGADO,2026-10-07T02:16:38-03:00,0
PRZ003105,EXP002931,PGR-00025016/2026,DOCUMENTO,CIVINT/STIC,RESPOSTA,2026-09-19,2027-01-04,107,ABERTO,,0
PRZ003106,EXP002932,PGR-00097085/2026,DOCUMENTO,CIVINT/STIC,RESPOSTA,2026-10-04,2026-11-30,57,ABERTO,,0
PRZ003107,EXP002933,PGR-00084612/2026,DOCUMENTO,CIVINT/STIC,RESPOSTA,2026-10-04,2026-12-13,70,ABERTO,,0
PRZ003108,EXP002934,PGR-00015711/2026,DOCUMENTO,CIVINT/STIC,RESPOSTA,2026-08-22,2026-12-02,102,ABERTO,,0
PRZ003109,EXP002935,PGR-00089937/2026,DOCUMENTO,CIVINT/STIC,RESPOSTA,2026-09-24,2026-10-12,18,ABERTO,,0
PRZ003110,EXP002936,PGR-00071705/2026,DOCUMENTO,CIVINT/STIC,RESPOSTA,2026-08-23,2026-12-02,101,ABERTO,,0
PRZ003111,EXP002937,PGR-00054046/2026,DOCUMENTO,CIVINT/STIC,RESPOSTA,2026-10-04,2027-01-03,91,ABERTO,,0
PRZ003112,EXP002938,PGR-00035178/2026,DOCUMENTO,CIVINT/STIC,RESPOSTA,2026-10-04,2026-10-07,3,ABERTO,,0
PRZ003113,EXP002938,PGR-00035178/2026,DOCUMENTO,CIVINT/STIC,RESPOSTA,2026-10-04,2026-10-05,1,PRORROGADO,2026-10-04T10:34:07-03:00,0
PRZ003114,EXP002939,PGR-00039934/2026,DOCUMENTO,CIVINT/STIC,RESPOSTA,2026-10-01,2026-11-28,58,ABERTO,,0
PRZ003115,EXP002940,PGR-00035125/2026,DOCUMENTO,CIVINT/STIC,RESPOSTA,2026-07-07,2026-11-08,124,ABERTO,,0
PRZ003116,EXP002941,PGR-00025089/2026,DOCUMENTO,CIVINT/STIC,RESPOSTA,2026-09-05,2026-09-06,1,ABERTO,,31
PRZ003117,EXP002942,PGR-00024868/2026,DOCUMENTO,CIVINT/STIC,RESPOSTA,2026-09-09,2027-01-01,114,ABERTO,,0
PRZ003118,EXP002943,PGR-00089347/2026,DOCUMENTO,CIVINT/STIC,RESPOSTA,2026-09-19,2026-12-23,95,ABERTO,,0
PRZ003119,EXP002943,PGR-00089347/2026,DOCUMENTO,CIVINT/STIC,RESPOSTA,2026-09-19,2026-12-18,90,PRORROGADO,2026-09-26T12:29:37-03:00,0
PRZ003120,EXP002944,PGR-00018835/2026,DOCUMENTO,CIVINT/STIC,RESPOSTA,2026-07-02,2026-10-14,104,ABERTO,,0
PRZ003121,EXP002945,PGR-00060590/2026,DOCUMENTO,CIVINT/STIC,RESPOSTA,2026-07-10,2026-10-09,91,ABERTO,,0
PRZ003122,EXP002946,PGR-00096730/2026,DOCUMENTO,CIVINT/STIC,RESPOSTA,2026-09-20,2026-11-17,58,ABERTO,,0
PRZ003123,EXP002947,PGR-00037890/2026,DOCUMENTO,CIVINT/STIC,RESPOSTA,2026-07-31,2026-12-27,149,ABERTO,,0
PRZ003124,EXP002948,PGR-00055102/2026,DOCUMENTO,CIVINT/STIC,RESPOSTA,2026-08-31,2026-10-10,40,ABERTO,,0
PRZ003125,EXP002949,PGR-00082381/2026,DOCUMENTO,CIVINT/STIC,RESPOSTA,2026-07-11,2026-11-22,134,ABERTO,,0
PRZ003126,EXP002950,PGR-00004714/2026,DOCUMENTO,CIVINT/STIC,RESPOSTA,2026-09-03,2026-12-23,111,ABERTO,,0
PRZ003127,EXP002951,PGR-00049573/2026,DOCUMENTO,CIVINT/STIC,RESPOSTA,2026-10-07,2026-10-22,15,ABERTO,,0
PRZ003128,EXP002952,PGR-00097106/2026,DOCUMENTO,CIVINT/STIC,RESPOSTA,2026-08-24,2026-09-19,26,ABERTO,,18
PRZ003129,EXP002953,PGR-00015452/2026,DOCUMENTO,CIVINT/STIC,RESPOSTA,2026-07-14,2026-12-18,157,ABERTO,,0
PRZ003130,EXP002954,PGR-00078881/2026,DOCUMENTO,CIVINT/STIC,RESPOSTA,2026-09-25,2026-10-09,14,ABERTO,,0
PRZ003131,EXP002955,PGR-00095091/2026,DOCUMENTO,CIVINT/STIC,RESPOSTA,2026-09-25,2026-10-10,15,ABERTO,,0
PRZ003132,EXP002956,PGR-00011916/2026,DOCUMENTO,CIVINT/STIC,RESPOSTA,2026-09-14,2026-09-15,1,ABERTO,,22
PRZ003133,EXP002957,PGR-00040108/2026,DOCUMENTO,CIVINT/STIC,RESPOSTA,2026-09-24,2026-10-10,16,ABERTO,,0
PRZ003134,EXP002958,PGR-00017308/2026,DOCUMENTO,CIVINT/STIC,RESPOSTA,2026-10-02,2026-10-03,1,ABERTO,,4
PRZ003135,EXP002959,PGR-00014994/2026,DOCUMENTO,CIVINT/STIC,RESPOSTA,2026-09-28,2026-10-04,6,ABERTO,,3
PRZ003136,EXP002960,PGR-00022728/2026,DOCUMENTO,CIVINT/STIC,RESPOSTA,2026-09-20,2026-11-19,60,ABERTO,,0
PRZ003137,EXP002961,PGR-00090514/2026,DOCUMENTO,CIVINT/STIC,RESPOSTA,2026-09-22,2026-11-11,50,ABERTO,,0
PRZ003138,EXP002962,PGR-00042415/2026,DOCUMENTO,CIVINT/STIC,RESPOSTA,2026-10-07,2026-11-14,38,ABERTO,,0
PRZ003139,EXP002963,PGR-00078647/2026,DOCUMENTO,CIVINT/STIC,RESPOSTA,2026-09-28,2026-10-10,12,ABERTO,,0
PRZ003140,EXP002964,PGR-00036948/2026,DOCUMENTO,CIVINT/STIC,RESPOSTA,2026-09-27,2026-12-17,81,ABERTO,,0
PRZ003141,EXP002965,PGR-00070661/2026,DOCUMENTO,CIVINT/STIC,RESPOSTA,2026-09-03,2026-10-26,53,ABERTO,,0
PRZ003142,EXP002966,PGR-00019787/2026,DOCUMENTO,CIVINT/STIC,RESPOSTA,2026-09-30,2026-11-24,55,ABERTO,,0
PRZ003143,EXP002967,PGR-00061254/2026,DOCUMENTO,CIVINT/STIC,RESPOSTA,2026-07-09,2026-12-20,164,ABERTO,,0
PRZ003144,EXP002968,PGR-00024704/2026,DOCUMENTO,CIVINT/STIC,RESPOSTA,2026-09-29,2026-11-30,62,ABERTO,,0
PRZ003145,EXP002969,PGR-00088560/2026,DOCUMENTO,CIVINT/STIC,RESPOSTA,2026-09-15,2026-12-04,80,ABERTO,,0
PRZ003146,EXP002970,PGR-00053954/2026,DOCUMENTO,CIVINT/STIC,RESPOSTA,2026-09-08,2026-10-07,29,ABERTO,,0
PRZ003147,EXP002971,PGR-00084643/2026,DOCUMENTO,CIVINT/STIC,RESPOSTA,2026-09-17,2026-10-18,31,ABERTO,,0
PRZ003148,EXP002972,PGR-00005839/2026,DOCUMENTO,CIVINT/STIC,RESPOSTA,2026-09-11,2026-12-08,88,ABERTO,,0
PRZ003149,EXP002973,PGR-00027272/2026,DOCUMENTO,CIVINT/STIC,RESPOSTA,2026-10-02,2026-11-07,36,ABERTO,,0
PRZ003150,EXP002974,PGR-00018816/2026,DOCUMENTO,CIVINT/STIC,RESPOSTA,2026-09-16,2026-12-27,102,ABERTO,,0
PRZ003151,EXP002975,PGR-00057470/2026,DOCUMENTO,CIVINT/STIC,RESPOSTA,2026-08-18,2026-09-19,32,ABERTO,,18
PRZ003152,EXP002976,PGR-00067659/2026,DOCUMENTO,CIVINT/STIC,RESPOSTA,2026-07-18,2026-11-07,112,ABERTO,,0
PRZ003153,EXP002977,PGR-00026203/2026,DOCUMENTO,CIVINT/STIC,RESPOSTA,2026-07-31,2026-12-01,123,ABERTO,,0
PRZ003154,EXP002978,PGR-00005977/2026,DOCUMENTO,CIVINT/STIC,RESPOSTA,2026-09-28,2026-10-24,26,ABERTO,,0
PRZ003155,EXP002979,PGR-00007366/2026,DOCUMENTO,CIVINT/STIC,RESPOSTA,2026-09-30,2026-11-19,50,ABERTO,,0
PRZ003156,EXP002980,PGR-00077795/2026,DOCUMENTO,CIVINT/STIC,RESPOSTA,2026-09-02,2026-10-10,38,ABERTO,,0
PRZ003157,EXP002981,PGR-00084153/2026,DOCUMENTO,CIVINT/STIC,RESPOSTA,2026-09-18,2026-10-09,21,ABERTO,,0
PRZ003158,EXP002982,PGR-00040215/2026,DOCUMENTO,CIVINT/STIC,RESPOSTA,2026-08-02,2026-11-18,108,ABERTO,,0
PRZ003159,EXP002983,PGR-00011728/2026,DOCUMENTO,CIVINT/STIC,RESPOSTA,2026-09-06,2026-09-16,10,ABERTO,,21
PRZ003160,EXP002984,PGR-00020670/2026,DOCUMENTO,CIVINT/STIC,RESPOSTA,2026-09-23,2026-09-24,1,ABERTO,,13
PRZ003161,EXP002985,PGR-00040120/2026,DOCUMENTO,CIVINT/STIC,RESPOSTA,2026-09-04,2026-10-12,38,ABERTO,,0
PRZ003162,EXP002986,PGR-00082459/2026,DOCUMENTO,CIVINT/STIC,RESPOSTA,2026-07-23,2026-10-28,97,ABERTO,,0
PRZ003163,EXP002987,PGR-00047360/2026,DOCUMENTO,CIVINT/STIC,RESPOSTA,2026-09-23,2026-10-10,17,ABERTO,,0
PRZ003164,EXP002988,PGR-00021513/2026,DOCUMENTO,CIVINT/STIC,RESPOSTA,2026-09-19,2026-11-05,47,ABERTO,,0
PRZ003165,EXP002989,PGR-00092525/2026,DOCUMENTO,CIVINT/STIC,RESPOSTA,2026-09-04,2026-10-10,36,ABERTO,,0
PRZ003166,EXP002990,PGR-00024013/2026,DOCUMENTO,CIVINT/STIC,RESPOSTA,2026-09-29,2026-09-30,1,ABERTO,,7
PRZ003167,EXP002991,PGR-00062700/2026,DOCUMENTO,CIVINT/STIC,RESPOSTA,2026-09-03,2027-01-05,124,ABERTO,,0
PRZ003168,EXP002992,PGR-00068911/2026,DOCUMENTO,CIVINT/STIC,RESPOSTA,2026-09-28,2026-10-13,15,ABERTO,,0
PRZ003169,EXP002993,PGR-00013501/2026,DOCUMENTO,CIVINT/STIC,RESPOSTA,2026-06-01,2027-01-01,214,ABERTO,,0
PRZ003170,EXP002994,PGR-00082647/2026,DOCUMENTO,CIVINT/STIC,RESPOSTA,2026-10-03,2026-12-18,76,ABERTO,,0
PRZ003171,EXP002995,PGR-00043043/2026,DOCUMENTO,CIVINT/STIC,RESPOSTA,2026-09-02,2026-12-15,104,ABERTO,,0
PRZ003172,EXP002995,PGR-00043043/2026,DOCUMENTO,CIVINT/STIC,RESPOSTA,2026-09-02,2026-12-02,91,PRORROGADO,2026-09-10T23:05:30-03:00,0
PRZ003173,EXP002996,PGR-00033818/2026,DOCUMENTO,CIVINT/STIC,RESPOSTA,2026-09-24,2026-10-14,20,ABERTO,,0
PRZ003174,EXP002997,PGR-00079898/2026,DOCUMENTO,CIVINT/STIC,RESPOSTA,2026-09-16,2026-11-19,64,ABERTO,,0
PRZ003175,EXP002998,PGR-00098048/2026,DOCUMENTO,CIVINT/STIC,RESPOSTA,2026-08-28,2026-09-10,13,ABERTO,,27
PRZ003176,EXP002999,PGR-00080455/2026,DOCUMENTO,CIVINT/STIC,RESPOSTA,2026-08-26,2026-10-30,65,ABERTO,,0
PRZ003177,EXP003000,PGR-00034627/2026,DOCUMENTO,CIVINT/STIC,RESPOSTA,2026-09-24,2027-01-05,103,ABERTO,,0
PRZ003178,EXP003001,PGR-00057400/2026,DOCUMENTO,CIVINT/STIC,RESPOSTA,2026-09-29,2026-11-13,45,ABERTO,,0
PRZ003179,EXP003001,PGR-00057400/2026,DOCUMENTO,CIVINT/STIC,RESPOSTA,2026-09-29,2026-11-03,35,PRORROGADO,2026-10-06T07:50:53-03:00,0
PRZ003180,EXP003002,PGR-00014057/2026,DOCUMENTO,CIVINT/STIC,RESPOSTA,2026-06-25,2026-11-02,130,ABERTO,,0
PRZ003181,EXP003003,PGR-00019020/2026,DOCUMENTO,CIVINT/STIC,RESPOSTA,2026-09-12,2026-10-11,29,ABERTO,,0
PRZ003182,EXP003004,PGR-00023275/2026,DOCUMENTO,CIVINT/STIC,RESPOSTA,2026-09-27,2026-11-21,55,ABERTO,,0
PRZ003183,EXP003005,PGR-00082015/2026,DOCUMENTO,CIVINT/STIC,RESPOSTA,2026-08-19,2026-08-24,5,ABERTO,,44
PRZ003184,EXP003006,PGR-00091293/2026,DOCUMENTO,CIVINT/STIC,RESPOSTA,2026-09-18,2026-12-16,89,ABERTO,,0
PRZ003185,EXP003007,PGR-00058983/2026,DOCUMENTO,CIVINT/STIC,RESPOSTA,2026-09-27,2026-12-07,71,ABERTO,,0
PRZ003186,EXP003008,PGR-00045931/2026,DOCUMENTO,CIVINT/STIC,RESPOSTA,2026-09-11,2026-10-08,27,ABERTO,,0
PRZ003187,EXP003008,PGR-00045931/2026,DOCUMENTO,CIVINT/STIC,RESPOSTA,2026-09-11,2026-09-24,13,PRORROGADO,2026-09-27T07:23:19-03:00,0
PRZ003188,EXP003009,PGR-00065750/2026,DOCUMENTO,CIVINT/STIC,RESPOSTA,2026-09-05,2026-10-11,36,ABERTO,,0
PRZ003189,EXP003010,PGR-00048917/2026,DOCUMENTO,CIVINT/STIC,RESPOSTA,2026-09-21,2026-11-27,67,ABERTO,,0
PRZ003190,EXP003011,PGR-00077450/2026,DOCUMENTO,CIVINT/STIC,RESPOSTA,2026-09-29,2026-11-20,52,ABERTO,,0
PRZ003191,EXP003012,PGR-00017359/2026,DOCUMENTO,CIVINT/STIC,RESPOSTA,2026-09-14,2026-09-15,1,ABERTO,,22
PRZ003192,EXP003013,PGR-00073854/2026,DOCUMENTO,CIVINT/STIC,RESPOSTA,2026-07-13,2026-10-08,87,ABERTO,,0
PRZ003193,EXP003014,PGR-00080092/2026,DOCUMENTO,CIVINT/STIC,RESPOSTA,2026-08-27,2026-10-14,48,ABERTO,,0
PRZ003194,EXP003015,PGR-00043401/2026,DOCUMENTO,CIVINT/STIC,RESPOSTA,2026-09-13,2026-10-14,31,ABERTO,,0
PRZ003195,EXP003015,PGR-00043401/2026,DOCUMENTO,CIVINT/STIC,RESPOSTA,2026-09-13,2026-10-07,24,PRORROGADO,2026-10-03T10:58:29-03:00,0
PRZ003196,EXP003016,PGR-00035032/2026,DOCUMENTO,CIVINT/STIC,RESPOSTA,2026-10-03,2026-10-13,10,ABERTO,,0
PRZ003197,EXP003017,PGR-00093767/2026,DOCUMENTO,CIVINT/STIC,RESPOSTA,2026-10-04,2026-11-13,40,ABERTO,,0
PRZ003198,EXP003018,PGR-00014147/2026,DOCUMENTO,CIVINT/STIC,RESPOSTA,2026-09-22,2026-12-19,88,ABERTO,,0
PRZ003199,EXP003019,PGR-00002354/2026,DOCUMENTO,CIVINT/STIC,RESPOSTA,2026-09-09,2026-10-07,28,ABERTO,,0
PRZ003200,EXP003019,PGR-00002354/2026,DOCUMENTO,CIVINT/STIC,RESPOSTA,2026-09-09,2026-09-27,18,PRORROGADO,2026-09-26T12:14:05-03:00,0
PRZ003201,EXP003020,PGR-00015247/2026,DOCUMENTO,CIVINT/STIC,RESPOSTA,2026-08-18,2026-10-14,57,ABERTO,,0
PRZ003202,EXP003020,PGR-00015247/2026,DOCUMENTO,CIVINT/STIC,RESPOSTA,2026-08-18,2026-09-27,40,PRORROGADO,2026-09-02T22:48:27-03:00,0
PRZ003203,EXP003021,PGR-00026106/2026,DOCUMENTO,CIVINT/STIC,RESPOSTA,2026-09-05,2026-12-30,116,ABERTO,,0
PRZ003204,EXP003022,PGR-00091837/2026,DOCUMENTO,CIVINT/STIC,RESPOSTA,2026-09-09,2026-09-10,1,ABERTO,,27
PRZ003205,EXP003023,PGR-00014741/2026,DOCUMENTO,CIVINT/STIC,RESPOSTA,2026-08-16,2027-01-02,139,ABERTO,,0
PRZ003206,EXP003024,PGR-00015523/2026,DOCUMENTO,CIVINT/STIC,RESPOSTA,2026-06-10,2026-10-25,137,ABERTO,,0
PRZ003207,EXP003025,PGR-00094251/2026,DOCUMENTO,CIVINT/STIC,RESPOSTA,2026-07-30,2026-11-20,113,ABERTO,,0
PRZ003208,EXP003025,PGR-00094251/2026,DOCUMENTO,CIVINT/STIC,RESPOSTA,2026-07-30,2026-11-06,99,PRORROGADO,2026-09-30T21:33:07-03:00,0
PRZ003209,EXP003026,PGR-00082123/2026,DOCUMENTO,CIVINT/STIC,RESPOSTA,2026-09-19,2026-10-27,38,ABERTO,,0
PRZ003210,EXP003027,PGR-00070019/2026,DOCUMENTO,CIVINT/STIC,RESPOSTA,2026-09-05,2026-10-11,36,ABERTO,,0
PRZ003211,EXP003028,PGR-00020612/2026,DOCUMENTO,CIVINT/STIC,RESPOSTA,2026-08-28,2026-10-12,45,ABERTO,,0
PRZ003212,EXP003029,PGR-00097655/2026,DOCUMENTO,CIVINT/STIC,RESPOSTA,2026-08-14,2026-12-19,127,ABERTO,,0
PRZ003213,EXP003030,PGR-00099776/2026,DOCUMENTO,CIVINT/STIC,RESPOSTA,2026-09-21,2026-10-11,20,ABERTO,,0
PRZ003214,EXP003031,PGR-00089622/2026,DOCUMENTO,CIVINT/STIC,RESPOSTA,2026-09-06,2026-10-09,33,ABERTO,,0
PRZ003215,EXP003032,PGR-00023557/2026,DOCUMENTO,CIVINT/STIC,RESPOSTA,2026-08-30,2026-11-02,64,ABERTO,,0
PRZ003216,EXP003033,PGR-00066734/2026,DOCUMENTO,CIVINT/STIC,RESPOSTA,2026-10-07,2026-11-24,48,ABERTO,,0
PRZ003217,EXP003034,PGR-00059937/2026,DOCUMENTO,CIVINT/STIC,RESPOSTA,2026-08-13,2026-11-01,80,ABERTO,,0
PRZ003218,EXP003035,PGR-00074546/2026,DOCUMENTO,CIVINT/STIC,RESPOSTA,2026-07-05,2026-12-27,175,ABERTO,,0
PRZ003219,EXP003036,PGR-00075772/2026,DOCUMENTO,CIVINT/STIC,RESPOSTA,2026-08-25,2026-10-19,55,ABERTO,,0
PRZ003220,EXP003037,PGR-00037520/2026,DOCUMENTO,CIVINT/STIC,RESPOSTA,2026-09-18,2026-12-28,101,ABERTO,,0
PRZ003221,EXP003038,PGR-00083326/2026,DOCUMENTO,CIVINT/STIC,RESPOSTA,2026-02-27,2026-12-26,302,ABERTO,,0
PRZ003222,EXP003039,PGR-00002740/2026,DOCUMENTO,CIVINT/STIC,RESPOSTA,2026-10-04,2026-10-12,8,ABERTO,,0
PRZ003223,EXP003040,PGR-00005618/2026,DOCUMENTO,CIVINT/STIC,RESPOSTA,2026-09-13,2026-10-12,29,ABERTO,,0
PRZ003224,EXP003041,PGR-00092446/2026,DOCUMENTO,CIVINT/STIC,RESPOSTA,2026-09-27,2026-10-23,26,ABERTO,,0
PRZ003225,EXP003042,PGR-00008508/2026,DOCUMENTO,CIVINT/STIC,RESPOSTA,2026-10-01,2026-10-25,24,ABERTO,,0
PRZ003226,EXP003043,PGR-00003757/2026,DOCUMENTO,CIVINT/STIC,RESPOSTA,2026-07-16,2026-11-11,118,ABERTO,,0
PRZ003227,EXP003044,PGR-00021640/2026,DOCUMENTO,CIVINT/STIC,RESPOSTA,2026-09-11,2026-10-12,31,ABERTO,,0
PRZ003228,EXP003045,PGR-00078743/2026,DOCUMENTO,CIVINT/STIC,RESPOSTA,2026-08-08,2026-12-16,130,ABERTO,,0
PRZ003229,EXP003046,PGR-00027944/2026,DOCUMENTO,CIVINT/STIC,RESPOSTA,2026-06-26,2026-12-11,168,ABERTO,,0
PRZ003230,EXP003047,PGR-00084938/2026,DOCUMENTO,CIVINT/STIC,RESPOSTA,2026-10-07,2026-11-21,45,ABERTO,,0
PRZ003231,EXP003048,PGR-00065690/2026,DOCUMENTO,CIVINT/STIC,RESPOSTA,2026-09-23,2026-10-28,35,ABERTO,,0
PRZ003232,EXP003049,PGR-00040624/2026,DOCUMENTO,CIVINT/STIC,RESPOSTA,2026-09-01,2026-12-21,111,ABERTO,,0
PRZ003233,EXP003050,PGR-00051210/2026,DOCUMENTO,CIVINT/STIC,RESPOSTA,2026-06-12,2026-10-10,120,ABERTO,,0
PRZ003234,EXP003051,PGR-00063366/2026,DOCUMENTO,CIVINT/STIC,RESPOSTA,2026-05-21,2027-01-03,227,ABERTO,,0
PRZ003235,EXP003052,PGR-00028784/2026,DOCUMENTO,CIVINT/STIC,RESPOSTA,2026-09-16,2026-10-10,24,ABERTO,,0
PRZ003236,EXP003053,PGR-00089768/2026,DOCUMENTO,CIVINT/STIC,RESPOSTA,2026-09-30,2026-11-18,49,ABERTO,,0
PRZ003237,EXP003054,PGR-00076113/2026,DOCUMENTO,CIVINT/STIC,RESPOSTA,2026-09-13,2026-12-14,92,ABERTO,,0
PRZ003238,EXP003055,PGR-00011353/2026,DOCUMENTO,CIVINT/STIC,RESPOSTA,2026-09-21,2026-11-25,65,ABERTO,,0
PRZ003239,EXP003056,PGR-00009034/2026,DOCUMENTO,CIVINT/STIC,RESPOSTA,2026-10-02,2026-11-26,55,ABERTO,,0
PRZ003240,EXP003057,PGR-00090743/2026,DOCUMENTO,CIVINT/STIC,RESPOSTA,2026-07-18,2026-10-11,85,ABERTO,,0
PRZ003241,EXP003058,PGR-00000939/2026,DOCUMENTO,CIVINT/STIC,RESPOSTA,2026-09-12,2026-11-16,65,ABERTO,,0
PRZ003242,EXP003059,PGR-00090122/2026,DOCUMENTO,CIVINT/STIC,RESPOSTA,2026-08-30,2026-11-01,63,ABERTO,,0
PRZ003243,EXP003060,PGR-00053503/2026,DOCUMENTO,CIVINT/STIC,RESPOSTA,2026-09-12,2026-10-12,30,ABERTO,,0
PRZ003244,EXP003061,PGR-00090391/2026,DOCUMENTO,CIVINT/STIC,RESPOSTA,2026-08-13,2026-10-12,60,ABERTO,,0
PRZ003245,EXP003062,PGR-00027531/2026,DOCUMENTO,CIVINT/STIC,RESPOSTA,2026-10-06,2026-10-08,2,ABERTO,,0
PRZ003246,EXP003063,PGR-00038733/2026,DOCUMENTO,CIVINT/STIC,RESPOSTA,2026-10-02,2026-10-08,6,ABERTO,,0
PRZ003247,EXP003064,PGR-00010921/2026,DOCUMENTO,CIVINT/STIC,RESPOSTA,2026-07-30,2026-08-28,29,ABERTO,,40
PRZ003248,EXP003065,PGR-00009053/2026,DOCUMENTO,CIVINT/STIC,RESPOSTA,2026-09-14,2026-10-11,27,ABERTO,,0
PRZ003249,EXP003066,PGR-00062706/2026,DOCUMENTO,CIVINT/STIC,RESPOSTA,2026-08-29,2026-10-25,57,ABERTO,,0
PRZ003250,EXP003067,PGR-00082782/2026,DOCUMENTO,CIVINT/STIC,RESPOSTA,2026-08-19,2026-08-26,7,ABERTO,,42
PRZ003251,EXP003068,PGR-00087737/2026,DOCUMENTO,CIVINT/STIC,RESPOSTA,2026-09-29,2026-11-20,52,ABERTO,,0
PRZ003252,EXP003069,PGR-00096412/2026,DOCUMENTO,CIVINT/STIC,RESPOSTA,2026-08-04,2026-10-08,65,ABERTO,,0
PRZ003253,EXP003070,PGR-00023242/2026,DOCUMENTO,CIVINT/STIC,RESPOSTA,2026-07-06,2026-12-17,164,ABERTO,,0
PRZ003254,EXP003071,PGR-00083852/2026,DOCUMENTO,CIVINT/STIC,RESPOSTA,2026-07-20,2026-11-05,108,ABERTO,,0
PRZ003255,EXP003072,PGR-00052005/2026,DOCUMENTO,CIVINT/STIC,RESPOSTA,2026-08-25,2026-11-20,87,ABERTO,,0
PRZ003256,EXP003073,PGR-00024775/2026,DOCUMENTO,CIVINT/STIC,RESPOSTA,2026-09-14,2026-10-13,29,ABERTO,,0
PRZ003257,EXP003074,PGR-00040149/2026,DOCUMENTO,CIVINT/STIC,RESPOSTA,2026-10-01,2026-10-10,9,ABERTO,,0
PRZ003258,EXP003075,PGR-00011383/2026,DOCUMENTO,CIVINT/STIC,RESPOSTA,2026-08-31,2026-10-31,61,ABERTO,,0
PRZ003259,EXP003076,PGR-00004764/2026,DOCUMENTO,CIVINT/STIC,RESPOSTA,2026-10-07,2026-12-31,85,ABERTO,,0
PRZ003260,EXP003077,PGR-00025307/2026,DOCUMENTO,CIVINT/STIC,RESPOSTA,2026-09-14,2026-11-24,71,ABERTO,,0
PRZ003261,EXP003078,PGR-00093559/2026,DOCUMENTO,CIVINT/STIC,RESPOSTA,2026-09-24,2026-10-09,15,ABERTO,,0
PRZ003262,EXP003079,PGR-00044709/2026,DOCUMENTO,CIVINT/STIC,RESPOSTA,2026-08-12,2026-10-08,57,ABERTO,,0
PRZ003263,EXP003080,PGR-00029770/2026,DOCUMENTO,CIVINT/STIC,RESPOSTA,2026-09-26,2026-12-15,80,ABERTO,,0
PRZ003264,EXP003081,PGR-00045541/2026,DOCUMENTO,CIVINT/STIC,RESPOSTA,2026-09-21,2026-09-25,4,ABERTO,,12
PRZ003265,EXP003082,PGR-00005846/2026,DOCUMENTO,CIVINT/STIC,RESPOSTA,2026-08-06,2026-11-01,87,ABERTO,,0
PRZ003266,EXP003083,PGR-00061131/2026,DOCUMENTO,CIVINT/STIC,RESPOSTA,2026-09-06,2026-10-13,37,ABERTO,,0
PRZ003267,EXP003084,PGR-00047083/2026,DOCUMENTO,CIVINT/STIC,RESPOSTA,2026-10-05,2026-10-10,5,ABERTO,,0
PRZ003268,EXP003085,PGR-00058627/2026,DOCUMENTO,CIVINT/STIC,RESPOSTA,2026-10-07,2026-10-14,7,ABERTO,,0
PRZ003269,EXP003086,PGR-00099580/2026,DOCUMENTO,CIVINT/STIC,RESPOSTA,2026-07-02,2026-10-23,113,ABERTO,,0
PRZ003270,EXP003087,PGR-00015801/2026,DOCUMENTO,CIVINT/STIC,RESPOSTA,2026-10-05,2026-11-11,37,ABERTO,,0
PRZ003271,EXP003088,PGR-00027192/2026,DOCUMENTO,CIVINT/STIC,RESPOSTA,2026-09-13,2026-10-12,29,ABERTO,,0
PRZ003272,EXP003089,PGR-00093133/2026,DOCUMENTO,CIVINT/STIC,RESPOSTA,2026-10-01,2026-10-07,6,ABERTO,,0
PRZ003273,EXP003090,PGR-00088377/2026,DOCUMENTO,CIVINT/STIC,RESPOSTA,2026-10-03,2026-11-18,46,ABERTO,,0
PRZ003274,EXP003091,PGR-00062169/2026,DOCUMENTO,CIVINT/STIC,RESPOSTA,2026-09-27,2026-10-12,15,ABERTO,,0
PRZ003275,EXP003092,PGR-00058404/2026,DOCUMENTO,CIVINT/STIC,RESPOSTA,2026-10-05,2026-12-20,76,ABERTO,,0
PRZ003276,EXP003093,PGR-00088321/2026,DOCUMENTO,CIVINT/STIC,RESPOSTA,2026-09-24,2026-10-07,13,ABERTO,,0
PRZ003277,EXP003094,PGR-00072582/2026,DOCUMENTO,CIVINT/STIC,RESPOSTA,2026-07-02,2026-10-08,98,ABERTO,,0
PRZ003278,EXP003095,PGR-00062463/2026,DOCUMENTO,CIVINT/STIC,RESPOSTA,2026-09-29,2026-10-13,14,ABERTO,,0
PRZ003279,EXP003096,PGR-00092976/2026,DOCUMENTO,CIVINT/STIC,RESPOSTA,2026-07-31,2026-10-15,76,ABERTO,,0
PRZ003280,EXP003097,PGR-00066113/2026,DOCUMENTO,CIVINT/STIC,RESPOSTA,2026-10-01,2026-12-17,77,ABERTO,,0
PRZ003281,EXP003098,PGR-00078829/2026,DOCUMENTO,CIVINT/STIC,RESPOSTA,2026-08-26,2026-11-03,69,ABERTO,,0
PRZ003282,EXP003099,PGR-00013691/2026,DOCUMENTO,CIVINT/STIC,RESPOSTA,2026-08-30,2026-10-12,43,ABERTO,,0
PRZ003283,EXP003100,PGR-00087055/2026,DOCUMENTO,CIVINT/STIC,RESPOSTA,2026-10-02,2026-12-14,73,ABERTO,,0
PRZ003284,EXP003101,PGR-00006184/2026,DOCUMENTO,CIVINT/STIC,RESPOSTA,2026-09-03,2026-10-13,40,ABERTO,,0
PRZ003285,EXP003102,PGR-00043120/2026,DOCUMENTO,CIVINT/STIC,RESPOSTA,2026-09-03,2026-10-07,34,ABERTO,,0
PRZ003286,EXP003103,PGR-00011224/2026,DOCUMENTO,CIVINT/STIC,RESPOSTA,2026-07-16,2026-10-10,86,ABERTO,,0
PRZ003287,EXP003104,PGR-00064433/2026,DOCUMENTO,CIVINT/STIC,RESPOSTA,2026-09-25,2026-09-26,1,ABERTO,,11
PRZ003288,EXP003105,PGR-00006872/2026,DOCUMENTO,CIVINT/STIC,RESPOSTA,2026-09-27,2026-10-10,13,ABERTO,,0
PRZ003289,EXP003106,PGR-00007907/2026,DOCUMENTO,CIVINT/STIC,RESPOSTA,2026-09-27,2026-12-11,75,ABERTO,,0
PRZ003290,EXP003106,PGR-00007907/2026,DOCUMENTO,CIVINT/STIC,RESPOSTA,2026-09-27,2026-11-22,56,PRORROGADO,2026-10-05T05:43:26-03:00,0
PRZ003291,EXP003107,PGR-00093224/2026,DOCUMENTO,CIVINT/STIC,RESPOSTA,2026-09-27,2026-12-31,95,ABERTO,,0
PRZ003292,EXP003108,PGR-00042907/2026,DOCUMENTO,CIVINT/STIC,RESPOSTA,2026-07-26,2026-10-24,90,ABERTO,,0
PRZ003293,EXP003109,PGR-00001356/2026,DOCUMENTO,CIVINT/STIC,RESPOSTA,2026-07-22,2026-10-07,77,ABERTO,,0
PRZ003294,EXP003110,PGR-00093641/2026,DOCUMENTO,CIVINT/STIC,RESPOSTA,2026-08-18,2026-11-28,102,ABERTO,,0
PRZ003295,EXP003111,PGR-00064878/2026,DOCUMENTO,CIVINT/STIC,RESPOSTA,2026-08-16,2026-11-09,85,ABERTO,,0
PRZ003296,EXP003112,PGR-00057582/2026,DOCUMENTO,CIVINT/STIC,RESPOSTA,2026-09-11,2026-12-28,108,ABERTO,,0
PRZ003297,EXP003113,PGR-00094825/2026,DOCUMENTO,CIVINT/STIC,RESPOSTA,2026-07-17,2026-10-12,87,ABERTO,,0
PRZ003298,EXP003114,PGR-00037419/2026,DOCUMENTO,CIVINT/STIC,RESPOSTA,2026-09-06,2026-10-07,31,ABERTO,,0
PRZ003299,EXP003115,PGR-00086261/2026,DOCUMENTO,CIVINT/STIC,RESPOSTA,2026-09-24,2026-10-07,13,ABERTO,,0
PRZ003300,EXP003116,PGR-00010690/2026,DOCUMENTO,CIVINT/STIC,RESPOSTA,2026-09-20,2026-09-26,6,ABERTO,,11
PRZ003301,EXP003117,PGR-00027555/2026,DOCUMENTO,CIVINT/STIC,RESPOSTA,2026-10-03,2026-10-12,9,ABERTO,,0
PRZ003302,EXP003118,PGR-00012380/2026,DOCUMENTO,CIVINT/STIC,RESPOSTA,2026-09-17,2026-11-03,47,ABERTO,,0
PRZ003303,EXP003119,PGR-00015570/2026,DOCUMENTO,CIVINT/STIC,RESPOSTA,2026-09-19,2026-09-20,1,ABERTO,,17
PRZ003304,EXP003120,PGR-00085145/2026,DOCUMENTO,CIVINT/STIC,RESPOSTA,2026-06-24,2026-09-24,92,ABERTO,,13
PRZ003305,EXP003121,PGR-00092767/2026,DOCUMENTO,CIVINT/STIC,RESPOSTA,2026-09-01,2026-10-10,39,ABERTO,,0
PRZ003306,EXP003122,PGR-00050877/2026,DOCUMENTO,CIVINT/STIC,RESPOSTA,2026-10-06,2026-10-11,5,ABERTO,,0
PRZ003307,EXP003123,PGR-00061836/2026,DOCUMENTO,CIVINT/STIC,RESPOSTA,2026-10-07,2026-10-08,1,ABERTO,,0
PRZ003308,EXP003124,PGR-00009842/2026,DOCUMENTO,CIVINT/STIC,RESPOSTA,2026-08-31,2026-12-02,93,ABERTO,,0
PRZ003309,EXP003125,PGR-00068757/2026,DOCUMENTO,CIVINT/STIC,RESPOSTA,2026-08-28,2026-10-27,60,ABERTO,,0
PRZ003310,EXP003126,PGR-00070419/2026,DOCUMENTO,CIVINT/STIC,RESPOSTA,2026-09-07,2026-10-09,32,ABERTO,,0
PRZ003311,EXP003127,PGR-00053057/2026,DOCUMENTO,CIVINT/STIC,RESPOSTA,2026-09-18,2026-12-13,86,ABERTO,,0
PRZ003312,EXP003128,PGR-00040459/2026,DOCUMENTO,CIVINT/STIC,RESPOSTA,2026-07-23,2026-10-19,88,ABERTO,,0
PRZ003313,EXP003129,PGR-00066643/2026,DOCUMENTO,CIVINT/STIC,RESPOSTA,2026-09-21,2026-10-13,22,ABERTO,,0
PRZ003314,EXP003130,PGR-00083745/2026,DOCUMENTO,CIVINT/STIC,RESPOSTA,2026-09-29,2026-10-21,22,ABERTO,,0
PRZ003315,EXP003131,PGR-00083227/2026,DOCUMENTO,CIVINT/STIC,RESPOSTA,2026-10-01,2026-12-26,86,ABERTO,,0
PRZ003316,EXP003132,PGR-00047130/2026,DOCUMENTO,CIVINT/STIC,RESPOSTA,2026-09-26,2026-12-15,80,ABERTO,,0
PRZ003317,EXP003133,PGR-00006070/2026,DOCUMENTO,CIVINT/STIC,RESPOSTA,2026-09-09,2026-09-18,9,ABERTO,,19
PRZ003318,EXP003134,PGR-00078994/2026,DOCUMENTO,CIVINT/STIC,RESPOSTA,2026-09-01,2026-11-17,77,ABERTO,,0
PRZ003319,EXP003135,PGR-00000280/2026,DOCUMENTO,CIVINT/STIC,RESPOSTA,2026-09-20,2026-10-09,19,ABERTO,,0
PRZ003320,EXP003136,PGR-00045995/2026,DOCUMENTO,CIVINT/STIC,RESPOSTA,2026-08-14,2026-10-12,59,ABERTO,,0
PRZ003321,EXP003137,PGR-00072750/2026,DOCUMENTO,CIVINT/STIC,RESPOSTA,2026-09-12,2026-10-11,29,ABERTO,,0
PRZ003322,EXP003138,PGR-00021292/2026,DOCUMENTO,CIVINT/STIC,RESPOSTA,2026-03-16,2026-12-13,272,ABERTO,,0
PRZ003323,EXP003139,PGR-00029960/2026,DOCUMENTO,CIVINT/STIC,RESPOSTA,2026-09-22,2026-11-23,62,ABERTO,,0
PRZ003324,EXP003140,PGR-00043521/2026,DOCUMENTO,CIVINT/STIC,RESPOSTA,2026-09-24,2027-01-03,101,ABERTO,,0
PRZ003325,EXP003141,PGR-00064924/2026,DOCUMENTO,CIVINT/STIC,RESPOSTA,2026-08-14,2026-10-08,55,ABERTO,,0
PRZ003326,EXP003142,PGR-00087488/2026,DOCUMENTO,CIVINT/STIC,RESPOSTA,2026-09-05,2026-10-14,39,ABERTO,,0
PRZ003327,EXP003143,PGR-00012218/2026,DOCUMENTO,CIVINT/STIC,RESPOSTA,2026-07-30,2026-11-23,116,ABERTO,,0
PRZ003328,EXP003144,PGR-00091257/2026,DOCUMENTO,CIVINT/STIC,RESPOSTA,2026-09-09,2026-10-04,25,ABERTO,,3
PRZ003329,EXP003145,PGR-00074800/2026,DOCUMENTO,CIVINT/STIC,RESPOSTA,2026-07-07,2026-11-05,121,ABERTO,,0
PRZ003330,EXP003145,PGR-00074800/2026,DOCUMENTO,CIVINT/STIC,RESPOSTA,2026-07-07,2026-10-27,112,PRORROGADO,2026-08-17T10:44:48-03:00,0
PRZ003331,EXP003146,PGR-00040698/2026,DOCUMENTO,CIVINT/STIC,RESPOSTA,2026-09-29,2026-12-28,90,ABERTO,,0
PRZ003332,EXP003147,PGR-00072946/2026,DOCUMENTO,CIVINT/STIC,RESPOSTA,2026-09-02,2026-09-06,4,ABERTO,,31
PRZ003333,EXP003148,PGR-00070274/2026,DOCUMENTO,CIVINT/STIC,RESPOSTA,2026-09-20,2026-12-15,86,ABERTO,,0
PRZ003334,EXP003149,PGR-00043258/2026,DOCUMENTO,CIVINT/STIC,RESPOSTA,2026-09-15,2026-09-16,1,ABERTO,,21
PRZ003335,EXP003150,PGR-00081450/2026,DOCUMENTO,CIVINT/STIC,RESPOSTA,2026-09-03,2026-09-04,1,ABERTO,,33
PRZ003336,EXP003151,PGR-00015288/2026,DOCUMENTO,CIVINT/STIC,RESPOSTA,2026-09-23,2026-12-25,93,ABERTO,,0
PRZ003337,EXP003152,PGR-00022812/2025,DOCUMENTO,CIVINT/STIC,RESPOSTA,2025-12-25,2026-11-06,316,ABERTO,,0
PRZ003338,EXP003153,PGR-00007113/2026,DOCUMENTO,CIVINT/STIC,RESPOSTA,2026-10-01,2026-11-02,32,ABERTO,,0
PRZ003339,EXP003154,PGR-00021394/2026,DOCUMENTO,CIVINT/STIC,RESPOSTA,2026-10-03,2026-10-12,9,ABERTO,,0
PRZ003340,EXP003155,PGR-00088919/2026,DOCUMENTO,CIVINT/STIC,RESPOSTA,2026-08-04,2026-11-22,110,ABERTO,,0
PRZ003341,EXP003156,PGR-00010884/2026,DOCUMENTO,CIVINT/STIC,RESPOSTA,2026-07-20,2026-10-12,84,ABERTO,,0
PRZ003342,EXP003157,PGR-00019055/2026,DOCUMENTO,CIVINT/STIC,RESPOSTA,2026-09-17,2026-10-13,26,ABERTO,,0
PRZ003343,EXP003158,PGR-00070469/2026,DOCUMENTO,CIVINT/STIC,RESPOSTA,2026-09-29,2026-12-08,70,ABERTO,,0
PRZ003344,EXP003159,PGR-00067057/2026,DOCUMENTO,CIVINT/STIC,RESPOSTA,2026-09-29,2026-11-20,52,ABERTO,,0
PRZ003345,EXP003160,PGR-00081179/2026,DOCUMENTO,CIVINT/STIC,RESPOSTA,2026-10-05,2026-12-11,67,ABERTO,,0
PRZ003346,EXP003161,PGR-00027630/2026,DOCUMENTO,CIVINT/STIC,RESPOSTA,2026-10-05,2026-10-06,1,ABERTO,,1
PRZ003347,EXP003162,PGR-00057255/2026,DOCUMENTO,CIVINT/STIC,RESPOSTA,2026-10-03,2026-10-13,10,ABERTO,,0
PRZ003348,EXP003163,PGR-00011539/2026,DOCUMENTO,CIVINT/STIC,RESPOSTA,2026-09-10,2026-10-27,47,ABERTO,,0
PRZ003349,EXP003164,PGR-00018855/2026,DOCUMENTO,CIVINT/STIC,RESPOSTA,2026-08-25,2026-10-08,44,ABERTO,,0
PRZ003350,EXP003164,PGR-00018855/2026,DOCUMENTO,CIVINT/STIC,RESPOSTA,2026-08-25,2026-09-24,30,PRORROGADO,2026-10-02T20:57:05-03:00,0
PRZ003351,EXP003165,PGR-00059539/2026,DOCUMENTO,CIVINT/STIC,RESPOSTA,2026-08-28,2026-09-06,9,ABERTO,,31
PRZ003352,EXP003165,PGR-00059539/2026,DOCUMENTO,CIVINT/STIC,RESPOSTA,2026-08-28,2026-08-29,1,PRORROGADO,2026-09-19T20:54:37-03:00,0
PRZ003353,EXP003166,PGR-00079730/2026,DOCUMENTO,CIVINT/STIC,RESPOSTA,2026-08-30,2026-10-25,56,ABERTO,,0
PRZ003354,EXP003167,PGR-00085721/2026,DOCUMENTO,CIVINT/STIC,RESPOSTA,2026-09-28,2026-10-11,13,ABERTO,,0
PRZ003355,EXP003168,PGR-00085212/2026,DOCUMENTO,CIVINT/STIC,RESPOSTA,2026-09-19,2026-10-31,42,ABERTO,,0
PRZ003356,EXP003169,PGR-00052976/2026,DOCUMENTO,CIVINT/STIC,RESPOSTA,2026-05-31,2026-11-08,161,ABERTO,,0
PRZ003357,EXP003170,PGR-00091432/2026,DOCUMENTO,CIVINT/STIC,RESPOSTA,2026-09-14,2026-10-14,30,ABERTO,,0
PRZ003358,EXP003171,PGR-00011567/2026,DOCUMENTO,CIVINT/STIC,RESPOSTA,2026-09-13,2026-10-10,27,ABERTO,,0
PRZ003359,EXP003172,PGR-00044010/2026,DOCUMENTO,CIVINT/STIC,RESPOSTA,2026-09-17,2026-10-10,23,ABERTO,,0
PRZ003360,EXP003173,PGR-00085381/2026,DOCUMENTO,CIVINT/STIC,RESPOSTA,2026-09-13,2026-10-13,30,ABERTO,,0
PRZ003361,EXP003174,PGR-00034869/2026,DOCUMENTO,CIVINT/STIC,RESPOSTA,2026-09-25,2026-10-16,21,ABERTO,,0
PRZ003362,EXP003175,PGR-00080530/2026,DOCUMENTO,CIVINT/STIC,RESPOSTA,2026-09-08,2027-01-05,119,ABERTO,,0
PRZ003363,EXP003176,PGR-00044616/2026,DOCUMENTO,CIVINT/STIC,RESPOSTA,2026-09-25,2026-10-12,17,ABERTO,,0
PRZ003364,EXP003177,PGR-00024268/2026,DOCUMENTO,CIVINT/STIC,RESPOSTA,2026-09-08,2026-11-03,56,ABERTO,,0
PRZ003365,EXP003178,PGR-00015876/2026,DOCUMENTO,CIVINT/STIC,RESPOSTA,2026-09-21,2026-10-14,23,ABERTO,,0
PRZ003366,EXP003179,PGR-00097857/2026,DOCUMENTO,CIVINT/STIC,RESPOSTA,2026-06-08,2026-10-10,124,ABERTO,,0
PRZ003367,EXP003180,PGR-00063590/2026,DOCUMENTO,CIVINT/STIC,RESPOSTA,2026-03-01,2026-11-03,247,ABERTO,,0
PRZ003368,EXP003181,PGR-00089079/2026,DOCUMENTO,CIVINT/STIC,RESPOSTA,2026-10-02,2026-12-20,79,ABERTO,,0
PRZ003369,EXP003182,1.15.659.461108/2023-65,EXTRAJUDICIAL,CIVINT/STIC,TRAMITACAO,2026-09-10,2026-10-28,48,ABERTO,,0
PRZ003370,EXP003183,1.24.353.754546/2022-95,EXTRAJUDICIAL,CIVINT/STIC,TRAMITACAO,2026-10-05,2026-10-06,1,ABERTO,,1
PRZ003371,EXP003184,1.21.429.907691/2025-69,EXTRAJUDICIAL,CIVINT/STIC,TRAMITACAO,2026-06-16,2026-10-23,129,ABERTO,,0
PRZ003372,EXP003185,1.13.369.753793/2023-19,EXTRAJUDICIAL,CIVINT/STIC,TRAMITACAO,2026-10-06,2026-11-02,27,ABERTO,,0
PRZ003373,EXP003186,1.30.042.397889/2021-18,EXTRAJUDICIAL,CIVINT/STIC,TRAMITACAO,2026-09-06,2026-10-14,38,ABERTO,,0
PRZ003374,EXP003187,1.11.719.919460/2024-23,EXTRAJUDICIAL,CIVINT/STIC,TRAMITACAO,2026-08-13,2027-04-11,241,ABERTO,,0
PRZ003375,EXP003188,1.18.223.720020/2024-41,EXTRAJUDICIAL,CIVINT/STIC,TRAMITACAO,2026-09-05,2026-10-11,36,ABERTO,,0
PRZ003376,EXP003189,1.24.821.302341/2023-96,EXTRAJUDICIAL,CIVINT/STIC,TRAMITACAO,2026-09-20,2026-11-02,43,ABERTO,,0
PRZ003377,EXP003190,PGR-00055604/2026,DOCUMENTO,CIVINT/STIC,RESPOSTA,2026-09-20,2026-10-07,17,CUMPRIDO_NO_PRAZO,2026-10-07T16:00:00-03:00,0
PRZ003378,EXP003191,PGR-00052413/2026,DOCUMENTO,CIVINT/STIC,RESPOSTA,2026-07-15,2026-08-11,27,CUMPRIDO_COM_ATRASO,2026-08-18T00:21:00-03:00,7
PRZ003379,EXP003192,PGR-00005529/2026,DOCUMENTO,CIVINT/STIC,RESPOSTA,2026-09-19,2026-10-05,16,CUMPRIDO_NO_PRAZO,2026-09-29T02:23:00-03:00,0
PRZ003380,EXP003193,PGR-00035091/2026,DOCUMENTO,CIVINT/STIC,RESPOSTA,2026-09-07,2026-09-25,18,CUMPRIDO_COM_ATRASO,2026-09-29T03:39:00-03:00,4
PRZ003381,EXP003194,PGR-00040378/2026,DOCUMENTO,CIVINT/STIC,RESPOSTA,2026-07-16,2026-08-14,29,CUMPRIDO_NO_PRAZO,2026-07-18T21:18:00-03:00,0
PRZ003382,EXP003195,PGR-00046578/2026,DOCUMENTO,CIVINT/STIC,RESPOSTA,2026-09-05,2026-09-28,23,CUMPRIDO_NO_PRAZO,2026-09-24T13:59:00-03:00,0
PRZ003383,EXP003196,PGR-00064148/2026,DOCUMENTO,CIVINT/STIC,RESPOSTA,2026-09-11,2026-10-08,27,CUMPRIDO_NO_PRAZO,2026-10-06T17:25:00-03:00,0
PRZ003384,EXP003197,PGR-00051724/2026,DOCUMENTO,CIVINT/STIC,RESPOSTA,2026-08-07,2026-08-24,17,CUMPRIDO_NO_PRAZO,2026-08-20T21:07:00-03:00,0
PRZ003385,EXP003198,PGR-00009109/2026,DOCUMENTO,CIVINT/STIC,RESPOSTA,2026-09-27,2026-10-07,10,CUMPRIDO_NO_PRAZO,2026-10-07T16:00:00-03:00,0
PRZ003386,EXP003199,PGR-00074417/2026,DOCUMENTO,CIVINT/STIC,RESPOSTA,2026-09-20,2026-10-01,11,CUMPRIDO_COM_ATRASO,2026-10-07T16:00:00-03:00,6
PRZ003387,EXP003200,PGR-00089319/2026,DOCUMENTO,CIVINT/STIC,RESPOSTA,2026-09-21,2026-10-02,11,CUMPRIDO_COM_ATRASO,2026-10-04T02:59:00-03:00,2
PRZ003388,EXP003201,PGR-00043595/2026,DOCUMENTO,CIVINT/STIC,RESPOSTA,2026-07-11,2026-08-09,29,CUMPRIDO_NO_PRAZO,2026-07-24T03:02:00-03:00,0
PRZ003389,EXP003202,PGR-00025850/2026,DOCUMENTO,CIVINT/STIC,RESPOSTA,2026-09-20,2026-09-30,10,CUMPRIDO_NO_PRAZO,2026-09-25T18:41:00-03:00,0
PRZ003390,EXP003203,PGR-00093305/2026,DOCUMENTO,CIVINT/STIC,RESPOSTA,2026-06-13,2026-07-01,18,CUMPRIDO_NO_PRAZO,2026-06-28T13:07:00-03:00,0
PRZ003391,EXP003204,PGR-00019519/2026,DOCUMENTO,CIVINT/STIC,RESPOSTA,2026-08-16,2026-09-12,27,CUMPRIDO_COM_ATRASO,2026-09-22T02:59:00-03:00,10
PRZ003392,EXP003205,PGR-00041495/2026,DOCUMENTO,CIVINT/STIC,RESPOSTA,2026-09-08,2026-09-22,14,CUMPRIDO_COM_ATRASO,2026-09-29T06:38:00-03:00,7
PRZ003393,EXP003206,PGR-00095607/2026,DOCUMENTO,CIVINT/STIC,RESPOSTA,2026-09-08,2026-09-22,14,CUMPRIDO_COM_ATRASO,2026-10-07T16:00:00-03:00,15
PRZ003394,EXP003207,PGR-00089599/2026,DOCUMENTO,CIVINT/STIC,RESPOSTA,2026-08-30,2026-09-18,19,CUMPRIDO_NO_PRAZO,2026-09-13T21:37:00-03:00,0
PRZ003395,EXP003208,PGR-00079629/2026,DOCUMENTO,CIVINT/STIC,RESPOSTA,2026-08-04,2026-08-22,18,CUMPRIDO_COM_ATRASO,2026-08-25T02:25:00-03:00,3
PRZ003396,EXP003209,PGR-00024722/2026,DOCUMENTO,CIVINT/STIC,RESPOSTA,2026-06-13,2026-07-13,30,CUMPRIDO_NO_PRAZO,2026-06-22T00:08:00-03:00,0
PRZ003397,EXP003210,PGR-00057257/2026,DOCUMENTO,CIVINT/STIC,RESPOSTA,2026-09-22,2026-10-04,12,CUMPRIDO_COM_ATRASO,2026-10-07T16:00:00-03:00,3
PRZ003398,EXP003211,PGR-00099555/2026,DOCUMENTO,CIVINT/STIC,RESPOSTA,2026-07-17,2026-08-14,28,CUMPRIDO_NO_PRAZO,2026-08-08T20:18:00-03:00,0
PRZ003399,EXP003212,PGR-00069428/2026,DOCUMENTO,CIVINT/STIC,RESPOSTA,2026-06-17,2026-07-04,17,CUMPRIDO_COM_ATRASO,2026-07-09T09:13:00-03:00,5
PRZ003400,EXP003213,PGR-00048574/2026,DOCUMENTO,CIVINT/STIC,RESPOSTA,2026-09-08,2026-09-27,19,CUMPRIDO_NO_PRAZO,2026-09-10T04:42:00-03:00,0
PRZ003401,EXP003214,PGR-00050060/2026,DOCUMENTO,CIVINT/STIC,RESPOSTA,2026-09-21,2026-10-07,16,CUMPRIDO_NO_PRAZO,2026-10-02T11:34:00-03:00,0
PRZ003402,EXP003215,PGR-00039238/2026,DOCUMENTO,CIVINT/STIC,RESPOSTA,2026-07-14,2026-08-03,20,CUMPRIDO_NO_PRAZO,2026-07-24T23:39:00-03:00,0
PRZ003403,EXP003216,PGR-00002518/2026,DOCUMENTO,CIVINT/STIC,RESPOSTA,2026-07-01,2026-07-16,15,CUMPRIDO_COM_ATRASO,2026-07-29T02:48:00-03:00,13
PRZ003404,EXP003217,PGR-00024511/2026,DOCUMENTO,CIVINT/STIC,RESPOSTA,2026-09-20,2026-10-20,30,CUMPRIDO_NO_PRAZO,2026-10-07T16:00:00-03:00,0
PRZ003405,EXP003218,PGR-00091612/2026,DOCUMENTO,CIVINT/STIC,RESPOSTA,2026-06-12,2026-06-22,10,CUMPRIDO_NO_PRAZO,2026-06-14T23:42:00-03:00,0
PRZ003406,EXP003219,PGR-00064412/2026,DOCUMENTO,CIVINT/STIC,RESPOSTA,2026-06-12,2026-07-03,21,CUMPRIDO_NO_PRAZO,2026-06-19T19:19:00-03:00,0
PRZ003407,EXP003220,PGR-00018322/2026,DOCUMENTO,CIVINT/STIC,RESPOSTA,2026-09-01,2026-09-27,26,CUMPRIDO_NO_PRAZO,2026-09-15T23:35:00-03:00,0
PRZ003408,EXP003221,PGR-00060429/2026,DOCUMENTO,CIVINT/STIC,RESPOSTA,2026-09-10,2026-09-20,10,CUMPRIDO_COM_ATRASO,2026-10-07T16:00:00-03:00,17
PRZ003409,EXP003222,PGR-00059430/2026,DOCUMENTO,CIVINT/STIC,RESPOSTA,2026-06-16,2026-07-13,27,CUMPRIDO_NO_PRAZO,2026-07-06T14:00:00-03:00,0
PRZ003410,EXP003223,PGR-00054825/2026,DOCUMENTO,CIVINT/STIC,RESPOSTA,2026-07-18,2026-08-17,30,CUMPRIDO_COM_ATRASO,2026-08-19T11:18:00-03:00,2
PRZ003411,EXP003224,PGR-00069677/2026,DOCUMENTO,CIVINT/STIC,RESPOSTA,2026-08-23,2026-09-02,10,CUMPRIDO_COM_ATRASO,2026-09-09T07:08:00-03:00,7
PRZ003412,EXP003225,PGR-00034518/2026,DOCUMENTO,CIVINT/STIC,RESPOSTA,2026-07-04,2026-07-17,13,CUMPRIDO_NO_PRAZO,2026-07-08T15:09:00-03:00,0
PRZ003413,EXP003226,PGR-00011302/2026,DOCUMENTO,CIVINT/STIC,RESPOSTA,2026-09-26,2026-10-24,28,CUMPRIDO_NO_PRAZO,2026-10-07T16:00:00-03:00,0
PRZ003414,EXP003227,PGR-00078741/2026,DOCUMENTO,CIVINT/STIC,RESPOSTA,2026-09-20,2026-10-18,28,CUMPRIDO_NO_PRAZO,2026-09-25T09:34:00-03:00,0
PRZ003415,EXP003228,PGR-00018193/2026,DOCUMENTO,CIVINT/STIC,RESPOSTA,2026-08-15,2026-08-28,13,CUMPRIDO_NO_PRAZO,2026-08-20T00:20:00-03:00,0
PRZ003416,EXP003229,PGR-00022752/2026,DOCUMENTO,CIVINT/STIC,RESPOSTA,2026-06-14,2026-06-30,16,CUMPRIDO_NO_PRAZO,2026-06-24T07:04:00-03:00,0
PRZ003417,EXP003230,PGR-00030604/2026,DOCUMENTO,CIVINT/STIC,RESPOSTA,2026-08-17,2026-08-29,12,CUMPRIDO_NO_PRAZO,2026-08-25T02:23:00-03:00,0
PRZ003418,EXP003231,PGR-00029816/2026,DOCUMENTO,CIVINT/STIC,RESPOSTA,2026-07-20,2026-08-19,30,CUMPRIDO_COM_ATRASO,2026-08-31T05:03:00-03:00,12
PRZ003419,EXP003232,PGR-00076654/2026,DOCUMENTO,CIVINT/STIC,RESPOSTA,2026-09-08,2026-09-26,18,CUMPRIDO_COM_ATRASO,2026-09-30T19:35:00-03:00,4
PRZ003420,EXP003233,PGR-00022285/2026,DOCUMENTO,CIVINT/STIC,RESPOSTA,2026-07-28,2026-08-10,13,CUMPRIDO_COM_ATRASO,2026-08-14T13:28:00-03:00,4
PRZ003421,EXP003234,PGR-00020993/2026,DOCUMENTO,CIVINT/STIC,RESPOSTA,2026-08-03,2026-08-23,20,CUMPRIDO_NO_PRAZO,2026-08-07T20:52:00-03:00,0
PRZ003422,EXP003235,PGR-00098473/2026,DOCUMENTO,CIVINT/STIC,RESPOSTA,2026-07-24,2026-08-19,26,CUMPRIDO_COM_ATRASO,2026-08-28T17:11:00-03:00,9
PRZ003423,EXP003236,PGR-00092121/2026,DOCUMENTO,CIVINT/STIC,RESPOSTA,2026-06-11,2026-06-27,16,CUMPRIDO_COM_ATRASO,2026-07-09T23:13:00-03:00,12
PRZ003424,EXP003237,PGR-00047185/2026,DOCUMENTO,CIVINT/STIC,RESPOSTA,2026-06-15,2026-07-03,18,CUMPRIDO_NO_PRAZO,2026-06-28T09:41:00-03:00,0
PRZ003425,EXP003238,PGR-00032929/2026,DOCUMENTO,CIVINT/STIC,RESPOSTA,2026-07-21,2026-08-08,18,CUMPRIDO_COM_ATRASO,2026-09-02T07:53:00-03:00,25
PRZ003426,EXP003239,PGR-00047388/2026,DOCUMENTO,CIVINT/STIC,RESPOSTA,2026-08-24,2026-09-13,20,CUMPRIDO_NO_PRAZO,2026-09-06T21:43:00-03:00,0
PRZ003427,EXP003240,PGR-00064152/2026,DOCUMENTO,CIVINT/STIC,RESPOSTA,2026-08-03,2026-08-24,21,CUMPRIDO_NO_PRAZO,2026-08-15T18:57:00-03:00,0
PRZ003428,EXP003241,PGR-00031563/2026,DOCUMENTO,CIVINT/STIC,RESPOSTA,2026-06-22,2026-07-09,17,CUMPRIDO_NO_PRAZO,2026-07-01T04:49:00-03:00,0
PRZ003429,EXP003242,PGR-00018247/2026,DOCUMENTO,CIVINT/STIC,RESPOSTA,2026-09-18,2026-09-28,10,CUMPRIDO_COM_ATRASO,2026-10-07T16:00:00-03:00,9
PRZ003430,EXP003243,PGR-00064216/2026,DOCUMENTO,CIVINT/STIC,RESPOSTA,2026-08-22,2026-09-21,30,CUMPRIDO_NO_PRAZO,2026-08-28T08:36:00-03:00,0
PRZ003431,EXP003244,PGR-00014665/2026,DOCUMENTO,CIVINT/STIC,RESPOSTA,2026-07-27,2026-08-10,14,CUMPRIDO_COM_ATRASO,2026-09-01T22:49:00-03:00,22
PRZ003432,EXP003245,PGR-00040616/2026,DOCUMENTO,CIVINT/STIC,RESPOSTA,2026-06-20,2026-07-12,22,CUMPRIDO_NO_PRAZO,2026-06-21T12:39:00-03:00,0
PRZ003433,EXP003246,PGR-00004419/2026,DOCUMENTO,CIVINT/STIC,RESPOSTA,2026-09-02,2026-09-19,17,CUMPRIDO_NO_PRAZO,2026-09-13T09:44:00-03:00,0
PRZ003434,EXP003247,PGR-00011566/2026,DOCUMENTO,CIVINT/STIC,RESPOSTA,2026-07-12,2026-07-23,11,CUMPRIDO_COM_ATRASO,2026-08-17T03:39:00-03:00,25
PRZ003435,EXP003248,PGR-00014684/2026,DOCUMENTO,CIVINT/STIC,RESPOSTA,2026-08-01,2026-08-21,20,CUMPRIDO_NO_PRAZO,2026-08-21T10:59:00-03:00,0
PRZ003436,EXP003249,PGR-00015115/2026,DOCUMENTO,CIVINT/STIC,RESPOSTA,2026-07-31,2026-08-27,27,CUMPRIDO_COM_ATRASO,2026-09-08T19:56:00-03:00,12
PRZ003437,EXP003250,PGR-00019935/2026,DOCUMENTO,CIVINT/STIC,RESPOSTA,2026-06-22,2026-07-09,17,CUMPRIDO_NO_PRAZO,2026-06-30T09:44:00-03:00,0
PRZ003438,EXP003251,PGR-00081222/2026,DOCUMENTO,CIVINT/STIC,RESPOSTA,2026-09-17,2026-10-02,15,CUMPRIDO_COM_ATRASO,2026-10-07T16:00:00-03:00,5
PRZ003439,EXP003252,PGR-00033233/2026,DOCUMENTO,CIVINT/STIC,RESPOSTA,2026-08-04,2026-09-02,29,CUMPRIDO_COM_ATRASO,2026-09-07T19:24:00-03:00,5
PRZ003440,EXP003253,PGR-00044259/2026,DOCUMENTO,CIVINT/STIC,RESPOSTA,2026-08-30,2026-09-11,12,CUMPRIDO_NO_PRAZO,2026-08-31T20:33:00-03:00,0
PRZ003441,EXP003254,PGR-00067025/2026,DOCUMENTO,CIVINT/STIC,RESPOSTA,2026-08-23,2026-09-08,16,CUMPRIDO_COM_ATRASO,2026-09-16T07:35:00-03:00,8
PRZ003442,EXP003255,PGR-00077325/2026,DOCUMENTO,CIVINT/STIC,RESPOSTA,2026-06-23,2026-07-22,29,CUMPRIDO_COM_ATRASO,2026-08-03T05:27:00-03:00,12
PRZ003443,EXP003256,PGR-00090872/2026,DOCUMENTO,CIVINT/STIC,RESPOSTA,2026-06-22,2026-07-10,18,CUMPRIDO_COM_ATRASO,2026-07-28T14:48:00-03:00,18
PRZ003444,EXP003257,PGR-00061933/2026,DOCUMENTO,CIVINT/STIC,RESPOSTA,2026-07-13,2026-08-12,30,CUMPRIDO_NO_PRAZO,2026-08-05T19:17:00-03:00,0
PRZ003445,EXP003258,PGR-00043053/2026,DOCUMENTO,CIVINT/STIC,RESPOSTA,2026-08-28,2026-09-07,10,CUMPRIDO_COM_ATRASO,2026-09-29T01:11:00-03:00,22
PRZ003446,EXP003259,PGR-00012963/2026,DOCUMENTO,CIVINT/STIC,RESPOSTA,2026-09-22,2026-10-04,12,CUMPRIDO_NO_PRAZO,2026-09-24T18:25:00-03:00,0
PRZ003447,EXP003260,PGR-00090806/2026,DOCUMENTO,CIVINT/STIC,RESPOSTA,2026-07-29,2026-08-19,21,CUMPRIDO_NO_PRAZO,2026-08-10T06:52:00-03:00,0
PRZ003448,EXP003261,PGR-00069189/2026,DOCUMENTO,CIVINT/STIC,RESPOSTA,2026-08-19,2026-08-31,12,CUMPRIDO_COM_ATRASO,2026-09-14T02:48:00-03:00,14
PRZ003449,EXP003262,PGR-00091459/2026,DOCUMENTO,CIVINT/STIC,RESPOSTA,2026-08-21,2026-09-18,28,CUMPRIDO_COM_ATRASO,2026-09-30T14:38:00-03:00,12
PRZ003450,EXP003263,PGR-00018090/2026,DOCUMENTO,CIVINT/STIC,RESPOSTA,2026-06-10,2026-06-23,13,CUMPRIDO_COM_ATRASO,2026-06-28T23:04:00-03:00,5
PRZ003451,EXP003264,PGR-00058620/2026,DOCUMENTO,CIVINT/STIC,RESPOSTA,2026-09-25,2026-10-11,16,CUMPRIDO_NO_PRAZO,2026-10-07T16:00:00-03:00,0
PRZ003452,EXP003265,PGR-00085054/2026,DOCUMENTO,CIVINT/STIC,RESPOSTA,2026-07-30,2026-08-20,21,CUMPRIDO_NO_PRAZO,2026-08-08T07:07:00-03:00,0
PRZ003453,EXP003266,PGR-00086347/2026,DOCUMENTO,CIVINT/STIC,RESPOSTA,2026-08-08,2026-08-28,20,CUMPRIDO_NO_PRAZO,2026-08-23T18:34:00-03:00,0
PRZ003454,EXP003267,PGR-00079604/2026,DOCUMENTO,CIVINT/STIC,RESPOSTA,2026-08-29,2026-09-23,25,CUMPRIDO_COM_ATRASO,2026-09-28T16:41:00-03:00,5
PRZ003455,EXP003268,PGR-00041736/2026,DOCUMENTO,CIVINT/STIC,RESPOSTA,2026-07-07,2026-08-02,26,CUMPRIDO_COM_ATRASO,2026-08-09T09:51:00-03:00,7
PRZ003456,EXP003269,PGR-00069240/2026,DOCUMENTO,CIVINT/STIC,RESPOSTA,2026-07-31,2026-08-28,28,CUMPRIDO_NO_PRAZO,2026-08-05T17:32:00-03:00,0
PRZ003457,EXP003270,PGR-00051226/2026,DOCUMENTO,CIVINT/STIC,RESPOSTA,2026-06-22,2026-07-15,23,CUMPRIDO_COM_ATRASO,2026-07-19T06:21:00-03:00,4
PRZ003458,EXP003271,PGR-00069832/2026,DOCUMENTO,CIVINT/STIC,RESPOSTA,2026-07-13,2026-08-04,22,CUMPRIDO_COM_ATRASO,2026-08-08T16:30:00-03:00,4
PRZ003459,EXP003272,PGR-00049376/2026,DOCUMENTO,CIVINT/STIC,RESPOSTA,2026-08-25,2026-09-16,22,CUMPRIDO_NO_PRAZO,2026-09-02T09:07:00-03:00,0
PRZ003460,EXP003273,PGR-00081907/2026,DOCUMENTO,CIVINT/STIC,RESPOSTA,2026-09-16,2026-10-09,23,CUMPRIDO_NO_PRAZO,2026-09-28T05:34:00-03:00,0
PRZ003461,EXP003274,PGR-00022774/2026,DOCUMENTO,CIVINT/STIC,RESPOSTA,2026-07-25,2026-08-06,12,CUMPRIDO_NO_PRAZO,2026-07-31T20:05:00-03:00,0
PRZ003462,EXP003275,PGR-00027263/2026,DOCUMENTO,CIVINT/STIC,RESPOSTA,2026-09-20,2026-10-13,23,CUMPRIDO_NO_PRAZO,2026-10-07T16:00:00-03:00,0
PRZ003463,EXP003276,PGR-00036069/2026,DOCUMENTO,CIVINT/STIC,RESPOSTA,2026-06-16,2026-07-13,27,CUMPRIDO_NO_PRAZO,2026-06-21T20:06:00-03:00,0
PRZ003464,EXP003277,PGR-00062476/2026,DOCUMENTO,CIVINT/STIC,RESPOSTA,2026-07-07,2026-07-18,11,CUMPRIDO_NO_PRAZO,2026-07-10T10:09:00-03:00,0
PRZ003465,EXP003278,PGR-00034947/2026,DOCUMENTO,CIVINT/STIC,RESPOSTA,2026-07-12,2026-07-28,16,CUMPRIDO_NO_PRAZO,2026-07-23T22:06:00-03:00,0
PRZ003466,EXP003279,PGR-00078778/2026,DOCUMENTO,CIVINT/STIC,RESPOSTA,2026-09-05,2026-09-22,17,CUMPRIDO_COM_ATRASO,2026-10-07T16:00:00-03:00,15
PRZ003467,EXP003280,PGR-00013164/2026,DOCUMENTO,CIVINT/STIC,RESPOSTA,2026-07-13,2026-08-06,24,CUMPRIDO_NO_PRAZO,2026-07-22T10:23:00-03:00,0
PRZ003468,EXP003281,PGR-00043391/2026,DOCUMENTO,CIVINT/STIC,RESPOSTA,2026-06-26,2026-07-06,10,CUMPRIDO_COM_ATRASO,2026-07-12T11:01:00-03:00,6
PRZ003469,EXP003282,PGR-00052725/2026,DOCUMENTO,CIVINT/STIC,RESPOSTA,2026-08-02,2026-08-25,23,CUMPRIDO_NO_PRAZO,2026-08-12T20:36:00-03:00,0
PRZ003470,EXP003283,PGR-00033524/2026,DOCUMENTO,CIVINT/STIC,RESPOSTA,2026-09-07,2026-09-22,15,CUMPRIDO_COM_ATRASO,2026-10-06T17:17:00-03:00,14
PRZ003471,EXP003284,PGR-00030591/2026,DOCUMENTO,CIVINT/STIC,RESPOSTA,2026-09-05,2026-09-29,24,CUMPRIDO_COM_ATRASO,2026-10-07T16:00:00-03:00,8
PRZ003472,EXP003285,PGR-00046634/2026,DOCUMENTO,CIVINT/STIC,RESPOSTA,2026-08-10,2026-09-05,26,CUMPRIDO_COM_ATRASO,2026-09-19T00:41:00-03:00,14
PRZ003473,EXP003286,PGR-00027714/2026,DOCUMENTO,CIVINT/STIC,RESPOSTA,2026-07-16,2026-08-10,25,CUMPRIDO_COM_ATRASO,2026-08-30T22:31:00-03:00,20
PRZ003474,EXP003287,PGR-00011781/2026,DOCUMENTO,CIVINT/STIC,RESPOSTA,2026-06-17,2026-07-05,18,CUMPRIDO_COM_ATRASO,2026-07-08T14:52:00-03:00,3
PRZ003475,EXP003288,PGR-00001333/2026,DOCUMENTO,CIVINT/STIC,RESPOSTA,2026-07-14,2026-08-04,21,CUMPRIDO_COM_ATRASO,2026-08-26T12:40:00-03:00,22
PRZ003476,EXP003289,PGR-00050991/2026,DOCUMENTO,CIVINT/STIC,RESPOSTA,2026-09-21,2026-10-17,26,CUMPRIDO_NO_PRAZO,2026-10-07T16:00:00-03:00,0
PRZ003477,EXP003290,PGR-00096090/2026,DOCUMENTO,CIVINT/STIC,RESPOSTA,2026-07-26,2026-08-19,24,CUMPRIDO_NO_PRAZO,2026-08-06T18:09:00-03:00,0
PRZ003478,EXP003291,PGR-00023852/2026,DOCUMENTO,CIVINT/STIC,RESPOSTA,2026-08-21,2026-09-01,11,CUMPRIDO_COM_ATRASO,2026-09-06T06:58:00-03:00,5
PRZ003479,EXP003292,PGR-00060795/2026,DOCUMENTO,CIVINT/STIC,RESPOSTA,2026-08-12,2026-09-06,25,CUMPRIDO_COM_ATRASO,2026-09-12T13:09:00-03:00,6
PRZ003480,EXP003293,PGR-00032172/2026,DOCUMENTO,CIVINT/STIC,RESPOSTA,2026-07-17,2026-08-08,22,CUMPRIDO_COM_ATRASO,2026-08-24T09:31:00-03:00,16
PRZ003481,EXP003294,PGR-00077192/2026,DOCUMENTO,CIVINT/STIC,RESPOSTA,2026-06-29,2026-07-16,17,CUMPRIDO_COM_ATRASO,2026-07-31T03:11:00-03:00,15
PRZ003482,EXP003295,PGR-00096500/2026,DOCUMENTO,CIVINT/STIC,RESPOSTA,2026-08-30,2026-09-13,14,CUMPRIDO_NO_PRAZO,2026-09-01T13:10:00-03:00,0
PRZ003483,EXP003296,PGR-00046682/2026,DOCUMENTO,CIVINT/STIC,RESPOSTA,2026-07-25,2026-08-14,20,CUMPRIDO_COM_ATRASO,2026-09-08T05:27:00-03:00,25
PRZ003484,EXP003297,PGR-00042159/2026,DOCUMENTO,CIVINT/STIC,RESPOSTA,2026-06-20,2026-07-18,28,CUMPRIDO_COM_ATRASO,2026-07-22T04:06:00-03:00,4
PRZ003485,EXP003298,PGR-00063137/2026,DOCUMENTO,CIVINT/STIC,RESPOSTA,2026-07-24,2026-08-06,13,CUMPRIDO_COM_ATRASO,2026-09-01T00:48:00-03:00,26
PRZ003486,EXP003299,PGR-00096316/2026,DOCUMENTO,CIVINT/STIC,RESPOSTA,2026-08-09,2026-09-02,24,CUMPRIDO_NO_PRAZO,2026-08-23T19:24:00-03:00,0
PRZ003487,EXP003300,PGR-00025587/2026,DOCUMENTO,CIVINT/STIC,RESPOSTA,2026-08-03,2026-08-26,23,CUMPRIDO_COM_ATRASO,2026-09-17T19:45:00-03:00,22
PRZ003488,EXP003301,PGR-00008761/2026,DOCUMENTO,CIVINT/STIC,RESPOSTA,2026-09-07,2026-09-22,15,CUMPRIDO_COM_ATRASO,2026-09-28T16:30:00-03:00,6
PRZ003489,EXP003302,PGR-00023666/2026,DOCUMENTO,CIVINT/STIC,RESPOSTA,2026-06-14,2026-07-10,26,CUMPRIDO_NO_PRAZO,2026-06-22T23:00:00-03:00,0
PRZ003490,EXP003303,PGR-00089502/2026,DOCUMENTO,CIVINT/STIC,RESPOSTA,2026-06-26,2026-07-08,12,CUMPRIDO_COM_ATRASO,2026-08-05T09:56:00-03:00,28
PRZ003491,EXP003304,PGR-00046494/2026,DOCUMENTO,CIVINT/STIC,RESPOSTA,2026-06-18,2026-07-17,29,CUMPRIDO_COM_ATRASO,2026-07-21T13:26:00-03:00,4
PRZ003492,EXP003305,PGR-00080223/2026,DOCUMENTO,CIVINT/STIC,RESPOSTA,2026-06-09,2026-06-27,18,CUMPRIDO_NO_PRAZO,2026-06-23T11:39:00-03:00,0
PRZ003493,EXP003306,PGR-00012855/2026,DOCUMENTO,CIVINT/STIC,RESPOSTA,2026-09-14,2026-10-08,24,CUMPRIDO_NO_PRAZO,2026-10-07T16:00:00-03:00,0
PRZ003494,EXP003307,PGR-00021166/2026,DOCUMENTO,CIVINT/STIC,RESPOSTA,2026-09-05,2026-09-18,13,CUMPRIDO_COM_ATRASO,2026-10-04T15:35:00-03:00,16
PRZ003495,EXP003308,PGR-00042161/2026,DOCUMENTO,CIVINT/STIC,RESPOSTA,2026-06-19,2026-07-13,24,CUMPRIDO_COM_ATRASO,2026-07-21T13:04:00-03:00,8
PRZ003496,EXP003309,PGR-00052141/2026,DOCUMENTO,CIVINT/STIC,RESPOSTA,2026-06-10,2026-06-27,17,CUMPRIDO_NO_PRAZO,2026-06-16T15:35:00-03:00,0
PRZ003497,EXP003310,PGR-00005717/2026,DOCUMENTO,CIVINT/STIC,RESPOSTA,2026-07-04,2026-07-29,25,CUMPRIDO_NO_PRAZO,2026-07-08T11:22:00-03:00,0
PRZ003498,EXP003311,PGR-00039139/2026,DOCUMENTO,CIVINT/STIC,RESPOSTA,2026-08-31,2026-09-28,28,CUMPRIDO_COM_ATRASO,2026-10-07T16:00:00-03:00,9
PRZ003499,EXP003312,PGR-00013503/2026,DOCUMENTO,CIVINT/STIC,RESPOSTA,2026-09-27,2026-10-26,29,CUMPRIDO_NO_PRAZO,2026-10-07T16:00:00-03:00,0
PRZ003500,EXP003313,PGR-00015549/2026,DOCUMENTO,CIVINT/STIC,RESPOSTA,2026-09-29,2026-10-14,15,CUMPRIDO_NO_PRAZO,2026-10-07T16:00:00-03:00,0
PRZ003501,EXP003314,PGR-00075987/2026,DOCUMENTO,CIVINT/STIC,RESPOSTA,2026-09-16,2026-10-06,20,CUMPRIDO_COM_ATRASO,2026-10-07T16:00:00-03:00,1
PRZ003502,EXP003315,PGR-00010147/2026,DOCUMENTO,CIVINT/STIC,RESPOSTA,2026-07-23,2026-08-10,18,CUMPRIDO_NO_PRAZO,2026-07-30T05:50:00-03:00,0
PRZ003503,EXP003316,PGR-00057564/2026,DOCUMENTO,CIVINT/STIC,RESPOSTA,2026-09-17,2026-09-29,12,CUMPRIDO_COM_ATRASO,2026-09-30T02:46:00-03:00,1
PRZ003504,EXP003317,PGR-00084757/2026,DOCUMENTO,CIVINT/STIC,RESPOSTA,2026-07-30,2026-08-17,18,CUMPRIDO_NO_PRAZO,2026-08-02T23:45:00-03:00,0
PRZ003505,EXP003318,PGR-00042083/2026,DOCUMENTO,CIVINT/STIC,RESPOSTA,2026-08-31,2026-09-29,29,CUMPRIDO_NO_PRAZO,2026-09-11T06:57:00-03:00,0
PRZ003506,EXP003319,PGR-00076533/2026,DOCUMENTO,CIVINT/STIC,RESPOSTA,2026-09-06,2026-09-20,14,CUMPRIDO_COM_ATRASO,2026-09-24T06:11:00-03:00,4
PRZ003507,EXP003320,PGR-00036234/2026,DOCUMENTO,CIVINT/STIC,RESPOSTA,2026-08-09,2026-08-29,20,CUMPRIDO_COM_ATRASO,2026-09-08T19:17:00-03:00,10
PRZ003508,EXP003321,PGR-00020509/2026,DOCUMENTO,CIVINT/STIC,RESPOSTA,2026-09-04,2026-09-22,18,CUMPRIDO_NO_PRAZO,2026-09-18T04:16:00-03:00,0
PRZ003509,EXP003322,PGR-00000105/2026,DOCUMENTO,CIVINT/STIC,RESPOSTA,2026-07-18,2026-07-30,12,CUMPRIDO_COM_ATRASO,2026-08-02T20:02:00-03:00,3
PRZ003510,EXP003323,PGR-00053376/2026,DOCUMENTO,CIVINT/STIC,RESPOSTA,2026-08-06,2026-09-04,29,CUMPRIDO_NO_PRAZO,2026-08-23T15:28:00-03:00,0
PRZ003511,EXP003324,PGR-00007172/2026,DOCUMENTO,CIVINT/STIC,RESPOSTA,2026-07-19,2026-08-17,29,CUMPRIDO_NO_PRAZO,2026-08-13T13:25:00-03:00,0
PRZ003512,EXP003325,PGR-00015605/2026,DOCUMENTO,CIVINT/STIC,RESPOSTA,2026-07-16,2026-07-26,10,CUMPRIDO_COM_ATRASO,2026-08-07T00:43:00-03:00,12
PRZ003513,EXP003326,PGR-00080601/2026,DOCUMENTO,CIVINT/STIC,RESPOSTA,2026-06-29,2026-07-26,27,CUMPRIDO_COM_ATRASO,2026-07-28T05:30:00-03:00,2
PRZ003514,EXP003327,PGR-00087150/2026,DOCUMENTO,CIVINT/STIC,RESPOSTA,2026-08-24,2026-09-06,13,CUMPRIDO_COM_ATRASO,2026-09-20T09:35:00-03:00,14
PRZ003515,EXP003328,PGR-00070821/2026,DOCUMENTO,CIVINT/STIC,RESPOSTA,2026-09-24,2026-10-20,26,CUMPRIDO_NO_PRAZO,2026-10-07T16:00:00-03:00,0
PRZ003516,EXP003329,PGR-00014049/2026,DOCUMENTO,CIVINT/STIC,RESPOSTA,2026-07-15,2026-08-12,28,CUMPRIDO_NO_PRAZO,2026-08-06T05:54:00-03:00,0
PRZ003517,EXP003330,PGR-00098964/2026,DOCUMENTO,CIVINT/STIC,RESPOSTA,2026-08-31,2026-09-23,23,CUMPRIDO_COM_ATRASO,2026-10-07T16:00:00-03:00,14
PRZ003518,EXP003331,PGR-00013809/2026,DOCUMENTO,CIVINT/STIC,RESPOSTA,2026-08-25,2026-09-14,20,CUMPRIDO_COM_ATRASO,2026-09-17T15:33:00-03:00,3
PRZ003519,EXP003332,PGR-00002684/2026,DOCUMENTO,CIVINT/STIC,RESPOSTA,2026-09-13,2026-09-23,10,CUMPRIDO_NO_PRAZO,2026-09-15T17:02:00-03:00,0
PRZ003520,EXP003333,PGR-00078427/2026,DOCUMENTO,CIVINT/STIC,RESPOSTA,2026-08-31,2026-09-28,28,CUMPRIDO_COM_ATRASO,2026-10-07T16:00:00-03:00,9
PRZ003521,EXP003334,PGR-00019492/2026,DOCUMENTO,CIVINT/STIC,RESPOSTA,2026-07-23,2026-08-07,15,CUMPRIDO_COM_ATRASO,2026-08-11T00:14:00-03:00,4
PRZ003522,EXP003335,PGR-00000417/2026,DOCUMENTO,CIVINT/STIC,RESPOSTA,2026-07-18,2026-08-08,21,CUMPRIDO_COM_ATRASO,2026-08-15T09:07:00-03:00,7
PRZ003523,EXP003336,PGR-00009329/2026,DOCUMENTO,CIVINT/STIC,RESPOSTA,2026-09-26,2026-10-16,20,CUMPRIDO_NO_PRAZO,2026-10-07T16:00:00-03:00,0
PRZ003524,EXP003337,PGR-00084447/2026,DOCUMENTO,CIVINT/STIC,RESPOSTA,2026-07-15,2026-08-12,28,CUMPRIDO_COM_ATRASO,2026-08-23T22:41:00-03:00,11
PRZ003525,EXP003338,PGR-00082628/2026,DOCUMENTO,CIVINT/STIC,RESPOSTA,2026-07-14,2026-07-25,11,CUMPRIDO_COM_ATRASO,2026-08-28T20:37:00-03:00,34
PRZ003526,EXP003339,PGR-00098550/2026,DOCUMENTO,CIVINT/STIC,RESPOSTA,2026-06-25,2026-07-08,13,CUMPRIDO_COM_ATRASO,2026-07-22T16:27:00-03:00,14
PRZ003527,EXP003340,PGR-00010722/2026,DOCUMENTO,CIVINT/STIC,RESPOSTA,2026-07-06,2026-07-16,10,CUMPRIDO_COM_ATRASO,2026-08-06T23:40:00-03:00,21
PRZ003528,EXP003341,PGR-00002954/2026,DOCUMENTO,CIVINT/STIC,RESPOSTA,2026-09-14,2026-09-26,12,CUMPRIDO_COM_ATRASO,2026-10-07T16:00:00-03:00,11
PRZ003529,EXP003342,PGR-00045287/2026,DOCUMENTO,CIVINT/STIC,RESPOSTA,2026-09-02,2026-09-13,11,CUMPRIDO_COM_ATRASO,2026-10-01T13:39:00-03:00,18
PRZ003530,EXP003343,PGR-00023073/2026,DOCUMENTO,CIVINT/STIC,RESPOSTA,2026-06-14,2026-06-30,16,CUMPRIDO_COM_ATRASO,2026-07-10T05:55:00-03:00,10
PRZ003531,EXP003344,PGR-00042271/2026,DOCUMENTO,CIVINT/STIC,RESPOSTA,2026-07-09,2026-07-24,15,CUMPRIDO_COM_ATRASO,2026-08-23T16:22:00-03:00,30
PRZ003532,EXP003345,PGR-00044845/2026,DOCUMENTO,CIVINT/STIC,RESPOSTA,2026-06-18,2026-06-30,12,CUMPRIDO_COM_ATRASO,2026-08-02T13:51:00-03:00,33
PRZ003533,EXP003346,PGR-00050680/2026,DOCUMENTO,CIVINT/STIC,RESPOSTA,2026-07-23,2026-08-16,24,CUMPRIDO_NO_PRAZO,2026-07-31T12:09:00-03:00,0
PRZ003534,EXP003347,PGR-00064373/2026,DOCUMENTO,CIVINT/STIC,RESPOSTA,2026-08-28,2026-09-11,14,CUMPRIDO_NO_PRAZO,2026-09-09T13:33:00-03:00,0
PRZ003535,EXP003348,PGR-00047188/2026,DOCUMENTO,CIVINT/STIC,RESPOSTA,2026-09-23,2026-10-06,13,CUMPRIDO_NO_PRAZO,2026-09-30T20:42:00-03:00,0
PRZ003536,EXP003349,PGR-00081226/2026,DOCUMENTO,CIVINT/STIC,RESPOSTA,2026-09-01,2026-09-26,25,CUMPRIDO_COM_ATRASO,2026-10-07T16:00:00-03:00,11
PRZ003537,EXP003350,PGR-00048474/2026,DOCUMENTO,CIVINT/STIC,RESPOSTA,2026-07-21,2026-08-05,15,CUMPRIDO_COM_ATRASO,2026-08-19T09:19:00-03:00,14
PRZ003538,EXP003351,PGR-00063855/2026,DOCUMENTO,CIVINT/STIC,RESPOSTA,2026-07-16,2026-08-08,23,CUMPRIDO_NO_PRAZO,2026-08-05T13:48:00-03:00,0
PRZ003539,EXP003352,PGR-00075826/2026,DOCUMENTO,CIVINT/STIC,RESPOSTA,2026-07-14,2026-08-02,19,CUMPRIDO_COM_ATRASO,2026-08-14T10:32:00-03:00,12
PRZ003540,EXP003353,PGR-00047204/2026,DOCUMENTO,CIVINT/STIC,RESPOSTA,2026-09-16,2026-10-07,21,CUMPRIDO_NO_PRAZO,2026-10-07T16:00:00-03:00,0
PRZ003541,EXP003354,PGR-00021575/2026,DOCUMENTO,CIVINT/STIC,RESPOSTA,2026-09-07,2026-09-28,21,CUMPRIDO_COM_ATRASO,2026-10-02T03:41:00-03:00,4
PRZ003542,EXP003355,PGR-00000849/2026,DOCUMENTO,CIVINT/STIC,RESPOSTA,2026-09-13,2026-10-05,22,CUMPRIDO_COM_ATRASO,2026-10-07T16:00:00-03:00,2
PRZ003543,EXP003356,PGR-00044966/2026,DOCUMENTO,CIVINT/STIC,RESPOSTA,2026-07-14,2026-07-30,16,CUMPRIDO_NO_PRAZO,2026-07-22T05:42:00-03:00,0
PRZ003544,EXP003357,PGR-00007733/2026,DOCUMENTO,CIVINT/STIC,RESPOSTA,2026-09-26,2026-10-08,12,CUMPRIDO_NO_PRAZO,2026-10-07T16:00:00-03:00,0
PRZ003545,EXP003358,PGR-00037062/2026,DOCUMENTO,CIVINT/STIC,RESPOSTA,2026-09-15,2026-10-12,27,CUMPRIDO_NO_PRAZO,2026-10-05T13:13:00-03:00,0
PRZ003546,EXP003359,PGR-00069852/2026,DOCUMENTO,CIVINT/STIC,RESPOSTA,2026-09-26,2026-10-15,19,CUMPRIDO_NO_PRAZO,2026-10-07T16:00:00-03:00,0
PRZ003547,EXP003360,PGR-00033176/2026,DOCUMENTO,CIVINT/STIC,RESPOSTA,2026-07-23,2026-08-13,21,CUMPRIDO_NO_PRAZO,2026-08-11T23:03:00-03:00,0
PRZ003548,EXP003361,PGR-00045154/2026,DOCUMENTO,CIVINT/STIC,RESPOSTA,2026-09-01,2026-09-30,29,CUMPRIDO_NO_PRAZO,2026-09-14T05:06:00-03:00,0
PRZ003549,EXP003362,PGR-00044116/2026,DOCUMENTO,CIVINT/STIC,RESPOSTA,2026-09-06,2026-09-25,19,CUMPRIDO_NO_PRAZO,2026-09-12T15:27:00-03:00,0
PRZ003550,EXP003363,PGR-00030245/2026,DOCUMENTO,CIVINT/STIC,RESPOSTA,2026-06-19,2026-07-17,28,CUMPRIDO_COM_ATRASO,2026-07-30T08:45:00-03:00,13
PRZ003551,EXP003364,PGR-00020149/2026,DOCUMENTO,CIVINT/STIC,RESPOSTA,2026-06-28,2026-07-22,24,CUMPRIDO_COM_ATRASO,2026-08-11T17:12:00-03:00,20
PRZ003552,EXP003365,PGR-00038237/2026,DOCUMENTO,CIVINT/STIC,RESPOSTA,2026-09-01,2026-09-15,14,CUMPRIDO_NO_PRAZO,2026-09-12T02:00:00-03:00,0
PRZ003553,EXP003366,PGR-00027379/2026,DOCUMENTO,CIVINT/STIC,RESPOSTA,2026-07-06,2026-07-29,23,CUMPRIDO_COM_ATRASO,2026-08-03T19:28:00-03:00,5
PRZ003554,EXP003367,PGR-00029480/2026,DOCUMENTO,CIVINT/STIC,RESPOSTA,2026-07-25,2026-08-21,27,CUMPRIDO_COM_ATRASO,2026-09-07T16:58:00-03:00,17
PRZ003555,EXP003368,PGR-00080375/2026,DOCUMENTO,CIVINT/STIC,RESPOSTA,2026-08-15,2026-09-10,26,CUMPRIDO_NO_PRAZO,2026-08-29T00:42:00-03:00,0
PRZ003556,EXP003369,PGR-00064124/2026,DOCUMENTO,CIVINT/STIC,RESPOSTA,2026-07-25,2026-08-15,21,CUMPRIDO_COM_ATRASO,2026-08-25T02:55:00-03:00,10
PRZ003557,EXP003370,PGR-00055336/2026,DOCUMENTO,CIVINT/STIC,RESPOSTA,2026-08-20,2026-09-10,21,CUMPRIDO_COM_ATRASO,2026-09-23T07:57:00-03:00,13
PRZ003558,EXP003371,PGR-00021820/2026,DOCUMENTO,CIVINT/STIC,RESPOSTA,2026-09-17,2026-10-13,26,CUMPRIDO_NO_PRAZO,2026-10-07T16:00:00-03:00,0
PRZ003559,EXP003372,PGR-00068357/2026,DOCUMENTO,CIVINT/STIC,RESPOSTA,2026-09-09,2026-10-09,30,CUMPRIDO_NO_PRAZO,2026-09-20T22:39:00-03:00,0
PRZ003560,EXP003373,PGR-00090497/2026,DOCUMENTO,CIVINT/STIC,RESPOSTA,2026-07-21,2026-08-04,14,CUMPRIDO_COM_ATRASO,2026-08-13T17:12:00-03:00,9
PRZ003561,EXP003374,PGR-00054140/2026,DOCUMENTO,CIVINT/STIC,RESPOSTA,2026-07-05,2026-07-20,15,CUMPRIDO_NO_PRAZO,2026-07-18T06:10:00-03:00,0
PRZ003562,EXP003375,PGR-00028006/2026,DOCUMENTO,CIVINT/STIC,RESPOSTA,2026-06-18,2026-07-17,29,CUMPRIDO_COM_ATRASO,2026-07-21T16:34:00-03:00,4
PRZ003563,EXP003376,PGR-00088507/2026,DOCUMENTO,CIVINT/STIC,RESPOSTA,2026-09-01,2026-09-28,27,CUMPRIDO_NO_PRAZO,2026-09-16T03:17:00-03:00,0
PRZ003564,EXP003377,PGR-00024049/2026,DOCUMENTO,CIVINT/STIC,RESPOSTA,2026-09-16,2026-09-30,14,CUMPRIDO_NO_PRAZO,2026-09-19T18:07:00-03:00,0
PRZ003565,EXP003378,PGR-00013144/2026,DOCUMENTO,CIVINT/STIC,RESPOSTA,2026-09-07,2026-09-30,23,CUMPRIDO_COM_ATRASO,2026-10-07T16:00:00-03:00,7
PRZ003566,EXP003379,PGR-00038494/2026,DOCUMENTO,CIVINT/STIC,RESPOSTA,2026-09-20,2026-10-05,15,CUMPRIDO_NO_PRAZO,2026-09-24T07:03:00-03:00,0
PRZ003567,EXP003380,PGR-00074551/2026,DOCUMENTO,CIVINT/STIC,RESPOSTA,2026-08-29,2026-09-23,25,CUMPRIDO_COM_ATRASO,2026-09-28T19:12:00-03:00,5
PRZ003568,EXP003381,PGR-00054284/2026,DOCUMENTO,CIVINT/STIC,RESPOSTA,2026-07-07,2026-07-25,18,CUMPRIDO_COM_ATRASO,2026-08-07T21:51:00-03:00,13
PRZ003569,EXP003382,PGR-00099502/2026,DOCUMENTO,CIVINT/STIC,RESPOSTA,2026-09-14,2026-10-06,22,CUMPRIDO_COM_ATRASO,2026-10-07T16:00:00-03:00,1
PRZ003570,EXP003383,PGR-00019693/2026,DOCUMENTO,CIVINT/STIC,RESPOSTA,2026-07-15,2026-08-14,30,CUMPRIDO_NO_PRAZO,2026-07-20T21:37:00-03:00,0
PRZ003571,EXP003384,PGR-00030026/2026,DOCUMENTO,CIVINT/STIC,RESPOSTA,2026-08-30,2026-09-19,20,CUMPRIDO_NO_PRAZO,2026-09-14T20:43:00-03:00,0
PRZ003572,EXP003385,PGR-00010060/2026,DOCUMENTO,CIVINT/STIC,RESPOSTA,2026-09-12,2026-09-27,15,CUMPRIDO_NO_PRAZO,2026-09-17T21:59:00-03:00,0
PRZ003573,EXP003386,PGR-00032595/2026,DOCUMENTO,CIVINT/STIC,RESPOSTA,2026-06-29,2026-07-09,10,CUMPRIDO_COM_ATRASO,2026-08-14T11:46:00-03:00,36
PRZ003574,EXP003387,PGR-00006809/2026,DOCUMENTO,CIVINT/STIC,RESPOSTA,2026-09-08,2026-09-23,15,CUMPRIDO_NO_PRAZO,2026-09-21T20:06:00-03:00,0
PRZ003575,EXP003388,PGR-00050525/2026,DOCUMENTO,CIVINT/STIC,RESPOSTA,2026-09-24,2026-10-22,28,CUMPRIDO_NO_PRAZO,2026-10-07T16:00:00-03:00,0
PRZ003576,EXP003389,PGR-00092622/2026,DOCUMENTO,CIVINT/STIC,RESPOSTA,2026-06-27,2026-07-10,13,CUMPRIDO_COM_ATRASO,2026-07-13T09:49:00-03:00,3
PRZ003577,EXP003390,PGR-00015012/2026,DOCUMENTO,CIVINT/STIC,RESPOSTA,2026-07-31,2026-08-28,28,CUMPRIDO_NO_PRAZO,2026-08-07T09:23:00-03:00,0
PRZ003578,EXP003391,PGR-00094841/2026,DOCUMENTO,CIVINT/STIC,RESPOSTA,2026-09-09,2026-10-01,22,CUMPRIDO_NO_PRAZO,2026-09-20T07:30:00-03:00,0
PRZ003579,EXP003392,PGR-00000701/2026,DOCUMENTO,CIVINT/STIC,RESPOSTA,2026-06-16,2026-07-10,24,CUMPRIDO_NO_PRAZO,2026-07-08T19:50:00-03:00,0
PRZ003580,EXP003393,PGR-00057396/2026,DOCUMENTO,CIVINT/STIC,RESPOSTA,2026-07-26,2026-08-14,19,CUMPRIDO_NO_PRAZO,2026-08-14T01:58:00-03:00,0
PRZ003581,EXP003394,PGR-00034009/2026,DOCUMENTO,CIVINT/STIC,RESPOSTA,2026-07-05,2026-07-19,14,CUMPRIDO_NO_PRAZO,2026-07-13T14:17:00-03:00,0
PRZ003582,EXP003395,PGR-00052988/2026,DOCUMENTO,CIVINT/STIC,RESPOSTA,2026-07-21,2026-08-01,11,CUMPRIDO_COM_ATRASO,2026-08-04T21:25:00-03:00,3
PRZ003583,EXP003396,PGR-00084063/2026,DOCUMENTO,CIVINT/STIC,RESPOSTA,2026-06-19,2026-06-29,10,CUMPRIDO_NO_PRAZO,2026-06-22T07:54:00-03:00,0
PRZ003584,EXP003397,PGR-00008158/2026,DOCUMENTO,CIVINT/STIC,RESPOSTA,2026-09-21,2026-10-11,20,CUMPRIDO_NO_PRAZO,2026-10-07T16:00:00-03:00,0
PRZ003585,EXP003398,PGR-00017920/2026,DOCUMENTO,CIVINT/STIC,RESPOSTA,2026-09-13,2026-10-04,21,CUMPRIDO_COM_ATRASO,2026-10-07T16:00:00-03:00,3
PRZ003586,EXP003399,PGR-00002717/2026,DOCUMENTO,CIVINT/STIC,RESPOSTA,2026-09-08,2026-09-30,22,CUMPRIDO_NO_PRAZO,2026-09-17T14:35:00-03:00,0
PRZ003587,EXP003400,PGR-00087823/2026,DOCUMENTO,CIVINT/STIC,RESPOSTA,2026-07-24,2026-08-15,22,CUMPRIDO_COM_ATRASO,2026-08-24T23:51:00-03:00,9
PRZ003588,EXP003401,PGR-00077412/2026,DOCUMENTO,CIVINT/STIC,RESPOSTA,2026-08-29,2026-09-11,13,CUMPRIDO_COM_ATRASO,2026-09-30T21:26:00-03:00,19
PRZ003589,EXP003402,PGR-00057826/2026,DOCUMENTO,CIVINT/STIC,RESPOSTA,2026-09-15,2026-09-30,15,CUMPRIDO_NO_PRAZO,2026-09-30T11:48:00-03:00,0
PRZ003590,EXP003403,PGR-00013077/2026,DOCUMENTO,CIVINT/STIC,RESPOSTA,2026-08-06,2026-08-24,18,CUMPRIDO_NO_PRAZO,2026-08-13T03:48:00-03:00,0
PRZ003591,EXP003404,PGR-00005672/2026,DOCUMENTO,CIVINT/STIC,RESPOSTA,2026-06-18,2026-07-10,22,CUMPRIDO_NO_PRAZO,2026-07-07T07:34:00-03:00,0
PRZ003592,EXP003405,PGR-00074873/2026,DOCUMENTO,CIVINT/STIC,RESPOSTA,2026-08-22,2026-09-16,25,CUMPRIDO_COM_ATRASO,2026-10-06T17:35:00-03:00,20
PRZ003593,EXP003406,PGR-00049191/2026,DOCUMENTO,CIVINT/STIC,RESPOSTA,2026-06-14,2026-07-03,19,CUMPRIDO_COM_ATRASO,2026-07-19T03:03:00-03:00,16
PRZ003594,EXP003407,PGR-00083930/2026,DOCUMENTO,CIVINT/STIC,RESPOSTA,2026-09-14,2026-10-06,22,CUMPRIDO_COM_ATRASO,2026-10-07T16:00:00-03:00,1
PRZ003595,EXP003408,PGR-00078874/2026,DOCUMENTO,CIVINT/STIC,RESPOSTA,2026-07-12,2026-08-11,30,CUMPRIDO_NO_PRAZO,2026-07-19T00:41:00-03:00,0
PRZ003596,EXP003409,PGR-00092648/2026,DOCUMENTO,CIVINT/STIC,RESPOSTA,2026-09-02,2026-09-16,14,CUMPRIDO_COM_ATRASO,2026-10-07T16:00:00-03:00,21
PRZ003597,EXP003410,PGR-00004195/2026,DOCUMENTO,CIVINT/STIC,RESPOSTA,2026-07-21,2026-08-04,14,CUMPRIDO_NO_PRAZO,2026-07-28T02:53:00-03:00,0
PRZ003598,EXP003411,PGR-00050009/2026,DOCUMENTO,CIVINT/STIC,RESPOSTA,2026-07-14,2026-08-10,27,CUMPRIDO_COM_ATRASO,2026-08-12T00:42:00-03:00,2
PRZ003599,EXP003412,PGR-00019910/2026,DOCUMENTO,CIVINT/STIC,RESPOSTA,2026-08-03,2026-08-19,16,CUMPRIDO_COM_ATRASO,2026-09-07T10:13:00-03:00,19
PRZ003600,EXP003413,PGR-00093507/2026,DOCUMENTO,CIVINT/STIC,RESPOSTA,2026-07-06,2026-07-22,16,CUMPRIDO_COM_ATRASO,2026-07-31T06:02:00-03:00,9
PRZ003601,EXP003414,PGR-00042762/2026,DOCUMENTO,CIVINT/STIC,RESPOSTA,2026-08-03,2026-08-29,26,CUMPRIDO_COM_ATRASO,2026-08-31T13:51:00-03:00,2
PRZ003602,EXP003415,PGR-00080460/2026,DOCUMENTO,CIVINT/STIC,RESPOSTA,2026-08-31,2026-09-10,10,CUMPRIDO_COM_ATRASO,2026-10-07T16:00:00-03:00,27
PRZ003603,EXP003416,PGR-00068817/2026,DOCUMENTO,CIVINT/STIC,RESPOSTA,2026-07-10,2026-07-31,21,CUMPRIDO_NO_PRAZO,2026-07-20T08:03:00-03:00,0
PRZ003604,EXP003417,PGR-00022820/2026,DOCUMENTO,CIVINT/STIC,RESPOSTA,2026-08-30,2026-09-09,10,CUMPRIDO_COM_ATRASO,2026-10-07T16:00:00-03:00,28
PRZ003605,EXP003418,PGR-00086798/2026,DOCUMENTO,CIVINT/STIC,RESPOSTA,2026-08-21,2026-08-31,10,CUMPRIDO_COM_ATRASO,2026-09-22T03:44:00-03:00,22
PRZ003606,EXP003419,PGR-00083157/2026,DOCUMENTO,CIVINT/STIC,RESPOSTA,2026-09-10,2026-09-30,20,CUMPRIDO_COM_ATRASO,2026-10-05T20:22:00-03:00,5
PRZ003607,EXP003420,PGR-00083836/2026,DOCUMENTO,CIVINT/STIC,RESPOSTA,2026-08-16,2026-09-12,27,CUMPRIDO_NO_PRAZO,2026-09-10T03:10:00-03:00,0
PRZ003608,EXP003421,PGR-00028155/2026,DOCUMENTO,CIVINT/STIC,RESPOSTA,2026-08-18,2026-09-02,15,CUMPRIDO_NO_PRAZO,2026-08-20T10:36:00-03:00,0
PRZ003609,EXP003422,PGR-00091366/2026,DOCUMENTO,CIVINT/STIC,RESPOSTA,2026-08-04,2026-09-03,30,CUMPRIDO_COM_ATRASO,2026-09-10T23:11:00-03:00,7
PRZ003610,EXP003423,PGR-00082072/2026,DOCUMENTO,CIVINT/STIC,RESPOSTA,2026-09-18,2026-10-15,27,CUMPRIDO_NO_PRAZO,2026-10-07T16:00:00-03:00,0
PRZ003611,EXP003424,PGR-00039754/2026,DOCUMENTO,CIVINT/STIC,RESPOSTA,2026-07-11,2026-08-01,21,CUMPRIDO_NO_PRAZO,2026-07-24T05:59:00-03:00,0
PRZ003612,EXP003425,PGR-00012529/2026,DOCUMENTO,CIVINT/STIC,RESPOSTA,2026-08-18,2026-09-08,21,CUMPRIDO_NO_PRAZO,2026-08-21T14:40:00-03:00,0
PRZ003613,EXP003426,PGR-00074834/2026,DOCUMENTO,CIVINT/STIC,RESPOSTA,2026-09-22,2026-10-12,20,CUMPRIDO_NO_PRAZO,2026-10-07T16:00:00-03:00,0
PRZ003614,EXP003427,PGR-00016846/2026,DOCUMENTO,CIVINT/STIC,RESPOSTA,2026-06-29,2026-07-18,19,CUMPRIDO_NO_PRAZO,2026-07-18T16:36:00-03:00,0
PRZ003615,EXP003428,PGR-00039119/2026,DOCUMENTO,CIVINT/STIC,RESPOSTA,2026-09-21,2026-10-10,19,CUMPRIDO_NO_PRAZO,2026-10-07T16:00:00-03:00,0
PRZ003616,EXP003429,PGR-00061101/2026,DOCUMENTO,CIVINT/STIC,RESPOSTA,2026-06-18,2026-07-11,23,CUMPRIDO_COM_ATRASO,2026-07-22T02:19:00-03:00,11
PRZ003617,EXP003430,PGR-00065075/2026,DOCUMENTO,CIVINT/STIC,RESPOSTA,2026-07-21,2026-08-12,22,CUMPRIDO_COM_ATRASO,2026-08-19T08:38:00-03:00,7
PRZ003618,EXP003431,PGR-00025194/2026,DOCUMENTO,CIVINT/STIC,RESPOSTA,2026-06-20,2026-07-17,27,CUMPRIDO_NO_PRAZO,2026-07-08T20:48:00-03:00,0
PRZ003619,EXP003432,PGR-00072416/2026,DOCUMENTO,CIVINT/STIC,RESPOSTA,2026-08-21,2026-09-01,11,CUMPRIDO_COM_ATRASO,2026-09-09T01:35:00-03:00,8
PRZ003620,EXP003433,PGR-00095364/2026,DOCUMENTO,CIVINT/STIC,RESPOSTA,2026-09-18,2026-10-18,30,CUMPRIDO_NO_PRAZO,2026-10-07T16:00:00-03:00,0
PRZ003621,EXP003434,PGR-00080717/2026,DOCUMENTO,CIVINT/STIC,RESPOSTA,2026-08-10,2026-08-24,14,CUMPRIDO_NO_PRAZO,2026-08-14T19:36:00-03:00,0
PRZ003622,EXP003435,PGR-00053908/2026,DOCUMENTO,CIVINT/STIC,RESPOSTA,2026-07-10,2026-08-08,29,CUMPRIDO_COM_ATRASO,2026-08-24T06:49:00-03:00,16
PRZ003623,EXP003436,PGR-00049107/2026,DOCUMENTO,CIVINT/STIC,RESPOSTA,2026-07-19,2026-08-12,24,CUMPRIDO_NO_PRAZO,2026-08-05T09:01:00-03:00,0
PRZ003624,EXP003437,PGR-00058505/2026,DOCUMENTO,CIVINT/STIC,RESPOSTA,2026-07-30,2026-08-27,28,CUMPRIDO_COM_ATRASO,2026-09-05T05:12:00-03:00,9
PRZ003625,EXP003438,PGR-00056527/2026,DOCUMENTO,CIVINT/STIC,RESPOSTA,2026-06-29,2026-07-23,24,CUMPRIDO_NO_PRAZO,2026-07-23T03:38:00-03:00,0
PRZ003626,EXP003439,PGR-00026655/2026,DOCUMENTO,CIVINT/STIC,RESPOSTA,2026-07-02,2026-07-24,22,CUMPRIDO_COM_ATRASO,2026-08-04T15:48:00-03:00,11
PRZ003627,EXP003440,PGR-00019828/2026,DOCUMENTO,CIVINT/STIC,RESPOSTA,2026-07-21,2026-08-16,26,CUMPRIDO_NO_PRAZO,2026-08-10T10:21:00-03:00,0
PRZ003628,EXP003441,PGR-00055753/2026,DOCUMENTO,CIVINT/STIC,RESPOSTA,2026-07-22,2026-08-18,27,CUMPRIDO_NO_PRAZO,2026-07-27T12:44:00-03:00,0
PRZ003629,EXP003442,PGR-00012455/2026,DOCUMENTO,CIVINT/STIC,RESPOSTA,2026-07-05,2026-07-30,25,CUMPRIDO_NO_PRAZO,2026-07-28T00:42:00-03:00,0
PRZ003630,EXP003443,PGR-00083650/2026,DOCUMENTO,CIVINT/STIC,RESPOSTA,2026-09-21,2026-10-20,29,CUMPRIDO_NO_PRAZO,2026-10-07T16:00:00-03:00,0
PRZ003631,EXP003444,PGR-00057753/2026,DOCUMENTO,CIVINT/STIC,RESPOSTA,2026-07-27,2026-08-17,21,CUMPRIDO_COM_ATRASO,2026-09-11T07:50:00-03:00,25
PRZ003632,EXP003445,PGR-00015508/2026,DOCUMENTO,CIVINT/STIC,RESPOSTA,2026-07-06,2026-07-17,11,CUMPRIDO_COM_ATRASO,2026-07-28T10:00:00-03:00,11
PRZ003633,EXP003446,PGR-00012468/2026,DOCUMENTO,CIVINT/STIC,RESPOSTA,2026-07-18,2026-08-17,30,CUMPRIDO_NO_PRAZO,2026-08-06T10:01:00-03:00,0
PRZ003634,EXP003447,PGR-00058110/2026,DOCUMENTO,CIVINT/STIC,RESPOSTA,2026-08-30,2026-09-17,18,CUMPRIDO_COM_ATRASO,2026-10-07T16:00:00-03:00,20
PRZ003635,EXP003448,PGR-00034151/2026,DOCUMENTO,CIVINT/STIC,RESPOSTA,2026-08-03,2026-08-16,13,CUMPRIDO_COM_ATRASO,2026-09-02T11:50:00-03:00,17
PRZ003636,EXP003449,PGR-00061476/2026,DOCUMENTO,CIVINT/STIC,RESPOSTA,2026-06-22,2026-07-10,18,CUMPRIDO_COM_ATRASO,2026-07-16T04:17:00-03:00,6
PRZ003637,EXP003450,PGR-00022607/2026,DOCUMENTO,CIVINT/STIC,RESPOSTA,2026-07-29,2026-08-24,26,CUMPRIDO_NO_PRAZO,2026-08-21T07:11:00-03:00,0
PRZ003638,EXP003451,PGR-00049066/2026,DOCUMENTO,CIVINT/STIC,RESPOSTA,2026-08-29,2026-09-28,30,CUMPRIDO_COM_ATRASO,2026-10-07T16:00:00-03:00,9
PRZ003639,EXP003452,PGR-00008380/2026,DOCUMENTO,CIVINT/STIC,RESPOSTA,2026-06-29,2026-07-19,20,CUMPRIDO_NO_PRAZO,2026-07-10T18:10:00-03:00,0
PRZ003640,EXP003453,PGR-00066060/2026,DOCUMENTO,CIVINT/STIC,RESPOSTA,2026-07-15,2026-08-13,29,CUMPRIDO_NO_PRAZO,2026-07-28T18:34:00-03:00,0
PRZ003641,EXP003454,PGR-00057281/2026,DOCUMENTO,CIVINT/STIC,RESPOSTA,2026-06-25,2026-07-21,26,CUMPRIDO_COM_ATRASO,2026-08-02T18:11:00-03:00,12
PRZ003642,EXP003455,PGR-00039437/2026,DOCUMENTO,CIVINT/STIC,RESPOSTA,2026-08-30,2026-09-21,22,CUMPRIDO_COM_ATRASO,2026-10-04T14:20:00-03:00,13
PRZ003643,EXP003456,PGR-00057207/2026,DOCUMENTO,CIVINT/STIC,RESPOSTA,2026-06-25,2026-07-21,26,CUMPRIDO_NO_PRAZO,2026-07-17T16:09:00-03:00,0
PRZ003644,EXP003457,PGR-00060384/2026,DOCUMENTO,CIVINT/STIC,RESPOSTA,2026-08-24,2026-09-13,20,CUMPRIDO_NO_PRAZO,2026-09-03T21:13:00-03:00,0
PRZ003645,EXP003458,PGR-00086453/2026,DOCUMENTO,CIVINT/STIC,RESPOSTA,2026-09-08,2026-09-30,22,CUMPRIDO_COM_ATRASO,2026-10-07T16:00:00-03:00,7
PRZ003646,EXP003459,PGR-00089104/2026,DOCUMENTO,CIVINT/STIC,RESPOSTA,2026-09-11,2026-10-07,26,CUMPRIDO_NO_PRAZO,2026-10-07T16:00:00-03:00,0
PRZ003647,EXP003460,PGR-00026424/2026,DOCUMENTO,CIVINT/STIC,RESPOSTA,2026-09-05,2026-09-30,25,CUMPRIDO_NO_PRAZO,2026-09-21T18:31:00-03:00,0
PRZ003648,EXP003461,PGR-00020717/2026,DOCUMENTO,CIVINT/STIC,RESPOSTA,2026-09-18,2026-09-30,12,CUMPRIDO_COM_ATRASO,2026-10-07T16:00:00-03:00,7
PRZ003649,EXP003462,PGR-00018622/2026,DOCUMENTO,CIVINT/STIC,RESPOSTA,2026-07-31,2026-08-11,11,CUMPRIDO_COM_ATRASO,2026-08-14T23:19:00-03:00,3
PRZ003650,EXP003463,PGR-00024078/2026,DOCUMENTO,CIVINT/STIC,RESPOSTA,2026-09-09,2026-09-29,20,CUMPRIDO_COM_ATRASO,2026-10-05T09:02:00-03:00,6
PRZ003651,EXP003464,PGR-00009280/2026,DOCUMENTO,CIVINT/STIC,RESPOSTA,2026-08-22,2026-09-21,30,CUMPRIDO_NO_PRAZO,2026-09-07T23:59:00-03:00,0
PRZ003652,EXP003465,PGR-00058260/2026,DOCUMENTO,CIVINT/STIC,RESPOSTA,2026-08-10,2026-08-27,17,CUMPRIDO_COM_ATRASO,2026-09-02T09:39:00-03:00,6
PRZ003653,EXP003466,PGR-00014499/2026,DOCUMENTO,CIVINT/STIC,RESPOSTA,2026-09-27,2026-10-24,27,CUMPRIDO_NO_PRAZO,2026-10-07T16:00:00-03:00,0
PRZ003654,EXP003467,PGR-00029491/2026,DOCUMENTO,CIVINT/STIC,RESPOSTA,2026-08-15,2026-08-28,13,CUMPRIDO_COM_ATRASO,2026-09-27T22:13:00-03:00,30
PRZ003655,EXP003468,PGR-00024446/2026,DOCUMENTO,CIVINT/STIC,RESPOSTA,2026-09-17,2026-10-15,28,CUMPRIDO_NO_PRAZO,2026-10-07T16:00:00-03:00,0
PRZ003656,EXP003469,PGR-00087486/2026,DOCUMENTO,CIVINT/STIC,RESPOSTA,2026-08-12,2026-08-22,10,CUMPRIDO_NO_PRAZO,2026-08-20T16:09:00-03:00,0
PRZ003657,EXP003470,PGR-00075989/2026,DOCUMENTO,CIVINT/STIC,RESPOSTA,2026-06-24,2026-07-19,25,CUMPRIDO_COM_ATRASO,2026-07-30T06:22:00-03:00,11
PRZ003658,EXP003471,PGR-00090668/2026,DOCUMENTO,CIVINT/STIC,RESPOSTA,2026-09-16,2026-10-06,20,CUMPRIDO_COM_ATRASO,2026-10-07T16:00:00-03:00,1
PRZ003659,EXP003472,PGR-00013856/2026,DOCUMENTO,CIVINT/STIC,RESPOSTA,2026-09-15,2026-09-29,14,CUMPRIDO_COM_ATRASO,2026-10-07T16:00:00-03:00,8
PRZ003660,EXP003473,PGR-00006245/2026,DOCUMENTO,CIVINT/STIC,RESPOSTA,2026-06-29,2026-07-10,11,CUMPRIDO_NO_PRAZO,2026-07-05T03:18:00-03:00,0
PRZ003661,EXP003474,PGR-00030864/2026,DOCUMENTO,CIVINT/STIC,RESPOSTA,2026-08-27,2026-09-26,30,CUMPRIDO_NO_PRAZO,2026-09-21T13:31:00-03:00,0
PRZ003662,EXP003475,PGR-00014258/2026,DOCUMENTO,CIVINT/STIC,RESPOSTA,2026-07-04,2026-07-20,16,CUMPRIDO_NO_PRAZO,2026-07-15T02:44:00-03:00,0
PRZ003663,EXP003476,PGR-00067259/2026,DOCUMENTO,CIVINT/STIC,RESPOSTA,2026-08-28,2026-09-25,28,CUMPRIDO_COM_ATRASO,2026-10-07T16:00:00-03:00,12
PRZ003664,EXP003477,PGR-00013586/2026,DOCUMENTO,CIVINT/STIC,RESPOSTA,2026-08-07,2026-09-06,30,CUMPRIDO_COM_ATRASO,2026-09-20T04:35:00-03:00,14
PRZ003665,EXP003478,PGR-00077225/2026,DOCUMENTO,CIVINT/STIC,RESPOSTA,2026-06-11,2026-06-27,16,CUMPRIDO_COM_ATRASO,2026-07-02T13:08:00-03:00,5
PRZ003666,EXP003479,PGR-00024581/2026,DOCUMENTO,CIVINT/STIC,RESPOSTA,2026-08-14,2026-09-05,22,CUMPRIDO_COM_ATRASO,2026-09-17T05:45:00-03:00,12
PRZ003667,EXP003480,PGR-00020106/2026,DOCUMENTO,CIVINT/STIC,RESPOSTA,2026-08-21,2026-09-04,14,CUMPRIDO_COM_ATRASO,2026-09-22T21:54:00-03:00,18
PRZ003668,EXP003481,PGR-00095810/2026,DOCUMENTO,CIVINT/STIC,RESPOSTA,2026-08-07,2026-08-19,12,CUMPRIDO_NO_PRAZO,2026-08-14T16:30:00-03:00,0
PRZ003669,EXP003482,PGR-00001653/2026,DOCUMENTO,CIVINT/STIC,RESPOSTA,2026-06-26,2026-07-14,18,CUMPRIDO_COM_ATRASO,2026-07-16T15:15:00-03:00,2
PRZ003670,EXP003483,PGR-00039499/2026,DOCUMENTO,CIVINT/STIC,RESPOSTA,2026-09-20,2026-10-08,18,CUMPRIDO_NO_PRAZO,2026-10-07T16:00:00-03:00,0
PRZ003671,EXP003484,PGR-00071771/2026,DOCUMENTO,CIVINT/STIC,RESPOSTA,2026-09-28,2026-10-12,14,CUMPRIDO_NO_PRAZO,2026-10-07T16:00:00-03:00,0
PRZ003672,EXP003485,PGR-00064449/2026,DOCUMENTO,CIVINT/STIC,RESPOSTA,2026-09-13,2026-10-07,24,CUMPRIDO_NO_PRAZO,2026-10-07T16:00:00-03:00,0
PRZ003673,EXP003486,PGR-00058119/2026,DOCUMENTO,CIVINT/STIC,RESPOSTA,2026-08-19,2026-09-09,21,CUMPRIDO_COM_ATRASO,2026-09-21T16:39:00-03:00,12
PRZ003674,EXP003487,PGR-00095331/2026,DOCUMENTO,CIVINT/STIC,RESPOSTA,2026-08-10,2026-08-26,16,CUMPRIDO_NO_PRAZO,2026-08-24T23:43:00-03:00,0
PRZ003675,EXP003488,PGR-00058512/2026,DOCUMENTO,CIVINT/STIC,RESPOSTA,2026-09-12,2026-09-26,14,CUMPRIDO_COM_ATRASO,2026-10-07T16:00:00-03:00,11
PRZ003676,EXP003489,PGR-00022442/2026,DOCUMENTO,CIVINT/STIC,RESPOSTA,2026-07-29,2026-08-12,14,CUMPRIDO_COM_ATRASO,2026-09-09T11:57:00-03:00,28
PRZ003677,EXP003490,PGR-00011517/2026,DOCUMENTO,CIVINT/STIC,RESPOSTA,2026-07-29,2026-08-26,28,CUMPRIDO_NO_PRAZO,2026-08-13T13:38:00-03:00,0
PRZ003678,EXP003491,PGR-00083792/2026,DOCUMENTO,CIVINT/STIC,RESPOSTA,2026-09-23,2026-10-16,23,CUMPRIDO_NO_PRAZO,2026-10-07T16:00:00-03:00,0
PRZ003679,EXP003492,PGR-00035144/2026,DOCUMENTO,CIVINT/STIC,RESPOSTA,2026-07-09,2026-08-01,23,CUMPRIDO_NO_PRAZO,2026-07-25T03:17:00-03:00,0
PRZ003680,EXP003493,PGR-00069580/2026,DOCUMENTO,CIVINT/STIC,RESPOSTA,2026-07-28,2026-08-12,15,CUMPRIDO_NO_PRAZO,2026-08-05T18:01:00-03:00,0
PRZ003681,EXP003494,PGR-00066250/2026,DOCUMENTO,CIVINT/STIC,RESPOSTA,2026-06-25,2026-07-19,24,CUMPRIDO_NO_PRAZO,2026-07-04T11:13:00-03:00,0
PRZ003682,EXP003495,PGR-00089374/2026,DOCUMENTO,CIVINT/STIC,RESPOSTA,2026-07-20,2026-08-11,22,CUMPRIDO_NO_PRAZO,2026-08-11T23:17:00-03:00,0
PRZ003683,EXP003496,PGR-00009628/2026,DOCUMENTO,CIVINT/STIC,RESPOSTA,2026-07-25,2026-08-19,25,CUMPRIDO_COM_ATRASO,2026-09-08T09:07:00-03:00,20
PRZ003684,EXP003497,PGR-00003103/2026,DOCUMENTO,CIVINT/STIC,RESPOSTA,2026-06-12,2026-07-04,22,CUMPRIDO_NO_PRAZO,2026-06-20T18:40:00-03:00,0
PRZ003685,EXP003498,PGR-00096894/2026,DOCUMENTO,CIVINT/STIC,RESPOSTA,2026-08-13,2026-08-31,18,CUMPRIDO_COM_ATRASO,2026-09-25T09:20:00-03:00,25
PRZ003686,EXP003499,PGR-00047524/2026,DOCUMENTO,CIVINT/STIC,RESPOSTA,2026-06-13,2026-07-07,24,CUMPRIDO_NO_PRAZO,2026-07-03T20:15:00-03:00,0
PRZ003687,EXP003500,PGR-00023953/2026,DOCUMENTO,CIVINT/STIC,RESPOSTA,2026-08-12,2026-08-24,12,CUMPRIDO_COM_ATRASO,2026-08-25T17:03:00-03:00,1
PRZ003688,EXP003501,PGR-00012288/2026,DOCUMENTO,CIVINT/STIC,RESPOSTA,2026-07-05,2026-07-31,26,CUMPRIDO_COM_ATRASO,2026-08-06T08:23:00-03:00,6
PRZ003689,EXP003502,PGR-00006120/2026,DOCUMENTO,CIVINT/STIC,RESPOSTA,2026-06-28,2026-07-10,12,CUMPRIDO_COM_ATRASO,2026-07-12T13:06:00-03:00,2
PRZ003690,EXP003503,PGR-00090141/2026,DOCUMENTO,CIVINT/STIC,RESPOSTA,2026-07-05,2026-07-25,20,CUMPRIDO_NO_PRAZO,2026-07-18T12:24:00-03:00,0
PRZ003691,EXP003504,PGR-00038401/2026,DOCUMENTO,CIVINT/STIC,RESPOSTA,2026-07-02,2026-07-23,21,CUMPRIDO_COM_ATRASO,2026-08-01T02:40:00-03:00,9
PRZ003692,EXP003505,PGR-00072709/2026,DOCUMENTO,CIVINT/STIC,RESPOSTA,2026-06-20,2026-07-17,27,CUMPRIDO_NO_PRAZO,2026-06-26T05:48:00-03:00,0
PRZ003693,EXP003506,PGR-00039348/2026,DOCUMENTO,CIVINT/STIC,RESPOSTA,2026-08-07,2026-09-06,30,CUMPRIDO_NO_PRAZO,2026-09-06T12:29:00-03:00,0
PRZ003694,EXP003507,PGR-00053154/2026,DOCUMENTO,CIVINT/STIC,RESPOSTA,2026-08-01,2026-08-11,10,CUMPRIDO_COM_ATRASO,2026-08-15T01:09:00-03:00,4
PRZ003695,EXP003508,PGR-00043878/2026,DOCUMENTO,CIVINT/STIC,RESPOSTA,2026-09-25,2026-10-05,10,CUMPRIDO_COM_ATRASO,2026-10-07T16:00:00-03:00,2
PRZ003696,EXP003509,PGR-00093482/2026,DOCUMENTO,CIVINT/STIC,RESPOSTA,2026-08-13,2026-09-08,26,CUMPRIDO_NO_PRAZO,2026-08-19T11:38:00-03:00,0
PRZ003697,EXP003510,PGR-00067714/2026,DOCUMENTO,CIVINT/STIC,RESPOSTA,2026-07-15,2026-07-30,15,CUMPRIDO_COM_ATRASO,2026-08-06T03:18:00-03:00,7
PRZ003698,EXP003511,PGR-00033398/2026,DOCUMENTO,CIVINT/STIC,RESPOSTA,2026-08-30,2026-09-17,18,CUMPRIDO_COM_ATRASO,2026-09-26T12:46:00-03:00,9
PRZ003699,EXP003512,PGR-00075257/2026,DOCUMENTO,CIVINT/STIC,RESPOSTA,2026-07-16,2026-08-10,25,CUMPRIDO_NO_PRAZO,2026-07-20T17:50:00-03:00,0
PRZ003700,EXP003513,PGR-00088534/2026,DOCUMENTO,CIVINT/STIC,RESPOSTA,2026-06-09,2026-07-08,29,CUMPRIDO_NO_PRAZO,2026-06-27T18:59:00-03:00,0
PRZ003701,EXP003514,PGR-00064069/2026,DOCUMENTO,CIVINT/STIC,RESPOSTA,2026-08-19,2026-09-16,28,CUMPRIDO_NO_PRAZO,2026-08-31T02:40:00-03:00,0
PRZ003702,EXP003515,PGR-00034596/2026,DOCUMENTO,CIVINT/STIC,RESPOSTA,2026-06-23,2026-07-23,30,CUMPRIDO_NO_PRAZO,2026-06-30T02:29:00-03:00,0
PRZ003703,EXP003516,PGR-00023696/2026,DOCUMENTO,CIVINT/STIC,RESPOSTA,2026-09-17,2026-10-12,25,CUMPRIDO_NO_PRAZO,2026-09-29T10:14:00-03:00,0
PRZ003704,EXP003517,PGR-00033372/2026,DOCUMENTO,CIVINT/STIC,RESPOSTA,2026-07-27,2026-08-22,26,CUMPRIDO_NO_PRAZO,2026-08-06T19:41:00-03:00,0
PRZ003705,EXP003518,PGR-00008736/2026,DOCUMENTO,CIVINT/STIC,RESPOSTA,2026-09-13,2026-09-26,13,CUMPRIDO_NO_PRAZO,2026-09-14T12:14:00-03:00,0
PRZ003706,EXP003519,PGR-00092282/2026,DOCUMENTO,CIVINT/STIC,RESPOSTA,2026-06-26,2026-07-25,29,CUMPRIDO_COM_ATRASO,2026-07-28T07:50:00-03:00,3
PRZ003707,EXP003520,PGR-00057251/2026,DOCUMENTO,CIVINT/STIC,RESPOSTA,2026-06-27,2026-07-13,16,CUMPRIDO_NO_PRAZO,2026-06-29T21:55:00-03:00,0
PRZ003708,EXP003521,PGR-00071183/2026,DOCUMENTO,CIVINT/STIC,RESPOSTA,2026-08-17,2026-08-28,11,CUMPRIDO_COM_ATRASO,2026-09-12T11:58:00-03:00,15
PRZ003709,EXP003522,PGR-00002110/2026,DOCUMENTO,CIVINT/STIC,RESPOSTA,2026-07-11,2026-08-07,27,CUMPRIDO_NO_PRAZO,2026-08-04T20:12:00-03:00,0
PRZ003710,EXP003523,PGR-00022403/2026,DOCUMENTO,CIVINT/STIC,RESPOSTA,2026-08-19,2026-09-10,22,CUMPRIDO_NO_PRAZO,2026-08-31T14:04:00-03:00,0
PRZ003711,EXP003524,PGR-00043869/2026,DOCUMENTO,CIVINT/STIC,RESPOSTA,2026-08-25,2026-09-23,29,CUMPRIDO_NO_PRAZO,2026-09-09T17:21:00-03:00,0
PRZ003712,EXP003525,PGR-00045417/2026,DOCUMENTO,CIVINT/STIC,RESPOSTA,2026-09-04,2026-09-17,13,CUMPRIDO_COM_ATRASO,2026-10-07T16:00:00-03:00,20
PRZ003713,EXP003526,PGR-00032685/2026,DOCUMENTO,CIVINT/STIC,RESPOSTA,2026-08-08,2026-08-30,22,CUMPRIDO_NO_PRAZO,2026-08-10T06:53:00-03:00,0
PRZ003714,EXP003527,PGR-00087940/2026,DOCUMENTO,CIVINT/STIC,RESPOSTA,2026-08-22,2026-09-10,19,CUMPRIDO_NO_PRAZO,2026-09-07T14:28:00-03:00,0
PRZ003715,EXP003528,PGR-00092055/2026,DOCUMENTO,CIVINT/STIC,RESPOSTA,2026-08-08,2026-08-22,14,CUMPRIDO_COM_ATRASO,2026-08-28T03:56:00-03:00,6
PRZ003716,EXP003529,PGR-00068737/2026,DOCUMENTO,CIVINT/STIC,RESPOSTA,2026-07-23,2026-08-09,17,CUMPRIDO_COM_ATRASO,2026-08-20T03:20:00-03:00,11
PRZ003717,EXP003530,PGR-00013404/2026,DOCUMENTO,CIVINT/STIC,RESPOSTA,2026-09-23,2026-10-15,22,CUMPRIDO_NO_PRAZO,2026-10-07T16:00:00-03:00,0
PRZ003718,EXP003531,PGR-00024426/2026,DOCUMENTO,CIVINT/STIC,RESPOSTA,2026-09-01,2026-10-01,30,CUMPRIDO_NO_PRAZO,2026-09-14T10:03:00-03:00,0
PRZ003719,EXP003532,PGR-00050097/2026,DOCUMENTO,CIVINT/STIC,RESPOSTA,2026-06-24,2026-07-21,27,CUMPRIDO_NO_PRAZO,2026-07-13T13:33:00-03:00,0
PRZ003720,EXP003533,PGR-00065101/2026,DOCUMENTO,CIVINT/STIC,RESPOSTA,2026-09-22,2026-10-10,18,CUMPRIDO_NO_PRAZO,2026-10-07T16:00:00-03:00,0
PRZ003721,EXP003534,PGR-00017798/2026,DOCUMENTO,CIVINT/STIC,RESPOSTA,2026-09-14,2026-09-28,14,CUMPRIDO_COM_ATRASO,2026-10-07T16:00:00-03:00,9
PRZ003722,EXP003535,PGR-00097672/2026,DOCUMENTO,CIVINT/STIC,RESPOSTA,2026-06-20,2026-07-08,18,CUMPRIDO_NO_PRAZO,2026-07-03T10:14:00-03:00,0
PRZ003723,EXP003536,PGR-00064838/2026,DOCUMENTO,CIVINT/STIC,RESPOSTA,2026-07-19,2026-08-11,23,CUMPRIDO_NO_PRAZO,2026-08-07T09:17:00-03:00,0
PRZ003724,EXP003537,PGR-00055281/2026,DOCUMENTO,CIVINT/STIC,RESPOSTA,2026-09-14,2026-09-25,11,CUMPRIDO_NO_PRAZO,2026-09-22T21:41:00-03:00,0
PRZ003725,EXP003538,PGR-00044510/2026,DOCUMENTO,CIVINT/STIC,RESPOSTA,2026-07-05,2026-07-16,11,CUMPRIDO_COM_ATRASO,2026-07-20T13:37:00-03:00,4
PRZ003726,EXP003539,PGR-00082005/2026,DOCUMENTO,CIVINT/STIC,RESPOSTA,2026-07-17,2026-08-09,23,CUMPRIDO_COM_ATRASO,2026-08-29T04:53:00-03:00,20
PRZ003727,EXP003540,PGR-00021028/2026,DOCUMENTO,CIVINT/STIC,RESPOSTA,2026-06-24,2026-07-16,22,CUMPRIDO_COM_ATRASO,2026-08-06T11:15:00-03:00,21
PRZ003728,EXP003541,PGR-00007654/2026,DOCUMENTO,CIVINT/STIC,RESPOSTA,2026-07-06,2026-08-01,26,CUMPRIDO_COM_ATRASO,2026-08-08T18:03:00-03:00,7
PRZ003729,EXP003542,PGR-00056637/2026,DOCUMENTO,CIVINT/STIC,RESPOSTA,2026-06-28,2026-07-08,10,CUMPRIDO_COM_ATRASO,2026-07-12T22:19:00-03:00,4
PRZ003730,EXP003543,PGR-00028734/2026,DOCUMENTO,CIVINT/STIC,RESPOSTA,2026-08-12,2026-08-30,18,CUMPRIDO_COM_ATRASO,2026-09-22T11:58:00-03:00,23
PRZ003731,EXP003544,PGR-00021705/2026,DOCUMENTO,CIVINT/STIC,RESPOSTA,2026-09-16,2026-10-08,22,CUMPRIDO_NO_PRAZO,2026-10-07T16:00:00-03:00,0
PRZ003732,EXP003545,PGR-00010171/2026,DOCUMENTO,CIVINT/STIC,RESPOSTA,2026-08-31,2026-09-15,15,CUMPRIDO_COM_ATRASO,2026-10-07T16:00:00-03:00,22
PRZ003733,EXP003546,PGR-00020746/2026,DOCUMENTO,CIVINT/STIC,RESPOSTA,2026-07-20,2026-08-13,24,CUMPRIDO_NO_PRAZO,2026-08-03T00:03:00-03:00,0
PRZ003734,EXP003547,PGR-00011411/2026,DOCUMENTO,CIVINT/STIC,RESPOSTA,2026-08-18,2026-09-10,23,CUMPRIDO_COM_ATRASO,2026-09-15T12:25:00-03:00,5
PRZ003735,EXP003548,PGR-00018207/2026,DOCUMENTO,CIVINT/STIC,RESPOSTA,2026-08-12,2026-08-26,14,CUMPRIDO_COM_ATRASO,2026-09-14T04:32:00-03:00,19
PRZ003736,EXP003549,PGR-00019500/2026,DOCUMENTO,CIVINT/STIC,RESPOSTA,2026-08-29,2026-09-10,12,CUMPRIDO_COM_ATRASO,2026-09-19T18:45:00-03:00,9
PRZ003737,EXP003550,PGR-00075049/2026,DOCUMENTO,CIVINT/STIC,RESPOSTA,2026-08-18,2026-09-13,26,CUMPRIDO_NO_PRAZO,2026-08-22T04:50:00-03:00,0
PRZ003738,EXP003551,PGR-00015175/2026,DOCUMENTO,CIVINT/STIC,RESPOSTA,2026-08-21,2026-09-18,28,CUMPRIDO_NO_PRAZO,2026-09-14T05:28:00-03:00,0
PRZ003739,EXP003552,PGR-00019730/2026,DOCUMENTO,CIVINT/STIC,RESPOSTA,2026-06-28,2026-07-13,15,CUMPRIDO_COM_ATRASO,2026-07-19T10:56:00-03:00,6
PRZ003740,EXP003553,PGR-00053245/2026,DOCUMENTO,CIVINT/STIC,RESPOSTA,2026-09-23,2026-10-11,18,CUMPRIDO_NO_PRAZO,2026-10-07T16:00:00-03:00,0
PRZ003741,EXP003554,PGR-00063067/2026,DOCUMENTO,CIVINT/STIC,RESPOSTA,2026-08-12,2026-08-30,18,CUMPRIDO_NO_PRAZO,2026-08-17T19:25:00-03:00,0
PRZ003742,EXP003555,PGR-00026486/2026,DOCUMENTO,CIVINT/STIC,RESPOSTA,2026-08-25,2026-09-24,30,CUMPRIDO_NO_PRAZO,2026-09-14T04:51:00-03:00,0
PRZ003743,EXP003556,PGR-00047777/2026,DOCUMENTO,CIVINT/STIC,RESPOSTA,2026-08-04,2026-08-22,18,CUMPRIDO_COM_ATRASO,2026-09-15T10:43:00-03:00,24
PRZ003744,EXP003557,PGR-00066319/2026,DOCUMENTO,CIVINT/STIC,RESPOSTA,2026-09-20,2026-10-17,27,CUMPRIDO_NO_PRAZO,2026-10-07T16:00:00-03:00,0
PRZ003745,EXP003558,PGR-00088867/2026,DOCUMENTO,CIVINT/STIC,RESPOSTA,2026-06-23,2026-07-07,14,CUMPRIDO_NO_PRAZO,2026-06-27T14:32:00-03:00,0
PRZ003746,EXP003559,PGR-00011382/2026,DOCUMENTO,CIVINT/STIC,RESPOSTA,2026-07-02,2026-07-25,23,CUMPRIDO_COM_ATRASO,2026-07-29T02:13:00-03:00,4
PRZ003747,EXP003560,PGR-00053288/2026,DOCUMENTO,CIVINT/STIC,RESPOSTA,2026-08-05,2026-08-30,25,CUMPRIDO_NO_PRAZO,2026-08-07T10:05:00-03:00,0
PRZ003748,EXP003561,PGR-00044045/2026,DOCUMENTO,CIVINT/STIC,RESPOSTA,2026-06-27,2026-07-21,24,CUMPRIDO_COM_ATRASO,2026-08-01T01:43:00-03:00,11
PRZ003749,EXP003562,PGR-00075716/2026,DOCUMENTO,CIVINT/STIC,RESPOSTA,2026-08-21,2026-09-11,21,CUMPRIDO_NO_PRAZO,2026-08-27T07:04:00-03:00,0
PRZ003750,EXP003563,PGR-00047951/2026,DOCUMENTO,CIVINT/STIC,RESPOSTA,2026-06-13,2026-06-23,10,CUMPRIDO_COM_ATRASO,2026-07-06T21:38:00-03:00,13
PRZ003751,EXP003564,PGR-00040074/2026,DOCUMENTO,CIVINT/STIC,RESPOSTA,2026-08-24,2026-09-09,16,CUMPRIDO_NO_PRAZO,2026-08-25T21:58:00-03:00,0
PRZ003752,EXP003565,PGR-00063849/2026,DOCUMENTO,CIVINT/STIC,RESPOSTA,2026-09-09,2026-09-28,19,CUMPRIDO_COM_ATRASO,2026-09-29T22:46:00-03:00,1
PRZ003753,EXP003566,PGR-00012467/2026,DOCUMENTO,CIVINT/STIC,RESPOSTA,2026-06-16,2026-07-13,27,CUMPRIDO_NO_PRAZO,2026-06-23T23:02:00-03:00,0
PRZ003754,EXP003567,PGR-00068678/2026,DOCUMENTO,CIVINT/STIC,RESPOSTA,2026-09-14,2026-10-14,30,CUMPRIDO_NO_PRAZO,2026-10-06T11:44:00-03:00,0
PRZ003755,EXP003568,PGR-00017921/2026,DOCUMENTO,CIVINT/STIC,RESPOSTA,2026-07-25,2026-08-19,25,CUMPRIDO_NO_PRAZO,2026-08-01T20:38:00-03:00,0
PRZ003756,EXP003569,PGR-00037372/2026,DOCUMENTO,CIVINT/STIC,RESPOSTA,2026-06-13,2026-07-04,21,CUMPRIDO_COM_ATRASO,2026-07-14T13:22:00-03:00,10
PRZ003757,EXP003570,PGR-00080040/2026,DOCUMENTO,CIVINT/STIC,RESPOSTA,2026-06-15,2026-07-09,24,CUMPRIDO_COM_ATRASO,2026-07-12T20:39:00-03:00,3
PRZ003758,EXP003571,PGR-00009377/2026,DOCUMENTO,CIVINT/STIC,RESPOSTA,2026-06-17,2026-07-16,29,CUMPRIDO_NO_PRAZO,2026-06-25T23:48:00-03:00,0
PRZ003759,EXP003572,PGR-00076661/2026,DOCUMENTO,CIVINT/STIC,RESPOSTA,2026-07-12,2026-08-02,21,CUMPRIDO_NO_PRAZO,2026-07-23T06:05:00-03:00,0
PRZ003760,EXP003573,PGR-00004179/2026,DOCUMENTO,CIVINT/STIC,RESPOSTA,2026-09-13,2026-10-12,29,CUMPRIDO_NO_PRAZO,2026-10-07T16:00:00-03:00,0
PRZ003761,EXP003574,PGR-00091574/2026,DOCUMENTO,CIVINT/STIC,RESPOSTA,2026-09-12,2026-10-09,27,CUMPRIDO_NO_PRAZO,2026-09-20T18:17:00-03:00,0
PRZ003762,EXP003575,PGR-00072512/2026,DOCUMENTO,CIVINT/STIC,RESPOSTA,2026-08-24,2026-09-14,21,CUMPRIDO_COM_ATRASO,2026-09-22T05:45:00-03:00,8
PRZ003763,EXP003576,PGR-00046394/2026,DOCUMENTO,CIVINT/STIC,RESPOSTA,2026-09-03,2026-09-30,27,CUMPRIDO_COM_ATRASO,2026-10-07T16:00:00-03:00,7
PRZ003764,EXP003577,PGR-00099201/2026,DOCUMENTO,CIVINT/STIC,RESPOSTA,2026-07-06,2026-07-19,13,CUMPRIDO_COM_ATRASO,2026-08-12T17:45:00-03:00,24
PRZ003765,EXP003578,PGR-00022581/2026,DOCUMENTO,CIVINT/STIC,RESPOSTA,2026-06-23,2026-07-07,14,CUMPRIDO_NO_PRAZO,2026-07-01T08:34:00-03:00,0
PRZ003766,EXP003579,PGR-00079249/2026,DOCUMENTO,CIVINT/STIC,RESPOSTA,2026-09-20,2026-10-17,27,CUMPRIDO_NO_PRAZO,2026-10-01T23:09:00-03:00,0
PRZ003767,EXP003580,PGR-00065838/2026,DOCUMENTO,CIVINT/STIC,RESPOSTA,2026-07-04,2026-07-26,22,CUMPRIDO_COM_ATRASO,2026-08-16T03:55:00-03:00,21
PRZ003768,EXP003581,PGR-00003376/2026,DOCUMENTO,CIVINT/STIC,RESPOSTA,2026-07-17,2026-07-30,13,CUMPRIDO_COM_ATRASO,2026-07-31T22:29:00-03:00,1
PRZ003769,EXP003582,PGR-00031351/2026,DOCUMENTO,CIVINT/STIC,RESPOSTA,2026-08-07,2026-08-22,15,CUMPRIDO_NO_PRAZO,2026-08-11T12:39:00-03:00,0
PRZ003770,EXP003583,PGR-00007748/2026,DOCUMENTO,CIVINT/STIC,RESPOSTA,2026-08-03,2026-08-25,22,CUMPRIDO_COM_ATRASO,2026-09-02T16:03:00-03:00,8
PRZ003771,EXP003584,PGR-00007117/2026,DOCUMENTO,CIVINT/STIC,RESPOSTA,2026-08-02,2026-08-31,29,CUMPRIDO_COM_ATRASO,2026-09-04T07:06:00-03:00,4
PRZ003772,EXP003585,PGR-00096645/2026,DOCUMENTO,CIVINT/STIC,RESPOSTA,2026-07-05,2026-07-28,23,CUMPRIDO_NO_PRAZO,2026-07-13T21:02:00-03:00,0
PRZ003773,EXP003586,PGR-00067435/2026,DOCUMENTO,CIVINT/STIC,RESPOSTA,2026-07-24,2026-08-14,21,CUMPRIDO_COM_ATRASO,2026-08-25T04:59:00-03:00,11
PRZ003774,EXP003587,PGR-00052175/2026,DOCUMENTO,CIVINT/STIC,RESPOSTA,2026-06-24,2026-07-12,18,CUMPRIDO_NO_PRAZO,2026-06-30T12:21:00-03:00,0
PRZ003775,EXP003588,PGR-00029412/2026,DOCUMENTO,CIVINT/STIC,RESPOSTA,2026-07-06,2026-07-31,25,CUMPRIDO_COM_ATRASO,2026-08-08T16:17:00-03:00,8
PRZ003776,EXP003589,PGR-00036928/2026,DOCUMENTO,CIVINT/STIC,RESPOSTA,2026-09-15,2026-09-29,14,CUMPRIDO_COM_ATRASO,2026-10-07T16:00:00-03:00,8
PRZ003777,EXP003590,PGR-00084302/2026,DOCUMENTO,CIVINT/STIC,RESPOSTA,2026-08-17,2026-09-13,27,CUMPRIDO_COM_ATRASO,2026-09-20T15:36:00-03:00,7
PRZ003778,EXP003591,PGR-00053072/2026,DOCUMENTO,CIVINT/STIC,RESPOSTA,2026-07-21,2026-07-31,10,CUMPRIDO_COM_ATRASO,2026-08-09T05:27:00-03:00,9
PRZ003779,EXP003592,PGR-00091107/2026,DOCUMENTO,CIVINT/STIC,RESPOSTA,2026-09-28,2026-10-19,21,CUMPRIDO_NO_PRAZO,2026-10-07T16:00:00-03:00,0
PRZ003780,EXP003593,PGR-00018237/2026,DOCUMENTO,CIVINT/STIC,RESPOSTA,2026-09-26,2026-10-25,29,CUMPRIDO_NO_PRAZO,2026-10-07T16:00:00-03:00,0
PRZ003781,EXP003594,PGR-00087555/2026,DOCUMENTO,CIVINT/STIC,RESPOSTA,2026-07-23,2026-08-07,15,CUMPRIDO_COM_ATRASO,2026-08-14T19:32:00-03:00,7
PRZ003782,EXP003595,PGR-00030789/2026,DOCUMENTO,CIVINT/STIC,RESPOSTA,2026-06-20,2026-07-12,22,CUMPRIDO_COM_ATRASO,2026-07-25T17:08:00-03:00,13
PRZ003783,EXP003596,PGR-00035116/2026,DOCUMENTO,CIVINT/STIC,RESPOSTA,2026-07-10,2026-08-06,27,CUMPRIDO_COM_ATRASO,2026-08-23T08:21:00-03:00,17
PRZ003784,EXP003597,PGR-00064218/2026,DOCUMENTO,CIVINT/STIC,RESPOSTA,2026-08-20,2026-09-17,28,CUMPRIDO_NO_PRAZO,2026-08-24T14:36:00-03:00,0
PRZ003785,EXP003598,PGR-00014979/2026,DOCUMENTO,CIVINT/STIC,RESPOSTA,2026-08-26,2026-09-15,20,CUMPRIDO_COM_ATRASO,2026-09-29T01:53:00-03:00,14
PRZ003786,EXP003599,PGR-00018378/2026,DOCUMENTO,CIVINT/STIC,RESPOSTA,2026-07-22,2026-08-04,13,CUMPRIDO_COM_ATRASO,2026-08-07T04:57:00-03:00,3
PRZ003787,EXP003600,PGR-00019699/2026,DOCUMENTO,CIVINT/STIC,RESPOSTA,2026-09-04,2026-10-04,30,CUMPRIDO_NO_PRAZO,2026-09-23T17:17:00-03:00,0
PRZ003788,EXP003601,PGR-00093596/2026,DOCUMENTO,CIVINT/STIC,RESPOSTA,2026-09-10,2026-10-07,27,CUMPRIDO_NO_PRAZO,2026-10-07T16:00:00-03:00,0
PRZ003789,EXP003602,PGR-00009126/2026,DOCUMENTO,CIVINT/STIC,RESPOSTA,2026-08-06,2026-08-23,17,CUMPRIDO_NO_PRAZO,2026-08-17T14:03:00-03:00,0
PRZ003790,EXP003603,PGR-00067083/2026,DOCUMENTO,CIVINT/STIC,RESPOSTA,2026-06-14,2026-07-04,20,CUMPRIDO_COM_ATRASO,2026-07-06T22:11:00-03:00,2
PRZ003791,EXP003604,PGR-00023093/2026,DOCUMENTO,CIVINT/STIC,RESPOSTA,2026-09-15,2026-10-07,22,CUMPRIDO_NO_PRAZO,2026-10-07T16:00:00-03:00,0
PRZ003792,EXP003605,PGR-00091457/2026,DOCUMENTO,CIVINT/STIC,RESPOSTA,2026-08-18,2026-09-02,15,CUMPRIDO_COM_ATRASO,2026-09-20T14:17:00-03:00,18
PRZ003793,EXP003606,PGR-00094001/2026,DOCUMENTO,CIVINT/STIC,RESPOSTA,2026-08-12,2026-08-31,19,CUMPRIDO_NO_PRAZO,2026-08-28T10:30:00-03:00,0
PRZ003794,EXP003607,PGR-00033945/2026,DOCUMENTO,CIVINT/STIC,RESPOSTA,2026-09-14,2026-10-14,30,CUMPRIDO_NO_PRAZO,2026-10-07T16:00:00-03:00,0
PRZ003795,EXP003608,PGR-00026140/2026,DOCUMENTO,CIVINT/STIC,RESPOSTA,2026-08-03,2026-08-13,10,CUMPRIDO_COM_ATRASO,2026-08-22T01:41:00-03:00,9
PRZ003796,EXP003609,PGR-00055395/2026,DOCUMENTO,CIVINT/STIC,RESPOSTA,2026-09-01,2026-09-24,23,CUMPRIDO_COM_ATRASO,2026-09-25T08:03:00-03:00,1
PRZ003797,EXP003610,PGR-00096119/2026,DOCUMENTO,CIVINT/STIC,RESPOSTA,2026-06-22,2026-07-16,24,CUMPRIDO_NO_PRAZO,2026-06-28T00:09:00-03:00,0
PRZ003798,EXP003611,PGR-00042544/2026,DOCUMENTO,CIVINT/STIC,RESPOSTA,2026-07-30,2026-08-27,28,CUMPRIDO_NO_PRAZO,2026-08-03T10:12:00-03:00,0
PRZ003799,EXP003612,PGR-00098970/2026,DOCUMENTO,CIVINT/STIC,RESPOSTA,2026-06-28,2026-07-09,11,CUMPRIDO_COM_ATRASO,2026-07-17T03:07:00-03:00,8
PRZ003800,EXP003613,PGR-00095705/2026,DOCUMENTO,CIVINT/STIC,RESPOSTA,2026-07-14,2026-07-29,15,CUMPRIDO_COM_ATRASO,2026-08-01T04:54:00-03:00,3
PRZ003801,EXP003614,PGR-00073660/2026,DOCUMENTO,CIVINT/STIC,RESPOSTA,2026-06-26,2026-07-07,11,CUMPRIDO_COM_ATRASO,2026-08-02T11:32:00-03:00,26
PRZ003802,EXP003615,PGR-00064088/2026,DOCUMENTO,CIVINT/STIC,RESPOSTA,2026-07-27,2026-08-15,19,CUMPRIDO_COM_ATRASO,2026-08-20T17:17:00-03:00,5
PRZ003803,EXP003616,PGR-00078562/2026,DOCUMENTO,CIVINT/STIC,RESPOSTA,2026-08-17,2026-09-15,29,CUMPRIDO_NO_PRAZO,2026-08-18T17:41:00-03:00,0
PRZ003804,EXP003617,PGR-00099667/2026,DOCUMENTO,CIVINT/STIC,RESPOSTA,2026-07-22,2026-08-12,21,CUMPRIDO_COM_ATRASO,2026-09-01T12:34:00-03:00,20
PRZ003805,EXP003618,PGR-00071345/2026,DOCUMENTO,CIVINT/STIC,RESPOSTA,2026-08-21,2026-09-06,16,CUMPRIDO_COM_ATRASO,2026-09-28T23:51:00-03:00,22
PRZ003806,EXP003619,PGR-00094509/2026,DOCUMENTO,CIVINT/STIC,RESPOSTA,2026-08-26,2026-09-17,22,CUMPRIDO_NO_PRAZO,2026-08-30T17:39:00-03:00,0
PRZ003807,EXP003620,PGR-00031381/2026,DOCUMENTO,CIVINT/STIC,RESPOSTA,2026-06-10,2026-06-26,16,CUMPRIDO_NO_PRAZO,2026-06-23T05:14:00-03:00,0
PRZ003808,EXP003621,PGR-00050528/2026,DOCUMENTO,CIVINT/STIC,RESPOSTA,2026-07-05,2026-08-03,29,CUMPRIDO_NO_PRAZO,2026-07-31T15:44:00-03:00,0
PRZ003809,EXP003622,PGR-00090482/2026,DOCUMENTO,CIVINT/STIC,RESPOSTA,2026-06-24,2026-07-05,11,CUMPRIDO_COM_ATRASO,2026-08-07T11:21:00-03:00,33
PRZ003810,EXP003623,PGR-00020152/2026,DOCUMENTO,CIVINT/STIC,RESPOSTA,2026-07-13,2026-08-03,21,CUMPRIDO_COM_ATRASO,2026-08-25T01:01:00-03:00,22
PRZ003811,EXP003624,PGR-00099639/2026,DOCUMENTO,CIVINT/STIC,RESPOSTA,2026-07-18,2026-08-14,27,CUMPRIDO_NO_PRAZO,2026-07-31T01:18:00-03:00,0
PRZ003812,EXP003625,PGR-00040019/2026,DOCUMENTO,CIVINT/STIC,RESPOSTA,2026-06-11,2026-06-23,12,CUMPRIDO_COM_ATRASO,2026-07-13T05:49:00-03:00,20
PRZ003813,EXP003626,PGR-00014541/2026,DOCUMENTO,CIVINT/STIC,RESPOSTA,2026-09-21,2026-10-01,10,CUMPRIDO_COM_ATRASO,2026-10-07T02:29:00-03:00,6
PRZ003814,EXP003627,PGR-00031464/2026,DOCUMENTO,CIVINT/STIC,RESPOSTA,2026-06-24,2026-07-20,26,CUMPRIDO_NO_PRAZO,2026-06-27T12:11:00-03:00,0
PRZ003815,EXP003628,PGR-00007695/2026,DOCUMENTO,CIVINT/STIC,RESPOSTA,2026-08-02,2026-08-23,21,CUMPRIDO_NO_PRAZO,2026-08-11T01:51:00-03:00,0
PRZ003816,EXP003629,PGR-00010627/2026,DOCUMENTO,CIVINT/STIC,RESPOSTA,2026-08-01,2026-08-30,29,CUMPRIDO_NO_PRAZO,2026-08-28T02:13:00-03:00,0
PRZ003817,EXP003630,PGR-00002927/2026,DOCUMENTO,CIVINT/STIC,RESPOSTA,2026-09-22,2026-10-09,17,CUMPRIDO_NO_PRAZO,2026-10-04T20:36:00-03:00,0
PRZ003818,EXP003631,PGR-00099042/2026,DOCUMENTO,CIVINT/STIC,RESPOSTA,2026-07-29,2026-08-11,13,CUMPRIDO_COM_ATRASO,2026-08-30T03:35:00-03:00,19
PRZ003819,EXP003632,PGR-00066895/2026,DOCUMENTO,CIVINT/STIC,RESPOSTA,2026-07-23,2026-08-12,20,CUMPRIDO_NO_PRAZO,2026-08-02T18:09:00-03:00,0
PRZ003820,EXP003633,PGR-00063680/2026,DOCUMENTO,CIVINT/STIC,RESPOSTA,2026-08-03,2026-08-17,14,CUMPRIDO_COM_ATRASO,2026-08-30T15:24:00-03:00,13
PRZ003821,EXP003634,PGR-00058833/2026,DOCUMENTO,CIVINT/STIC,RESPOSTA,2026-07-27,2026-08-23,27,CUMPRIDO_NO_PRAZO,2026-08-05T10:47:00-03:00,0
PRZ003822,EXP003635,PGR-00038337/2026,DOCUMENTO,CIVINT/STIC,RESPOSTA,2026-08-02,2026-08-26,24,CUMPRIDO_COM_ATRASO,2026-09-02T17:20:00-03:00,7
PRZ003823,EXP003636,PGR-00073173/2026,DOCUMENTO,CIVINT/STIC,RESPOSTA,2026-07-18,2026-08-12,25,CUMPRIDO_NO_PRAZO,2026-07-22T02:18:00-03:00,0
PRZ003824,EXP003637,PGR-00085660/2026,DOCUMENTO,CIVINT/STIC,RESPOSTA,2026-07-25,2026-08-09,15,CUMPRIDO_COM_ATRASO,2026-09-04T05:03:00-03:00,26
PRZ003825,EXP003638,PGR-00051081/2026,DOCUMENTO,CIVINT/STIC,RESPOSTA,2026-06-11,2026-07-03,22,CUMPRIDO_COM_ATRASO,2026-07-09T10:55:00-03:00,6
PRZ003826,EXP003639,PGR-00038397/2026,DOCUMENTO,CIVINT/STIC,RESPOSTA,2026-09-24,2026-10-23,29,CUMPRIDO_NO_PRAZO,2026-09-26T16:43:00-03:00,0
PRZ003827,EXP003640,PGR-00039081/2026,DOCUMENTO,CIVINT/STIC,RESPOSTA,2026-09-21,2026-10-08,17,CUMPRIDO_NO_PRAZO,2026-10-07T16:00:00-03:00,0
PRZ003828,EXP003641,PGR-00080794/2026,DOCUMENTO,CIVINT/STIC,RESPOSTA,2026-08-11,2026-08-26,15,CUMPRIDO_NO_PRAZO,2026-08-19T01:19:00-03:00,0
PRZ003829,EXP003642,PGR-00052539/2026,DOCUMENTO,CIVINT/STIC,RESPOSTA,2026-06-17,2026-06-30,13,CUMPRIDO_COM_ATRASO,2026-07-28T09:30:00-03:00,28
PRZ003830,EXP003643,PGR-00023239/2026,DOCUMENTO,CIVINT/STIC,RESPOSTA,2026-07-23,2026-08-05,13,CUMPRIDO_COM_ATRASO,2026-08-11T08:41:00-03:00,6
PRZ003831,EXP003644,PGR-00073886/2026,DOCUMENTO,CIVINT/STIC,RESPOSTA,2026-07-05,2026-07-16,11,CUMPRIDO_NO_PRAZO,2026-07-07T21:43:00-03:00,0
PRZ003832,EXP003645,PGR-00070993/2026,DOCUMENTO,CIVINT/STIC,RESPOSTA,2026-09-22,2026-10-20,28,CUMPRIDO_NO_PRAZO,2026-09-29T09:57:00-03:00,0
PRZ003833,EXP003646,PGR-00035176/2026,DOCUMENTO,CIVINT/STIC,RESPOSTA,2026-07-16,2026-07-30,14,CUMPRIDO_COM_ATRASO,2026-08-12T19:54:00-03:00,13
PRZ003834,EXP003647,PGR-00041235/2026,DOCUMENTO,CIVINT/STIC,RESPOSTA,2026-09-18,2026-10-04,16,CUMPRIDO_NO_PRAZO,2026-10-03T14:12:00-03:00,0
PRZ003835,EXP003648,PGR-00009733/2026,DOCUMENTO,CIVINT/STIC,RESPOSTA,2026-09-09,2026-09-27,18,CUMPRIDO_NO_PRAZO,2026-09-13T09:01:00-03:00,0
PRZ003836,EXP003649,PGR-00032835/2026,DOCUMENTO,CIVINT/STIC,RESPOSTA,2026-09-23,2026-10-07,14,CUMPRIDO_NO_PRAZO,2026-10-05T00:43:00-03:00,0
PRZ003837,EXP003650,PGR-00066462/2026,DOCUMENTO,CIVINT/STIC,RESPOSTA,2026-09-10,2026-09-23,13,CUMPRIDO_COM_ATRASO,2026-10-07T16:00:00-03:00,14
PRZ003838,EXP003651,PGR-00094370/2026,DOCUMENTO,CIVINT/STIC,RESPOSTA,2026-08-09,2026-09-02,24,CUMPRIDO_COM_ATRASO,2026-09-04T10:25:00-03:00,2
PRZ003839,EXP003652,PGR-00094971/2026,DOCUMENTO,CIVINT/STIC,RESPOSTA,2026-06-24,2026-07-12,18,CUMPRIDO_COM_ATRASO,2026-08-01T03:09:00-03:00,20
PRZ003840,EXP003653,PGR-00014227/2026,DOCUMENTO,CIVINT/STIC,RESPOSTA,2026-08-19,2026-09-15,27,CUMPRIDO_COM_ATRASO,2026-09-24T20:35:00-03:00,9
PRZ003841,EXP003654,PGR-00018727/2026,DOCUMENTO,CIVINT/STIC,RESPOSTA,2026-07-26,2026-08-11,16,CUMPRIDO_NO_PRAZO,2026-07-31T11:42:00-03:00,0
PRZ003842,EXP003655,PGR-00059266/2026,DOCUMENTO,CIVINT/STIC,RESPOSTA,2026-07-04,2026-07-28,24,CUMPRIDO_NO_PRAZO,2026-07-11T14:59:00-03:00,0
PRZ003843,EXP003656,PGR-00060236/2026,DOCUMENTO,CIVINT/STIC,RESPOSTA,2026-09-09,2026-10-01,22,CUMPRIDO_COM_ATRASO,2026-10-07T16:00:00-03:00,6
PRZ003844,EXP003657,PGR-00021158/2026,DOCUMENTO,CIVINT/STIC,RESPOSTA,2026-08-05,2026-08-19,14,CUMPRIDO_COM_ATRASO,2026-08-30T11:11:00-03:00,11
PRZ003845,EXP003658,PGR-00079618/2026,DOCUMENTO,CIVINT/STIC,RESPOSTA,2026-09-11,2026-09-25,14,CUMPRIDO_NO_PRAZO,2026-09-18T17:38:00-03:00,0
PRZ003846,EXP003659,PGR-00033928/2026,DOCUMENTO,CIVINT/STIC,RESPOSTA,2026-09-10,2026-10-02,22,CUMPRIDO_COM_ATRASO,2026-10-07T16:00:00-03:00,5
PRZ003847,EXP003660,PGR-00027467/2026,DOCUMENTO,CIVINT/STIC,RESPOSTA,2026-09-03,2026-09-21,18,CUMPRIDO_COM_ATRASO,2026-10-07T16:00:00-03:00,16
PRZ003848,EXP003661,PGR-00004883/2026,DOCUMENTO,CIVINT/STIC,RESPOSTA,2026-06-23,2026-07-20,27,CUMPRIDO_NO_PRAZO,2026-06-28T12:38:00-03:00,0
PRZ003849,EXP003662,PGR-00020729/2026,DOCUMENTO,CIVINT/STIC,RESPOSTA,2026-08-11,2026-08-30,19,CUMPRIDO_NO_PRAZO,2026-08-17T06:36:00-03:00,0
PRZ003850,EXP003663,PGR-00088739/2026,DOCUMENTO,CIVINT/STIC,RESPOSTA,2026-09-05,2026-09-19,14,CUMPRIDO_NO_PRAZO,2026-09-16T13:58:00-03:00,0
PRZ003851,EXP003664,PGR-00055041/2026,DOCUMENTO,CIVINT/STIC,RESPOSTA,2026-09-14,2026-10-05,21,CUMPRIDO_COM_ATRASO,2026-10-07T16:00:00-03:00,2
PRZ003852,EXP003665,PGR-00050617/2026,DOCUMENTO,CIVINT/STIC,RESPOSTA,2026-09-01,2026-09-20,19,CUMPRIDO_NO_PRAZO,2026-09-04T07:47:00-03:00,0
PRZ003853,EXP003666,PGR-00050653/2026,DOCUMENTO,CIVINT/STIC,RESPOSTA,2026-07-13,2026-08-03,21,CUMPRIDO_NO_PRAZO,2026-07-18T00:18:00-03:00,0
PRZ003854,EXP003667,PGR-00000262/2026,DOCUMENTO,CIVINT/STIC,RESPOSTA,2026-07-15,2026-08-12,28,CUMPRIDO_COM_ATRASO,2026-08-26T03:28:00-03:00,14
PRZ003855,EXP003668,PGR-00000327/2026,DOCUMENTO,CIVINT/STIC,RESPOSTA,2026-06-29,2026-07-25,26,CUMPRIDO_COM_ATRASO,2026-08-10T02:06:00-03:00,16
PRZ003856,EXP003669,PGR-00039962/2026,DOCUMENTO,CIVINT/STIC,RESPOSTA,2026-08-07,2026-09-03,27,CUMPRIDO_NO_PRAZO,2026-08-17T23:24:00-03:00,0
PRZ003857,EXP003670,PGR-00059071/2026,DOCUMENTO,CIVINT/STIC,RESPOSTA,2026-07-17,2026-07-31,14,CUMPRIDO_NO_PRAZO,2026-07-23T12:22:00-03:00,0
PRZ003858,EXP003671,PGR-00063717/2026,DOCUMENTO,CIVINT/STIC,RESPOSTA,2026-08-24,2026-09-18,25,CUMPRIDO_COM_ATRASO,2026-09-19T11:36:00-03:00,1
PRZ003859,EXP003672,PGR-00061133/2026,DOCUMENTO,CIVINT/STIC,RESPOSTA,2026-08-19,2026-09-12,24,CUMPRIDO_NO_PRAZO,2026-09-10T17:59:00-03:00,0
PRZ003860,EXP003673,PGR-00060887/2026,DOCUMENTO,CIVINT/STIC,RESPOSTA,2026-09-25,2026-10-06,11,CUMPRIDO_COM_ATRASO,2026-10-07T16:00:00-03:00,1
PRZ003861,EXP003674,PGR-00085885/2026,DOCUMENTO,CIVINT/STIC,RESPOSTA,2026-08-07,2026-09-02,26,CUMPRIDO_NO_PRAZO,2026-08-26T23:35:00-03:00,0
PRZ003862,EXP003675,PGR-00072793/2026,DOCUMENTO,CIVINT/STIC,RESPOSTA,2026-07-10,2026-08-08,29,CUMPRIDO_NO_PRAZO,2026-07-14T22:55:00-03:00,0
PRZ003863,EXP003676,PGR-00028206/2026,DOCUMENTO,CIVINT/STIC,RESPOSTA,2026-09-22,2026-10-07,15,CUMPRIDO_NO_PRAZO,2026-10-07T16:00:00-03:00,0
PRZ003864,EXP003677,PGR-00035359/2026,DOCUMENTO,CIVINT/STIC,RESPOSTA,2026-08-31,2026-09-11,11,CUMPRIDO_COM_ATRASO,2026-09-26T19:04:00-03:00,15
PRZ003865,EXP003678,PGR-00098025/2026,DOCUMENTO,CIVINT/STIC,RESPOSTA,2026-07-13,2026-08-12,30,CUMPRIDO_NO_PRAZO,2026-07-17T13:04:00-03:00,0
PRZ003866,EXP003679,PGR-00035181/2026,DOCUMENTO,CIVINT/STIC,RESPOSTA,2026-07-30,2026-08-18,19,CUMPRIDO_COM_ATRASO,2026-09-05T04:11:00-03:00,18
PRZ003867,EXP003680,PGR-00070282/2026,DOCUMENTO,CIVINT/STIC,RESPOSTA,2026-07-03,2026-07-22,19,CUMPRIDO_COM_ATRASO,2026-08-09T11:28:00-03:00,18
PRZ003868,EXP003681,PGR-00076871/2026,DOCUMENTO,CIVINT/STIC,RESPOSTA,2026-08-27,2026-09-16,20,CUMPRIDO_COM_ATRASO,2026-09-22T16:05:00-03:00,6
PRZ003869,EXP003682,PGR-00081234/2026,DOCUMENTO,CIVINT/STIC,RESPOSTA,2026-09-09,2026-10-02,23,CUMPRIDO_COM_ATRASO,2026-10-07T16:00:00-03:00,5
PRZ003870,EXP003683,PGR-00048186/2026,DOCUMENTO,CIVINT/STIC,RESPOSTA,2026-09-14,2026-10-14,30,CUMPRIDO_NO_PRAZO,2026-10-07T03:26:00-03:00,0
PRZ003871,EXP003684,PGR-00090090/2026,DOCUMENTO,CIVINT/STIC,RESPOSTA,2026-08-03,2026-08-14,11,CUMPRIDO_COM_ATRASO,2026-08-19T09:24:00-03:00,5
PRZ003872,EXP003685,PGR-00026371/2026,DOCUMENTO,CIVINT/STIC,RESPOSTA,2026-08-05,2026-08-21,16,CUMPRIDO_COM_ATRASO,2026-08-28T15:58:00-03:00,7
PRZ003873,EXP003686,PGR-00046791/2026,DOCUMENTO,CIVINT/STIC,RESPOSTA,2026-06-23,2026-07-14,21,CUMPRIDO_NO_PRAZO,2026-06-29T17:21:00-03:00,0
PRZ003874,EXP003687,PGR-00085932/2026,DOCUMENTO,CIVINT/STIC,RESPOSTA,2026-08-26,2026-09-14,19,CUMPRIDO_NO_PRAZO,2026-09-06T20:01:00-03:00,0
PRZ003875,EXP003688,PGR-00019839/2026,DOCUMENTO,CIVINT/STIC,RESPOSTA,2026-08-31,2026-09-11,11,CUMPRIDO_COM_ATRASO,2026-09-16T17:34:00-03:00,5
PRZ003876,EXP003689,PGR-00072230/2026,DOCUMENTO,CIVINT/STIC,RESPOSTA,2026-08-20,2026-09-16,27,CUMPRIDO_NO_PRAZO,2026-08-21T23:59:00-03:00,0
PRZ003877,EXP003690,PGR-00087246/2026,DOCUMENTO,CIVINT/STIC,RESPOSTA,2026-07-19,2026-08-10,22,CUMPRIDO_NO_PRAZO,2026-08-10T19:09:00-03:00,0
PRZ003878,EXP003691,PGR-00091178/2026,DOCUMENTO,CIVINT/STIC,RESPOSTA,2026-09-18,2026-10-17,29,CUMPRIDO_NO_PRAZO,2026-09-25T09:07:00-03:00,0
PRZ003879,EXP003692,PGR-00036679/2026,DOCUMENTO,CIVINT/STIC,RESPOSTA,2026-07-02,2026-07-31,29,CUMPRIDO_NO_PRAZO,2026-07-17T10:23:00-03:00,0
PRZ003880,EXP003693,PGR-00013796/2026,DOCUMENTO,CIVINT/STIC,RESPOSTA,2026-08-25,2026-09-24,30,CUMPRIDO_NO_PRAZO,2026-09-02T18:22:00-03:00,0
PRZ003881,EXP003694,PGR-00043277/2026,DOCUMENTO,CIVINT/STIC,RESPOSTA,2026-07-16,2026-08-10,25,CUMPRIDO_NO_PRAZO,2026-07-30T20:33:00-03:00,0
PRZ003882,EXP003695,PGR-00047146/2026,DOCUMENTO,CIVINT/STIC,RESPOSTA,2026-06-18,2026-07-11,23,CUMPRIDO_COM_ATRASO,2026-07-27T02:42:00-03:00,16
PRZ003883,EXP003696,PGR-00022877/2026,DOCUMENTO,CIVINT/STIC,RESPOSTA,2026-06-19,2026-06-29,10,CUMPRIDO_COM_ATRASO,2026-07-24T15:58:00-03:00,25
PRZ003884,EXP003697,PGR-00008685/2026,DOCUMENTO,CIVINT/STIC,RESPOSTA,2026-08-15,2026-08-26,11,CUMPRIDO_COM_ATRASO,2026-09-08T06:57:00-03:00,13
PRZ003885,EXP003698,PGR-00084176/2026,DOCUMENTO,CIVINT/STIC,RESPOSTA,2026-09-01,2026-09-28,27,CUMPRIDO_NO_PRAZO,2026-09-13T10:32:00-03:00,0
PRZ003886,EXP003699,PGR-00090212/2026,DOCUMENTO,CIVINT/STIC,RESPOSTA,2026-08-20,2026-09-07,18,CUMPRIDO_NO_PRAZO,2026-08-28T09:00:00-03:00,0
PRZ003887,EXP003700,PGR-00094740/2026,DOCUMENTO,CIVINT/STIC,RESPOSTA,2026-07-02,2026-07-23,21,CUMPRIDO_COM_ATRASO,2026-08-02T21:11:00-03:00,10
PRZ003888,EXP003701,PGR-00046642/2026,DOCUMENTO,CIVINT/STIC,RESPOSTA,2026-06-18,2026-07-02,14,CUMPRIDO_COM_ATRASO,2026-07-19T22:19:00-03:00,17
PRZ003889,EXP003702,PGR-00028145/2026,DOCUMENTO,CIVINT/STIC,RESPOSTA,2026-07-06,2026-07-17,11,CUMPRIDO_NO_PRAZO,2026-07-17T14:48:00-03:00,0
PRZ003890,EXP003703,PGR-00025464/2026,DOCUMENTO,CIVINT/STIC,RESPOSTA,2026-09-09,2026-09-20,11,CUMPRIDO_NO_PRAZO,2026-09-19T05:16:00-03:00,0
PRZ003891,EXP003704,PGR-00070235/2026,DOCUMENTO,CIVINT/STIC,RESPOSTA,2026-08-05,2026-08-26,21,CUMPRIDO_COM_ATRASO,2026-09-01T04:59:00-03:00,6
PRZ003892,EXP003705,PGR-00058893/2026,DOCUMENTO,CIVINT/STIC,RESPOSTA,2026-09-04,2026-09-14,10,CUMPRIDO_COM_ATRASO,2026-09-19T23:54:00-03:00,5
PRZ003893,EXP003706,PGR-00029866/2026,DOCUMENTO,CIVINT/STIC,RESPOSTA,2026-08-19,2026-08-30,11,CUMPRIDO_NO_PRAZO,2026-08-27T02:10:00-03:00,0
PRZ003894,EXP003707,PGR-00026401/2026,DOCUMENTO,CIVINT/STIC,RESPOSTA,2026-07-17,2026-07-30,13,CUMPRIDO_COM_ATRASO,2026-08-21T12:51:00-03:00,22
PRZ003895,EXP003708,PGR-00031001/2026,DOCUMENTO,CIVINT/STIC,RESPOSTA,2026-06-16,2026-07-14,28,CUMPRIDO_NO_PRAZO,2026-07-02T16:48:00-03:00,0
PRZ003896,EXP003709,PGR-00082379/2026,DOCUMENTO,CIVINT/STIC,RESPOSTA,2026-07-24,2026-08-14,21,CUMPRIDO_NO_PRAZO,2026-08-06T13:34:00-03:00,0
PRZ003897,EXP003710,PGR-00054168/2026,DOCUMENTO,CIVINT/STIC,RESPOSTA,2026-07-23,2026-08-15,23,CUMPRIDO_NO_PRAZO,2026-08-05T04:47:00-03:00,0
PRZ003898,EXP003711,PGR-00021802/2026,DOCUMENTO,CIVINT/STIC,RESPOSTA,2026-07-26,2026-08-18,23,CUMPRIDO_COM_ATRASO,2026-09-05T08:17:00-03:00,18
PRZ003899,EXP003712,PGR-00019604/2026,DOCUMENTO,CIVINT/STIC,RESPOSTA,2026-08-03,2026-08-29,26,CUMPRIDO_NO_PRAZO,2026-08-12T06:23:00-03:00,0
PRZ003900,EXP003713,PGR-00071550/2026,DOCUMENTO,CIVINT/STIC,RESPOSTA,2026-09-13,2026-09-28,15,CUMPRIDO_COM_ATRASO,2026-10-07T16:00:00-03:00,9
PRZ003901,EXP003714,PGR-00092904/2026,DOCUMENTO,CIVINT/STIC,RESPOSTA,2026-07-18,2026-08-05,18,CUMPRIDO_COM_ATRASO,2026-08-28T20:52:00-03:00,23
PRZ003902,EXP003715,PGR-00007641/2026,DOCUMENTO,CIVINT/STIC,RESPOSTA,2026-06-24,2026-07-11,17,CUMPRIDO_NO_PRAZO,2026-07-10T05:39:00-03:00,0
PRZ003903,EXP003716,PGR-00037686/2026,DOCUMENTO,CIVINT/STIC,RESPOSTA,2026-07-27,2026-08-24,28,CUMPRIDO_NO_PRAZO,2026-08-23T21:14:00-03:00,0
PRZ003904,EXP003717,PGR-00011601/2026,DOCUMENTO,CIVINT/STIC,RESPOSTA,2026-09-26,2026-10-08,12,CUMPRIDO_NO_PRAZO,2026-10-07T16:00:00-03:00,0
PRZ003905,EXP003718,PGR-00098306/2026,DOCUMENTO,CIVINT/STIC,RESPOSTA,2026-07-02,2026-07-25,23,CUMPRIDO_NO_PRAZO,2026-07-17T12:07:00-03:00,0
PRZ003906,EXP003719,PGR-00066252/2026,DOCUMENTO,CIVINT/STIC,RESPOSTA,2026-08-07,2026-09-03,27,CUMPRIDO_NO_PRAZO,2026-08-20T22:31:00-03:00,0
PRZ003907,EXP003720,PGR-00044585/2026,DOCUMENTO,CIVINT/STIC,RESPOSTA,2026-08-27,2026-09-13,17,CUMPRIDO_COM_ATRASO,2026-09-30T13:25:00-03:00,17
PRZ003908,EXP003721,PGR-00069259/2026,DOCUMENTO,CIVINT/STIC,RESPOSTA,2026-08-15,2026-09-14,30,CUMPRIDO_COM_ATRASO,2026-09-22T06:08:00-03:00,8
PRZ003909,EXP003722,PGR-00088725/2026,DOCUMENTO,CIVINT/STIC,RESPOSTA,2026-08-26,2026-09-13,18,CUMPRIDO_COM_ATRASO,2026-09-26T12:57:00-03:00,13
PRZ003910,EXP003723,PGR-00097035/2026,DOCUMENTO,CIVINT/STIC,RESPOSTA,2026-09-14,2026-09-25,11,CUMPRIDO_COM_ATRASO,2026-10-07T16:00:00-03:00,12
PRZ003911,EXP003724,PGR-00042375/2026,DOCUMENTO,CIVINT/STIC,RESPOSTA,2026-09-28,2026-10-20,22,CUMPRIDO_NO_PRAZO,2026-10-07T16:00:00-03:00,0
PRZ003912,EXP003725,PGR-00083158/2026,DOCUMENTO,CIVINT/STIC,RESPOSTA,2026-09-20,2026-10-04,14,CUMPRIDO_NO_PRAZO,2026-09-22T14:40:00-03:00,0
PRZ003913,EXP003726,PGR-00014465/2026,DOCUMENTO,CIVINT/STIC,RESPOSTA,2026-06-11,2026-06-23,12,CUMPRIDO_COM_ATRASO,2026-07-15T19:30:00-03:00,22
PRZ003914,EXP003727,PGR-00040342/2026,DOCUMENTO,CIVINT/STIC,RESPOSTA,2026-07-08,2026-08-06,29,CUMPRIDO_NO_PRAZO,2026-07-27T18:30:00-03:00,0
PRZ003915,EXP003728,PGR-00064310/2026,DOCUMENTO,CIVINT/STIC,RESPOSTA,2026-09-12,2026-09-23,11,CUMPRIDO_COM_ATRASO,2026-10-07T16:00:00-03:00,14
PRZ003916,EXP003729,PGR-00015653/2026,DOCUMENTO,CIVINT/STIC,RESPOSTA,2026-07-10,2026-07-26,16,CUMPRIDO_COM_ATRASO,2026-08-13T22:45:00-03:00,18
PRZ003917,EXP003730,PGR-00059301/2026,DOCUMENTO,CIVINT/STIC,RESPOSTA,2026-06-15,2026-07-01,16,CUMPRIDO_NO_PRAZO,2026-06-24T15:45:00-03:00,0
PRZ003918,EXP003731,PGR-00001769/2026,DOCUMENTO,CIVINT/STIC,RESPOSTA,2026-09-15,2026-10-14,29,CUMPRIDO_NO_PRAZO,2026-10-07T16:00:00-03:00,0
PRZ003919,EXP003732,PGR-00046492/2026,DOCUMENTO,CIVINT/STIC,RESPOSTA,2026-07-07,2026-07-20,13,CUMPRIDO_COM_ATRASO,2026-08-04T03:13:00-03:00,15
PRZ003920,EXP003733,PGR-00049282/2026,DOCUMENTO,CIVINT/STIC,RESPOSTA,2026-06-11,2026-07-10,29,CUMPRIDO_NO_PRAZO,2026-06-16T23:41:00-03:00,0
PRZ003921,EXP003734,PGR-00083127/2026,DOCUMENTO,CIVINT/STIC,RESPOSTA,2026-06-27,2026-07-10,13,CUMPRIDO_NO_PRAZO,2026-07-03T06:49:00-03:00,0
PRZ003922,EXP003735,PGR-00084019/2026,DOCUMENTO,CIVINT/STIC,RESPOSTA,2026-08-27,2026-09-26,30,CUMPRIDO_NO_PRAZO,2026-09-04T09:58:00-03:00,0
PRZ003923,EXP003736,PGR-00094514/2026,DOCUMENTO,CIVINT/STIC,RESPOSTA,2026-08-01,2026-08-11,10,CUMPRIDO_NO_PRAZO,2026-08-05T09:56:00-03:00,0
PRZ003924,EXP003737,PGR-00018069/2026,DOCUMENTO,CIVINT/STIC,RESPOSTA,2026-07-11,2026-07-21,10,CUMPRIDO_COM_ATRASO,2026-08-22T10:32:00-03:00,32
PRZ003925,EXP003738,PGR-00096352/2026,DOCUMENTO,CIVINT/STIC,RESPOSTA,2026-06-09,2026-06-29,20,CUMPRIDO_COM_ATRASO,2026-07-08T16:13:00-03:00,9
PRZ003926,EXP003739,PGR-00072707/2026,DOCUMENTO,CIVINT/STIC,RESPOSTA,2026-06-20,2026-07-11,21,CUMPRIDO_COM_ATRASO,2026-08-01T13:04:00-03:00,21
PRZ003927,EXP003740,PGR-00032164/2026,DOCUMENTO,CIVINT/STIC,RESPOSTA,2026-09-04,2026-09-24,20,CUMPRIDO_NO_PRAZO,2026-09-24T17:15:00-03:00,0
PRZ003928,EXP003741,PGR-00007469/2026,DOCUMENTO,CIVINT/STIC,RESPOSTA,2026-08-16,2026-09-11,26,CUMPRIDO_NO_PRAZO,2026-08-22T02:22:00-03:00,0
PRZ003929,EXP003742,PGR-00030296/2026,DOCUMENTO,CIVINT/STIC,RESPOSTA,2026-09-05,2026-09-26,21,CUMPRIDO_NO_PRAZO,2026-09-26T23:47:00-03:00,0
PRZ003930,EXP003743,PGR-00067009/2026,DOCUMENTO,CIVINT/STIC,RESPOSTA,2026-09-02,2026-09-26,24,CUMPRIDO_COM_ATRASO,2026-10-07T16:00:00-03:00,11
PRZ003931,EXP003744,PGR-00004908/2026,DOCUMENTO,CIVINT/STIC,RESPOSTA,2026-06-12,2026-06-25,13,CUMPRIDO_NO_PRAZO,2026-06-18T15:59:00-03:00,0
PRZ003932,EXP003745,PGR-00013509/2026,DOCUMENTO,CIVINT/STIC,RESPOSTA,2026-07-04,2026-08-01,28,CUMPRIDO_NO_PRAZO,2026-08-01T09:54:00-03:00,0
PRZ003933,EXP003746,PGR-00059113/2026,DOCUMENTO,CIVINT/STIC,RESPOSTA,2026-07-05,2026-07-22,17,CUMPRIDO_COM_ATRASO,2026-08-18T11:16:00-03:00,27
PRZ003934,EXP003747,PGR-00059324/2026,DOCUMENTO,CIVINT/STIC,RESPOSTA,2026-08-11,2026-08-26,15,CUMPRIDO_COM_ATRASO,2026-08-31T09:51:00-03:00,5
PRZ003935,EXP003748,PGR-00030045/2026,DOCUMENTO,CIVINT/STIC,RESPOSTA,2026-07-17,2026-08-06,20,CUMPRIDO_NO_PRAZO,2026-07-24T05:55:00-03:00,0
PRZ003936,EXP003749,PGR-00088195/2026,DOCUMENTO,CIVINT/STIC,RESPOSTA,2026-07-31,2026-08-24,24,CUMPRIDO_NO_PRAZO,2026-08-16T15:19:00-03:00,0
PRZ003937,EXP003750,PGR-00070688/2026,DOCUMENTO,CIVINT/STIC,RESPOSTA,2026-09-06,2026-09-24,18,CUMPRIDO_COM_ATRASO,2026-09-30T23:33:00-03:00,6
PRZ003938,EXP003751,PGR-00059357/2026,DOCUMENTO,CIVINT/STIC,RESPOSTA,2026-07-23,2026-08-12,20,CUMPRIDO_COM_ATRASO,2026-08-22T23:53:00-03:00,10
PRZ003939,EXP003752,PGR-00050349/2026,DOCUMENTO,CIVINT/STIC,RESPOSTA,2026-09-16,2026-09-28,12,CUMPRIDO_COM_ATRASO,2026-10-07T16:00:00-03:00,9
PRZ003940,EXP003753,PGR-00040361/2026,DOCUMENTO,CIVINT/STIC,RESPOSTA,2026-08-31,2026-09-12,12,CUMPRIDO_COM_ATRASO,2026-09-27T16:35:00-03:00,15
PRZ003941,EXP003754,PGR-00029367/2026,DOCUMENTO,CIVINT/STIC,RESPOSTA,2026-09-09,2026-10-07,28,CUMPRIDO_NO_PRAZO,2026-09-11T20:06:00-03:00,0
PRZ003942,EXP003755,PGR-00077538/2026,DOCUMENTO,CIVINT/STIC,RESPOSTA,2026-08-31,2026-09-13,13,CUMPRIDO_COM_ATRASO,2026-09-15T01:05:00-03:00,2
PRZ003943,EXP003756,PGR-00079613/2026,DOCUMENTO,CIVINT/STIC,RESPOSTA,2026-09-20,2026-10-13,23,CUMPRIDO_NO_PRAZO,2026-10-07T16:00:00-03:00,0
PRZ003944,EXP003757,PGR-00090883/2026,DOCUMENTO,CIVINT/STIC,RESPOSTA,2026-07-03,2026-07-17,14,CUMPRIDO_COM_ATRASO,2026-07-20T21:58:00-03:00,3
PRZ003945,EXP003758,PGR-00082951/2026,DOCUMENTO,CIVINT/STIC,RESPOSTA,2026-07-23,2026-08-12,20,CUMPRIDO_COM_ATRASO,2026-08-30T07:43:00-03:00,18
PRZ003946,EXP003759,PGR-00019422/2026,DOCUMENTO,CIVINT/STIC,RESPOSTA,2026-09-20,2026-10-02,12,CUMPRIDO_COM_ATRASO,2026-10-07T16:00:00-03:00,5
PRZ003947,EXP003760,PGR-00013069/2026,DOCUMENTO,CIVINT/STIC,RESPOSTA,2026-09-04,2026-10-01,27,CUMPRIDO_NO_PRAZO,2026-09-23T00:28:00-03:00,0
PRZ003948,EXP003761,PGR-00094451/2026,DOCUMENTO,CIVINT/STIC,RESPOSTA,2026-08-04,2026-08-28,24,CUMPRIDO_NO_PRAZO,2026-08-05T12:22:00-03:00,0
PRZ003949,EXP003762,PGR-00057115/2026,DOCUMENTO,CIVINT/STIC,RESPOSTA,2026-07-25,2026-08-08,14,CUMPRIDO_COM_ATRASO,2026-08-10T12:50:00-03:00,2
PRZ003950,EXP003763,PGR-00001395/2026,DOCUMENTO,CIVINT/STIC,RESPOSTA,2026-07-28,2026-08-16,19,CUMPRIDO_COM_ATRASO,2026-09-07T18:05:00-03:00,22
PRZ003951,EXP003764,PGR-00066125/2026,DOCUMENTO,CIVINT/STIC,RESPOSTA,2026-09-23,2026-10-19,26,CUMPRIDO_NO_PRAZO,2026-10-07T16:00:00-03:00,0
PRZ003952,EXP003765,PGR-00015212/2026,DOCUMENTO,CIVINT/STIC,RESPOSTA,2026-07-26,2026-08-24,29,CUMPRIDO_COM_ATRASO,2026-09-02T15:32:00-03:00,9
PRZ003953,EXP003766,PGR-00084950/2026,DOCUMENTO,CIVINT/STIC,RESPOSTA,2026-09-04,2026-09-24,20,CUMPRIDO_NO_PRAZO,2026-09-18T22:36:00-03:00,0
PRZ003954,EXP003767,PGR-00024456/2026,DOCUMENTO,CIVINT/STIC,RESPOSTA,2026-06-12,2026-07-09,27,CUMPRIDO_NO_PRAZO,2026-07-08T04:44:00-03:00,0
PRZ003955,EXP003768,PGR-00043898/2026,DOCUMENTO,CIVINT/STIC,RESPOSTA,2026-07-19,2026-08-06,18,CUMPRIDO_COM_ATRASO,2026-08-12T23:56:00-03:00,6
PRZ003956,EXP003769,PGR-00040232/2026,DOCUMENTO,CIVINT/STIC,RESPOSTA,2026-09-14,2026-09-26,12,CUMPRIDO_COM_ATRASO,2026-10-07T16:00:00-03:00,11
PRZ003957,EXP003770,PGR-00024416/2026,DOCUMENTO,CIVINT/STIC,RESPOSTA,2026-07-07,2026-07-19,12,CUMPRIDO_COM_ATRASO,2026-07-24T21:46:00-03:00,5
PRZ003958,EXP003771,PGR-00020163/2026,DOCUMENTO,CIVINT/STIC,RESPOSTA,2026-07-28,2026-08-22,25,CUMPRIDO_NO_PRAZO,2026-08-20T11:51:00-03:00,0
PRZ003959,EXP003772,PGR-00022813/2026,DOCUMENTO,CIVINT/STIC,RESPOSTA,2026-08-17,2026-09-02,16,CUMPRIDO_COM_ATRASO,2026-09-06T01:00:00-03:00,4
PRZ003960,EXP003773,PGR-00056651/2026,DOCUMENTO,CIVINT/STIC,RESPOSTA,2026-07-01,2026-07-22,21,CUMPRIDO_NO_PRAZO,2026-07-10T03:50:00-03:00,0
PRZ003961,EXP003774,PGR-00046911/2026,DOCUMENTO,CIVINT/STIC,RESPOSTA,2026-08-05,2026-09-03,29,CUMPRIDO_COM_ATRASO,2026-09-05T00:56:00-03:00,2
PRZ003962,EXP003775,PGR-00014109/2026,DOCUMENTO,CIVINT/STIC,RESPOSTA,2026-06-30,2026-07-25,25,CUMPRIDO_COM_ATRASO,2026-07-30T17:29:00-03:00,5
PRZ003963,EXP003776,PGR-00067856/2026,DOCUMENTO,CIVINT/STIC,RESPOSTA,2026-08-08,2026-08-30,22,CUMPRIDO_NO_PRAZO,2026-08-26T20:16:00-03:00,0
PRZ003964,EXP003777,PGR-00069049/2026,DOCUMENTO,CIVINT/STIC,RESPOSTA,2026-09-23,2026-10-19,26,CUMPRIDO_NO_PRAZO,2026-10-03T15:21:00-03:00,0
PRZ003965,EXP003778,PGR-00040112/2026,DOCUMENTO,CIVINT/STIC,RESPOSTA,2026-09-13,2026-09-29,16,CUMPRIDO_COM_ATRASO,2026-10-07T16:00:00-03:00,8
PRZ003966,EXP003779,PGR-00083938/2026,DOCUMENTO,CIVINT/STIC,RESPOSTA,2026-08-15,2026-09-05,21,CUMPRIDO_NO_PRAZO,2026-08-24T07:15:00-03:00,0
PRZ003967,EXP003780,PGR-00009079/2026,DOCUMENTO,CIVINT/STIC,RESPOSTA,2026-07-26,2026-08-14,19,CUMPRIDO_COM_ATRASO,2026-08-17T21:09:00-03:00,3
PRZ003968,EXP003781,PGR-00013111/2026,DOCUMENTO,CIVINT/STIC,RESPOSTA,2026-08-08,2026-08-19,11,CUMPRIDO_COM_ATRASO,2026-08-30T15:51:00-03:00,11
PRZ003969,EXP003782,PGR-00069651/2026,DOCUMENTO,CIVINT/STIC,RESPOSTA,2026-06-15,2026-07-03,18,CUMPRIDO_COM_ATRASO,2026-07-05T17:54:00-03:00,2
PRZ003970,EXP003783,PGR-00020361/2026,DOCUMENTO,CIVINT/STIC,RESPOSTA,2026-09-12,2026-10-02,20,CUMPRIDO_NO_PRAZO,2026-09-24T04:26:00-03:00,0
PRZ003971,EXP003784,PGR-00098860/2026,DOCUMENTO,CIVINT/STIC,RESPOSTA,2026-09-25,2026-10-05,10,CUMPRIDO_COM_ATRASO,2026-10-07T13:35:00-03:00,2
PRZ003972,EXP003785,PGR-00056473/2026,DOCUMENTO,CIVINT/STIC,RESPOSTA,2026-08-01,2026-08-18,17,CUMPRIDO_COM_ATRASO,2026-08-23T11:15:00-03:00,5
PRZ003973,EXP003786,PGR-00018691/2026,DOCUMENTO,CIVINT/STIC,RESPOSTA,2026-07-26,2026-08-11,16,CUMPRIDO_NO_PRAZO,2026-07-28T16:38:00-03:00,0
PRZ003974,EXP003787,PGR-00092265/2026,DOCUMENTO,CIVINT/STIC,RESPOSTA,2026-06-17,2026-07-07,20,CUMPRIDO_NO_PRAZO,2026-06-25T00:14:00-03:00,0
PRZ003975,EXP003788,PGR-00057500/2026,DOCUMENTO,CIVINT/STIC,RESPOSTA,2026-08-18,2026-09-12,25,CUMPRIDO_NO_PRAZO,2026-09-08T03:36:00-03:00,0
PRZ003976,EXP003789,PGR-00055248/2026,DOCUMENTO,CIVINT/STIC,RESPOSTA,2026-09-11,2026-09-22,11,CUMPRIDO_NO_PRAZO,2026-09-18T02:53:00-03:00,0
PRZ003977,EXP003790,PGR-00089954/2026,DOCUMENTO,CIVINT/STIC,RESPOSTA,2026-08-13,2026-09-04,22,CUMPRIDO_NO_PRAZO,2026-09-04T21:42:00-03:00,0
PRZ003978,EXP003791,PGR-00096539/2026,DOCUMENTO,CIVINT/STIC,RESPOSTA,2026-08-29,2026-09-16,18,CUMPRIDO_COM_ATRASO,2026-10-07T16:00:00-03:00,21
PRZ003979,EXP003792,PGR-00094858/2026,DOCUMENTO,CIVINT/STIC,RESPOSTA,2026-06-22,2026-07-08,16,CUMPRIDO_NO_PRAZO,2026-07-04T23:46:00-03:00,0
PRZ003980,EXP003793,PGR-00047915/2026,DOCUMENTO,CIVINT/STIC,RESPOSTA,2026-09-16,2026-10-15,29,CUMPRIDO_NO_PRAZO,2026-10-07T16:00:00-03:00,0
PRZ003981,EXP003794,PGR-00002890/2026,DOCUMENTO,CIVINT/STIC,RESPOSTA,2026-08-10,2026-09-09,30,CUMPRIDO_COM_ATRASO,2026-09-22T15:25:00-03:00,13
PRZ003982,EXP003795,PGR-00040941/2026,DOCUMENTO,CIVINT/STIC,RESPOSTA,2026-09-14,2026-10-01,17,CUMPRIDO_COM_ATRASO,2026-10-04T22:08:00-03:00,3
PRZ003983,EXP003796,PGR-00080537/2026,DOCUMENTO,CIVINT/STIC,RESPOSTA,2026-07-06,2026-07-22,16,CUMPRIDO_COM_ATRASO,2026-08-20T05:30:00-03:00,29
PRZ003984,EXP003797,PGR-00042501/2026,DOCUMENTO,CIVINT/STIC,RESPOSTA,2026-08-27,2026-09-10,14,CUMPRIDO_COM_ATRASO,2026-10-07T03:28:00-03:00,27
PRZ003985,EXP003798,PGR-00074167/2026,DOCUMENTO,CIVINT/STIC,RESPOSTA,2026-09-06,2026-09-21,15,CUMPRIDO_COM_ATRASO,2026-10-07T16:00:00-03:00,16
PRZ003986,EXP003799,PGR-00094805/2026,DOCUMENTO,CIVINT/STIC,RESPOSTA,2026-06-22,2026-07-15,23,CUMPRIDO_NO_PRAZO,2026-06-26T07:35:00-03:00,0
PRZ003987,EXP003800,PGR-00035637/2026,DOCUMENTO,CIVINT/STIC,RESPOSTA,2026-07-03,2026-07-14,11,CUMPRIDO_NO_PRAZO,2026-07-07T06:42:00-03:00,0
PRZ003988,EXP003801,PGR-00024273/2026,DOCUMENTO,CIVINT/STIC,RESPOSTA,2026-08-01,2026-08-31,30,CUMPRIDO_NO_PRAZO,2026-08-27T15:51:00-03:00,0
PRZ003989,EXP003802,PGR-00042543/2026,DOCUMENTO,CIVINT/STIC,RESPOSTA,2026-08-05,2026-08-20,15,CUMPRIDO_COM_ATRASO,2026-09-18T10:00:00-03:00,29
PRZ003990,EXP003803,PGR-00013982/2026,DOCUMENTO,CIVINT/STIC,RESPOSTA,2026-08-13,2026-08-28,15,CUMPRIDO_COM_ATRASO,2026-09-02T18:54:00-03:00,5
PRZ003991,EXP003804,PGR-00068778/2026,DOCUMENTO,CIVINT/STIC,RESPOSTA,2026-09-01,2026-09-28,27,CUMPRIDO_NO_PRAZO,2026-09-10T08:12:00-03:00,0
PRZ003992,EXP003805,PGR-00058251/2026,DOCUMENTO,CIVINT/STIC,RESPOSTA,2026-08-08,2026-08-28,20,CUMPRIDO_NO_PRAZO,2026-08-09T21:28:00-03:00,0
PRZ003993,EXP003806,PGR-00055208/2026,DOCUMENTO,CIVINT/STIC,RESPOSTA,2026-07-27,2026-08-12,16,CUMPRIDO_COM_ATRASO,2026-09-02T03:33:00-03:00,21
PRZ003994,EXP003807,PGR-00042635/2026,DOCUMENTO,CIVINT/STIC,RESPOSTA,2026-08-14,2026-09-07,24,CUMPRIDO_COM_ATRASO,2026-09-21T15:53:00-03:00,14
PRZ003995,EXP003808,PGR-00006275/2026,DOCUMENTO,CIVINT/STIC,RESPOSTA,2026-08-05,2026-08-29,24,CUMPRIDO_COM_ATRASO,2026-09-16T21:26:00-03:00,18
PRZ003996,EXP003809,PGR-00024859/2026,DOCUMENTO,CIVINT/STIC,RESPOSTA,2026-06-23,2026-07-07,14,CUMPRIDO_COM_ATRASO,2026-07-10T18:00:00-03:00,3
PRZ003997,EXP003810,PGR-00074200/2026,DOCUMENTO,CIVINT/STIC,RESPOSTA,2026-09-20,2026-10-07,17,CUMPRIDO_NO_PRAZO,2026-10-07T16:00:00-03:00,0
PRZ003998,EXP003811,PGR-00042326/2026,DOCUMENTO,CIVINT/STIC,RESPOSTA,2026-08-25,2026-09-22,28,CUMPRIDO_NO_PRAZO,2026-09-19T19:19:00-03:00,0
PRZ003999,EXP003812,PGR-00082650/2026,DOCUMENTO,CIVINT/STIC,RESPOSTA,2026-09-09,2026-10-04,25,CUMPRIDO_NO_PRAZO,2026-09-14T18:36:00-03:00,0
PRZ004000,EXP003813,PGR-00017303/2026,DOCUMENTO,CIVINT/STIC,RESPOSTA,2026-06-18,2026-07-01,13,CUMPRIDO_COM_ATRASO,2026-07-09T10:40:00-03:00,8
PRZ004001,EXP003814,PGR-00087628/2026,DOCUMENTO,CIVINT/STIC,RESPOSTA,2026-07-28,2026-08-14,17,CUMPRIDO_COM_ATRASO,2026-09-06T07:45:00-03:00,23
PRZ004002,EXP003815,PGR-00098863/2026,DOCUMENTO,CIVINT/STIC,RESPOSTA,2026-07-13,2026-08-10,28,CUMPRIDO_COM_ATRASO,2026-08-26T00:54:00-03:00,16
PRZ004003,EXP003816,PGR-00002805/2026,DOCUMENTO,CIVINT/STIC,RESPOSTA,2026-07-10,2026-07-29,19,CUMPRIDO_NO_PRAZO,2026-07-21T17:45:00-03:00,0
PRZ004004,EXP003817,PGR-00002696/2026,DOCUMENTO,CIVINT/STIC,RESPOSTA,2026-09-10,2026-10-03,23,CUMPRIDO_COM_ATRASO,2026-10-04T21:20:00-03:00,1
PRZ004005,EXP003818,PGR-00098137/2026,DOCUMENTO,CIVINT/STIC,RESPOSTA,2026-09-18,2026-10-11,23,CUMPRIDO_NO_PRAZO,2026-10-07T16:00:00-03:00,0
PRZ004006,EXP003819,PGR-00038483/2026,DOCUMENTO,CIVINT/STIC,RESPOSTA,2026-09-15,2026-09-26,11,CUMPRIDO_COM_ATRASO,2026-10-07T16:00:00-03:00,11
PRZ004007,EXP003820,PGR-00028267/2026,DOCUMENTO,CIVINT/STIC,RESPOSTA,2026-09-24,2026-10-20,26,CUMPRIDO_NO_PRAZO,2026-09-30T07:20:00-03:00,0
PRZ004008,EXP003821,PGR-00056572/2026,DOCUMENTO,CIVINT/STIC,RESPOSTA,2026-06-18,2026-07-07,19,CUMPRIDO_COM_ATRASO,2026-07-19T13:32:00-03:00,12
PRZ004009,EXP003822,PGR-00033374/2026,DOCUMENTO,CIVINT/STIC,RESPOSTA,2026-08-16,2026-08-29,13,CUMPRIDO_COM_ATRASO,2026-09-07T22:25:00-03:00,9
PRZ004010,EXP003823,PGR-00028285/2026,DOCUMENTO,CIVINT/STIC,RESPOSTA,2026-08-31,2026-09-12,12,CUMPRIDO_COM_ATRASO,2026-09-17T12:06:00-03:00,5
PRZ004011,EXP003824,PGR-00067521/2026,DOCUMENTO,CIVINT/STIC,RESPOSTA,2026-07-01,2026-07-29,28,CUMPRIDO_NO_PRAZO,2026-07-18T05:45:00-03:00,0
PRZ004012,EXP003825,PGR-00052675/2026,DOCUMENTO,CIVINT/STIC,RESPOSTA,2026-09-17,2026-10-03,16,CUMPRIDO_COM_ATRASO,2026-10-07T16:00:00-03:00,4
PRZ004013,EXP003826,PGR-00027854/2026,DOCUMENTO,CIVINT/STIC,RESPOSTA,2026-07-05,2026-07-23,18,CUMPRIDO_NO_PRAZO,2026-07-09T12:49:00-03:00,0
PRZ004014,EXP003827,PGR-00096423/2026,DOCUMENTO,CIVINT/STIC,RESPOSTA,2026-09-23,2026-10-06,13,CUMPRIDO_COM_ATRASO,2026-10-07T16:00:00-03:00,1
PRZ004015,EXP003828,PGR-00048509/2026,DOCUMENTO,CIVINT/STIC,RESPOSTA,2026-07-31,2026-08-23,23,CUMPRIDO_NO_PRAZO,2026-08-06T09:54:00-03:00,0
PRZ004016,EXP003829,PGR-00071969/2026,DOCUMENTO,CIVINT/STIC,RESPOSTA,2026-06-12,2026-07-04,22,CUMPRIDO_COM_ATRASO,2026-07-21T16:28:00-03:00,17
PRZ004017,EXP003830,PGR-00045824/2026,DOCUMENTO,CIVINT/STIC,RESPOSTA,2026-07-28,2026-08-18,21,CUMPRIDO_NO_PRAZO,2026-08-02T06:45:00-03:00,0
PRZ004018,EXP003831,PGR-00036597/2026,DOCUMENTO,CIVINT/STIC,RESPOSTA,2026-07-09,2026-07-20,11,CUMPRIDO_COM_ATRASO,2026-07-27T11:26:00-03:00,7
PRZ004019,EXP003832,PGR-00074294/2026,DOCUMENTO,CIVINT/STIC,RESPOSTA,2026-07-28,2026-08-27,30,CUMPRIDO_NO_PRAZO,2026-08-03T00:39:00-03:00,0
PRZ004020,EXP003833,PGR-00085683/2026,DOCUMENTO,CIVINT/STIC,RESPOSTA,2026-07-17,2026-07-31,14,CUMPRIDO_NO_PRAZO,2026-07-22T21:49:00-03:00,0
PRZ004021,EXP003834,PGR-00031304/2026,DOCUMENTO,CIVINT/STIC,RESPOSTA,2026-07-21,2026-08-19,29,CUMPRIDO_NO_PRAZO,2026-08-18T21:32:00-03:00,0
PRZ004022,EXP003835,PGR-00013310/2026,DOCUMENTO,CIVINT/STIC,RESPOSTA,2026-08-25,2026-09-21,27,CUMPRIDO_NO_PRAZO,2026-09-10T17:02:00-03:00,0
PRZ004023,EXP003836,PGR-00047584/2026,DOCUMENTO,CIVINT/STIC,RESPOSTA,2026-08-28,2026-09-15,18,CUMPRIDO_COM_ATRASO,2026-09-17T09:35:00-03:00,2
PRZ004024,EXP003837,PGR-00040086/2026,DOCUMENTO,CIVINT/STIC,RESPOSTA,2026-07-25,2026-08-12,18,CUMPRIDO_NO_PRAZO,2026-08-10T17:21:00-03:00,0
PRZ004025,EXP003838,PGR-00086323/2026,DOCUMENTO,CIVINT/STIC,RESPOSTA,2026-06-14,2026-06-30,16,CUMPRIDO_NO_PRAZO,2026-06-30T04:05:00-03:00,0
PRZ004026,EXP003839,PGR-00007565/2026,DOCUMENTO,CIVINT/STIC,RESPOSTA,2026-08-23,2026-09-17,25,CUMPRIDO_NO_PRAZO,2026-09-02T10:50:00-03:00,0
PRZ004027,EXP003840,PGR-00000360/2026,DOCUMENTO,CIVINT/STIC,RESPOSTA,2026-06-23,2026-07-20,27,CUMPRIDO_COM_ATRASO,2026-08-02T19:50:00-03:00,13
PRZ004028,EXP003841,PGR-00089294/2026,DOCUMENTO,CIVINT/STIC,RESPOSTA,2026-07-17,2026-08-11,25,CUMPRIDO_NO_PRAZO,2026-08-03T02:37:00-03:00,0
PRZ004029,EXP003842,PGR-00063489/2026,DOCUMENTO,CIVINT/STIC,RESPOSTA,2026-08-13,2026-09-08,26,CUMPRIDO_COM_ATRASO,2026-09-28T05:44:00-03:00,20
PRZ004030,EXP003843,PGR-00086666/2026,DOCUMENTO,CIVINT/STIC,RESPOSTA,2026-09-15,2026-09-25,10,CUMPRIDO_COM_ATRASO,2026-10-07T16:00:00-03:00,12
PRZ004031,EXP003844,PGR-00084361/2026,DOCUMENTO,CIVINT/STIC,RESPOSTA,2026-09-06,2026-09-28,22,CUMPRIDO_NO_PRAZO,2026-09-11T05:20:00-03:00,0
PRZ004032,EXP003845,PGR-00092768/2026,DOCUMENTO,CIVINT/STIC,RESPOSTA,2026-08-04,2026-09-02,29,CUMPRIDO_COM_ATRASO,2026-09-16T21:47:00-03:00,14
PRZ004033,EXP003846,PGR-00093105/2026,DOCUMENTO,CIVINT/STIC,RESPOSTA,2026-08-28,2026-09-12,15,CUMPRIDO_COM_ATRASO,2026-09-16T12:21:00-03:00,4
PRZ004034,EXP003847,PGR-00000217/2026,DOCUMENTO,CIVINT/STIC,RESPOSTA,2026-07-24,2026-08-09,16,CUMPRIDO_COM_ATRASO,2026-08-24T14:31:00-03:00,15
PRZ004035,EXP003848,PGR-00021384/2026,DOCUMENTO,CIVINT/STIC,RESPOSTA,2026-07-16,2026-08-12,27,CUMPRIDO_COM_ATRASO,2026-08-27T06:49:00-03:00,15
PRZ004036,EXP003849,PGR-00051105/2026,DOCUMENTO,CIVINT/STIC,RESPOSTA,2026-09-21,2026-10-08,17,CUMPRIDO_NO_PRAZO,2026-10-07T16:00:00-03:00,0
PRZ004037,EXP003850,PGR-00086836/2026,DOCUMENTO,CIVINT/STIC,RESPOSTA,2026-06-10,2026-06-21,11,CUMPRIDO_COM_ATRASO,2026-06-24T23:31:00-03:00,3
PRZ004038,EXP003851,PGR-00018914/2026,DOCUMENTO,CIVINT/STIC,RESPOSTA,2026-08-02,2026-08-20,18,CUMPRIDO_COM_ATRASO,2026-09-04T05:08:00-03:00,15
PRZ004039,EXP003852,PGR-00013579/2026,DOCUMENTO,CIVINT/STIC,RESPOSTA,2026-08-15,2026-09-10,26,CUMPRIDO_NO_PRAZO,2026-09-05T21:02:00-03:00,0
PRZ004040,EXP003853,PGR-00044059/2026,DOCUMENTO,CIVINT/STIC,RESPOSTA,2026-07-17,2026-08-04,18,CUMPRIDO_NO_PRAZO,2026-08-03T03:51:00-03:00,0
PRZ004041,EXP003854,PGR-00022879/2026,DOCUMENTO,CIVINT/STIC,RESPOSTA,2026-08-25,2026-09-21,27,CUMPRIDO_NO_PRAZO,2026-09-16T02:21:00-03:00,0
PRZ004042,EXP003855,PGR-00007285/2026,DOCUMENTO,CIVINT/STIC,RESPOSTA,2026-08-01,2026-08-13,12,CUMPRIDO_NO_PRAZO,2026-08-08T10:29:00-03:00,0
PRZ004043,EXP003856,PGR-00006853/2026,DOCUMENTO,CIVINT/STIC,RESPOSTA,2026-09-16,2026-10-11,25,CUMPRIDO_NO_PRAZO,2026-10-07T16:00:00-03:00,0
PRZ004044,EXP003857,PGR-00052585/2026,DOCUMENTO,CIVINT/STIC,RESPOSTA,2026-06-26,2026-07-06,10,CUMPRIDO_NO_PRAZO,2026-07-03T20:58:00-03:00,0
PRZ004045,EXP003858,PGR-00019930/2026,DOCUMENTO,CIVINT/STIC,RESPOSTA,2026-09-04,2026-10-03,29,CUMPRIDO_NO_PRAZO,2026-09-10T16:18:00-03:00,0
PRZ004046,EXP003859,PGR-00010379/2026,DOCUMENTO,CIVINT/STIC,RESPOSTA,2026-07-30,2026-08-12,13,CUMPRIDO_COM_ATRASO,2026-08-31T19:31:00-03:00,19
PRZ004047,EXP003860,PGR-00072366/2026,DOCUMENTO,CIVINT/STIC,RESPOSTA,2026-07-30,2026-08-26,27,CUMPRIDO_NO_PRAZO,2026-08-07T17:59:00-03:00,0
PRZ004048,EXP003861,PGR-00061702/2026,DOCUMENTO,CIVINT/STIC,RESPOSTA,2026-06-28,2026-07-17,19,CUMPRIDO_NO_PRAZO,2026-07-01T06:59:00-03:00,0
PRZ004049,EXP003862,PGR-00047061/2026,DOCUMENTO,CIVINT/STIC,RESPOSTA,2026-06-19,2026-07-03,14,CUMPRIDO_NO_PRAZO,2026-06-25T08:49:00-03:00,0
PRZ004050,EXP003863,PGR-00019352/2026,DOCUMENTO,CIVINT/STIC,RESPOSTA,2026-06-30,2026-07-18,18,CUMPRIDO_COM_ATRASO,2026-08-11T13:47:00-03:00,24
PRZ004051,EXP003864,PGR-00035919/2026,DOCUMENTO,CIVINT/STIC,RESPOSTA,2026-09-04,2026-09-29,25,CUMPRIDO_COM_ATRASO,2026-10-07T16:00:00-03:00,8
PRZ004052,EXP003865,PGR-00015073/2026,DOCUMENTO,CIVINT/STIC,RESPOSTA,2026-08-19,2026-09-02,14,CUMPRIDO_COM_ATRASO,2026-09-06T09:29:00-03:00,4
PRZ004053,EXP003866,PGR-00026823/2026,DOCUMENTO,CIVINT/STIC,RESPOSTA,2026-06-19,2026-07-03,14,CUMPRIDO_COM_ATRASO,2026-07-25T21:05:00-03:00,22
PRZ004054,EXP003867,PGR-00076854/2026,DOCUMENTO,CIVINT/STIC,RESPOSTA,2026-06-28,2026-07-11,13,CUMPRIDO_COM_ATRASO,2026-07-24T23:42:00-03:00,13
PRZ004055,EXP003868,PGR-00089906/2026,DOCUMENTO,CIVINT/STIC,RESPOSTA,2026-08-25,2026-09-07,13,CUMPRIDO_COM_ATRASO,2026-09-29T07:48:00-03:00,22
PRZ004056,EXP003869,PGR-00074578/2026,DOCUMENTO,CIVINT/STIC,RESPOSTA,2026-06-16,2026-06-28,12,CUMPRIDO_COM_ATRASO,2026-07-20T00:56:00-03:00,22
PRZ004057,EXP003870,PGR-00077960/2026,DOCUMENTO,CIVINT/STIC,RESPOSTA,2026-06-12,2026-07-08,26,CUMPRIDO_NO_PRAZO,2026-06-15T10:36:00-03:00,0
PRZ004058,EXP003871,PGR-00028456/2026,DOCUMENTO,CIVINT/STIC,RESPOSTA,2026-06-30,2026-07-22,22,CUMPRIDO_NO_PRAZO,2026-07-16T10:17:00-03:00,0
PRZ004059,EXP003872,PGR-00015331/2026,DOCUMENTO,CIVINT/STIC,RESPOSTA,2026-09-14,2026-10-03,19,CUMPRIDO_NO_PRAZO,2026-09-17T22:00:00-03:00,0
PRZ004060,EXP003873,PGR-00093064/2026,DOCUMENTO,CIVINT/STIC,RESPOSTA,2026-07-16,2026-08-15,30,CUMPRIDO_COM_ATRASO,2026-08-29T04:36:00-03:00,14
PRZ004061,EXP003874,PGR-00096804/2026,DOCUMENTO,CIVINT/STIC,RESPOSTA,2026-07-03,2026-08-02,30,CUMPRIDO_NO_PRAZO,2026-07-30T19:08:00-03:00,0
PRZ004062,EXP003875,PGR-00082464/2026,DOCUMENTO,CIVINT/STIC,RESPOSTA,2026-09-05,2026-09-28,23,CUMPRIDO_COM_ATRASO,2026-09-29T22:06:00-03:00,1
PRZ004063,EXP003876,PGR-00084608/2026,DOCUMENTO,CIVINT/STIC,RESPOSTA,2026-08-11,2026-09-03,23,CUMPRIDO_NO_PRAZO,2026-08-30T16:39:00-03:00,0
PRZ004064,EXP003877,PGR-00091779/2026,DOCUMENTO,CIVINT/STIC,RESPOSTA,2026-07-06,2026-07-29,23,CUMPRIDO_NO_PRAZO,2026-07-24T14:01:00-03:00,0
PRZ004065,EXP003878,PGR-00054332/2026,DOCUMENTO,CIVINT/STIC,RESPOSTA,2026-08-14,2026-09-02,19,CUMPRIDO_NO_PRAZO,2026-08-26T09:57:00-03:00,0
PRZ004066,EXP003879,PGR-00029470/2026,DOCUMENTO,CIVINT/STIC,RESPOSTA,2026-07-29,2026-08-14,16,CUMPRIDO_NO_PRAZO,2026-08-04T21:12:00-03:00,0
PRZ004067,EXP003880,PGR-00088973/2026,DOCUMENTO,CIVINT/STIC,RESPOSTA,2026-08-22,2026-09-07,16,CUMPRIDO_NO_PRAZO,2026-09-07T12:37:00-03:00,0
PRZ004068,EXP003881,PGR-00055287/2026,DOCUMENTO,CIVINT/STIC,RESPOSTA,2026-09-20,2026-10-15,25,CUMPRIDO_NO_PRAZO,2026-09-25T07:36:00-03:00,0
PRZ004069,EXP003882,PGR-00027034/2026,DOCUMENTO,CIVINT/STIC,RESPOSTA,2026-06-28,2026-07-20,22,CUMPRIDO_COM_ATRASO,2026-07-26T00:54:00-03:00,6
PRZ004070,EXP003883,PGR-00065366/2026,DOCUMENTO,CIVINT/STIC,RESPOSTA,2026-07-05,2026-07-20,15,CUMPRIDO_NO_PRAZO,2026-07-19T04:36:00-03:00,0
PRZ004071,EXP003884,PGR-00067120/2026,DOCUMENTO,CIVINT/STIC,RESPOSTA,2026-09-07,2026-09-23,16,CUMPRIDO_NO_PRAZO,2026-09-15T13:51:00-03:00,0
PRZ004072,EXP003885,PGR-00072491/2026,DOCUMENTO,CIVINT/STIC,RESPOSTA,2026-09-08,2026-09-24,16,CUMPRIDO_NO_PRAZO,2026-09-11T07:17:00-03:00,0
PRZ004073,EXP003886,PGR-00053182/2026,DOCUMENTO,CIVINT/STIC,RESPOSTA,2026-07-28,2026-08-07,10,CUMPRIDO_NO_PRAZO,2026-08-03T20:33:00-03:00,0
PRZ004074,EXP003887,PGR-00060177/2026,DOCUMENTO,CIVINT/STIC,RESPOSTA,2026-08-16,2026-09-14,29,CUMPRIDO_NO_PRAZO,2026-09-11T04:18:00-03:00,0
PRZ004075,EXP003888,PGR-00023129/2026,DOCUMENTO,CIVINT/STIC,RESPOSTA,2026-07-02,2026-07-25,23,CUMPRIDO_COM_ATRASO,2026-08-16T13:20:00-03:00,22
PRZ004076,EXP003889,PGR-00045060/2026,DOCUMENTO,CIVINT/STIC,RESPOSTA,2026-08-19,2026-09-01,13,CUMPRIDO_COM_ATRASO,2026-10-02T06:56:00-03:00,31
PRZ004077,EXP003890,PGR-00033778/2026,DOCUMENTO,CIVINT/STIC,RESPOSTA,2026-08-02,2026-08-16,14,CUMPRIDO_COM_ATRASO,2026-08-26T18:34:00-03:00,10
PRZ004078,EXP003891,PGR-00077705/2026,DOCUMENTO,CIVINT/STIC,RESPOSTA,2026-06-26,2026-07-11,15,CUMPRIDO_NO_PRAZO,2026-07-05T01:44:00-03:00,0
PRZ004079,EXP003892,PGR-00051802/2026,DOCUMENTO,CIVINT/STIC,RESPOSTA,2026-09-26,2026-10-12,16,CUMPRIDO_NO_PRAZO,2026-10-07T16:00:00-03:00,0
PRZ004080,EXP003893,PGR-00047403/2026,DOCUMENTO,CIVINT/STIC,RESPOSTA,2026-08-30,2026-09-12,13,CUMPRIDO_NO_PRAZO,2026-09-01T05:12:00-03:00,0
PRZ004081,EXP003894,PGR-00087218/2026,DOCUMENTO,CIVINT/STIC,RESPOSTA,2026-07-08,2026-08-06,29,CUMPRIDO_COM_ATRASO,2026-08-15T18:51:00-03:00,9
PRZ004082,EXP003895,PGR-00016771/2026,DOCUMENTO,CIVINT/STIC,RESPOSTA,2026-07-27,2026-08-18,22,CUMPRIDO_COM_ATRASO,2026-09-01T11:37:00-03:00,14
PRZ004083,EXP003896,PGR-00097193/2026,DOCUMENTO,CIVINT/STIC,RESPOSTA,2026-09-04,2026-10-04,30,CUMPRIDO_NO_PRAZO,2026-09-16T02:56:00-03:00,0
PRZ004084,EXP003897,PGR-00096853/2026,DOCUMENTO,CIVINT/STIC,RESPOSTA,2026-07-15,2026-08-14,30,CUMPRIDO_COM_ATRASO,2026-08-15T16:58:00-03:00,1
PRZ004085,EXP003898,PGR-00013398/2026,DOCUMENTO,CIVINT/STIC,RESPOSTA,2026-06-14,2026-07-01,17,CUMPRIDO_COM_ATRASO,2026-07-09T23:40:00-03:00,8
PRZ004086,EXP003899,PGR-00070030/2026,DOCUMENTO,CIVINT/STIC,RESPOSTA,2026-07-14,2026-08-12,29,CUMPRIDO_NO_PRAZO,2026-07-29T14:45:00-03:00,0
PRZ004087,EXP003900,PGR-00004513/2026,DOCUMENTO,CIVINT/STIC,RESPOSTA,2026-08-13,2026-09-02,20,CUMPRIDO_NO_PRAZO,2026-08-19T17:20:00-03:00,0
PRZ004088,EXP003901,PGR-00089164/2026,DOCUMENTO,CIVINT/STIC,RESPOSTA,2026-06-21,2026-07-07,16,CUMPRIDO_NO_PRAZO,2026-07-04T04:43:00-03:00,0
PRZ004089,EXP003902,PGR-00075815/2026,DOCUMENTO,CIVINT/STIC,RESPOSTA,2026-06-21,2026-07-14,23,CUMPRIDO_COM_ATRASO,2026-07-28T03:00:00-03:00,14
PRZ004090,EXP003903,PGR-00093388/2026,DOCUMENTO,CIVINT/STIC,RESPOSTA,2026-08-28,2026-09-22,25,CUMPRIDO_COM_ATRASO,2026-09-28T17:14:00-03:00,6
PRZ004091,EXP003904,PGR-00029434/2026,DOCUMENTO,CIVINT/STIC,RESPOSTA,2026-08-04,2026-08-31,27,CUMPRIDO_NO_PRAZO,2026-08-11T03:43:00-03:00,0
PRZ004092,EXP003905,PGR-00016291/2026,DOCUMENTO,CIVINT/STIC,RESPOSTA,2026-06-30,2026-07-13,13,CUMPRIDO_NO_PRAZO,2026-07-09T01:06:00-03:00,0
PRZ004093,EXP003906,PGR-00076791/2026,DOCUMENTO,CIVINT/STIC,RESPOSTA,2026-07-04,2026-07-18,14,CUMPRIDO_COM_ATRASO,2026-07-25T11:20:00-03:00,7
PRZ004094,EXP003907,PGR-00021542/2026,DOCUMENTO,CIVINT/STIC,RESPOSTA,2026-06-25,2026-07-24,29,CUMPRIDO_NO_PRAZO,2026-07-13T17:27:00-03:00,0
PRZ004095,EXP003908,PGR-00033317/2026,DOCUMENTO,CIVINT/STIC,RESPOSTA,2026-07-08,2026-08-01,24,CUMPRIDO_COM_ATRASO,2026-08-03T01:49:00-03:00,2
PRZ004096,EXP003909,PGR-00076333/2026,DOCUMENTO,CIVINT/STIC,RESPOSTA,2026-06-09,2026-07-09,30,CUMPRIDO_NO_PRAZO,2026-06-30T23:46:00-03:00,0
PRZ004097,EXP003910,PGR-00045080/2026,DOCUMENTO,CIVINT/STIC,RESPOSTA,2026-08-19,2026-09-05,17,CUMPRIDO_COM_ATRASO,2026-09-23T04:21:00-03:00,18
PRZ004098,EXP003911,PGR-00060588/2026,DOCUMENTO,CIVINT/STIC,RESPOSTA,2026-08-21,2026-09-14,24,CUMPRIDO_NO_PRAZO,2026-09-06T12:40:00-03:00,0
PRZ004099,EXP003912,PGR-00055190/2026,DOCUMENTO,CIVINT/STIC,RESPOSTA,2026-06-17,2026-07-07,20,CUMPRIDO_NO_PRAZO,2026-06-18T23:53:00-03:00,0
PRZ004100,EXP003913,PGR-00065638/2026,DOCUMENTO,CIVINT/STIC,RESPOSTA,2026-07-09,2026-08-08,30,CUMPRIDO_NO_PRAZO,2026-07-18T19:26:00-03:00,0
PRZ004101,EXP003914,PGR-00016455/2026,DOCUMENTO,CIVINT/STIC,RESPOSTA,2026-09-10,2026-09-28,18,CUMPRIDO_COM_ATRASO,2026-10-03T08:17:00-03:00,5
PRZ004102,EXP003915,PGR-00021859/2026,DOCUMENTO,CIVINT/STIC,RESPOSTA,2026-07-07,2026-07-27,20,CUMPRIDO_COM_ATRASO,2026-08-06T10:51:00-03:00,10
PRZ004103,EXP003916,PGR-00002529/2026,DOCUMENTO,CIVINT/STIC,RESPOSTA,2026-07-21,2026-08-10,20,CUMPRIDO_NO_PRAZO,2026-08-02T20:50:00-03:00,0
PRZ004104,EXP003917,PGR-00006293/2026,DOCUMENTO,CIVINT/STIC,RESPOSTA,2026-06-29,2026-07-19,20,CUMPRIDO_NO_PRAZO,2026-07-03T11:42:00-03:00,0
PRZ004105,EXP003918,PGR-00059840/2026,DOCUMENTO,CIVINT/STIC,RESPOSTA,2026-08-16,2026-08-28,12,CUMPRIDO_NO_PRAZO,2026-08-23T10:52:00-03:00,0
PRZ004106,EXP003919,PGR-00045695/2026,DOCUMENTO,CIVINT/STIC,RESPOSTA,2026-08-11,2026-08-31,20,CUMPRIDO_NO_PRAZO,2026-08-27T01:50:00-03:00,0
PRZ004107,EXP003920,PGR-00089525/2026,DOCUMENTO,CIVINT/STIC,RESPOSTA,2026-09-22,2026-10-02,10,CUMPRIDO_COM_ATRASO,2026-10-07T16:00:00-03:00,5
PRZ004108,EXP003921,PGR-00085020/2026,DOCUMENTO,CIVINT/STIC,RESPOSTA,2026-09-20,2026-10-13,23,CUMPRIDO_NO_PRAZO,2026-10-07T16:00:00-03:00,0
PRZ004109,EXP003922,PGR-00011397/2026,DOCUMENTO,CIVINT/STIC,RESPOSTA,2026-07-19,2026-08-13,25,CUMPRIDO_NO_PRAZO,2026-08-01T00:36:00-03:00,0
PRZ004110,EXP003923,PGR-00010824/2026,DOCUMENTO,CIVINT/STIC,RESPOSTA,2026-07-05,2026-07-24,19,CUMPRIDO_NO_PRAZO,2026-07-12T11:57:00-03:00,0
PRZ004111,EXP003924,PGR-00094849/2026,DOCUMENTO,CIVINT/STIC,RESPOSTA,2026-09-26,2026-10-15,19,CUMPRIDO_NO_PRAZO,2026-10-07T16:00:00-03:00,0
PRZ004112,EXP003925,PGR-00078456/2026,DOCUMENTO,CIVINT/STIC,RESPOSTA,2026-09-21,2026-10-14,23,CUMPRIDO_NO_PRAZO,2026-10-07T16:00:00-03:00,0
PRZ004113,EXP003926,PGR-00066338/2026,DOCUMENTO,CIVINT/STIC,RESPOSTA,2026-07-02,2026-07-26,24,CUMPRIDO_NO_PRAZO,2026-07-09T06:20:00-03:00,0
PRZ004114,EXP003927,PGR-00051171/2026,DOCUMENTO,CIVINT/STIC,RESPOSTA,2026-09-04,2026-09-27,23,CUMPRIDO_NO_PRAZO,2026-09-16T17:49:00-03:00,0
PRZ004115,EXP003928,PGR-00008115/2026,DOCUMENTO,CIVINT/STIC,RESPOSTA,2026-07-29,2026-08-22,24,CUMPRIDO_NO_PRAZO,2026-08-18T09:29:00-03:00,0
PRZ004116,EXP003929,PGR-00050760/2026,DOCUMENTO,CIVINT/STIC,RESPOSTA,2026-06-30,2026-07-21,21,CUMPRIDO_COM_ATRASO,2026-07-25T04:30:00-03:00,4
PRZ004117,EXP003930,PGR-00009373/2026,DOCUMENTO,CIVINT/STIC,RESPOSTA,2026-07-29,2026-08-27,29,CUMPRIDO_NO_PRAZO,2026-08-08T06:41:00-03:00,0
PRZ004118,EXP003931,PGR-00079777/2026,DOCUMENTO,CIVINT/STIC,RESPOSTA,2026-07-18,2026-08-09,22,CUMPRIDO_NO_PRAZO,2026-08-06T06:11:00-03:00,0
PRZ004119,EXP003932,PGR-00049118/2026,DOCUMENTO,CIVINT/STIC,RESPOSTA,2026-07-06,2026-08-04,29,CUMPRIDO_COM_ATRASO,2026-08-13T12:06:00-03:00,9
PRZ004120,EXP003933,PGR-00028542/2026,DOCUMENTO,CIVINT/STIC,RESPOSTA,2026-07-05,2026-07-29,24,CUMPRIDO_COM_ATRASO,2026-08-08T10:22:00-03:00,10
PRZ004121,EXP003934,PGR-00096975/2026,DOCUMENTO,CIVINT/STIC,RESPOSTA,2026-08-28,2026-09-25,28,CUMPRIDO_NO_PRAZO,2026-09-18T04:57:00-03:00,0
PRZ004122,EXP003935,PGR-00002892/2026,DOCUMENTO,CIVINT/STIC,RESPOSTA,2026-09-15,2026-10-03,18,CUMPRIDO_NO_PRAZO,2026-09-16T17:58:00-03:00,0
PRZ004123,EXP003936,PGR-00025096/2026,DOCUMENTO,CIVINT/STIC,RESPOSTA,2026-06-23,2026-07-10,17,CUMPRIDO_COM_ATRASO,2026-07-22T17:18:00-03:00,12
PRZ004124,EXP003937,PGR-00018436/2026,DOCUMENTO,CIVINT/STIC,RESPOSTA,2026-09-17,2026-09-28,11,CUMPRIDO_NO_PRAZO,2026-09-28T01:00:00-03:00,0
PRZ004125,EXP003938,PGR-00027579/2026,DOCUMENTO,CIVINT/STIC,RESPOSTA,2026-07-14,2026-07-28,14,CUMPRIDO_NO_PRAZO,2026-07-20T09:57:00-03:00,0
PRZ004126,EXP003939,PGR-00007208/2026,DOCUMENTO,CIVINT/STIC,RESPOSTA,2026-07-16,2026-07-29,13,CUMPRIDO_COM_ATRASO,2026-08-05T09:37:00-03:00,7
PRZ004127,EXP003940,PGR-00051582/2026,DOCUMENTO,CIVINT/STIC,RESPOSTA,2026-08-03,2026-08-16,13,CUMPRIDO_COM_ATRASO,2026-09-17T10:10:00-03:00,32
PRZ004128,EXP003941,PGR-00058873/2026,DOCUMENTO,CIVINT/STIC,RESPOSTA,2026-06-26,2026-07-12,16,CUMPRIDO_NO_PRAZO,2026-07-12T14:22:00-03:00,0
PRZ004129,EXP003942,PGR-00041739/2026,DOCUMENTO,CIVINT/STIC,RESPOSTA,2026-08-26,2026-09-10,15,CUMPRIDO_COM_ATRASO,2026-10-03T19:19:00-03:00,23
PRZ004130,EXP003943,PGR-00026628/2026,DOCUMENTO,CIVINT/STIC,RESPOSTA,2026-06-12,2026-07-02,20,CUMPRIDO_NO_PRAZO,2026-06-14T03:07:00-03:00,0
PRZ004131,EXP003944,PGR-00042914/2026,DOCUMENTO,CIVINT/STIC,RESPOSTA,2026-07-14,2026-07-29,15,CUMPRIDO_COM_ATRASO,2026-07-30T02:51:00-03:00,1
PRZ004132,EXP003945,PGR-00036643/2026,DOCUMENTO,CIVINT/STIC,RESPOSTA,2026-06-25,2026-07-12,17,CUMPRIDO_NO_PRAZO,2026-07-05T08:15:00-03:00,0
PRZ004133,EXP003946,PGR-00048505/2026,DOCUMENTO,CIVINT/STIC,RESPOSTA,2026-09-14,2026-10-03,19,CUMPRIDO_COM_ATRASO,2026-10-07T16:00:00-03:00,4
PRZ004134,EXP003947,PGR-00009931/2026,DOCUMENTO,CIVINT/STIC,RESPOSTA,2026-08-18,2026-08-29,11,CUMPRIDO_COM_ATRASO,2026-09-15T04:00:00-03:00,17
PRZ004135,EXP003948,PGR-00026751/2026,DOCUMENTO,CIVINT/STIC,RESPOSTA,2026-09-12,2026-09-22,10,CUMPRIDO_COM_ATRASO,2026-10-07T16:00:00-03:00,15
PRZ004136,EXP003949,PGR-00068845/2026,DOCUMENTO,CIVINT/STIC,RESPOSTA,2026-07-08,2026-07-23,15,CUMPRIDO_COM_ATRASO,2026-08-14T12:14:00-03:00,22
PRZ004137,EXP003950,PGR-00087029/2026,DOCUMENTO,CIVINT/STIC,RESPOSTA,2026-09-19,2026-10-04,15,CUMPRIDO_NO_PRAZO,2026-09-30T01:17:00-03:00,0
PRZ004138,EXP003951,PGR-00057626/2026,DOCUMENTO,CIVINT/STIC,RESPOSTA,2026-09-21,2026-10-13,22,CUMPRIDO_NO_PRAZO,2026-10-05T01:02:00-03:00,0
PRZ004139,EXP003952,PGR-00085928/2026,DOCUMENTO,CIVINT/STIC,RESPOSTA,2026-08-16,2026-09-04,19,CUMPRIDO_COM_ATRASO,2026-09-08T23:42:00-03:00,4
PRZ004140,EXP003953,PGR-00064816/2026,DOCUMENTO,CIVINT/STIC,RESPOSTA,2026-09-24,2026-10-23,29,CUMPRIDO_NO_PRAZO,2026-10-04T23:48:00-03:00,0
PRZ004141,EXP003954,PGR-00024117/2026,DOCUMENTO,CIVINT/STIC,RESPOSTA,2026-07-07,2026-07-27,20,CUMPRIDO_COM_ATRASO,2026-08-10T19:46:00-03:00,14
PRZ004142,EXP003955,PGR-00023342/2026,DOCUMENTO,CIVINT/STIC,RESPOSTA,2026-08-24,2026-09-15,22,CUMPRIDO_COM_ATRASO,2026-10-05T20:00:00-03:00,20
PRZ004143,EXP003956,PGR-00003560/2026,DOCUMENTO,CIVINT/STIC,RESPOSTA,2026-07-21,2026-08-05,15,CUMPRIDO_COM_ATRASO,2026-08-09T18:02:00-03:00,4
PRZ004144,EXP003957,PGR-00048580/2026,DOCUMENTO,CIVINT/STIC,RESPOSTA,2026-07-20,2026-08-07,18,CUMPRIDO_COM_ATRASO,2026-08-20T01:17:00-03:00,13
PRZ004145,EXP003958,PGR-00001876/2026,DOCUMENTO,CIVINT/STIC,RESPOSTA,2026-06-21,2026-07-17,26,CUMPRIDO_NO_PRAZO,2026-07-11T10:33:00-03:00,0
PRZ004146,EXP003959,PGR-00051376/2026,DOCUMENTO,CIVINT/STIC,RESPOSTA,2026-07-12,2026-07-28,16,CUMPRIDO_COM_ATRASO,2026-07-31T18:42:00-03:00,3
PRZ004147,EXP003960,PGR-00008183/2026,DOCUMENTO,CIVINT/STIC,RESPOSTA,2026-06-18,2026-07-18,30,CUMPRIDO_NO_PRAZO,2026-07-02T12:31:00-03:00,0
PRZ004148,EXP003961,PGR-00050249/2026,DOCUMENTO,CIVINT/STIC,RESPOSTA,2026-06-13,2026-07-07,24,CUMPRIDO_COM_ATRASO,2026-07-16T11:08:00-03:00,9
PRZ004149,EXP003962,PGR-00031967/2026,DOCUMENTO,CIVINT/STIC,RESPOSTA,2026-09-04,2026-09-26,22,CUMPRIDO_NO_PRAZO,2026-09-15T20:20:00-03:00,0
PRZ004150,EXP003963,PGR-00018282/2026,DOCUMENTO,CIVINT/STIC,RESPOSTA,2026-09-10,2026-09-26,16,CUMPRIDO_COM_ATRASO,2026-10-07T16:00:00-03:00,11
PRZ004151,EXP003964,PGR-00092937/2026,DOCUMENTO,CIVINT/STIC,RESPOSTA,2026-09-09,2026-09-29,20,CUMPRIDO_COM_ATRASO,2026-10-07T16:00:00-03:00,8
PRZ004152,EXP003965,PGR-00013143/2026,DOCUMENTO,CIVINT/STIC,RESPOSTA,2026-08-29,2026-09-12,14,CUMPRIDO_COM_ATRASO,2026-10-06T17:00:00-03:00,24
PRZ004153,EXP003966,PGR-00093116/2026,DOCUMENTO,CIVINT/STIC,RESPOSTA,2026-08-28,2026-09-23,26,CUMPRIDO_NO_PRAZO,2026-08-30T20:39:00-03:00,0
PRZ004154,EXP003967,PGR-00018032/2026,DOCUMENTO,CIVINT/STIC,RESPOSTA,2026-09-12,2026-10-10,28,CUMPRIDO_NO_PRAZO,2026-09-28T01:26:00-03:00,0
PRZ004155,EXP003968,PGR-00009974/2026,DOCUMENTO,CIVINT/STIC,RESPOSTA,2026-07-02,2026-07-12,10,CUMPRIDO_COM_ATRASO,2026-07-16T13:07:00-03:00,4
PRZ004156,EXP003969,PGR-00060409/2026,DOCUMENTO,CIVINT/STIC,RESPOSTA,2026-09-09,2026-09-29,20,CUMPRIDO_NO_PRAZO,2026-09-18T19:41:00-03:00,0
PRZ004157,EXP003970,PGR-00071982/2026,DOCUMENTO,CIVINT/STIC,RESPOSTA,2026-09-23,2026-10-22,29,CUMPRIDO_NO_PRAZO,2026-10-07T16:00:00-03:00,0
PRZ004158,EXP003971,PGR-00081897/2026,DOCUMENTO,CIVINT/STIC,RESPOSTA,2026-06-20,2026-07-08,18,CUMPRIDO_COM_ATRASO,2026-07-28T09:07:00-03:00,20
PRZ004159,EXP003972,PGR-00075431/2026,DOCUMENTO,CIVINT/STIC,RESPOSTA,2026-07-23,2026-08-16,24,CUMPRIDO_COM_ATRASO,2026-09-06T01:34:00-03:00,21
PRZ004160,EXP003973,PGR-00029410/2026,DOCUMENTO,CIVINT/STIC,RESPOSTA,2026-08-18,2026-09-05,18,CUMPRIDO_NO_PRAZO,2026-09-01T13:29:00-03:00,0
PRZ004161,EXP003974,PGR-00088110/2026,DOCUMENTO,CIVINT/STIC,RESPOSTA,2026-07-03,2026-07-18,15,CUMPRIDO_COM_ATRASO,2026-08-14T12:07:00-03:00,27
PRZ004162,EXP003975,PGR-00077123/2026,DOCUMENTO,CIVINT/STIC,RESPOSTA,2026-08-23,2026-09-13,21,CUMPRIDO_NO_PRAZO,2026-08-27T09:24:00-03:00,0
PRZ004163,EXP003976,PGR-00050449/2026,DOCUMENTO,CIVINT/STIC,RESPOSTA,2026-07-17,2026-08-11,25,CUMPRIDO_NO_PRAZO,2026-08-06T01:40:00-03:00,0
PRZ004164,EXP003977,PGR-00081766/2026,DOCUMENTO,CIVINT/STIC,RESPOSTA,2026-08-20,2026-09-19,30,CUMPRIDO_NO_PRAZO,2026-09-05T09:49:00-03:00,0
PRZ004165,EXP003978,PGR-00008769/2026,DOCUMENTO,CIVINT/STIC,RESPOSTA,2026-08-24,2026-09-06,13,CUMPRIDO_NO_PRAZO,2026-09-02T08:11:00-03:00,0
PRZ004166,EXP003979,PGR-00059501/2026,DOCUMENTO,CIVINT/STIC,RESPOSTA,2026-07-25,2026-08-16,22,CUMPRIDO_COM_ATRASO,2026-08-26T17:24:00-03:00,10
PRZ004167,EXP003980,PGR-00013289/2026,DOCUMENTO,CIVINT/STIC,RESPOSTA,2026-09-09,2026-09-27,18,CUMPRIDO_COM_ATRASO,2026-10-06T13:10:00-03:00,9
PRZ004168,EXP003981,PGR-00099907/2026,DOCUMENTO,CIVINT/STIC,RESPOSTA,2026-09-02,2026-09-21,19,CUMPRIDO_COM_ATRASO,2026-10-06T17:12:00-03:00,15
PRZ004169,EXP003982,PGR-00017317/2026,DOCUMENTO,CIVINT/STIC,RESPOSTA,2026-09-26,2026-10-21,25,CUMPRIDO_NO_PRAZO,2026-10-07T16:00:00-03:00,0
PRZ004170,EXP003983,PGR-00056692/2026,DOCUMENTO,CIVINT/STIC,RESPOSTA,2026-06-25,2026-07-21,26,CUMPRIDO_NO_PRAZO,2026-07-19T22:46:00-03:00,0
PRZ004171,EXP003984,PGR-00030332/2026,DOCUMENTO,CIVINT/STIC,RESPOSTA,2026-07-26,2026-08-18,23,CUMPRIDO_COM_ATRASO,2026-08-27T15:14:00-03:00,9
PRZ004172,EXP003985,PGR-00011868/2026,DOCUMENTO,CIVINT/STIC,RESPOSTA,2026-06-10,2026-06-28,18,CUMPRIDO_COM_ATRASO,2026-07-02T22:38:00-03:00,4
PRZ004173,EXP003986,PGR-00011340/2026,DOCUMENTO,CIVINT/STIC,RESPOSTA,2026-06-30,2026-07-13,13,CUMPRIDO_COM_ATRASO,2026-07-26T21:28:00-03:00,13
PRZ004174,EXP003987,PGR-00032877/2026,DOCUMENTO,CIVINT/STIC,RESPOSTA,2026-08-26,2026-09-14,19,CUMPRIDO_COM_ATRASO,2026-09-24T09:04:00-03:00,10
PRZ004175,EXP003988,PGR-00017910/2026,DOCUMENTO,CIVINT/STIC,RESPOSTA,2026-07-03,2026-08-01,29,CUMPRIDO_COM_ATRASO,2026-08-02T01:21:00-03:00,1
PRZ004176,EXP003989,PGR-00099163/2026,DOCUMENTO,CIVINT/STIC,RESPOSTA,2026-08-24,2026-09-03,10,CUMPRIDO_COM_ATRASO,2026-09-20T08:39:00-03:00,17
PRZ004177,EXP003990,PGR-00071691/2026,DOCUMENTO,CIVINT/STIC,RESPOSTA,2026-06-30,2026-07-29,29,CUMPRIDO_NO_PRAZO,2026-07-12T10:16:00-03:00,0
PRZ004178,EXP003991,PGR-00076826/2026,DOCUMENTO,CIVINT/STIC,RESPOSTA,2026-09-05,2026-09-28,23,CUMPRIDO_NO_PRAZO,2026-09-11T02:26:00-03:00,0
PRZ004179,EXP003992,PGR-00019628/2026,DOCUMENTO,CIVINT/STIC,RESPOSTA,2026-08-09,2026-09-06,28,CUMPRIDO_COM_ATRASO,2026-09-17T17:47:00-03:00,11
PRZ004180,EXP003993,PGR-00056046/2026,DOCUMENTO,CIVINT/STIC,RESPOSTA,2026-06-14,2026-06-29,15,CUMPRIDO_NO_PRAZO,2026-06-23T09:15:00-03:00,0
PRZ004181,EXP003994,PGR-00000810/2026,DOCUMENTO,CIVINT/STIC,RESPOSTA,2026-08-29,2026-09-09,11,CUMPRIDO_NO_PRAZO,2026-09-05T05:40:00-03:00,0
PRZ004182,EXP003995,PGR-00017636/2026,DOCUMENTO,CIVINT/STIC,RESPOSTA,2026-09-18,2026-10-11,23,CUMPRIDO_NO_PRAZO,2026-10-07T16:00:00-03:00,0
PRZ004183,EXP003996,PGR-00048986/2026,DOCUMENTO,CIVINT/STIC,RESPOSTA,2026-08-07,2026-08-23,16,CUMPRIDO_COM_ATRASO,2026-09-16T10:11:00-03:00,24
PRZ004184,EXP003997,PGR-00050162/2026,DOCUMENTO,CIVINT/STIC,RESPOSTA,2026-07-11,2026-07-30,19,CUMPRIDO_COM_ATRASO,2026-08-15T21:37:00-03:00,16
PRZ004185,EXP003998,PGR-00036791/2026,DOCUMENTO,CIVINT/STIC,RESPOSTA,2026-07-13,2026-08-02,20,CUMPRIDO_NO_PRAZO,2026-07-24T15:37:00-03:00,0
PRZ004186,EXP003999,PGR-00002785/2026,DOCUMENTO,CIVINT/STIC,RESPOSTA,2026-09-13,2026-10-10,27,CUMPRIDO_NO_PRAZO,2026-10-07T16:00:00-03:00,0
PRZ004187,EXP004000,PGR-00015844/2026,DOCUMENTO,CIVINT/STIC,RESPOSTA,2026-07-17,2026-07-30,13,CUMPRIDO_COM_ATRASO,2026-08-13T06:31:00-03:00,14
PRZ004188,EXP004001,PGR-00046374/2026,DOCUMENTO,CIVINT/STIC,RESPOSTA,2026-07-02,2026-07-30,28,CUMPRIDO_NO_PRAZO,2026-07-30T19:12:00-03:00,0
PRZ004189,EXP004002,PGR-00055261/2026,DOCUMENTO,CIVINT/STIC,RESPOSTA,2026-06-20,2026-07-06,16,CUMPRIDO_COM_ATRASO,2026-07-25T09:40:00-03:00,19
PRZ004190,EXP004003,PGR-00057727/2026,DOCUMENTO,CIVINT/STIC,RESPOSTA,2026-09-11,2026-10-03,22,CUMPRIDO_NO_PRAZO,2026-09-30T14:47:00-03:00,0
PRZ004191,EXP004004,PGR-00046773/2026,DOCUMENTO,CIVINT/STIC,RESPOSTA,2026-06-14,2026-06-26,12,CUMPRIDO_COM_ATRASO,2026-07-13T00:31:00-03:00,17
PRZ004192,EXP004005,PGR-00016762/2026,DOCUMENTO,CIVINT/STIC,RESPOSTA,2026-06-24,2026-07-04,10,CUMPRIDO_COM_ATRASO,2026-07-15T16:07:00-03:00,11
PRZ004193,EXP004006,PGR-00063394/2026,DOCUMENTO,CIVINT/STIC,RESPOSTA,2026-06-13,2026-06-29,16,CUMPRIDO_NO_PRAZO,2026-06-15T12:47:00-03:00,0
PRZ004194,EXP004007,PGR-00035724/2026,DOCUMENTO,CIVINT/STIC,RESPOSTA,2026-08-03,2026-08-13,10,CUMPRIDO_NO_PRAZO,2026-08-10T02:37:00-03:00,0
PRZ004195,EXP004008,PGR-00017928/2026,DOCUMENTO,CIVINT/STIC,RESPOSTA,2026-07-29,2026-08-12,14,CUMPRIDO_NO_PRAZO,2026-08-02T11:48:00-03:00,0
PRZ004196,EXP004009,PGR-00037522/2026,DOCUMENTO,CIVINT/STIC,RESPOSTA,2026-08-22,2026-09-10,19,CUMPRIDO_COM_ATRASO,2026-09-26T14:52:00-03:00,16
PRZ004197,EXP004010,PGR-00000089/2026,DOCUMENTO,CIVINT/STIC,RESPOSTA,2026-08-07,2026-08-19,12,CUMPRIDO_COM_ATRASO,2026-09-01T06:53:00-03:00,13
PRZ004198,EXP004011,PGR-00089367/2026,DOCUMENTO,CIVINT/STIC,RESPOSTA,2026-08-18,2026-09-13,26,CUMPRIDO_NO_PRAZO,2026-09-09T20:26:00-03:00,0
PRZ004199,EXP004012,PGR-00041213/2026,DOCUMENTO,CIVINT/STIC,RESPOSTA,2026-07-23,2026-08-15,23,CUMPRIDO_NO_PRAZO,2026-08-05T16:07:00-03:00,0
PRZ004200,EXP004013,PGR-00008835/2026,DOCUMENTO,CIVINT/STIC,RESPOSTA,2026-08-27,2026-09-15,19,CUMPRIDO_NO_PRAZO,2026-08-31T01:45:00-03:00,0
PRZ004201,EXP004014,PGR-00005005/2026,DOCUMENTO,CIVINT/STIC,RESPOSTA,2026-07-12,2026-08-04,23,CUMPRIDO_NO_PRAZO,2026-07-29T23:47:00-03:00,0
PRZ004202,EXP004015,PGR-00042385/2026,DOCUMENTO,CIVINT/STIC,RESPOSTA,2026-09-29,2026-10-22,23,CUMPRIDO_NO_PRAZO,2026-10-07T16:00:00-03:00,0
PRZ004203,EXP004016,PGR-00019873/2026,DOCUMENTO,CIVINT/STIC,RESPOSTA,2026-08-10,2026-08-26,16,CUMPRIDO_COM_ATRASO,2026-09-03T15:51:00-03:00,8
PRZ004204,EXP004017,PGR-00065352/2026,DOCUMENTO,CIVINT/STIC,RESPOSTA,2026-06-28,2026-07-13,15,CUMPRIDO_NO_PRAZO,2026-07-12T00:05:00-03:00,0
PRZ004205,EXP004018,PGR-00025645/2026,DOCUMENTO,CIVINT/STIC,RESPOSTA,2026-08-02,2026-08-23,21,CUMPRIDO_COM_ATRASO,2026-09-05T05:57:00-03:00,13
PRZ004206,EXP004019,PGR-00068169/2026,DOCUMENTO,CIVINT/STIC,RESPOSTA,2026-08-01,2026-08-29,28,CUMPRIDO_COM_ATRASO,2026-09-09T05:19:00-03:00,11
PRZ004207,EXP004020,PGR-00005328/2026,DOCUMENTO,CIVINT/STIC,RESPOSTA,2026-06-27,2026-07-16,19,CUMPRIDO_NO_PRAZO,2026-07-06T23:11:00-03:00,0
PRZ004208,EXP004021,PGR-00088130/2026,DOCUMENTO,CIVINT/STIC,RESPOSTA,2026-09-10,2026-09-30,20,CUMPRIDO_COM_ATRASO,2026-10-07T16:00:00-03:00,7
PRZ004209,EXP004022,PGR-00022425/2026,DOCUMENTO,CIVINT/STIC,RESPOSTA,2026-08-19,2026-09-17,29,CUMPRIDO_COM_ATRASO,2026-09-25T11:16:00-03:00,8
PRZ004210,EXP004023,PGR-00004064/2026,DOCUMENTO,CIVINT/STIC,RESPOSTA,2026-09-17,2026-10-17,30,CUMPRIDO_NO_PRAZO,2026-09-30T00:55:00-03:00,0
PRZ004211,EXP004024,PGR-00000478/2026,DOCUMENTO,CIVINT/STIC,RESPOSTA,2026-07-22,2026-08-20,29,CUMPRIDO_NO_PRAZO,2026-08-16T15:59:00-03:00,0
PRZ004212,EXP004025,PGR-00016915/2026,DOCUMENTO,CIVINT/STIC,RESPOSTA,2026-08-17,2026-09-07,21,CUMPRIDO_NO_PRAZO,2026-08-25T17:10:00-03:00,0
PRZ004213,EXP004026,PGR-00006165/2026,DOCUMENTO,CIVINT/STIC,RESPOSTA,2026-07-26,2026-08-16,21,CUMPRIDO_NO_PRAZO,2026-07-31T08:05:00-03:00,0
PRZ004214,EXP004027,PGR-00055796/2026,DOCUMENTO,CIVINT/STIC,RESPOSTA,2026-07-08,2026-07-27,19,CUMPRIDO_COM_ATRASO,2026-08-13T16:34:00-03:00,17
PRZ004215,EXP004028,PGR-00053835/2026,DOCUMENTO,CIVINT/STIC,RESPOSTA,2026-08-02,2026-08-14,12,CUMPRIDO_COM_ATRASO,2026-08-30T07:58:00-03:00,16
PRZ004216,EXP004029,PGR-00031007/2026,DOCUMENTO,CIVINT/STIC,RESPOSTA,2026-06-21,2026-07-02,11,CUMPRIDO_NO_PRAZO,2026-06-23T07:12:00-03:00,0
PRZ004217,EXP004030,PGR-00066991/2026,DOCUMENTO,CIVINT/STIC,RESPOSTA,2026-09-24,2026-10-06,12,CUMPRIDO_COM_ATRASO,2026-10-07T16:00:00-03:00,1
PRZ004218,EXP004031,PGR-00015001/2026,DOCUMENTO,CIVINT/STIC,RESPOSTA,2026-06-26,2026-07-12,16,CUMPRIDO_COM_ATRASO,2026-07-16T19:37:00-03:00,4
PRZ004219,EXP004032,PGR-00037444/2026,DOCUMENTO,CIVINT/STIC,RESPOSTA,2026-08-30,2026-09-13,14,CUMPRIDO_COM_ATRASO,2026-10-07T16:00:00-03:00,24
PRZ004220,EXP004033,PGR-00013314/2026,DOCUMENTO,CIVINT/STIC,RESPOSTA,2026-07-10,2026-07-22,12,CUMPRIDO_COM_ATRASO,2026-08-25T21:29:00-03:00,34
PRZ004221,EXP004034,PGR-00055836/2026,DOCUMENTO,CIVINT/STIC,RESPOSTA,2026-08-14,2026-09-06,23,CUMPRIDO_NO_PRAZO,2026-08-25T08:24:00-03:00,0
PRZ004222,EXP004035,PGR-00079688/2026,DOCUMENTO,CIVINT/STIC,RESPOSTA,2026-07-25,2026-08-07,13,CUMPRIDO_COM_ATRASO,2026-08-25T06:27:00-03:00,18
PRZ004223,EXP004036,PGR-00013914/2026,DOCUMENTO,CIVINT/STIC,RESPOSTA,2026-08-21,2026-09-15,25,CUMPRIDO_COM_ATRASO,2026-09-23T12:54:00-03:00,8
PRZ004224,EXP004037,PGR-00097962/2026,DOCUMENTO,CIVINT/STIC,RESPOSTA,2026-08-14,2026-09-10,27,CUMPRIDO_COM_ATRASO,2026-09-28T00:09:00-03:00,18
PRZ004225,EXP004038,PGR-00031737/2026,DOCUMENTO,CIVINT/STIC,RESPOSTA,2026-08-23,2026-09-21,29,CUMPRIDO_NO_PRAZO,2026-08-30T02:39:00-03:00,0
PRZ004226,EXP004039,PGR-00031818/2026,DOCUMENTO,CIVINT/STIC,RESPOSTA,2026-07-12,2026-07-24,12,CUMPRIDO_COM_ATRASO,2026-08-08T11:59:00-03:00,15
PRZ004227,EXP004040,PGR-00084648/2026,DOCUMENTO,CIVINT/STIC,RESPOSTA,2026-08-13,2026-09-04,22,CUMPRIDO_COM_ATRASO,2026-09-19T20:37:00-03:00,15
PRZ004228,EXP004041,PGR-00012257/2026,DOCUMENTO,CIVINT/STIC,RESPOSTA,2026-08-01,2026-08-31,30,CUMPRIDO_NO_PRAZO,2026-08-15T01:29:00-03:00,0
PRZ004229,EXP004042,PGR-00095644/2026,DOCUMENTO,CIVINT/STIC,RESPOSTA,2026-06-23,2026-07-21,28,CUMPRIDO_NO_PRAZO,2026-07-01T17:56:00-03:00,0
PRZ004230,EXP004043,PGR-00006714/2026,DOCUMENTO,CIVINT/STIC,RESPOSTA,2026-09-03,2026-09-28,25,CUMPRIDO_COM_ATRASO,2026-10-07T16:00:00-03:00,9
PRZ004231,EXP004044,PGR-00097718/2026,DOCUMENTO,CIVINT/STIC,RESPOSTA,2026-09-20,2026-10-18,28,CUMPRIDO_NO_PRAZO,2026-09-23T05:21:00-03:00,0
PRZ004232,EXP004045,PGR-00059124/2026,DOCUMENTO,CIVINT/STIC,RESPOSTA,2026-07-11,2026-07-27,16,CUMPRIDO_COM_ATRASO,2026-08-12T15:08:00-03:00,16
PRZ004233,EXP004046,PGR-00035117/2026,DOCUMENTO,CIVINT/STIC,RESPOSTA,2026-06-26,2026-07-11,15,CUMPRIDO_COM_ATRASO,2026-07-16T08:12:00-03:00,5
PRZ004234,EXP004047,PGR-00006563/2026,DOCUMENTO,CIVINT/STIC,RESPOSTA,2026-08-31,2026-09-16,16,CUMPRIDO_COM_ATRASO,2026-10-05T20:14:00-03:00,19
PRZ004235,EXP004048,PGR-00003233/2026,DOCUMENTO,CIVINT/STIC,RESPOSTA,2026-06-18,2026-07-11,23,CUMPRIDO_COM_ATRASO,2026-07-12T19:16:00-03:00,1
PRZ004236,EXP004049,PGR-00020493/2026,DOCUMENTO,CIVINT/STIC,RESPOSTA,2026-06-13,2026-06-28,15,CUMPRIDO_COM_ATRASO,2026-07-29T10:02:00-03:00,31
PRZ004237,EXP004050,PGR-00006170/2026,DOCUMENTO,CIVINT/STIC,RESPOSTA,2026-09-02,2026-09-24,22,CUMPRIDO_COM_ATRASO,2026-10-07T16:00:00-03:00,13
PRZ004238,EXP004051,PGR-00078560/2026,DOCUMENTO,CIVINT/STIC,RESPOSTA,2026-09-13,2026-10-02,19,CUMPRIDO_NO_PRAZO,2026-09-16T11:46:00-03:00,0
PRZ004239,EXP004052,PGR-00094938/2026,DOCUMENTO,CIVINT/STIC,RESPOSTA,2026-08-24,2026-09-03,10,CUMPRIDO_COM_ATRASO,2026-09-20T17:47:00-03:00,17
PRZ004240,EXP004053,PGR-00051274/2026,DOCUMENTO,CIVINT/STIC,RESPOSTA,2026-09-09,2026-09-19,10,CUMPRIDO_COM_ATRASO,2026-10-07T16:00:00-03:00,18
PRZ004241,EXP004054,PGR-00043046/2026,DOCUMENTO,CIVINT/STIC,RESPOSTA,2026-06-10,2026-07-02,22,CUMPRIDO_NO_PRAZO,2026-06-22T17:53:00-03:00,0
PRZ004242,EXP004055,PGR-00083714/2026,DOCUMENTO,CIVINT/STIC,RESPOSTA,2026-08-25,2026-09-07,13,CUMPRIDO_COM_ATRASO,2026-09-20T07:54:00-03:00,13
PRZ004243,EXP004056,PGR-00012655/2026,DOCUMENTO,CIVINT/STIC,RESPOSTA,2026-07-22,2026-08-05,14,CUMPRIDO_NO_PRAZO,2026-07-26T22:43:00-03:00,0
PRZ004244,EXP004057,PGR-00083866/2026,DOCUMENTO,CIVINT/STIC,RESPOSTA,2026-06-27,2026-07-14,17,CUMPRIDO_NO_PRAZO,2026-07-14T16:42:00-03:00,0
PRZ004245,EXP004058,PGR-00016216/2026,DOCUMENTO,CIVINT/STIC,RESPOSTA,2026-07-04,2026-07-26,22,CUMPRIDO_NO_PRAZO,2026-07-17T00:19:00-03:00,0
PRZ004246,EXP004059,PGR-00073598/2026,DOCUMENTO,CIVINT/STIC,RESPOSTA,2026-09-03,2026-10-03,30,CUMPRIDO_COM_ATRASO,2026-10-07T16:00:00-03:00,4
PRZ004247,EXP004060,PGR-00062486/2026,DOCUMENTO,CIVINT/STIC,RESPOSTA,2026-09-19,2026-10-04,15,CUMPRIDO_NO_PRAZO,2026-09-25T22:47:00-03:00,0
PRZ004248,EXP004061,PGR-00089720/2026,DOCUMENTO,CIVINT/STIC,RESPOSTA,2026-07-07,2026-07-17,10,CUMPRIDO_COM_ATRASO,2026-08-14T14:44:00-03:00,28
PRZ004249,EXP004062,PGR-00007636/2026,DOCUMENTO,CIVINT/STIC,RESPOSTA,2026-07-17,2026-08-02,16,CUMPRIDO_NO_PRAZO,2026-07-28T02:04:00-03:00,0
PRZ004250,EXP004063,PGR-00057977/2026,DOCUMENTO,CIVINT/STIC,RESPOSTA,2026-08-11,2026-09-03,23,CUMPRIDO_NO_PRAZO,2026-08-26T11:46:00-03:00,0
PRZ004251,EXP004064,PGR-00015330/2026,DOCUMENTO,CIVINT/STIC,RESPOSTA,2026-08-17,2026-09-02,16,CUMPRIDO_COM_ATRASO,2026-09-07T18:24:00-03:00,5
PRZ004252,EXP004065,PGR-00005712/2026,DOCUMENTO,CIVINT/STIC,RESPOSTA,2026-08-07,2026-08-23,16,CUMPRIDO_COM_ATRASO,2026-09-14T16:33:00-03:00,22
PRZ004253,EXP004066,PGR-00061537/2026,DOCUMENTO,CIVINT/STIC,RESPOSTA,2026-07-25,2026-08-16,22,CUMPRIDO_NO_PRAZO,2026-08-09T02:50:00-03:00,0
PRZ004254,EXP004067,PGR-00077986/2026,DOCUMENTO,CIVINT/STIC,RESPOSTA,2026-07-07,2026-07-21,14,CUMPRIDO_NO_PRAZO,2026-07-19T18:05:00-03:00,0
PRZ004255,EXP004068,PGR-00050984/2026,DOCUMENTO,CIVINT/STIC,RESPOSTA,2026-07-01,2026-07-31,30,CUMPRIDO_NO_PRAZO,2026-07-08T22:02:00-03:00,0
PRZ004256,EXP004069,PGR-00090281/2026,DOCUMENTO,CIVINT/STIC,RESPOSTA,2026-08-31,2026-09-15,15,CUMPRIDO_NO_PRAZO,2026-09-07T14:47:00-03:00,0
PRZ004257,EXP004070,PGR-00088927/2026,DOCUMENTO,CIVINT/STIC,RESPOSTA,2026-09-25,2026-10-25,30,CUMPRIDO_NO_PRAZO,2026-10-07T16:00:00-03:00,0
PRZ004258,EXP004071,PGR-00072306/2026,DOCUMENTO,CIVINT/STIC,RESPOSTA,2026-07-30,2026-08-18,19,CUMPRIDO_COM_ATRASO,2026-08-25T21:13:00-03:00,7
PRZ004259,EXP004072,PGR-00067232/2026,DOCUMENTO,CIVINT/STIC,RESPOSTA,2026-08-25,2026-09-19,25,CUMPRIDO_NO_PRAZO,2026-09-01T19:57:00-03:00,0
PRZ004260,EXP004073,PGR-00028694/2026,DOCUMENTO,CIVINT/STIC,RESPOSTA,2026-07-10,2026-08-05,26,CUMPRIDO_COM_ATRASO,2026-08-18T11:53:00-03:00,13
PRZ004261,EXP004074,PGR-00015197/2026,DOCUMENTO,CIVINT/STIC,RESPOSTA,2026-06-15,2026-07-15,30,CUMPRIDO_NO_PRAZO,2026-07-12T17:07:00-03:00,0
PRZ004262,EXP004075,PGR-00080153/2026,DOCUMENTO,CIVINT/STIC,RESPOSTA,2026-08-29,2026-09-19,21,CUMPRIDO_COM_ATRASO,2026-09-22T08:14:00-03:00,3
PRZ004263,EXP004076,PGR-00078519/2026,DOCUMENTO,CIVINT/STIC,RESPOSTA,2026-08-01,2026-08-31,30,CUMPRIDO_NO_PRAZO,2026-08-20T18:00:00-03:00,0
PRZ004264,EXP004077,PGR-00096680/2026,DOCUMENTO,CIVINT/STIC,RESPOSTA,2026-09-17,2026-10-04,17,CUMPRIDO_NO_PRAZO,2026-09-24T21:47:00-03:00,0
PRZ004265,EXP004078,PGR-00064235/2026,DOCUMENTO,CIVINT/STIC,RESPOSTA,2026-09-14,2026-10-06,22,CUMPRIDO_NO_PRAZO,2026-09-18T16:00:00-03:00,0
PRZ004266,EXP004079,PGR-00050541/2026,DOCUMENTO,CIVINT/STIC,RESPOSTA,2026-06-27,2026-07-09,12,CUMPRIDO_NO_PRAZO,2026-07-06T21:51:00-03:00,0
PRZ004267,EXP004080,PGR-00076280/2026,DOCUMENTO,CIVINT/STIC,RESPOSTA,2026-07-05,2026-07-20,15,CUMPRIDO_COM_ATRASO,2026-07-23T02:41:00-03:00,3
PRZ004268,EXP004081,PGR-00041203/2026,DOCUMENTO,CIVINT/STIC,RESPOSTA,2026-08-15,2026-09-03,19,CUMPRIDO_COM_ATRASO,2026-09-09T19:10:00-03:00,6
PRZ004269,EXP004082,PGR-00076774/2026,DOCUMENTO,CIVINT/STIC,RESPOSTA,2026-07-23,2026-08-11,19,CUMPRIDO_COM_ATRASO,2026-08-16T00:20:00-03:00,5
PRZ004270,EXP004083,PGR-00022530/2026,DOCUMENTO,CIVINT/STIC,RESPOSTA,2026-09-22,2026-10-07,15,CUMPRIDO_NO_PRAZO,2026-10-07T16:00:00-03:00,0
PRZ004271,EXP004084,PGR-00024339/2026,DOCUMENTO,CIVINT/STIC,RESPOSTA,2026-06-26,2026-07-18,22,CUMPRIDO_NO_PRAZO,2026-07-11T20:49:00-03:00,0
PRZ004272,EXP004085,PGR-00050676/2026,DOCUMENTO,CIVINT/STIC,RESPOSTA,2026-07-10,2026-08-02,23,CUMPRIDO_NO_PRAZO,2026-07-27T07:08:00-03:00,0
PRZ004273,EXP004086,PGR-00087937/2026,DOCUMENTO,CIVINT/STIC,RESPOSTA,2026-09-14,2026-10-02,18,CUMPRIDO_COM_ATRASO,2026-10-07T16:00:00-03:00,5
PRZ004274,EXP004087,PGR-00064330/2026,DOCUMENTO,CIVINT/STIC,RESPOSTA,2026-08-01,2026-08-23,22,CUMPRIDO_COM_ATRASO,2026-09-08T15:32:00-03:00,16
PRZ004275,EXP004088,PGR-00008059/2026,DOCUMENTO,CIVINT/STIC,RESPOSTA,2026-06-24,2026-07-07,13,CUMPRIDO_NO_PRAZO,2026-06-25T20:39:00-03:00,0
PRZ004276,EXP004089,PGR-00070245/2026,DOCUMENTO,CIVINT/STIC,RESPOSTA,2026-07-04,2026-07-27,23,CUMPRIDO_COM_ATRASO,2026-08-05T00:52:00-03:00,9
PRZ004277,EXP004090,PGR-00017435/2026,DOCUMENTO,CIVINT/STIC,RESPOSTA,2026-09-19,2026-10-03,14,CUMPRIDO_COM_ATRASO,2026-10-07T16:00:00-03:00,4
PRZ004278,EXP004091,PGR-00002599/2026,DOCUMENTO,CIVINT/STIC,RESPOSTA,2026-06-19,2026-07-07,18,CUMPRIDO_COM_ATRASO,2026-07-23T11:47:00-03:00,16
PRZ004279,EXP004092,PGR-00034064/2026,DOCUMENTO,CIVINT/STIC,RESPOSTA,2026-09-02,2026-09-16,14,CUMPRIDO_COM_ATRASO,2026-10-07T16:00:00-03:00,21
PRZ004280,EXP004093,PGR-00039767/2026,DOCUMENTO,CIVINT/STIC,RESPOSTA,2026-07-01,2026-07-17,16,CUMPRIDO_NO_PRAZO,2026-07-08T18:11:00-03:00,0
PRZ004281,EXP004094,PGR-00010262/2026,DOCUMENTO,CIVINT/STIC,RESPOSTA,2026-08-23,2026-09-17,25,CUMPRIDO_NO_PRAZO,2026-09-04T15:28:00-03:00,0
PRZ004282,EXP004095,PGR-00072778/2026,DOCUMENTO,CIVINT/STIC,RESPOSTA,2026-08-06,2026-08-27,21,CUMPRIDO_COM_ATRASO,2026-09-16T04:37:00-03:00,20
PRZ004283,EXP004096,PGR-00087256/2026,DOCUMENTO,CIVINT/STIC,RESPOSTA,2026-08-02,2026-08-31,29,CUMPRIDO_NO_PRAZO,2026-08-13T19:01:00-03:00,0
PRZ004284,EXP004097,PGR-00062717/2026,DOCUMENTO,CIVINT/STIC,RESPOSTA,2026-09-04,2026-09-25,21,CUMPRIDO_NO_PRAZO,2026-09-22T23:55:00-03:00,0
PRZ004285,EXP004098,PGR-00082156/2026,DOCUMENTO,CIVINT/STIC,RESPOSTA,2026-09-06,2026-09-26,20,CUMPRIDO_COM_ATRASO,2026-10-07T16:00:00-03:00,11
PRZ004286,EXP004099,PGR-00061788/2026,DOCUMENTO,CIVINT/STIC,RESPOSTA,2026-09-20,2026-09-30,10,CUMPRIDO_COM_ATRASO,2026-10-07T16:00:00-03:00,7
PRZ004287,EXP004100,PGR-00079560/2026,DOCUMENTO,CIVINT/STIC,RESPOSTA,2026-09-22,2026-10-22,30,CUMPRIDO_NO_PRAZO,2026-10-07T16:00:00-03:00,0
PRZ004288,EXP004101,PGR-00088912/2026,DOCUMENTO,CIVINT/STIC,RESPOSTA,2026-07-25,2026-08-18,24,CUMPRIDO_NO_PRAZO,2026-08-10T14:38:00-03:00,0
PRZ004289,EXP004102,PGR-00012779/2026,DOCUMENTO,CIVINT/STIC,RESPOSTA,2026-08-09,2026-08-31,22,CUMPRIDO_COM_ATRASO,2026-09-14T05:54:00-03:00,14
PRZ004290,EXP004103,PGR-00014530/2026,DOCUMENTO,CIVINT/STIC,RESPOSTA,2026-06-14,2026-07-04,20,CUMPRIDO_COM_ATRASO,2026-07-21T10:42:00-03:00,17
PRZ004291,EXP004104,PGR-00058524/2026,DOCUMENTO,CIVINT/STIC,RESPOSTA,2026-08-16,2026-08-31,15,CUMPRIDO_COM_ATRASO,2026-09-14T13:46:00-03:00,14
PRZ004292,EXP004105,PGR-00002505/2026,DOCUMENTO,CIVINT/STIC,RESPOSTA,2026-09-02,2026-09-27,25,CUMPRIDO_NO_PRAZO,2026-09-07T00:20:00-03:00,0
PRZ004293,EXP004106,PGR-00005184/2026,DOCUMENTO,CIVINT/STIC,RESPOSTA,2026-09-18,2026-10-12,24,CUMPRIDO_NO_PRAZO,2026-09-21T14:36:00-03:00,0
PRZ004294,EXP004107,1.29.727.513596/2023-89,EXTRAJUDICIAL,CIVINT/STIC,TRAMITACAO,2026-07-31,2026-10-29,90,CUMPRIDO_NO_PRAZO,2026-08-02T09:36:00-03:00,0
PRZ004295,EXP004108,1.22.424.929865/2021-72,EXTRAJUDICIAL,CIVINT/STIC,TRAMITACAO,2026-06-25,2026-09-23,90,CUMPRIDO_NO_PRAZO,2026-08-09T02:39:00-03:00,0
PRZ004296,EXP004109,1.34.533.344315/2023-99,EXTRAJUDICIAL,CIVINT/STIC,TRAMITACAO,2026-07-13,2026-10-11,90,CUMPRIDO_NO_PRAZO,2026-07-23T07:50:00-03:00,0
