idAnotacao,idExpediente,etiqueta,gerenciador,siglaSetor,idUsuario,nomeUsuario,dataHora,texto
ANO000001,EXP000004,PGR-00010919/2026,DOCUMENTO,GABSUB3-DVT,GABSUB3-DVT-U03,Carla Modelo,2026-09-22T22:02:59-03:00,Solicitadas informações complementares ao remetente.
ANO000002,EXP000004,PGR-00010919/2026,DOCUMENTO,GABSUB3-DVT,GABSUB3-DVT-U01,Ana Exemplo,2026-09-29T05:13:41-03:00,Conferir anexos antes de movimentar.
ANO000003,EXP000005,PGR-00034431/2026,DOCUMENTO,GABSUB3-DVT,GABSUB3-DVT-U04,Diego Fictício,2026-09-14T01:28:03-03:00,Aguardando manifestação da área técnica.
ANO000004,EXP000007,PGR-00027478/2026,DOCUMENTO,GABSUB3-DVT,GABSUB3-DVT-U04,Diego Fictício,2026-09-29T04:40:15-03:00,Solicitadas informações complementares ao remetente.
ANO000005,EXP000008,PGR-00097767/2026,DOCUMENTO,GABSUB3-DVT,GABSUB3-DVT-U04,Diego Fictício,2026-09-30T19:11:57-03:00,Verificar prazo com a chefia.
ANO000006,EXP000009,PGR-00087968/2026,DOCUMENTO,GABSUB3-DVT,GABSUB3-DVT-U02,Bruno Teste,2026-08-30T16:52:05-03:00,Conferir anexos antes de movimentar.
ANO000007,EXP000009,PGR-00087968/2026,DOCUMENTO,GABSUB3-DVT,GABSUB3-DVT-U04,Diego Fictício,2026-09-14T23:55:29-03:00,Solicitadas informações complementares ao remetente.
ANO000008,EXP000009,PGR-00087968/2026,DOCUMENTO,GABSUB3-DVT,GABSUB3-DVT-U04,Diego Fictício,2026-10-05T10:31:25-03:00,Aguardando manifestação da área técnica.
ANO000009,EXP000010,PGR-00074222/2026,DOCUMENTO,GABSUB3-DVT,GABSUB3-DVT-U02,Bruno Teste,2026-10-04T23:27:43-03:00,Verificar prazo com a chefia.
ANO000010,EXP000010,PGR-00074222/2026,DOCUMENTO,GABSUB3-DVT,GABSUB3-DVT-U05,Elisa Amostra,2026-10-04T00:30:56-03:00,Aguardando manifestação da área técnica.
ANO000011,EXP000012,PGR-00042976/2026,DOCUMENTO,GABSUB3-DVT,GABSUB3-DVT-U03,Carla Modelo,2026-09-12T20:49:28-03:00,Aguardando retorno de diligência.
ANO000012,EXP000012,PGR-00042976/2026,DOCUMENTO,GABSUB3-DVT,GABSUB3-DVT-U03,Carla Modelo,2026-07-30T17:30:22-03:00,Verificar prazo com a chefia.
ANO000013,EXP000014,PGR-00031148/2026,DOCUMENTO,GABSUB3-DVT,GABSUB3-DVT-U06,Fábio Demo,2026-10-06T07:06:38-03:00,Conferir anexos antes de movimentar.
ANO000014,EXP000014,PGR-00031148/2026,DOCUMENTO,GABSUB3-DVT,GABSUB3-DVT-U01,Ana Exemplo,2026-10-07T09:30:50-03:00,Solicitadas informações complementares ao remetente.
ANO000015,EXP000014,PGR-00031148/2026,DOCUMENTO,GABSUB3-DVT,GABSUB3-DVT-U02,Bruno Teste,2026-10-07T08:45:27-03:00,Relacionado a expediente anterior do mesmo interessado.
ANO000016,EXP000015,PGR-00090570/2026,DOCUMENTO,GABSUB3-DVT,GABSUB3-DVT-U05,Elisa Amostra,2026-10-07T15:04:39-03:00,Conferir anexos antes de movimentar.
ANO000017,EXP000017,PGR-00062276/2026,DOCUMENTO,GABSUB3-DVT,GABSUB3-DVT-U02,Bruno Teste,2026-10-05T14:25:19-03:00,Verificar prazo com a chefia.
ANO000018,EXP000017,PGR-00062276/2026,DOCUMENTO,GABSUB3-DVT,GABSUB3-DVT-U03,Carla Modelo,2026-10-02T02:53:10-03:00,Relacionado a expediente anterior do mesmo interessado.
ANO000019,EXP000018,PGR-00002448/2026,DOCUMENTO,GABSUB3-DVT,GABSUB3-DVT-U06,Fábio Demo,2026-10-04T00:48:21-03:00,Verificar prazo com a chefia.
ANO000020,EXP000018,PGR-00002448/2026,DOCUMENTO,GABSUB3-DVT,GABSUB3-DVT-U04,Diego Fictício,2026-10-05T07:52:09-03:00,"Minuta revisada, pendente de assinatura."
ANO000021,EXP000019,PGR-00027729/2026,DOCUMENTO,GABSUB3-DVT,GABSUB3-DVT-U04,Diego Fictício,2026-10-06T05:49:54-03:00,Prioridade definida em reunião de equipe.
ANO000022,EXP000021,PGR-00060377/2026,DOCUMENTO,GABSUB3-DVT,GABSUB3-DVT-U04,Diego Fictício,2026-09-22T03:09:50-03:00,Conferir anexos antes de movimentar.
ANO000023,EXP000022,PGR-00026902/2026,DOCUMENTO,GABSUB3-DVT,GABSUB3-DVT-U02,Bruno Teste,2026-10-04T20:47:44-03:00,Verificar prazo com a chefia.
ANO000024,EXP000023,PGR-00041001/2026,DOCUMENTO,GABSUB3-DVT,GABSUB3-DVT-U01,Ana Exemplo,2026-09-19T12:02:04-03:00,Conferir anexos antes de movimentar.
ANO000025,EXP000024,PGR-00042663/2026,DOCUMENTO,GABSUB3-DVT,GABSUB3-DVT-U03,Carla Modelo,2026-09-17T05:15:23-03:00,Solicitadas informações complementares ao remetente.
ANO000026,EXP000026,PGR-00072324/2026,DOCUMENTO,GABSUB3-DVT,GABSUB3-DVT-U02,Bruno Teste,2026-08-30T04:53:59-03:00,Solicitadas informações complementares ao remetente.
ANO000027,EXP000029,PGR-00056907/2026,DOCUMENTO,GABSUB3-DVT,GABSUB3-DVT-U05,Elisa Amostra,2026-10-03T21:19:53-03:00,Prioridade definida em reunião de equipe.
ANO000028,EXP000029,PGR-00056907/2026,DOCUMENTO,GABSUB3-DVT,GABSUB3-DVT-U01,Ana Exemplo,2026-09-10T17:44:05-03:00,Prioridade definida em reunião de equipe.
ANO000029,EXP000030,PGR-00073757/2026,DOCUMENTO,GABSUB3-DVT,GABSUB3-DVT-U04,Diego Fictício,2026-09-01T09:07:04-03:00,Aguardando retorno de diligência.
ANO000030,EXP000031,PGR-00008348/2026,DOCUMENTO,GABSUB3-DVT,GABSUB3-DVT-U02,Bruno Teste,2026-09-19T18:54:37-03:00,Aguardando retorno de diligência.
ANO000031,EXP000031,PGR-00008348/2026,DOCUMENTO,GABSUB3-DVT,GABSUB3-DVT-U03,Carla Modelo,2026-09-05T18:11:14-03:00,Conferir anexos antes de movimentar.
ANO000032,EXP000031,PGR-00008348/2026,DOCUMENTO,GABSUB3-DVT,GABSUB3-DVT-U06,Fábio Demo,2026-10-06T11:24:04-03:00,Aguardando retorno de diligência.
ANO000033,EXP000034,PGR-00090339/2026,DOCUMENTO,GABSUB3-DVT,GABSUB3-DVT-U04,Diego Fictício,2026-09-26T07:41:12-03:00,Prioridade definida em reunião de equipe.
ANO000034,EXP000035,PGR-00058971/2026,DOCUMENTO,GABSUB3-DVT,GABSUB3-DVT-U06,Fábio Demo,2026-10-07T13:13:49-03:00,Conferir anexos antes de movimentar.
ANO000035,EXP000036,PGR-00018222/2026,DOCUMENTO,GABSUB3-DVT,GABSUB3-DVT-U06,Fábio Demo,2026-10-06T00:43:56-03:00,Conferir anexos antes de movimentar.
ANO000036,EXP000036,PGR-00018222/2026,DOCUMENTO,GABSUB3-DVT,GABSUB3-DVT-U03,Carla Modelo,2026-09-30T09:15:58-03:00,Aguardando retorno de diligência.
ANO000037,EXP000036,PGR-00018222/2026,DOCUMENTO,GABSUB3-DVT,GABSUB3-DVT-U05,Elisa Amostra,2026-09-16T01:02:30-03:00,Verificar prazo com a chefia.
ANO000038,EXP000037,PGR-00060923/2026,DOCUMENTO,GABSUB3-DVT,GABSUB3-DVT-U03,Carla Modelo,2026-09-12T21:49:18-03:00,Aguardando manifestação da área técnica.
ANO000039,EXP000038,PGR-00079904/2026,DOCUMENTO,GABSUB3-DVT,GABSUB3-DVT-U04,Diego Fictício,2026-10-07T07:57:00-03:00,Prioridade definida em reunião de equipe.
ANO000040,EXP000038,PGR-00079904/2026,DOCUMENTO,GABSUB3-DVT,GABSUB3-DVT-U02,Bruno Teste,2026-09-15T09:51:31-03:00,Relacionado a expediente anterior do mesmo interessado.
ANO000041,EXP000039,PGR-00007536/2026,DOCUMENTO,GABSUB3-DVT,GABSUB3-DVT-U02,Bruno Teste,2026-10-02T16:54:54-03:00,Aguardando retorno de diligência.
ANO000042,EXP000039,PGR-00007536/2026,DOCUMENTO,GABSUB3-DVT,GABSUB3-DVT-U03,Carla Modelo,2026-10-03T16:43:30-03:00,Verificar prazo com a chefia.
ANO000043,EXP000039,PGR-00007536/2026,DOCUMENTO,GABSUB3-DVT,GABSUB3-DVT-U04,Diego Fictício,2026-09-30T11:59:59-03:00,"Minuta revisada, pendente de assinatura."
ANO000044,EXP000040,PGR-00009220/2026,DOCUMENTO,GABSUB3-DVT,GABSUB3-DVT-U03,Carla Modelo,2026-10-07T15:59:38-03:00,Solicitadas informações complementares ao remetente.
ANO000045,EXP000041,PGR-00056079/2026,DOCUMENTO,GABSUB3-DVT,GABSUB3-DVT-U02,Bruno Teste,2026-09-22T22:29:07-03:00,Verificar prazo com a chefia.
ANO000046,EXP000041,PGR-00056079/2026,DOCUMENTO,GABSUB3-DVT,GABSUB3-DVT-U04,Diego Fictício,2026-10-02T16:23:48-03:00,Conferir anexos antes de movimentar.
ANO000047,EXP000044,PGR-00079946/2026,DOCUMENTO,GABSUB3-DVT,GABSUB3-DVT-U05,Elisa Amostra,2026-10-03T01:07:50-03:00,Relacionado a expediente anterior do mesmo interessado.
ANO000048,EXP000046,PGR-00082636/2026,DOCUMENTO,GABSUB3-DVT,GABSUB3-DVT-U05,Elisa Amostra,2026-08-31T22:05:01-03:00,Conferir anexos antes de movimentar.
ANO000049,EXP000048,PGR-00000744/2026,DOCUMENTO,GABSUB3-DVT,GABSUB3-DVT-U01,Ana Exemplo,2026-09-28T01:36:19-03:00,Aguardando retorno de diligência.
ANO000050,EXP000049,PGR-00075605/2026,DOCUMENTO,GABSUB3-DVT,GABSUB3-DVT-U01,Ana Exemplo,2026-10-06T18:06:36-03:00,Relacionado a expediente anterior do mesmo interessado.
ANO000051,EXP000050,PGR-00062177/2026,DOCUMENTO,GABSUB3-DVT,GABSUB3-DVT-U02,Bruno Teste,2026-09-12T15:49:55-03:00,Verificar prazo com a chefia.
ANO000052,EXP000050,PGR-00062177/2026,DOCUMENTO,GABSUB3-DVT,GABSUB3-DVT-U05,Elisa Amostra,2026-10-03T16:58:50-03:00,Solicitadas informações complementares ao remetente.
ANO000053,EXP000050,PGR-00062177/2026,DOCUMENTO,GABSUB3-DVT,GABSUB3-DVT-U03,Carla Modelo,2026-09-25T23:54:16-03:00,"Minuta revisada, pendente de assinatura."
ANO000054,EXP000051,PGR-00043005/2026,DOCUMENTO,GABSUB3-DVT,GABSUB3-DVT-U05,Elisa Amostra,2026-10-04T00:43:12-03:00,Relacionado a expediente anterior do mesmo interessado.
ANO000055,EXP000052,PGR-00003928/2026,DOCUMENTO,GABSUB3-DVT,GABSUB3-DVT-U03,Carla Modelo,2026-10-01T06:01:29-03:00,Verificar prazo com a chefia.
ANO000056,EXP000052,PGR-00003928/2026,DOCUMENTO,GABSUB3-DVT,GABSUB3-DVT-U05,Elisa Amostra,2026-09-29T14:18:07-03:00,"Minuta revisada, pendente de assinatura."
ANO000057,EXP000052,PGR-00003928/2026,DOCUMENTO,GABSUB3-DVT,GABSUB3-DVT-U01,Ana Exemplo,2026-09-19T22:13:37-03:00,Aguardando retorno de diligência.
ANO000058,EXP000054,PGR-00009625/2026,DOCUMENTO,GABSUB3-DVT,GABSUB3-DVT-U02,Bruno Teste,2026-10-04T10:48:48-03:00,"Minuta revisada, pendente de assinatura."
ANO000059,EXP000055,PGR-00023266/2026,DOCUMENTO,GABSUB3-DVT,GABSUB3-DVT-U04,Diego Fictício,2026-10-07T03:11:53-03:00,Prioridade definida em reunião de equipe.
ANO000060,EXP000056,PGR-00080486/2026,DOCUMENTO,GABSUB3-DVT,GABSUB3-DVT-U01,Ana Exemplo,2026-09-07T06:18:52-03:00,Aguardando retorno de diligência.
ANO000061,EXP000057,PGR-00018228/2026,DOCUMENTO,GABSUB3-DVT,GABSUB3-DVT-U01,Ana Exemplo,2026-10-06T04:59:58-03:00,Aguardando manifestação da área técnica.
ANO000062,EXP000059,PGR-00006454/2026,DOCUMENTO,GABSUB3-DVT,GABSUB3-DVT-U05,Elisa Amostra,2026-10-03T14:13:16-03:00,"Minuta revisada, pendente de assinatura."
ANO000063,EXP000059,PGR-00006454/2026,DOCUMENTO,GABSUB3-DVT,GABSUB3-DVT-U01,Ana Exemplo,2026-10-03T19:58:57-03:00,Relacionado a expediente anterior do mesmo interessado.
ANO000064,EXP000059,PGR-00006454/2026,DOCUMENTO,GABSUB3-DVT,GABSUB3-DVT-U06,Fábio Demo,2026-10-01T16:21:59-03:00,Aguardando retorno de diligência.
ANO000065,EXP000060,PGR-00075767/2026,DOCUMENTO,GABSUB3-DVT,GABSUB3-DVT-U04,Diego Fictício,2026-10-03T21:30:12-03:00,"Minuta revisada, pendente de assinatura."
ANO000066,EXP000062,PGR-00098861/2026,DOCUMENTO,GABSUB3-DVT,GABSUB3-DVT-U04,Diego Fictício,2026-10-06T08:02:02-03:00,Prioridade definida em reunião de equipe.
ANO000067,EXP000063,PGR-00091735/2026,DOCUMENTO,GABSUB3-DVT,GABSUB3-DVT-U03,Carla Modelo,2026-10-07T17:00:00-03:00,Relacionado a expediente anterior do mesmo interessado.
ANO000068,EXP000063,PGR-00091735/2026,DOCUMENTO,GABSUB3-DVT,GABSUB3-DVT-U06,Fábio Demo,2026-10-07T17:00:00-03:00,Verificar prazo com a chefia.
ANO000069,EXP000064,PGR-00016209/2026,DOCUMENTO,GABSUB3-DVT,GABSUB3-DVT-U04,Diego Fictício,2026-09-29T19:17:25-03:00,Verificar prazo com a chefia.
ANO000070,EXP000065,PGR-00038275/2026,DOCUMENTO,GABSUB3-DVT,GABSUB3-DVT-U02,Bruno Teste,2026-10-06T18:36:52-03:00,Prioridade definida em reunião de equipe.
ANO000071,EXP000066,PGR-00018068/2026,DOCUMENTO,GABSUB3-DVT,GABSUB3-DVT-U01,Ana Exemplo,2026-10-02T00:43:25-03:00,Prioridade definida em reunião de equipe.
ANO000072,EXP000066,PGR-00018068/2026,DOCUMENTO,GABSUB3-DVT,GABSUB3-DVT-U06,Fábio Demo,2026-10-07T14:18:15-03:00,Prioridade definida em reunião de equipe.
ANO000073,EXP000067,PGR-00043840/2026,DOCUMENTO,GABSUB3-DVT,GABSUB3-DVT-U04,Diego Fictício,2026-09-04T18:52:01-03:00,"Minuta revisada, pendente de assinatura."
ANO000074,EXP000068,PGR-00022996/2026,DOCUMENTO,GABSUB3-DVT,GABSUB3-DVT-U06,Fábio Demo,2026-10-05T05:53:23-03:00,Aguardando retorno de diligência.
ANO000075,EXP000068,PGR-00022996/2026,DOCUMENTO,GABSUB3-DVT,GABSUB3-DVT-U03,Carla Modelo,2026-10-03T14:19:36-03:00,Aguardando manifestação da área técnica.
ANO000076,EXP000068,PGR-00022996/2026,DOCUMENTO,GABSUB3-DVT,GABSUB3-DVT-U01,Ana Exemplo,2026-10-02T07:31:15-03:00,"Minuta revisada, pendente de assinatura."
ANO000077,EXP000069,PGR-00020535/2026,DOCUMENTO,GABSUB3-DVT,GABSUB3-DVT-U02,Bruno Teste,2026-09-26T08:01:57-03:00,Conferir anexos antes de movimentar.
ANO000078,EXP000071,PGR-00003621/2026,DOCUMENTO,GABSUB3-DVT,GABSUB3-DVT-U03,Carla Modelo,2026-10-02T07:27:45-03:00,"Minuta revisada, pendente de assinatura."
ANO000079,EXP000072,PGR-00075516/2026,DOCUMENTO,GABSUB3-DVT,GABSUB3-DVT-U03,Carla Modelo,2026-10-03T11:41:36-03:00,Aguardando retorno de diligência.
ANO000080,EXP000073,PGR-00054790/2026,DOCUMENTO,GABSUB3-DVT,GABSUB3-DVT-U06,Fábio Demo,2026-10-07T06:33:27-03:00,Solicitadas informações complementares ao remetente.
ANO000081,EXP000074,PGR-00033512/2026,DOCUMENTO,GABSUB3-DVT,GABSUB3-DVT-U02,Bruno Teste,2026-10-02T07:45:31-03:00,Relacionado a expediente anterior do mesmo interessado.
ANO000082,EXP000074,PGR-00033512/2026,DOCUMENTO,GABSUB3-DVT,GABSUB3-DVT-U03,Carla Modelo,2026-10-06T16:13:26-03:00,Aguardando manifestação da área técnica.
ANO000083,EXP000075,PGR-00052737/2026,DOCUMENTO,GABSUB3-DVT,GABSUB3-DVT-U02,Bruno Teste,2026-09-26T18:11:50-03:00,Aguardando retorno de diligência.
ANO000084,EXP000076,PGR-00028644/2026,DOCUMENTO,GABSUB3-DVT,GABSUB3-DVT-U03,Carla Modelo,2026-09-16T11:09:57-03:00,Prioridade definida em reunião de equipe.
ANO000085,EXP000077,PGR-00000898/2026,DOCUMENTO,GABSUB3-DVT,GABSUB3-DVT-U03,Carla Modelo,2026-09-27T12:07:34-03:00,Aguardando retorno de diligência.
ANO000086,EXP000078,PGR-00073797/2026,DOCUMENTO,GABSUB3-DVT,GABSUB3-DVT-U05,Elisa Amostra,2026-09-25T05:22:15-03:00,Verificar prazo com a chefia.
ANO000087,EXP000078,PGR-00073797/2026,DOCUMENTO,GABSUB3-DVT,GABSUB3-DVT-U05,Elisa Amostra,2026-09-21T00:22:08-03:00,Aguardando manifestação da área técnica.
ANO000088,EXP000079,PGR-00092557/2026,DOCUMENTO,GABSUB3-DVT,GABSUB3-DVT-U04,Diego Fictício,2026-09-21T17:26:13-03:00,"Minuta revisada, pendente de assinatura."
ANO000089,EXP000080,PGR-00075572/2026,DOCUMENTO,GABSUB3-DVT,GABSUB3-DVT-U04,Diego Fictício,2026-09-07T10:28:39-03:00,Conferir anexos antes de movimentar.
ANO000090,EXP000082,PGR-00069132/2026,DOCUMENTO,GABSUB3-DVT,GABSUB3-DVT-U06,Fábio Demo,2026-09-30T05:07:56-03:00,Relacionado a expediente anterior do mesmo interessado.
ANO000091,EXP000082,PGR-00069132/2026,DOCUMENTO,GABSUB3-DVT,GABSUB3-DVT-U06,Fábio Demo,2026-09-30T15:22:35-03:00,Conferir anexos antes de movimentar.
ANO000092,EXP000083,PGR-00067793/2026,DOCUMENTO,GABSUB3-DVT,GABSUB3-DVT-U02,Bruno Teste,2026-10-03T12:36:38-03:00,Prioridade definida em reunião de equipe.
ANO000093,EXP000083,PGR-00067793/2026,DOCUMENTO,GABSUB3-DVT,GABSUB3-DVT-U04,Diego Fictício,2026-10-07T07:12:56-03:00,Aguardando manifestação da área técnica.
ANO000094,EXP000084,PGR-00071663/2026,DOCUMENTO,GABSUB3-DVT,GABSUB3-DVT-U04,Diego Fictício,2026-10-03T16:42:05-03:00,Relacionado a expediente anterior do mesmo interessado.
ANO000095,EXP000085,PGR-00051979/2026,DOCUMENTO,GABSUB3-DVT,GABSUB3-DVT-U06,Fábio Demo,2026-09-30T18:00:34-03:00,Prioridade definida em reunião de equipe.
ANO000096,EXP000085,PGR-00051979/2026,DOCUMENTO,GABSUB3-DVT,GABSUB3-DVT-U04,Diego Fictício,2026-10-04T11:09:24-03:00,Aguardando retorno de diligência.
ANO000097,EXP000086,PGR-00073887/2026,DOCUMENTO,GABSUB3-DVT,GABSUB3-DVT-U06,Fábio Demo,2026-10-06T19:38:58-03:00,Aguardando retorno de diligência.
ANO000098,EXP000087,PGR-00002459/2026,DOCUMENTO,GABSUB3-DVT,GABSUB3-DVT-U02,Bruno Teste,2026-10-07T17:00:00-03:00,Prioridade definida em reunião de equipe.
ANO000099,EXP000087,PGR-00002459/2026,DOCUMENTO,GABSUB3-DVT,GABSUB3-DVT-U06,Fábio Demo,2026-10-07T17:00:00-03:00,Verificar prazo com a chefia.
ANO000100,EXP000088,PGR-00096511/2026,DOCUMENTO,GABSUB3-DVT,GABSUB3-DVT-U06,Fábio Demo,2026-09-27T08:12:22-03:00,Aguardando retorno de diligência.
ANO000101,EXP000088,PGR-00096511/2026,DOCUMENTO,GABSUB3-DVT,GABSUB3-DVT-U03,Carla Modelo,2026-09-02T02:06:12-03:00,Verificar prazo com a chefia.
ANO000102,EXP000088,PGR-00096511/2026,DOCUMENTO,GABSUB3-DVT,GABSUB3-DVT-U06,Fábio Demo,2026-09-13T10:30:46-03:00,Aguardando manifestação da área técnica.
ANO000103,EXP000089,PGR-00022700/2026,DOCUMENTO,GABSUB3-DVT,GABSUB3-DVT-U01,Ana Exemplo,2026-10-04T02:59:23-03:00,Conferir anexos antes de movimentar.
ANO000104,EXP000089,PGR-00022700/2026,DOCUMENTO,GABSUB3-DVT,GABSUB3-DVT-U03,Carla Modelo,2026-09-30T08:24:50-03:00,Prioridade definida em reunião de equipe.
ANO000105,EXP000089,PGR-00022700/2026,DOCUMENTO,GABSUB3-DVT,GABSUB3-DVT-U04,Diego Fictício,2026-10-05T22:41:01-03:00,Solicitadas informações complementares ao remetente.
ANO000106,EXP000091,PGR-00084425/2026,DOCUMENTO,GABSUB3-DVT,GABSUB3-DVT-U05,Elisa Amostra,2026-10-03T15:21:01-03:00,Conferir anexos antes de movimentar.
ANO000107,EXP000092,PGR-00057253/2026,DOCUMENTO,GABSUB3-DVT,GABSUB3-DVT-U02,Bruno Teste,2026-10-02T17:04:57-03:00,Relacionado a expediente anterior do mesmo interessado.
ANO000108,EXP000092,PGR-00057253/2026,DOCUMENTO,GABSUB3-DVT,GABSUB3-DVT-U02,Bruno Teste,2026-10-01T17:33:23-03:00,Relacionado a expediente anterior do mesmo interessado.
ANO000109,EXP000093,PGR-00077291/2026,DOCUMENTO,GABSUB3-DVT,GABSUB3-DVT-U03,Carla Modelo,2026-09-29T07:05:27-03:00,Prioridade definida em reunião de equipe.
ANO000110,EXP000093,PGR-00077291/2026,DOCUMENTO,GABSUB3-DVT,GABSUB3-DVT-U06,Fábio Demo,2026-09-28T05:29:40-03:00,Conferir anexos antes de movimentar.
ANO000111,EXP000094,PGR-00054205/2026,DOCUMENTO,GABSUB3-DVT,GABSUB3-DVT-U03,Carla Modelo,2026-10-07T05:37:43-03:00,Conferir anexos antes de movimentar.
ANO000112,EXP000094,PGR-00054205/2026,DOCUMENTO,GABSUB3-DVT,GABSUB3-DVT-U01,Ana Exemplo,2026-09-18T03:56:06-03:00,Verificar prazo com a chefia.
ANO000113,EXP000094,PGR-00054205/2026,DOCUMENTO,GABSUB3-DVT,GABSUB3-DVT-U03,Carla Modelo,2026-09-23T07:06:56-03:00,Solicitadas informações complementares ao remetente.
ANO000114,EXP000097,PGR-00026780/2026,DOCUMENTO,GABSUB3-DVT,GABSUB3-DVT-U04,Diego Fictício,2026-10-03T15:49:42-03:00,"Minuta revisada, pendente de assinatura."
ANO000115,EXP000097,PGR-00026780/2026,DOCUMENTO,GABSUB3-DVT,GABSUB3-DVT-U06,Fábio Demo,2026-10-05T19:27:23-03:00,Prioridade definida em reunião de equipe.
ANO000116,EXP000097,PGR-00026780/2026,DOCUMENTO,GABSUB3-DVT,GABSUB3-DVT-U05,Elisa Amostra,2026-10-02T23:59:11-03:00,Verificar prazo com a chefia.
ANO000117,EXP000098,PGR-00092901/2026,DOCUMENTO,GABSUB3-DVT,GABSUB3-DVT-U04,Diego Fictício,2026-09-29T02:55:59-03:00,Aguardando manifestação da área técnica.
ANO000118,EXP000098,PGR-00092901/2026,DOCUMENTO,GABSUB3-DVT,GABSUB3-DVT-U03,Carla Modelo,2026-08-30T12:26:01-03:00,Aguardando retorno de diligência.
ANO000119,EXP000098,PGR-00092901/2026,DOCUMENTO,GABSUB3-DVT,GABSUB3-DVT-U02,Bruno Teste,2026-09-08T12:36:34-03:00,Conferir anexos antes de movimentar.
ANO000120,EXP000099,PGR-00001512/2026,DOCUMENTO,GABSUB3-DVT,GABSUB3-DVT-U01,Ana Exemplo,2026-10-06T13:20:09-03:00,Aguardando retorno de diligência.
ANO000121,EXP000099,PGR-00001512/2026,DOCUMENTO,GABSUB3-DVT,GABSUB3-DVT-U05,Elisa Amostra,2026-09-12T06:16:59-03:00,Conferir anexos antes de movimentar.
ANO000122,EXP000099,PGR-00001512/2026,DOCUMENTO,GABSUB3-DVT,GABSUB3-DVT-U01,Ana Exemplo,2026-10-07T09:09:08-03:00,Solicitadas informações complementares ao remetente.
ANO000123,EXP000100,PGR-00065932/2026,DOCUMENTO,GABSUB3-DVT,GABSUB3-DVT-U03,Carla Modelo,2026-09-23T17:30:30-03:00,Prioridade definida em reunião de equipe.
ANO000124,EXP000100,PGR-00065932/2026,DOCUMENTO,GABSUB3-DVT,GABSUB3-DVT-U05,Elisa Amostra,2026-10-03T04:40:48-03:00,Verificar prazo com a chefia.
ANO000125,EXP000101,PGR-00013390/2026,DOCUMENTO,GABSUB3-DVT,GABSUB3-DVT-U06,Fábio Demo,2026-08-08T17:38:39-03:00,Relacionado a expediente anterior do mesmo interessado.
ANO000126,EXP000102,PGR-00062715/2026,DOCUMENTO,GABSUB3-DVT,GABSUB3-DVT-U01,Ana Exemplo,2026-09-20T16:09:29-03:00,"Minuta revisada, pendente de assinatura."
ANO000127,EXP000104,PGR-00052055/2026,DOCUMENTO,GABSUB3-DVT,GABSUB3-DVT-U02,Bruno Teste,2026-09-27T15:25:29-03:00,"Minuta revisada, pendente de assinatura."
ANO000128,EXP000104,PGR-00052055/2026,DOCUMENTO,GABSUB3-DVT,GABSUB3-DVT-U01,Ana Exemplo,2026-09-22T06:01:16-03:00,Aguardando manifestação da área técnica.
ANO000129,EXP000104,PGR-00052055/2026,DOCUMENTO,GABSUB3-DVT,GABSUB3-DVT-U05,Elisa Amostra,2026-09-28T01:15:46-03:00,"Minuta revisada, pendente de assinatura."
ANO000130,EXP000105,PGR-00055493/2026,DOCUMENTO,GABSUB3-DVT,GABSUB3-DVT-U06,Fábio Demo,2026-09-19T03:07:27-03:00,Prioridade definida em reunião de equipe.
ANO000131,EXP000107,PGR-00076604/2026,DOCUMENTO,GABSUB3-DVT,GABSUB3-DVT-U06,Fábio Demo,2026-09-10T19:04:58-03:00,Verificar prazo com a chefia.
ANO000132,EXP000107,PGR-00076604/2026,DOCUMENTO,GABSUB3-DVT,GABSUB3-DVT-U03,Carla Modelo,2026-09-16T04:27:25-03:00,Conferir anexos antes de movimentar.
ANO000133,EXP000109,PGR-00032064/2026,DOCUMENTO,GABSUB3-DVT,GABSUB3-DVT-U05,Elisa Amostra,2026-08-18T11:58:45-03:00,Aguardando manifestação da área técnica.
ANO000134,EXP000109,PGR-00032064/2026,DOCUMENTO,GABSUB3-DVT,GABSUB3-DVT-U01,Ana Exemplo,2026-09-10T23:50:25-03:00,Aguardando manifestação da área técnica.
ANO000135,EXP000110,PGR-00094821/2026,DOCUMENTO,GABSUB3-DVT,GABSUB3-DVT-U03,Carla Modelo,2026-10-04T04:43:17-03:00,Prioridade definida em reunião de equipe.
ANO000136,EXP000110,PGR-00094821/2026,DOCUMENTO,GABSUB3-DVT,GABSUB3-DVT-U03,Carla Modelo,2026-09-17T12:25:56-03:00,Aguardando retorno de diligência.
ANO000137,EXP000110,PGR-00094821/2026,DOCUMENTO,GABSUB3-DVT,GABSUB3-DVT-U01,Ana Exemplo,2026-09-24T09:01:12-03:00,Solicitadas informações complementares ao remetente.
ANO000138,EXP000111,PGR-00019662/2026,DOCUMENTO,GABSUB3-DVT,GABSUB3-DVT-U06,Fábio Demo,2026-10-05T11:04:26-03:00,Prioridade definida em reunião de equipe.
ANO000139,EXP000111,PGR-00019662/2026,DOCUMENTO,GABSUB3-DVT,GABSUB3-DVT-U01,Ana Exemplo,2026-09-29T03:01:27-03:00,Solicitadas informações complementares ao remetente.
ANO000140,EXP000111,PGR-00019662/2026,DOCUMENTO,GABSUB3-DVT,GABSUB3-DVT-U04,Diego Fictício,2026-10-02T14:34:15-03:00,Aguardando manifestação da área técnica.
ANO000141,EXP000112,PGR-00039565/2026,DOCUMENTO,GABSUB3-DVT,GABSUB3-DVT-U02,Bruno Teste,2026-06-19T00:30:31-03:00,Solicitadas informações complementares ao remetente.
ANO000142,EXP000114,PGR-00029255/2026,DOCUMENTO,GABSUB3-DVT,GABSUB3-DVT-U06,Fábio Demo,2026-08-29T11:42:51-03:00,Prioridade definida em reunião de equipe.
ANO000143,EXP000114,PGR-00029255/2026,DOCUMENTO,GABSUB3-DVT,GABSUB3-DVT-U01,Ana Exemplo,2026-08-26T11:12:01-03:00,Verificar prazo com a chefia.
ANO000144,EXP000116,PGR-00004314/2026,DOCUMENTO,GABSUB3-DVT,GABSUB3-DVT-U05,Elisa Amostra,2026-09-25T04:45:23-03:00,"Minuta revisada, pendente de assinatura."
ANO000145,EXP000119,PGR-00066954/2026,DOCUMENTO,GABSUB3-DVT,GABSUB3-DVT-U06,Fábio Demo,2026-09-24T23:45:55-03:00,Relacionado a expediente anterior do mesmo interessado.
ANO000146,EXP000121,PGR-00084352/2026,DOCUMENTO,GABSUB3-DVT,GABSUB3-DVT-U05,Elisa Amostra,2026-10-04T00:42:31-03:00,Solicitadas informações complementares ao remetente.
ANO000147,EXP000121,PGR-00084352/2026,DOCUMENTO,GABSUB3-DVT,GABSUB3-DVT-U02,Bruno Teste,2026-09-24T08:03:43-03:00,Verificar prazo com a chefia.
ANO000148,EXP000121,PGR-00084352/2026,DOCUMENTO,GABSUB3-DVT,GABSUB3-DVT-U01,Ana Exemplo,2026-09-16T17:52:03-03:00,Aguardando manifestação da área técnica.
ANO000149,EXP000122,PGR-00094479/2026,DOCUMENTO,GABSUB3-DVT,GABSUB3-DVT-U06,Fábio Demo,2026-10-06T15:38:58-03:00,Prioridade definida em reunião de equipe.
ANO000150,EXP000124,PGR-00066622/2026,DOCUMENTO,GABSUB3-DVT,GABSUB3-DVT-U06,Fábio Demo,2026-10-03T09:43:38-03:00,Solicitadas informações complementares ao remetente.
ANO000151,EXP000125,PGR-00001615/2026,DOCUMENTO,GABSUB3-DVT,GABSUB3-DVT-U04,Diego Fictício,2026-10-04T02:34:48-03:00,Conferir anexos antes de movimentar.
ANO000152,EXP000127,PGR-00062130/2026,DOCUMENTO,GABSUB3-DVT,GABSUB3-DVT-U03,Carla Modelo,2026-09-22T12:43:23-03:00,"Minuta revisada, pendente de assinatura."
ANO000153,EXP000127,PGR-00062130/2026,DOCUMENTO,GABSUB3-DVT,GABSUB3-DVT-U01,Ana Exemplo,2026-09-28T17:13:23-03:00,Conferir anexos antes de movimentar.
ANO000154,EXP000127,PGR-00062130/2026,DOCUMENTO,GABSUB3-DVT,GABSUB3-DVT-U02,Bruno Teste,2026-10-03T21:23:58-03:00,Aguardando manifestação da área técnica.
ANO000155,EXP000128,PGR-00012061/2026,DOCUMENTO,GABSUB3-DVT,GABSUB3-DVT-U01,Ana Exemplo,2026-10-02T17:00:16-03:00,Solicitadas informações complementares ao remetente.
ANO000156,EXP000129,PGR-00084106/2026,DOCUMENTO,GABSUB3-DVT,GABSUB3-DVT-U03,Carla Modelo,2026-09-15T11:02:38-03:00,Prioridade definida em reunião de equipe.
ANO000157,EXP000130,PGR-00030818/2026,DOCUMENTO,GABSUB3-DVT,GABSUB3-DVT-U06,Fábio Demo,2026-10-03T21:41:47-03:00,Solicitadas informações complementares ao remetente.
ANO000158,EXP000131,PGR-00070465/2026,DOCUMENTO,GABSUB3-DVT,GABSUB3-DVT-U02,Bruno Teste,2026-10-05T14:10:13-03:00,Solicitadas informações complementares ao remetente.
ANO000159,EXP000131,PGR-00070465/2026,DOCUMENTO,GABSUB3-DVT,GABSUB3-DVT-U06,Fábio Demo,2026-10-07T04:47:01-03:00,Relacionado a expediente anterior do mesmo interessado.
ANO000160,EXP000131,PGR-00070465/2026,DOCUMENTO,GABSUB3-DVT,GABSUB3-DVT-U05,Elisa Amostra,2026-10-05T01:39:14-03:00,"Minuta revisada, pendente de assinatura."
ANO000161,EXP000132,PGR-00044749/2026,DOCUMENTO,GABSUB3-DVT,GABSUB3-DVT-U06,Fábio Demo,2026-09-29T17:34:47-03:00,Verificar prazo com a chefia.
ANO000162,EXP000132,PGR-00044749/2026,DOCUMENTO,GABSUB3-DVT,GABSUB3-DVT-U04,Diego Fictício,2026-08-22T23:04:20-03:00,Verificar prazo com a chefia.
ANO000163,EXP000132,PGR-00044749/2026,DOCUMENTO,GABSUB3-DVT,GABSUB3-DVT-U06,Fábio Demo,2026-09-10T03:06:22-03:00,Prioridade definida em reunião de equipe.
ANO000164,EXP000133,PGR-00088252/2026,DOCUMENTO,GABSUB3-DVT,GABSUB3-DVT-U02,Bruno Teste,2026-09-30T12:06:06-03:00,Verificar prazo com a chefia.
ANO000165,EXP000133,PGR-00088252/2026,DOCUMENTO,GABSUB3-DVT,GABSUB3-DVT-U02,Bruno Teste,2026-10-03T12:51:46-03:00,Conferir anexos antes de movimentar.
ANO000166,EXP000133,PGR-00088252/2026,DOCUMENTO,GABSUB3-DVT,GABSUB3-DVT-U06,Fábio Demo,2026-09-29T01:03:06-03:00,Conferir anexos antes de movimentar.
ANO000167,EXP000134,PGR-00051460/2026,DOCUMENTO,GABSUB3-DVT,GABSUB3-DVT-U05,Elisa Amostra,2026-09-25T20:05:01-03:00,Conferir anexos antes de movimentar.
ANO000168,EXP000135,PGR-00091572/2026,DOCUMENTO,GABSUB3-DVT,GABSUB3-DVT-U04,Diego Fictício,2026-08-04T01:52:30-03:00,Prioridade definida em reunião de equipe.
ANO000169,EXP000136,PGR-00082336/2026,DOCUMENTO,GABSUB3-DVT,GABSUB3-DVT-U03,Carla Modelo,2026-10-01T20:24:59-03:00,Aguardando manifestação da área técnica.
ANO000170,EXP000137,PGR-00014776/2026,DOCUMENTO,GABSUB3-DVT,GABSUB3-DVT-U06,Fábio Demo,2026-10-06T07:50:17-03:00,Verificar prazo com a chefia.
ANO000171,EXP000139,PGR-00045388/2026,DOCUMENTO,GABSUB3-DVT,GABSUB3-DVT-U06,Fábio Demo,2026-09-17T07:11:04-03:00,Solicitadas informações complementares ao remetente.
ANO000172,EXP000139,PGR-00045388/2026,DOCUMENTO,GABSUB3-DVT,GABSUB3-DVT-U06,Fábio Demo,2026-10-04T05:00:48-03:00,Relacionado a expediente anterior do mesmo interessado.
ANO000173,EXP000140,PGR-00050179/2026,DOCUMENTO,GABSUB3-DVT,GABSUB3-DVT-U04,Diego Fictício,2026-09-24T13:41:00-03:00,Verificar prazo com a chefia.
ANO000174,EXP000141,PGR-00097893/2026,DOCUMENTO,GABSUB3-DVT,GABSUB3-DVT-U02,Bruno Teste,2026-10-02T13:39:37-03:00,Aguardando retorno de diligência.
ANO000175,EXP000142,PGR-00049443/2026,DOCUMENTO,GABSUB3-DVT,GABSUB3-DVT-U03,Carla Modelo,2026-07-15T01:14:28-03:00,Aguardando manifestação da área técnica.
ANO000176,EXP000143,PGR-00006445/2026,DOCUMENTO,GABSUB3-DVT,GABSUB3-DVT-U01,Ana Exemplo,2026-09-10T08:46:46-03:00,Aguardando manifestação da área técnica.
ANO000177,EXP000144,PGR-00026633/2026,DOCUMENTO,GABSUB3-DVT,GABSUB3-DVT-U06,Fábio Demo,2026-10-05T14:47:17-03:00,Prioridade definida em reunião de equipe.
ANO000178,EXP000145,PGR-00079857/2026,DOCUMENTO,GABSUB3-DVT,GABSUB3-DVT-U06,Fábio Demo,2026-09-15T07:02:00-03:00,Prioridade definida em reunião de equipe.
ANO000179,EXP000145,PGR-00079857/2026,DOCUMENTO,GABSUB3-DVT,GABSUB3-DVT-U04,Diego Fictício,2026-10-04T06:22:46-03:00,Aguardando manifestação da área técnica.
ANO000180,EXP000147,PGR-00025523/2026,DOCUMENTO,GABSUB3-DVT,GABSUB3-DVT-U03,Carla Modelo,2026-10-02T04:38:41-03:00,Solicitadas informações complementares ao remetente.
ANO000181,EXP000147,PGR-00025523/2026,DOCUMENTO,GABSUB3-DVT,GABSUB3-DVT-U06,Fábio Demo,2026-10-07T06:30:08-03:00,Solicitadas informações complementares ao remetente.
ANO000182,EXP000148,PGR-00082085/2026,DOCUMENTO,GABSUB3-DVT,GABSUB3-DVT-U04,Diego Fictício,2026-10-06T20:56:11-03:00,Relacionado a expediente anterior do mesmo interessado.
ANO000183,EXP000149,PGR-00018713/2026,DOCUMENTO,GABSUB3-DVT,GABSUB3-DVT-U01,Ana Exemplo,2026-10-06T04:50:13-03:00,Relacionado a expediente anterior do mesmo interessado.
ANO000184,EXP000149,PGR-00018713/2026,DOCUMENTO,GABSUB3-DVT,GABSUB3-DVT-U04,Diego Fictício,2026-10-06T13:59:05-03:00,Solicitadas informações complementares ao remetente.
ANO000185,EXP000150,PGR-00076219/2026,DOCUMENTO,GABSUB3-DVT,GABSUB3-DVT-U01,Ana Exemplo,2026-07-28T03:45:10-03:00,Conferir anexos antes de movimentar.
ANO000186,EXP000151,PGR-00056579/2026,DOCUMENTO,GABSUB3-DVT,GABSUB3-DVT-U06,Fábio Demo,2026-09-26T12:22:18-03:00,Aguardando manifestação da área técnica.
ANO000187,EXP000151,PGR-00056579/2026,DOCUMENTO,GABSUB3-DVT,GABSUB3-DVT-U06,Fábio Demo,2026-09-01T14:39:42-03:00,Relacionado a expediente anterior do mesmo interessado.
ANO000188,EXP000151,PGR-00056579/2026,DOCUMENTO,GABSUB3-DVT,GABSUB3-DVT-U05,Elisa Amostra,2026-09-03T05:44:44-03:00,Prioridade definida em reunião de equipe.
ANO000189,EXP000153,PGR-00042219/2026,DOCUMENTO,GABSUB3-DVT,GABSUB3-DVT-U06,Fábio Demo,2026-10-07T14:29:25-03:00,Verificar prazo com a chefia.
ANO000190,EXP000154,PGR-00015618/2026,DOCUMENTO,GABSUB3-DVT,GABSUB3-DVT-U02,Bruno Teste,2026-10-07T07:56:02-03:00,Aguardando retorno de diligência.
ANO000191,EXP000156,PGR-00046258/2026,DOCUMENTO,GABSUB3-DVT,GABSUB3-DVT-U05,Elisa Amostra,2026-09-17T10:46:23-03:00,Aguardando retorno de diligência.
ANO000192,EXP000156,PGR-00046258/2026,DOCUMENTO,GABSUB3-DVT,GABSUB3-DVT-U02,Bruno Teste,2026-09-19T07:56:55-03:00,"Minuta revisada, pendente de assinatura."
ANO000193,EXP000156,PGR-00046258/2026,DOCUMENTO,GABSUB3-DVT,GABSUB3-DVT-U06,Fábio Demo,2026-10-04T02:33:06-03:00,Relacionado a expediente anterior do mesmo interessado.
ANO000194,EXP000157,PGR-00015199/2026,DOCUMENTO,GABSUB3-DVT,GABSUB3-DVT-U03,Carla Modelo,2026-10-05T08:09:37-03:00,Aguardando retorno de diligência.
ANO000195,EXP000158,PGR-00030154/2026,DOCUMENTO,GABSUB3-DVT,GABSUB3-DVT-U01,Ana Exemplo,2026-08-17T18:43:07-03:00,Aguardando manifestação da área técnica.
ANO000196,EXP000159,PGR-00034512/2026,DOCUMENTO,GABSUB3-DVT,GABSUB3-DVT-U04,Diego Fictício,2026-10-03T18:02:00-03:00,Solicitadas informações complementares ao remetente.
ANO000197,EXP000159,PGR-00034512/2026,DOCUMENTO,GABSUB3-DVT,GABSUB3-DVT-U04,Diego Fictício,2026-10-06T08:41:46-03:00,"Minuta revisada, pendente de assinatura."
ANO000198,EXP000159,PGR-00034512/2026,DOCUMENTO,GABSUB3-DVT,GABSUB3-DVT-U05,Elisa Amostra,2026-10-07T16:40:47-03:00,"Minuta revisada, pendente de assinatura."
ANO000199,EXP000160,PGR-00088749/2026,DOCUMENTO,GABSUB3-DVT,GABSUB3-DVT-U05,Elisa Amostra,2026-10-02T17:38:28-03:00,Verificar prazo com a chefia.
ANO000200,EXP000163,PGR-00022845/2026,DOCUMENTO,GABSUB3-DVT,GABSUB3-DVT-U02,Bruno Teste,2026-09-20T16:30:15-03:00,Verificar prazo com a chefia.
ANO000201,EXP000164,PGR-00035141/2026,DOCUMENTO,GABSUB3-DVT,GABSUB3-DVT-U02,Bruno Teste,2026-10-07T09:35:03-03:00,Aguardando manifestação da área técnica.
ANO000202,EXP000165,PGR-00071571/2026,DOCUMENTO,GABSUB3-DVT,GABSUB3-DVT-U05,Elisa Amostra,2026-03-22T11:55:43-03:00,Prioridade definida em reunião de equipe.
ANO000203,EXP000166,PGR-00056131/2026,DOCUMENTO,GABSUB3-DVT,GABSUB3-DVT-U01,Ana Exemplo,2026-09-23T04:13:34-03:00,Solicitadas informações complementares ao remetente.
ANO000204,EXP000168,PGR-00093288/2026,DOCUMENTO,GABSUB3-DVT,GABSUB3-DVT-U03,Carla Modelo,2026-10-05T21:29:59-03:00,"Minuta revisada, pendente de assinatura."
ANO000205,EXP000170,PGR-00002469/2026,DOCUMENTO,GABSUB3-DVT,GABSUB3-DVT-U04,Diego Fictício,2026-10-01T04:32:13-03:00,Solicitadas informações complementares ao remetente.
ANO000206,EXP000171,PGR-00039686/2026,DOCUMENTO,GABSUB3-DVT,GABSUB3-DVT-U06,Fábio Demo,2026-10-03T18:32:56-03:00,Prioridade definida em reunião de equipe.
ANO000207,EXP000172,PGR-00050390/2026,DOCUMENTO,GABSUB3-DVT,GABSUB3-DVT-U02,Bruno Teste,2026-09-16T21:19:58-03:00,Relacionado a expediente anterior do mesmo interessado.
ANO000208,EXP000172,PGR-00050390/2026,DOCUMENTO,GABSUB3-DVT,GABSUB3-DVT-U04,Diego Fictício,2026-10-06T12:05:57-03:00,Conferir anexos antes de movimentar.
ANO000209,EXP000174,PGR-00092509/2026,DOCUMENTO,GABSUB3-DVT,GABSUB3-DVT-U03,Carla Modelo,2026-10-07T14:54:26-03:00,Aguardando retorno de diligência.
ANO000210,EXP000175,PGR-00095550/2026,DOCUMENTO,GABSUB3-DVT,GABSUB3-DVT-U05,Elisa Amostra,2026-09-11T16:51:32-03:00,Aguardando retorno de diligência.
ANO000211,EXP000176,PGR-00067177/2026,DOCUMENTO,GABSUB3-DVT,GABSUB3-DVT-U01,Ana Exemplo,2026-10-07T17:00:00-03:00,Aguardando retorno de diligência.
ANO000212,EXP000177,PGR-00043830/2026,DOCUMENTO,GABSUB3-DVT,GABSUB3-DVT-U04,Diego Fictício,2026-10-04T05:30:44-03:00,Aguardando manifestação da área técnica.
ANO000213,EXP000178,PGR-00078313/2026,DOCUMENTO,GABSUB3-DVT,GABSUB3-DVT-U01,Ana Exemplo,2026-10-05T21:45:37-03:00,Solicitadas informações complementares ao remetente.
ANO000214,EXP000178,PGR-00078313/2026,DOCUMENTO,GABSUB3-DVT,GABSUB3-DVT-U04,Diego Fictício,2026-10-02T16:51:19-03:00,Prioridade definida em reunião de equipe.
ANO000215,EXP000179,PGR-00062471/2026,DOCUMENTO,GABSUB3-DVT,GABSUB3-DVT-U06,Fábio Demo,2026-08-18T11:48:17-03:00,"Minuta revisada, pendente de assinatura."
ANO000216,EXP000181,PGR-00036123/2026,DOCUMENTO,GABSUB3-DVT,GABSUB3-DVT-U03,Carla Modelo,2026-10-04T05:51:23-03:00,Relacionado a expediente anterior do mesmo interessado.
ANO000217,EXP000183,PGR-00017122/2026,DOCUMENTO,GABSUB3-DVT,GABSUB3-DVT-U03,Carla Modelo,2026-10-06T21:11:24-03:00,Aguardando manifestação da área técnica.
ANO000218,EXP000183,PGR-00017122/2026,DOCUMENTO,GABSUB3-DVT,GABSUB3-DVT-U05,Elisa Amostra,2026-10-03T16:13:52-03:00,Aguardando manifestação da área técnica.
ANO000219,EXP000183,PGR-00017122/2026,DOCUMENTO,GABSUB3-DVT,GABSUB3-DVT-U06,Fábio Demo,2026-10-02T11:46:12-03:00,Prioridade definida em reunião de equipe.
ANO000220,EXP000185,PGR-00016229/2026,DOCUMENTO,GABSUB3-DVT,GABSUB3-DVT-U02,Bruno Teste,2026-10-07T16:36:21-03:00,Prioridade definida em reunião de equipe.
ANO000221,EXP000186,PGR-00044429/2026,DOCUMENTO,GABSUB3-DVT,GABSUB3-DVT-U06,Fábio Demo,2026-09-29T06:29:45-03:00,Verificar prazo com a chefia.
ANO000222,EXP000186,PGR-00044429/2026,DOCUMENTO,GABSUB3-DVT,GABSUB3-DVT-U05,Elisa Amostra,2026-09-17T12:06:39-03:00,Prioridade definida em reunião de equipe.
ANO000223,EXP000186,PGR-00044429/2026,DOCUMENTO,GABSUB3-DVT,GABSUB3-DVT-U01,Ana Exemplo,2026-10-04T16:42:45-03:00,Conferir anexos antes de movimentar.
ANO000224,EXP000187,PGR-00005584/2026,DOCUMENTO,GABSUB3-DVT,GABSUB3-DVT-U05,Elisa Amostra,2026-10-07T11:52:41-03:00,Verificar prazo com a chefia.
ANO000225,EXP000187,PGR-00005584/2026,DOCUMENTO,GABSUB3-DVT,GABSUB3-DVT-U02,Bruno Teste,2026-10-07T01:26:31-03:00,Prioridade definida em reunião de equipe.
ANO000226,EXP000187,PGR-00005584/2026,DOCUMENTO,GABSUB3-DVT,GABSUB3-DVT-U04,Diego Fictício,2026-10-06T04:46:02-03:00,"Minuta revisada, pendente de assinatura."
ANO000227,EXP000188,PGR-00022388/2026,DOCUMENTO,GABSUB3-DVT,GABSUB3-DVT-U01,Ana Exemplo,2026-09-18T15:37:14-03:00,Conferir anexos antes de movimentar.
ANO000228,EXP000189,PGR-00066817/2026,DOCUMENTO,GABSUB3-DVT,GABSUB3-DVT-U03,Carla Modelo,2026-09-24T10:19:42-03:00,Relacionado a expediente anterior do mesmo interessado.
ANO000229,EXP000189,PGR-00066817/2026,DOCUMENTO,GABSUB3-DVT,GABSUB3-DVT-U06,Fábio Demo,2026-09-26T19:09:08-03:00,Prioridade definida em reunião de equipe.
ANO000230,EXP000189,PGR-00066817/2026,DOCUMENTO,GABSUB3-DVT,GABSUB3-DVT-U04,Diego Fictício,2026-10-05T12:48:59-03:00,Aguardando manifestação da área técnica.
ANO000231,EXP000192,PGR-00022409/2026,DOCUMENTO,GABSUB3-DVT,GABSUB3-DVT-U04,Diego Fictício,2026-09-28T06:32:38-03:00,Verificar prazo com a chefia.
ANO000232,EXP000193,PGR-00008147/2026,DOCUMENTO,GABSUB3-DVT,GABSUB3-DVT-U01,Ana Exemplo,2026-09-02T05:59:20-03:00,Relacionado a expediente anterior do mesmo interessado.
ANO000233,EXP000193,PGR-00008147/2026,DOCUMENTO,GABSUB3-DVT,GABSUB3-DVT-U02,Bruno Teste,2026-09-28T14:33:53-03:00,Aguardando manifestação da área técnica.
ANO000234,EXP000194,PGR-00037355/2026,DOCUMENTO,GABSUB3-DVT,GABSUB3-DVT-U05,Elisa Amostra,2026-09-09T17:38:57-03:00,Relacionado a expediente anterior do mesmo interessado.
ANO000235,EXP000195,PGR-00032433/2026,DOCUMENTO,GABSUB3-DVT,GABSUB3-DVT-U01,Ana Exemplo,2026-09-29T05:12:02-03:00,Conferir anexos antes de movimentar.
ANO000236,EXP000195,PGR-00032433/2026,DOCUMENTO,GABSUB3-DVT,GABSUB3-DVT-U06,Fábio Demo,2026-09-22T01:19:54-03:00,Conferir anexos antes de movimentar.
ANO000237,EXP000195,PGR-00032433/2026,DOCUMENTO,GABSUB3-DVT,GABSUB3-DVT-U05,Elisa Amostra,2026-10-07T06:08:38-03:00,Aguardando manifestação da área técnica.
ANO000238,EXP000197,PGR-00048642/2026,DOCUMENTO,GABSUB3-DVT,GABSUB3-DVT-U04,Diego Fictício,2026-10-07T12:18:22-03:00,"Minuta revisada, pendente de assinatura."
ANO000239,EXP000197,PGR-00048642/2026,DOCUMENTO,GABSUB3-DVT,GABSUB3-DVT-U04,Diego Fictício,2026-10-06T17:13:09-03:00,Aguardando manifestação da área técnica.
ANO000240,EXP000198,PGR-00006528/2026,DOCUMENTO,GABSUB3-DVT,GABSUB3-DVT-U01,Ana Exemplo,2026-10-05T03:32:07-03:00,Solicitadas informações complementares ao remetente.
ANO000241,EXP000200,PGR-00028361/2026,DOCUMENTO,GABSUB3-DVT,GABSUB3-DVT-U04,Diego Fictício,2026-10-01T03:07:32-03:00,Solicitadas informações complementares ao remetente.
ANO000242,EXP000201,PGR-00036623/2026,DOCUMENTO,GABSUB3-DVT,GABSUB3-DVT-U05,Elisa Amostra,2026-10-07T11:07:43-03:00,Conferir anexos antes de movimentar.
ANO000243,EXP000201,PGR-00036623/2026,DOCUMENTO,GABSUB3-DVT,GABSUB3-DVT-U01,Ana Exemplo,2026-10-07T08:11:07-03:00,Relacionado a expediente anterior do mesmo interessado.
ANO000244,EXP000201,PGR-00036623/2026,DOCUMENTO,GABSUB3-DVT,GABSUB3-DVT-U05,Elisa Amostra,2026-10-07T03:45:48-03:00,Aguardando manifestação da área técnica.
ANO000245,EXP000202,PGR-00077466/2026,DOCUMENTO,GABSUB3-DVT,GABSUB3-DVT-U04,Diego Fictício,2026-10-07T01:11:20-03:00,Relacionado a expediente anterior do mesmo interessado.
ANO000246,EXP000202,PGR-00077466/2026,DOCUMENTO,GABSUB3-DVT,GABSUB3-DVT-U04,Diego Fictício,2026-10-05T17:42:42-03:00,Conferir anexos antes de movimentar.
ANO000247,EXP000203,PGR-00078511/2026,DOCUMENTO,GABSUB3-DVT,GABSUB3-DVT-U05,Elisa Amostra,2026-10-07T08:58:58-03:00,"Minuta revisada, pendente de assinatura."
ANO000248,EXP000206,PGR-00080157/2026,DOCUMENTO,GABSUB3-DVT,GABSUB3-DVT-U03,Carla Modelo,2026-09-27T16:11:01-03:00,Prioridade definida em reunião de equipe.
ANO000249,EXP000207,PGR-00072211/2026,DOCUMENTO,GABSUB3-DVT,GABSUB3-DVT-U06,Fábio Demo,2026-10-05T04:18:42-03:00,Relacionado a expediente anterior do mesmo interessado.
ANO000250,EXP000207,PGR-00072211/2026,DOCUMENTO,GABSUB3-DVT,GABSUB3-DVT-U03,Carla Modelo,2026-10-04T11:46:53-03:00,Solicitadas informações complementares ao remetente.
ANO000251,EXP000208,PGR-00010859/2026,DOCUMENTO,GABSUB3-DVT,GABSUB3-DVT-U03,Carla Modelo,2026-09-24T23:21:58-03:00,Aguardando retorno de diligência.
ANO000252,EXP000208,PGR-00010859/2026,DOCUMENTO,GABSUB3-DVT,GABSUB3-DVT-U01,Ana Exemplo,2026-08-18T07:27:08-03:00,Aguardando retorno de diligência.
ANO000253,EXP000208,PGR-00010859/2026,DOCUMENTO,GABSUB3-DVT,GABSUB3-DVT-U01,Ana Exemplo,2026-09-15T02:03:24-03:00,Aguardando retorno de diligência.
ANO000254,EXP000209,PGR-00066797/2026,DOCUMENTO,GABSUB3-DVT,GABSUB3-DVT-U05,Elisa Amostra,2026-10-03T00:16:01-03:00,Relacionado a expediente anterior do mesmo interessado.
ANO000255,EXP000210,PGR-00056109/2026,DOCUMENTO,GABSUB3-DVT,GABSUB3-DVT-U05,Elisa Amostra,2026-09-23T04:46:58-03:00,Conferir anexos antes de movimentar.
ANO000256,EXP000211,PGR-00043951/2026,DOCUMENTO,GABSUB3-DVT,GABSUB3-DVT-U04,Diego Fictício,2026-10-05T14:15:55-03:00,Solicitadas informações complementares ao remetente.
ANO000257,EXP000212,PGR-00047044/2026,DOCUMENTO,GABSUB3-DVT,GABSUB3-DVT-U06,Fábio Demo,2026-09-29T02:26:45-03:00,Conferir anexos antes de movimentar.
ANO000258,EXP000214,PGR-00068244/2026,DOCUMENTO,GABSUB3-DVT,GABSUB3-DVT-U05,Elisa Amostra,2026-08-20T06:58:50-03:00,Conferir anexos antes de movimentar.
ANO000259,EXP000215,PGR-00057605/2026,DOCUMENTO,GABSUB3-DVT,GABSUB3-DVT-U01,Ana Exemplo,2026-10-05T23:12:28-03:00,"Minuta revisada, pendente de assinatura."
ANO000260,EXP000215,PGR-00057605/2026,DOCUMENTO,GABSUB3-DVT,GABSUB3-DVT-U05,Elisa Amostra,2026-10-06T18:53:23-03:00,"Minuta revisada, pendente de assinatura."
ANO000261,EXP000216,PGR-00058369/2026,DOCUMENTO,GABSUB3-DVT,GABSUB3-DVT-U01,Ana Exemplo,2026-09-02T17:20:10-03:00,"Minuta revisada, pendente de assinatura."
ANO000262,EXP000216,PGR-00058369/2026,DOCUMENTO,GABSUB3-DVT,GABSUB3-DVT-U04,Diego Fictício,2026-09-19T12:42:48-03:00,Aguardando retorno de diligência.
ANO000263,EXP000216,PGR-00058369/2026,DOCUMENTO,GABSUB3-DVT,GABSUB3-DVT-U03,Carla Modelo,2026-09-23T07:01:57-03:00,Solicitadas informações complementares ao remetente.
ANO000264,EXP000217,PGR-00011283/2026,DOCUMENTO,GABSUB3-DVT,GABSUB3-DVT-U06,Fábio Demo,2026-09-27T12:11:30-03:00,Solicitadas informações complementares ao remetente.
ANO000265,EXP000217,PGR-00011283/2026,DOCUMENTO,GABSUB3-DVT,GABSUB3-DVT-U05,Elisa Amostra,2026-09-29T19:53:18-03:00,"Minuta revisada, pendente de assinatura."
ANO000266,EXP000217,PGR-00011283/2026,DOCUMENTO,GABSUB3-DVT,GABSUB3-DVT-U03,Carla Modelo,2026-10-04T22:20:32-03:00,Aguardando manifestação da área técnica.
ANO000267,EXP000218,PGR-00070418/2026,DOCUMENTO,GABSUB3-DVT,GABSUB3-DVT-U02,Bruno Teste,2026-09-03T04:42:38-03:00,"Minuta revisada, pendente de assinatura."
ANO000268,EXP000219,PGR-00000031/2026,DOCUMENTO,GABSUB3-DVT,GABSUB3-DVT-U01,Ana Exemplo,2026-09-20T01:37:24-03:00,Conferir anexos antes de movimentar.
ANO000269,EXP000220,PGR-00051078/2026,DOCUMENTO,GABSUB3-DVT,GABSUB3-DVT-U04,Diego Fictício,2026-09-22T14:57:43-03:00,Conferir anexos antes de movimentar.
ANO000270,EXP000222,PGR-00089216/2026,DOCUMENTO,GABSUB3-DVT,GABSUB3-DVT-U04,Diego Fictício,2026-10-06T11:52:19-03:00,Aguardando manifestação da área técnica.
ANO000271,EXP000224,PGR-00078905/2026,DOCUMENTO,GABSUB3-DVT,GABSUB3-DVT-U02,Bruno Teste,2026-08-14T14:53:05-03:00,"Minuta revisada, pendente de assinatura."
ANO000272,EXP000224,PGR-00078905/2026,DOCUMENTO,GABSUB3-DVT,GABSUB3-DVT-U03,Carla Modelo,2026-08-16T07:58:41-03:00,Verificar prazo com a chefia.
ANO000273,EXP000224,PGR-00078905/2026,DOCUMENTO,GABSUB3-DVT,GABSUB3-DVT-U03,Carla Modelo,2026-08-23T21:45:58-03:00,Conferir anexos antes de movimentar.
ANO000274,EXP000225,PGR-00019296/2026,DOCUMENTO,GABSUB3-DVT,GABSUB3-DVT-U02,Bruno Teste,2026-10-03T21:02:24-03:00,"Minuta revisada, pendente de assinatura."
ANO000275,EXP000225,PGR-00019296/2026,DOCUMENTO,GABSUB3-DVT,GABSUB3-DVT-U06,Fábio Demo,2026-10-04T15:54:41-03:00,Aguardando retorno de diligência.
ANO000276,EXP000226,PGR-00069188/2026,DOCUMENTO,GABSUB3-DVT,GABSUB3-DVT-U06,Fábio Demo,2026-08-11T06:00:02-03:00,Prioridade definida em reunião de equipe.
ANO000277,EXP000228,PGR-00061931/2026,DOCUMENTO,GABSUB3-DVT,GABSUB3-DVT-U03,Carla Modelo,2026-08-30T22:36:12-03:00,Aguardando retorno de diligência.
ANO000278,EXP000229,PGR-00076940/2026,DOCUMENTO,GABSUB3-DVT,GABSUB3-DVT-U02,Bruno Teste,2026-09-06T12:31:48-03:00,Conferir anexos antes de movimentar.
ANO000279,EXP000230,PGR-00034543/2026,DOCUMENTO,GABSUB3-DVT,GABSUB3-DVT-U04,Diego Fictício,2026-08-23T19:53:13-03:00,Verificar prazo com a chefia.
ANO000280,EXP000231,PGR-00002701/2026,DOCUMENTO,GABSUB3-DVT,GABSUB3-DVT-U06,Fábio Demo,2026-10-02T18:49:19-03:00,Aguardando manifestação da área técnica.
ANO000281,EXP000232,PGR-00012687/2026,DOCUMENTO,GABSUB3-DVT,GABSUB3-DVT-U03,Carla Modelo,2026-09-05T11:01:43-03:00,Verificar prazo com a chefia.
ANO000282,EXP000233,PGR-00033198/2026,DOCUMENTO,GABSUB3-DVT,GABSUB3-DVT-U06,Fábio Demo,2026-09-14T22:01:53-03:00,Aguardando retorno de diligência.
ANO000283,EXP000235,PGR-00050459/2026,DOCUMENTO,GABSUB3-DVT,GABSUB3-DVT-U01,Ana Exemplo,2026-08-12T11:15:16-03:00,Relacionado a expediente anterior do mesmo interessado.
ANO000284,EXP000235,PGR-00050459/2026,DOCUMENTO,GABSUB3-DVT,GABSUB3-DVT-U03,Carla Modelo,2026-09-11T07:59:12-03:00,"Minuta revisada, pendente de assinatura."
ANO000285,EXP000235,PGR-00050459/2026,DOCUMENTO,GABSUB3-DVT,GABSUB3-DVT-U05,Elisa Amostra,2026-08-13T16:16:07-03:00,Prioridade definida em reunião de equipe.
ANO000286,EXP000238,PGR-00018518/2026,DOCUMENTO,GABSUB3-DVT,GABSUB3-DVT-U03,Carla Modelo,2026-09-24T04:08:21-03:00,"Minuta revisada, pendente de assinatura."
ANO000287,EXP000238,PGR-00018518/2026,DOCUMENTO,GABSUB3-DVT,GABSUB3-DVT-U06,Fábio Demo,2026-09-25T15:11:16-03:00,Relacionado a expediente anterior do mesmo interessado.
ANO000288,EXP000240,PGR-00080168/2026,DOCUMENTO,GABSUB3-DVT,GABSUB3-DVT-U06,Fábio Demo,2026-08-07T14:34:45-03:00,Aguardando manifestação da área técnica.
ANO000289,EXP000240,PGR-00080168/2026,DOCUMENTO,GABSUB3-DVT,GABSUB3-DVT-U01,Ana Exemplo,2026-09-27T02:11:33-03:00,Prioridade definida em reunião de equipe.
ANO000290,EXP000241,PGR-00076927/2026,DOCUMENTO,GABSUB3-DVT,GABSUB3-DVT-U01,Ana Exemplo,2026-10-01T16:37:22-03:00,Solicitadas informações complementares ao remetente.
ANO000291,EXP000241,PGR-00076927/2026,DOCUMENTO,GABSUB3-DVT,GABSUB3-DVT-U06,Fábio Demo,2026-09-15T15:25:25-03:00,Verificar prazo com a chefia.
ANO000292,EXP000242,PGR-00041522/2026,DOCUMENTO,GABSUB3-DVT,GABSUB3-DVT-U05,Elisa Amostra,2026-10-06T20:19:01-03:00,Verificar prazo com a chefia.
ANO000293,EXP000243,PGR-00006834/2026,DOCUMENTO,GABSUB3-DVT,GABSUB3-DVT-U01,Ana Exemplo,2026-09-20T02:40:46-03:00,Aguardando manifestação da área técnica.
ANO000294,EXP000243,PGR-00006834/2026,DOCUMENTO,GABSUB3-DVT,GABSUB3-DVT-U04,Diego Fictício,2026-10-06T14:34:28-03:00,Conferir anexos antes de movimentar.
ANO000295,EXP000243,PGR-00006834/2026,DOCUMENTO,GABSUB3-DVT,GABSUB3-DVT-U01,Ana Exemplo,2026-09-22T23:46:41-03:00,Verificar prazo com a chefia.
ANO000296,EXP000244,PGR-00077862/2026,DOCUMENTO,GABSUB3-DVT,GABSUB3-DVT-U05,Elisa Amostra,2026-10-07T16:35:48-03:00,Solicitadas informações complementares ao remetente.
ANO000297,EXP000244,PGR-00077862/2026,DOCUMENTO,GABSUB3-DVT,GABSUB3-DVT-U05,Elisa Amostra,2026-10-07T16:24:08-03:00,Verificar prazo com a chefia.
ANO000298,EXP000244,PGR-00077862/2026,DOCUMENTO,GABSUB3-DVT,GABSUB3-DVT-U01,Ana Exemplo,2026-10-07T16:26:18-03:00,Aguardando manifestação da área técnica.
ANO000299,EXP000245,PGR-00013918/2026,DOCUMENTO,GABSUB3-DVT,GABSUB3-DVT-U01,Ana Exemplo,2026-09-26T17:14:14-03:00,Verificar prazo com a chefia.
ANO000300,EXP000246,PGR-00070325/2026,DOCUMENTO,GABSUB3-DVT,GABSUB3-DVT-U04,Diego Fictício,2026-10-02T23:13:23-03:00,Verificar prazo com a chefia.
ANO000301,EXP000246,PGR-00070325/2026,DOCUMENTO,GABSUB3-DVT,GABSUB3-DVT-U04,Diego Fictício,2026-09-27T06:53:11-03:00,Verificar prazo com a chefia.
ANO000302,EXP000247,PGR-00025511/2026,DOCUMENTO,GABSUB3-DVT,GABSUB3-DVT-U06,Fábio Demo,2026-10-06T01:38:05-03:00,Relacionado a expediente anterior do mesmo interessado.
ANO000303,EXP000247,PGR-00025511/2026,DOCUMENTO,GABSUB3-DVT,GABSUB3-DVT-U04,Diego Fictício,2026-10-06T21:02:11-03:00,Conferir anexos antes de movimentar.
ANO000304,EXP000247,PGR-00025511/2026,DOCUMENTO,GABSUB3-DVT,GABSUB3-DVT-U04,Diego Fictício,2026-10-06T09:43:50-03:00,Prioridade definida em reunião de equipe.
ANO000305,EXP000248,PGR-00021680/2026,DOCUMENTO,GABSUB3-DVT,GABSUB3-DVT-U02,Bruno Teste,2026-10-05T18:25:20-03:00,Aguardando retorno de diligência.
ANO000306,EXP000249,PGR-00032534/2026,DOCUMENTO,GABSUB3-DVT,GABSUB3-DVT-U04,Diego Fictício,2026-10-03T09:23:00-03:00,Verificar prazo com a chefia.
ANO000307,EXP000251,PGR-00009041/2026,DOCUMENTO,GABSUB3-DVT,GABSUB3-DVT-U01,Ana Exemplo,2026-09-03T20:26:56-03:00,Aguardando retorno de diligência.
ANO000308,EXP000254,PGR-00075658/2026,DOCUMENTO,GABSUB3-DVT,GABSUB3-DVT-U04,Diego Fictício,2026-09-23T01:12:25-03:00,Relacionado a expediente anterior do mesmo interessado.
ANO000309,EXP000254,PGR-00075658/2026,DOCUMENTO,GABSUB3-DVT,GABSUB3-DVT-U01,Ana Exemplo,2026-10-03T21:47:53-03:00,Solicitadas informações complementares ao remetente.
ANO000310,EXP000254,PGR-00075658/2026,DOCUMENTO,GABSUB3-DVT,GABSUB3-DVT-U04,Diego Fictício,2026-09-16T02:13:14-03:00,Prioridade definida em reunião de equipe.
ANO000311,EXP000256,PGR-00057464/2026,DOCUMENTO,GABSUB3-DVT,GABSUB3-DVT-U04,Diego Fictício,2026-09-26T14:27:41-03:00,Solicitadas informações complementares ao remetente.
ANO000312,EXP000257,PGR-00034651/2026,DOCUMENTO,GABSUB3-DVT,GABSUB3-DVT-U03,Carla Modelo,2026-08-08T04:37:19-03:00,Aguardando manifestação da área técnica.
ANO000313,EXP000257,PGR-00034651/2026,DOCUMENTO,GABSUB3-DVT,GABSUB3-DVT-U06,Fábio Demo,2026-08-11T10:54:40-03:00,Solicitadas informações complementares ao remetente.
ANO000314,EXP000257,PGR-00034651/2026,DOCUMENTO,GABSUB3-DVT,GABSUB3-DVT-U03,Carla Modelo,2026-09-28T19:27:53-03:00,Conferir anexos antes de movimentar.
ANO000315,EXP000258,PGR-00032993/2026,DOCUMENTO,GABSUB3-DVT,GABSUB3-DVT-U03,Carla Modelo,2026-09-26T11:43:57-03:00,Conferir anexos antes de movimentar.
ANO000316,EXP000258,PGR-00032993/2026,DOCUMENTO,GABSUB3-DVT,GABSUB3-DVT-U01,Ana Exemplo,2026-10-06T21:05:42-03:00,"Minuta revisada, pendente de assinatura."
ANO000317,EXP000258,PGR-00032993/2026,DOCUMENTO,GABSUB3-DVT,GABSUB3-DVT-U06,Fábio Demo,2026-08-13T04:12:22-03:00,Verificar prazo com a chefia.
ANO000318,EXP000259,PGR-00091035/2026,DOCUMENTO,GABSUB3-DVT,GABSUB3-DVT-U02,Bruno Teste,2026-10-03T11:38:55-03:00,Conferir anexos antes de movimentar.
ANO000319,EXP000259,PGR-00091035/2026,DOCUMENTO,GABSUB3-DVT,GABSUB3-DVT-U03,Carla Modelo,2026-09-14T06:53:31-03:00,Aguardando retorno de diligência.
ANO000320,EXP000259,PGR-00091035/2026,DOCUMENTO,GABSUB3-DVT,GABSUB3-DVT-U06,Fábio Demo,2026-08-29T20:25:06-03:00,Prioridade definida em reunião de equipe.
ANO000321,EXP000260,PGR-00050435/2026,DOCUMENTO,GABSUB3-DVT,GABSUB3-DVT-U02,Bruno Teste,2026-09-11T01:08:54-03:00,Relacionado a expediente anterior do mesmo interessado.
ANO000322,EXP000261,PGR-00072612/2026,DOCUMENTO,GABSUB3-DVT,GABSUB3-DVT-U02,Bruno Teste,2026-10-06T03:13:04-03:00,Solicitadas informações complementares ao remetente.
ANO000323,EXP000262,PGR-00006752/2026,DOCUMENTO,GABSUB3-DVT,GABSUB3-DVT-U05,Elisa Amostra,2026-09-23T06:53:47-03:00,Aguardando manifestação da área técnica.
ANO000324,EXP000262,PGR-00006752/2026,DOCUMENTO,GABSUB3-DVT,GABSUB3-DVT-U03,Carla Modelo,2026-10-04T10:18:03-03:00,Conferir anexos antes de movimentar.
ANO000325,EXP000262,PGR-00006752/2026,DOCUMENTO,GABSUB3-DVT,GABSUB3-DVT-U03,Carla Modelo,2026-10-01T18:18:41-03:00,Relacionado a expediente anterior do mesmo interessado.
ANO000326,EXP000263,PGR-00067121/2026,DOCUMENTO,GABSUB3-DVT,GABSUB3-DVT-U05,Elisa Amostra,2026-10-07T00:13:36-03:00,Prioridade definida em reunião de equipe.
ANO000327,EXP000264,PGR-00070313/2026,DOCUMENTO,GABSUB3-DVT,GABSUB3-DVT-U04,Diego Fictício,2026-09-30T21:11:32-03:00,Verificar prazo com a chefia.
ANO000328,EXP000265,PGR-00005881/2026,DOCUMENTO,GABSUB3-DVT,GABSUB3-DVT-U01,Ana Exemplo,2026-08-30T08:37:29-03:00,Verificar prazo com a chefia.
ANO000329,EXP000266,PGR-00012659/2026,DOCUMENTO,GABSUB3-DVT,GABSUB3-DVT-U05,Elisa Amostra,2026-09-12T17:27:12-03:00,Solicitadas informações complementares ao remetente.
ANO000330,EXP000266,PGR-00012659/2026,DOCUMENTO,GABSUB3-DVT,GABSUB3-DVT-U01,Ana Exemplo,2026-10-07T16:41:02-03:00,Prioridade definida em reunião de equipe.
ANO000331,EXP000266,PGR-00012659/2026,DOCUMENTO,GABSUB3-DVT,GABSUB3-DVT-U03,Carla Modelo,2026-09-09T03:29:14-03:00,Verificar prazo com a chefia.
ANO000332,EXP000267,PGR-00074083/2026,DOCUMENTO,GABSUB3-DVT,GABSUB3-DVT-U02,Bruno Teste,2026-09-27T01:53:24-03:00,Verificar prazo com a chefia.
ANO000333,EXP000268,PGR-00078420/2026,DOCUMENTO,GABSUB3-DVT,GABSUB3-DVT-U05,Elisa Amostra,2026-10-06T22:28:38-03:00,Verificar prazo com a chefia.
ANO000334,EXP000269,PGR-00094008/2026,DOCUMENTO,GABSUB3-DVT,GABSUB3-DVT-U05,Elisa Amostra,2026-09-20T00:32:15-03:00,Aguardando manifestação da área técnica.
ANO000335,EXP000272,PGR-00096697/2026,DOCUMENTO,GABSUB3-DVT,GABSUB3-DVT-U05,Elisa Amostra,2026-10-07T05:44:05-03:00,Solicitadas informações complementares ao remetente.
ANO000336,EXP000273,PGR-00019169/2026,DOCUMENTO,GABSUB3-DVT,GABSUB3-DVT-U02,Bruno Teste,2026-09-23T01:37:29-03:00,Relacionado a expediente anterior do mesmo interessado.
ANO000337,EXP000274,PGR-00036785/2026,DOCUMENTO,GABSUB3-DVT,GABSUB3-DVT-U04,Diego Fictício,2026-09-15T17:05:49-03:00,Solicitadas informações complementares ao remetente.
ANO000338,EXP000275,PGR-00065240/2026,DOCUMENTO,GABSUB3-DVT,GABSUB3-DVT-U03,Carla Modelo,2026-10-01T07:54:02-03:00,Verificar prazo com a chefia.
ANO000339,EXP000276,PGR-00027266/2026,DOCUMENTO,GABSUB3-DVT,GABSUB3-DVT-U01,Ana Exemplo,2026-08-26T21:28:52-03:00,Relacionado a expediente anterior do mesmo interessado.
ANO000340,EXP000276,PGR-00027266/2026,DOCUMENTO,GABSUB3-DVT,GABSUB3-DVT-U03,Carla Modelo,2026-08-25T06:58:45-03:00,Verificar prazo com a chefia.
ANO000341,EXP000276,PGR-00027266/2026,DOCUMENTO,GABSUB3-DVT,GABSUB3-DVT-U02,Bruno Teste,2026-09-23T13:08:34-03:00,Conferir anexos antes de movimentar.
ANO000342,EXP000278,PGR-00084646/2026,DOCUMENTO,GABSUB3-DVT,GABSUB3-DVT-U04,Diego Fictício,2026-10-04T11:42:39-03:00,Prioridade definida em reunião de equipe.
ANO000343,EXP000279,PGR-00094240/2026,DOCUMENTO,GABSUB3-DVT,GABSUB3-DVT-U03,Carla Modelo,2026-09-28T00:34:47-03:00,"Minuta revisada, pendente de assinatura."
ANO000344,EXP000280,PGR-00064387/2026,DOCUMENTO,GABSUB3-DVT,GABSUB3-DVT-U06,Fábio Demo,2026-10-07T00:51:22-03:00,Solicitadas informações complementares ao remetente.
ANO000345,EXP000281,PGR-00038650/2026,DOCUMENTO,GABSUB3-DVT,GABSUB3-DVT-U06,Fábio Demo,2026-10-06T17:42:36-03:00,Conferir anexos antes de movimentar.
ANO000346,EXP000282,PGR-00053285/2026,DOCUMENTO,GABSUB3-DVT,GABSUB3-DVT-U05,Elisa Amostra,2026-09-13T19:31:28-03:00,Aguardando manifestação da área técnica.
ANO000347,EXP000283,PGR-00096178/2026,DOCUMENTO,GABSUB3-DVT,GABSUB3-DVT-U04,Diego Fictício,2026-10-04T21:30:45-03:00,"Minuta revisada, pendente de assinatura."
ANO000348,EXP000284,PGR-00020478/2026,DOCUMENTO,GABSUB3-DVT,GABSUB3-DVT-U03,Carla Modelo,2026-09-30T12:47:47-03:00,Verificar prazo com a chefia.
ANO000349,EXP000284,PGR-00020478/2026,DOCUMENTO,GABSUB3-DVT,GABSUB3-DVT-U06,Fábio Demo,2026-09-30T11:48:39-03:00,Verificar prazo com a chefia.
ANO000350,EXP000285,PGR-00095800/2026,DOCUMENTO,GABSUB3-DVT,GABSUB3-DVT-U05,Elisa Amostra,2026-10-05T03:29:26-03:00,Conferir anexos antes de movimentar.
ANO000351,EXP000287,PGR-00005052/2026,DOCUMENTO,GABSUB3-DVT,GABSUB3-DVT-U05,Elisa Amostra,2026-10-05T15:20:04-03:00,"Minuta revisada, pendente de assinatura."
ANO000352,EXP000287,PGR-00005052/2026,DOCUMENTO,GABSUB3-DVT,GABSUB3-DVT-U03,Carla Modelo,2026-10-03T14:48:20-03:00,Conferir anexos antes de movimentar.
ANO000353,EXP000287,PGR-00005052/2026,DOCUMENTO,GABSUB3-DVT,GABSUB3-DVT-U04,Diego Fictício,2026-09-21T20:39:31-03:00,Solicitadas informações complementares ao remetente.
ANO000354,EXP000289,PGR-00037117/2026,DOCUMENTO,GABSUB3-DVT,GABSUB3-DVT-U05,Elisa Amostra,2026-08-22T07:41:22-03:00,Conferir anexos antes de movimentar.
ANO000355,EXP000291,PGR-00082550/2026,DOCUMENTO,GABSUB3-DVT,GABSUB3-DVT-U06,Fábio Demo,2026-09-03T12:28:36-03:00,"Minuta revisada, pendente de assinatura."
ANO000356,EXP000291,PGR-00082550/2026,DOCUMENTO,GABSUB3-DVT,GABSUB3-DVT-U01,Ana Exemplo,2026-09-05T16:48:24-03:00,"Minuta revisada, pendente de assinatura."
ANO000357,EXP000292,PGR-00043649/2026,DOCUMENTO,GABSUB3-DVT,GABSUB3-DVT-U04,Diego Fictício,2026-09-15T07:19:44-03:00,Relacionado a expediente anterior do mesmo interessado.
ANO000358,EXP000293,PGR-00016246/2026,DOCUMENTO,GABSUB3-DVT,GABSUB3-DVT-U04,Diego Fictício,2026-09-30T00:32:24-03:00,Relacionado a expediente anterior do mesmo interessado.
ANO000359,EXP000294,PGR-00092975/2026,DOCUMENTO,GABSUB3-DVT,GABSUB3-DVT-U01,Ana Exemplo,2026-10-05T05:25:00-03:00,Aguardando manifestação da área técnica.
ANO000360,EXP000294,PGR-00092975/2026,DOCUMENTO,GABSUB3-DVT,GABSUB3-DVT-U04,Diego Fictício,2026-10-04T18:49:20-03:00,Prioridade definida em reunião de equipe.
ANO000361,EXP000295,PGR-00099941/2026,DOCUMENTO,GABSUB3-DVT,GABSUB3-DVT-U05,Elisa Amostra,2026-09-13T21:27:57-03:00,Verificar prazo com a chefia.
ANO000362,EXP000296,PGR-00074942/2026,DOCUMENTO,GABSUB3-DVT,GABSUB3-DVT-U02,Bruno Teste,2026-09-13T16:53:36-03:00,Aguardando retorno de diligência.
ANO000363,EXP000297,PGR-00095675/2026,DOCUMENTO,GABSUB3-DVT,GABSUB3-DVT-U05,Elisa Amostra,2026-10-03T01:08:57-03:00,Relacionado a expediente anterior do mesmo interessado.
ANO000364,EXP000300,PGR-00081908/2026,DOCUMENTO,GABSUB3-DVT,GABSUB3-DVT-U02,Bruno Teste,2026-09-26T10:36:59-03:00,Prioridade definida em reunião de equipe.
ANO000365,EXP000301,PGR-00079021/2026,DOCUMENTO,GABSUB3-DVT,GABSUB3-DVT-U03,Carla Modelo,2026-09-27T19:31:01-03:00,Conferir anexos antes de movimentar.
ANO000366,EXP000303,PGR-00086847/2026,DOCUMENTO,GABSUB3-DVT,GABSUB3-DVT-U03,Carla Modelo,2026-09-21T22:12:14-03:00,Verificar prazo com a chefia.
ANO000367,EXP000303,PGR-00086847/2026,DOCUMENTO,GABSUB3-DVT,GABSUB3-DVT-U01,Ana Exemplo,2026-09-18T03:05:55-03:00,Relacionado a expediente anterior do mesmo interessado.
ANO000368,EXP000303,PGR-00086847/2026,DOCUMENTO,GABSUB3-DVT,GABSUB3-DVT-U01,Ana Exemplo,2026-09-29T15:37:05-03:00,Solicitadas informações complementares ao remetente.
ANO000369,EXP000304,PGR-00078035/2026,DOCUMENTO,GABSUB3-DVT,GABSUB3-DVT-U06,Fábio Demo,2026-09-10T05:57:33-03:00,Aguardando retorno de diligência.
ANO000370,EXP000304,PGR-00078035/2026,DOCUMENTO,GABSUB3-DVT,GABSUB3-DVT-U02,Bruno Teste,2026-09-25T02:25:02-03:00,Aguardando retorno de diligência.
ANO000371,EXP000305,PGR-00051910/2026,DOCUMENTO,GABSUB3-DVT,GABSUB3-DVT-U06,Fábio Demo,2026-09-18T17:26:26-03:00,Prioridade definida em reunião de equipe.
ANO000372,EXP000306,PGR-00029177/2026,DOCUMENTO,GABSUB3-DVT,GABSUB3-DVT-U06,Fábio Demo,2026-10-07T07:08:31-03:00,Verificar prazo com a chefia.
ANO000373,EXP000308,PGR-00074521/2026,DOCUMENTO,GABSUB3-DVT,GABSUB3-DVT-U03,Carla Modelo,2026-10-02T08:46:18-03:00,"Minuta revisada, pendente de assinatura."
ANO000374,EXP000308,PGR-00074521/2026,DOCUMENTO,GABSUB3-DVT,GABSUB3-DVT-U04,Diego Fictício,2026-09-25T11:22:54-03:00,"Minuta revisada, pendente de assinatura."
ANO000375,EXP000309,PGR-00084946/2026,DOCUMENTO,GABSUB3-DVT,GABSUB3-DVT-U04,Diego Fictício,2026-10-01T16:12:31-03:00,Verificar prazo com a chefia.
ANO000376,EXP000310,PGR-00022589/2026,DOCUMENTO,GABSUB3-DVT,GABSUB3-DVT-U04,Diego Fictício,2026-10-05T22:03:45-03:00,Aguardando retorno de diligência.
ANO000377,EXP000310,PGR-00022589/2026,DOCUMENTO,GABSUB3-DVT,GABSUB3-DVT-U01,Ana Exemplo,2026-08-27T20:50:38-03:00,Solicitadas informações complementares ao remetente.
ANO000378,EXP000311,PGR-00043385/2026,DOCUMENTO,GABSUB3-DVT,GABSUB3-DVT-U06,Fábio Demo,2026-09-16T18:44:23-03:00,Verificar prazo com a chefia.
ANO000379,EXP000312,PGR-00047317/2026,DOCUMENTO,GABSUB3-DVT,GABSUB3-DVT-U03,Carla Modelo,2026-10-03T20:41:33-03:00,Solicitadas informações complementares ao remetente.
ANO000380,EXP000313,PGR-00056303/2026,DOCUMENTO,GABSUB3-DVT,GABSUB3-DVT-U05,Elisa Amostra,2026-08-22T17:36:00-03:00,Verificar prazo com a chefia.
ANO000381,EXP000313,PGR-00056303/2026,DOCUMENTO,GABSUB3-DVT,GABSUB3-DVT-U06,Fábio Demo,2026-08-26T06:53:49-03:00,"Minuta revisada, pendente de assinatura."
ANO000382,EXP000313,PGR-00056303/2026,DOCUMENTO,GABSUB3-DVT,GABSUB3-DVT-U03,Carla Modelo,2026-10-06T08:12:59-03:00,Verificar prazo com a chefia.
ANO000383,EXP000315,PGR-00032985/2026,DOCUMENTO,GABSUB3-DVT,GABSUB3-DVT-U01,Ana Exemplo,2026-09-15T06:48:19-03:00,Relacionado a expediente anterior do mesmo interessado.
ANO000384,EXP000317,PGR-00018177/2026,DOCUMENTO,GABSUB3-DVT,GABSUB3-DVT-U01,Ana Exemplo,2026-10-05T03:03:05-03:00,"Minuta revisada, pendente de assinatura."
ANO000385,EXP000317,PGR-00018177/2026,DOCUMENTO,GABSUB3-DVT,GABSUB3-DVT-U05,Elisa Amostra,2026-10-03T14:46:44-03:00,Prioridade definida em reunião de equipe.
ANO000386,EXP000317,PGR-00018177/2026,DOCUMENTO,GABSUB3-DVT,GABSUB3-DVT-U04,Diego Fictício,2026-10-07T02:39:03-03:00,Prioridade definida em reunião de equipe.
ANO000387,EXP000318,PGR-00048962/2026,DOCUMENTO,GABSUB3-DVT,GABSUB3-DVT-U05,Elisa Amostra,2026-09-24T19:06:15-03:00,Solicitadas informações complementares ao remetente.
ANO000388,EXP000319,PGR-00044262/2026,DOCUMENTO,GABSUB3-DVT,GABSUB3-DVT-U05,Elisa Amostra,2026-09-30T13:03:19-03:00,"Minuta revisada, pendente de assinatura."
ANO000389,EXP000320,PGR-00084707/2026,DOCUMENTO,GABSUB3-DVT,GABSUB3-DVT-U06,Fábio Demo,2026-09-24T22:41:23-03:00,Verificar prazo com a chefia.
ANO000390,EXP000322,PGR-00042808/2026,DOCUMENTO,GABSUB3-DVT,GABSUB3-DVT-U06,Fábio Demo,2026-10-02T15:50:45-03:00,Verificar prazo com a chefia.
ANO000391,EXP000323,PGR-00090830/2026,DOCUMENTO,GABSUB3-DVT,GABSUB3-DVT-U05,Elisa Amostra,2026-09-28T12:28:18-03:00,Relacionado a expediente anterior do mesmo interessado.
ANO000392,EXP000324,PGR-00015458/2026,DOCUMENTO,GABSUB3-DVT,GABSUB3-DVT-U03,Carla Modelo,2026-10-07T17:00:00-03:00,Aguardando manifestação da área técnica.
ANO000393,EXP000324,PGR-00015458/2026,DOCUMENTO,GABSUB3-DVT,GABSUB3-DVT-U06,Fábio Demo,2026-10-07T17:00:00-03:00,Relacionado a expediente anterior do mesmo interessado.
ANO000394,EXP000324,PGR-00015458/2026,DOCUMENTO,GABSUB3-DVT,GABSUB3-DVT-U01,Ana Exemplo,2026-10-07T17:00:00-03:00,Relacionado a expediente anterior do mesmo interessado.
ANO000395,EXP000325,PGR-00094811/2026,DOCUMENTO,GABSUB3-DVT,GABSUB3-DVT-U06,Fábio Demo,2026-09-25T20:15:25-03:00,Aguardando retorno de diligência.
ANO000396,EXP000326,PGR-00035632/2026,DOCUMENTO,GABSUB3-DVT,GABSUB3-DVT-U02,Bruno Teste,2026-10-03T23:46:19-03:00,Aguardando retorno de diligência.
ANO000397,EXP000326,PGR-00035632/2026,DOCUMENTO,GABSUB3-DVT,GABSUB3-DVT-U01,Ana Exemplo,2026-08-25T19:35:07-03:00,Solicitadas informações complementares ao remetente.
ANO000398,EXP000327,PGR-00042738/2026,DOCUMENTO,GABSUB3-DVT,GABSUB3-DVT-U04,Diego Fictício,2026-08-31T16:40:26-03:00,Aguardando manifestação da área técnica.
ANO000399,EXP000328,PGR-00049200/2026,DOCUMENTO,GABSUB3-DVT,GABSUB3-DVT-U02,Bruno Teste,2026-09-25T11:17:42-03:00,Relacionado a expediente anterior do mesmo interessado.
ANO000400,EXP000329,PGR-00046930/2026,DOCUMENTO,GABSUB3-DVT,GABSUB3-DVT-U01,Ana Exemplo,2026-09-28T11:45:25-03:00,Aguardando retorno de diligência.
ANO000401,EXP000329,PGR-00046930/2026,DOCUMENTO,GABSUB3-DVT,GABSUB3-DVT-U06,Fábio Demo,2026-10-03T15:42:53-03:00,Prioridade definida em reunião de equipe.
ANO000402,EXP000332,PGR-00098294/2026,DOCUMENTO,GABSUB3-DVT,GABSUB3-DVT-U04,Diego Fictício,2026-09-14T03:37:22-03:00,Aguardando retorno de diligência.
ANO000403,EXP000332,PGR-00098294/2026,DOCUMENTO,GABSUB3-DVT,GABSUB3-DVT-U03,Carla Modelo,2026-09-01T08:29:27-03:00,Verificar prazo com a chefia.
ANO000404,EXP000333,PGR-00011162/2026,DOCUMENTO,GABSUB3-DVT,GABSUB3-DVT-U02,Bruno Teste,2026-10-06T10:14:44-03:00,Aguardando manifestação da área técnica.
ANO000405,EXP000334,PGR-00093681/2026,DOCUMENTO,GABSUB3-DVT,GABSUB3-DVT-U01,Ana Exemplo,2026-09-22T22:33:59-03:00,Verificar prazo com a chefia.
ANO000406,EXP000335,PGR-00060808/2026,DOCUMENTO,GABSUB3-DVT,GABSUB3-DVT-U02,Bruno Teste,2026-09-25T19:34:57-03:00,Solicitadas informações complementares ao remetente.
ANO000407,EXP000335,PGR-00060808/2026,DOCUMENTO,GABSUB3-DVT,GABSUB3-DVT-U05,Elisa Amostra,2026-10-01T06:34:17-03:00,Prioridade definida em reunião de equipe.
ANO000408,EXP000335,PGR-00060808/2026,DOCUMENTO,GABSUB3-DVT,GABSUB3-DVT-U02,Bruno Teste,2026-10-07T15:55:27-03:00,Conferir anexos antes de movimentar.
ANO000409,EXP000336,PGR-00084020/2026,DOCUMENTO,GABSUB3-DVT,GABSUB3-DVT-U04,Diego Fictício,2026-10-01T13:23:09-03:00,Aguardando manifestação da área técnica.
ANO000410,EXP000336,PGR-00084020/2026,DOCUMENTO,GABSUB3-DVT,GABSUB3-DVT-U05,Elisa Amostra,2026-09-29T23:06:00-03:00,Verificar prazo com a chefia.
ANO000411,EXP000336,PGR-00084020/2026,DOCUMENTO,GABSUB3-DVT,GABSUB3-DVT-U03,Carla Modelo,2026-09-28T11:18:34-03:00,Verificar prazo com a chefia.
ANO000412,EXP000337,PGR-00047758/2026,DOCUMENTO,GABSUB3-DVT,GABSUB3-DVT-U06,Fábio Demo,2026-10-05T19:32:28-03:00,Conferir anexos antes de movimentar.
ANO000413,EXP000338,PGR-00088806/2026,DOCUMENTO,GABSUB3-DVT,GABSUB3-DVT-U04,Diego Fictício,2026-10-07T13:09:58-03:00,Solicitadas informações complementares ao remetente.
ANO000414,EXP000339,PGR-00033342/2026,DOCUMENTO,GABSUB3-DVT,GABSUB3-DVT-U02,Bruno Teste,2026-10-06T14:59:28-03:00,Aguardando retorno de diligência.
ANO000415,EXP000339,PGR-00033342/2026,DOCUMENTO,GABSUB3-DVT,GABSUB3-DVT-U05,Elisa Amostra,2026-09-28T00:12:34-03:00,Conferir anexos antes de movimentar.
ANO000416,EXP000340,PGR-00024360/2026,DOCUMENTO,GABSUB3-DVT,GABSUB3-DVT-U04,Diego Fictício,2026-10-04T02:55:08-03:00,"Minuta revisada, pendente de assinatura."
ANO000417,EXP000342,PGR-00080803/2026,DOCUMENTO,GABSUB3-DVT,GABSUB3-DVT-U04,Diego Fictício,2026-09-27T01:37:31-03:00,Prioridade definida em reunião de equipe.
ANO000418,EXP000343,PGR-00006749/2026,DOCUMENTO,GABSUB3-DVT,GABSUB3-DVT-U05,Elisa Amostra,2026-10-07T12:08:19-03:00,"Minuta revisada, pendente de assinatura."
ANO000419,EXP000344,PGR-00060253/2026,DOCUMENTO,GABSUB3-DVT,GABSUB3-DVT-U01,Ana Exemplo,2026-10-04T17:58:15-03:00,Solicitadas informações complementares ao remetente.
ANO000420,EXP000346,PGR-00056295/2026,DOCUMENTO,GABSUB3-DVT,GABSUB3-DVT-U04,Diego Fictício,2026-09-17T19:51:44-03:00,Verificar prazo com a chefia.
ANO000421,EXP000347,PGR-00014284/2026,DOCUMENTO,GABSUB3-DVT,GABSUB3-DVT-U06,Fábio Demo,2026-10-03T18:07:16-03:00,Solicitadas informações complementares ao remetente.
ANO000422,EXP000351,PGR-00065593/2026,DOCUMENTO,GABSUB3-DVT,GABSUB3-DVT-U02,Bruno Teste,2026-09-12T20:19:40-03:00,Solicitadas informações complementares ao remetente.
ANO000423,EXP000352,PGR-00045472/2026,DOCUMENTO,GABSUB3-DVT,GABSUB3-DVT-U04,Diego Fictício,2026-09-08T18:41:40-03:00,Verificar prazo com a chefia.
ANO000424,EXP000354,PGR-00005077/2026,DOCUMENTO,GABSUB3-DVT,GABSUB3-DVT-U02,Bruno Teste,2026-10-07T17:00:00-03:00,Verificar prazo com a chefia.
ANO000425,EXP000356,PGR-00014840/2026,DOCUMENTO,GABSUB3-DVT,GABSUB3-DVT-U06,Fábio Demo,2026-09-15T06:00:11-03:00,"Minuta revisada, pendente de assinatura."
ANO000426,EXP000374,STJ-ARESP-2964985,JUDICIAL,GABSUB3-DVT,GABSUB3-DVT-U04,Diego Fictício,2026-08-06T05:15:53-03:00,"Minuta revisada, pendente de assinatura."
ANO000427,EXP000376,STJ-AGINT-2464971,JUDICIAL,GABSUB3-DVT,GABSUB3-DVT-U03,Carla Modelo,2026-08-18T17:45:35-03:00,Conferir anexos antes de movimentar.
ANO000428,EXP000377,STJ-ARESP-1787091,JUDICIAL,GABSUB3-DVT,GABSUB3-DVT-U04,Diego Fictício,2026-09-12T03:58:24-03:00,Relacionado a expediente anterior do mesmo interessado.
ANO000429,EXP000379,STJ-MS-3616515,JUDICIAL,GABSUB3-DVT,GABSUB3-DVT-U04,Diego Fictício,2026-09-20T12:03:22-03:00,Aguardando manifestação da área técnica.
ANO000430,EXP000380,STJ-AGINT-3824029,JUDICIAL,GABSUB3-DVT,GABSUB3-DVT-U02,Bruno Teste,2026-09-16T12:06:11-03:00,Aguardando manifestação da área técnica.
ANO000431,EXP000382,STJ-EDCL-3736879,JUDICIAL,GABSUB3-DVT,GABSUB3-DVT-U02,Bruno Teste,2026-09-29T23:05:36-03:00,Verificar prazo com a chefia.
ANO000432,EXP000382,STJ-EDCL-3736879,JUDICIAL,GABSUB3-DVT,GABSUB3-DVT-U04,Diego Fictício,2026-09-21T00:13:36-03:00,Conferir anexos antes de movimentar.
ANO000433,EXP000382,STJ-EDCL-3736879,JUDICIAL,GABSUB3-DVT,GABSUB3-DVT-U01,Ana Exemplo,2026-10-02T06:51:09-03:00,Verificar prazo com a chefia.
ANO000434,EXP000383,STJ-HC-1749426,JUDICIAL,GABSUB3-DVT,GABSUB3-DVT-U03,Carla Modelo,2026-09-25T00:07:52-03:00,Solicitadas informações complementares ao remetente.
ANO000435,EXP000383,STJ-HC-1749426,JUDICIAL,GABSUB3-DVT,GABSUB3-DVT-U01,Ana Exemplo,2026-09-30T04:04:04-03:00,"Minuta revisada, pendente de assinatura."
ANO000436,EXP000383,STJ-HC-1749426,JUDICIAL,GABSUB3-DVT,GABSUB3-DVT-U02,Bruno Teste,2026-09-24T05:52:16-03:00,"Minuta revisada, pendente de assinatura."
ANO000437,EXP000386,STJ-EDCL-2379379,JUDICIAL,GABSUB3-DVT,GABSUB3-DVT-U03,Carla Modelo,2026-09-27T00:14:24-03:00,Solicitadas informações complementares ao remetente.
ANO000438,EXP000387,STJ-MS-2899119,JUDICIAL,GABSUB3-DVT,GABSUB3-DVT-U01,Ana Exemplo,2026-10-06T19:56:06-03:00,Prioridade definida em reunião de equipe.
ANO000439,EXP000389,STJ-RESP-1464744,JUDICIAL,GABSUB3-DVT,GABSUB3-DVT-U06,Fábio Demo,2026-08-31T20:33:14-03:00,Verificar prazo com a chefia.
ANO000440,EXP000390,STJ-CC-2106508,JUDICIAL,GABSUB3-DVT,GABSUB3-DVT-U03,Carla Modelo,2026-09-22T19:16:06-03:00,Aguardando retorno de diligência.
ANO000441,EXP000391,STJ-CC-1851531,JUDICIAL,GABSUB3-DVT,GABSUB3-DVT-U01,Ana Exemplo,2026-10-07T12:33:21-03:00,Verificar prazo com a chefia.
ANO000442,EXP000393,STJ-ARESP-3601395,JUDICIAL,GABSUB3-DVT,GABSUB3-DVT-U06,Fábio Demo,2026-08-19T13:26:44-03:00,Solicitadas informações complementares ao remetente.
ANO000443,EXP000394,STJ-CC-3793539,JUDICIAL,GABSUB3-DVT,GABSUB3-DVT-U02,Bruno Teste,2026-10-07T08:25:19-03:00,"Minuta revisada, pendente de assinatura."
ANO000444,EXP000394,STJ-CC-3793539,JUDICIAL,GABSUB3-DVT,GABSUB3-DVT-U02,Bruno Teste,2026-10-02T02:46:46-03:00,Verificar prazo com a chefia.
ANO000445,EXP000394,STJ-CC-3793539,JUDICIAL,GABSUB3-DVT,GABSUB3-DVT-U03,Carla Modelo,2026-10-05T01:11:58-03:00,Aguardando retorno de diligência.
ANO000446,EXP000396,STJ-MS-1374443,JUDICIAL,GABSUB3-DVT,GABSUB3-DVT-U03,Carla Modelo,2026-09-28T11:39:04-03:00,Aguardando manifestação da área técnica.
ANO000447,EXP000397,STJ-EDCL-1034960,JUDICIAL,GABSUB3-DVT,GABSUB3-DVT-U03,Carla Modelo,2026-09-23T17:48:27-03:00,Conferir anexos antes de movimentar.
ANO000448,EXP000398,STJ-EDCL-3790580,JUDICIAL,GABSUB3-DVT,GABSUB3-DVT-U03,Carla Modelo,2026-10-06T07:34:14-03:00,Prioridade definida em reunião de equipe.
ANO000449,EXP000399,STJ-HC-2048662,JUDICIAL,GABSUB3-DVT,GABSUB3-DVT-U04,Diego Fictício,2026-10-01T20:54:07-03:00,Aguardando manifestação da área técnica.
ANO000450,EXP000400,STJ-AGINT-3148352,JUDICIAL,GABSUB3-DVT,GABSUB3-DVT-U04,Diego Fictício,2026-08-22T11:53:06-03:00,Aguardando manifestação da área técnica.
ANO000451,EXP000402,STJ-ARESP-3028867,JUDICIAL,GABSUB3-DVT,GABSUB3-DVT-U04,Diego Fictício,2026-09-22T17:10:20-03:00,Prioridade definida em reunião de equipe.
ANO000452,EXP000403,STJ-MS-2946005,JUDICIAL,GABSUB3-DVT,GABSUB3-DVT-U04,Diego Fictício,2026-08-12T00:22:45-03:00,Aguardando manifestação da área técnica.
ANO000453,EXP000403,STJ-MS-2946005,JUDICIAL,GABSUB3-DVT,GABSUB3-DVT-U02,Bruno Teste,2026-08-27T17:08:16-03:00,Solicitadas informações complementares ao remetente.
ANO000454,EXP000404,STJ-HC-2475838,JUDICIAL,GABSUB3-DVT,GABSUB3-DVT-U03,Carla Modelo,2026-09-26T05:54:31-03:00,Relacionado a expediente anterior do mesmo interessado.
ANO000455,EXP000405,STJ-RESP-1404920,JUDICIAL,GABSUB3-DVT,GABSUB3-DVT-U05,Elisa Amostra,2026-09-23T23:39:31-03:00,"Minuta revisada, pendente de assinatura."
ANO000456,EXP000406,STJ-APN-2059041,JUDICIAL,GABSUB3-DVT,GABSUB3-DVT-U04,Diego Fictício,2026-09-26T06:41:48-03:00,Relacionado a expediente anterior do mesmo interessado.
ANO000457,EXP000407,STJ-RHC-2986980,JUDICIAL,GABSUB3-DVT,GABSUB3-DVT-U01,Ana Exemplo,2026-10-04T08:34:52-03:00,Prioridade definida em reunião de equipe.
ANO000458,EXP000408,STJ-ARESP-2012499,JUDICIAL,GABSUB3-DVT,GABSUB3-DVT-U06,Fábio Demo,2026-09-11T13:46:19-03:00,Aguardando manifestação da área técnica.
ANO000459,EXP000408,STJ-ARESP-2012499,JUDICIAL,GABSUB3-DVT,GABSUB3-DVT-U02,Bruno Teste,2026-09-19T12:46:58-03:00,Verificar prazo com a chefia.
ANO000460,EXP000408,STJ-ARESP-2012499,JUDICIAL,GABSUB3-DVT,GABSUB3-DVT-U05,Elisa Amostra,2026-09-25T04:27:10-03:00,Aguardando manifestação da área técnica.
ANO000461,EXP000409,STJ-CC-1175075,JUDICIAL,GABSUB3-DVT,GABSUB3-DVT-U01,Ana Exemplo,2026-10-02T05:52:10-03:00,Aguardando retorno de diligência.
ANO000462,EXP000409,STJ-CC-1175075,JUDICIAL,GABSUB3-DVT,GABSUB3-DVT-U01,Ana Exemplo,2026-09-24T05:11:53-03:00,Conferir anexos antes de movimentar.
ANO000463,EXP000410,STJ-ARESP-3582237,JUDICIAL,GABSUB3-DVT,GABSUB3-DVT-U01,Ana Exemplo,2026-09-12T03:18:11-03:00,Relacionado a expediente anterior do mesmo interessado.
ANO000464,EXP000414,1.16.775.478661/2021-13,EXTRAJUDICIAL,GABSUB3-DVT,GABSUB3-DVT-U03,Carla Modelo,2026-09-03T21:39:30-03:00,Conferir anexos antes de movimentar.
ANO000465,EXP000415,PGR-00076688/2026,DOCUMENTO,GABSUB3-DVT,GABSUB3-DVT-U01,Ana Exemplo,2026-08-31T14:06:49-03:00,Prioridade definida em reunião de equipe.
ANO000466,EXP000417,PGR-00045595/2026,DOCUMENTO,GABSUB3-DVT,GABSUB3-DVT-U01,Ana Exemplo,2026-08-11T19:36:44-03:00,Relacionado a expediente anterior do mesmo interessado.
ANO000467,EXP000418,PGR-00092288/2026,DOCUMENTO,GABSUB3-DVT,GABSUB3-DVT-U04,Diego Fictício,2026-08-26T01:21:34-03:00,Relacionado a expediente anterior do mesmo interessado.
ANO000468,EXP000419,PGR-00042435/2026,DOCUMENTO,GABSUB3-DVT,GABSUB3-DVT-U05,Elisa Amostra,2026-08-24T22:13:45-03:00,Conferir anexos antes de movimentar.
ANO000469,EXP000420,PGR-00023532/2026,DOCUMENTO,GABSUB3-DVT,GABSUB3-DVT-U03,Carla Modelo,2026-07-25T03:56:22-03:00,Relacionado a expediente anterior do mesmo interessado.
ANO000470,EXP000421,PGR-00027402/2026,DOCUMENTO,GABSUB3-DVT,GABSUB3-DVT-U02,Bruno Teste,2026-08-10T12:11:01-03:00,Aguardando retorno de diligência.
ANO000471,EXP000421,PGR-00027402/2026,DOCUMENTO,GABSUB3-DVT,GABSUB3-DVT-U01,Ana Exemplo,2026-08-09T20:52:08-03:00,Verificar prazo com a chefia.
ANO000472,EXP000422,PGR-00020086/2026,DOCUMENTO,GABSUB3-DVT,GABSUB3-DVT-U01,Ana Exemplo,2026-09-24T06:26:10-03:00,Verificar prazo com a chefia.
ANO000473,EXP000423,PGR-00064577/2026,DOCUMENTO,GABSUB3-DVT,GABSUB3-DVT-U04,Diego Fictício,2026-08-22T15:41:09-03:00,Aguardando retorno de diligência.
ANO000474,EXP000424,PGR-00066139/2026,DOCUMENTO,GABSUB3-DVT,GABSUB3-DVT-U05,Elisa Amostra,2026-07-29T12:46:29-03:00,Relacionado a expediente anterior do mesmo interessado.
ANO000475,EXP000426,PGR-00059759/2026,DOCUMENTO,GABSUB3-DVT,GABSUB3-DVT-U02,Bruno Teste,2026-07-20T23:36:27-03:00,Relacionado a expediente anterior do mesmo interessado.
ANO000476,EXP000426,PGR-00059759/2026,DOCUMENTO,GABSUB3-DVT,GABSUB3-DVT-U02,Bruno Teste,2026-08-10T23:45:04-03:00,Relacionado a expediente anterior do mesmo interessado.
ANO000477,EXP000427,PGR-00021271/2026,DOCUMENTO,GABSUB3-DVT,GABSUB3-DVT-U02,Bruno Teste,2026-06-30T23:35:48-03:00,Solicitadas informações complementares ao remetente.
ANO000478,EXP000427,PGR-00021271/2026,DOCUMENTO,GABSUB3-DVT,GABSUB3-DVT-U03,Carla Modelo,2026-06-29T17:59:55-03:00,"Minuta revisada, pendente de assinatura."
ANO000479,EXP000427,PGR-00021271/2026,DOCUMENTO,GABSUB3-DVT,GABSUB3-DVT-U04,Diego Fictício,2026-07-01T20:03:41-03:00,"Minuta revisada, pendente de assinatura."
ANO000480,EXP000428,PGR-00039320/2026,DOCUMENTO,GABSUB3-DVT,GABSUB3-DVT-U02,Bruno Teste,2026-07-17T03:33:11-03:00,Aguardando retorno de diligência.
ANO000481,EXP000428,PGR-00039320/2026,DOCUMENTO,GABSUB3-DVT,GABSUB3-DVT-U04,Diego Fictício,2026-07-19T13:51:44-03:00,Relacionado a expediente anterior do mesmo interessado.
ANO000482,EXP000428,PGR-00039320/2026,DOCUMENTO,GABSUB3-DVT,GABSUB3-DVT-U05,Elisa Amostra,2026-07-21T17:33:44-03:00,Prioridade definida em reunião de equipe.
ANO000483,EXP000429,PGR-00023299/2026,DOCUMENTO,GABSUB3-DVT,GABSUB3-DVT-U04,Diego Fictício,2026-07-06T21:59:13-03:00,Relacionado a expediente anterior do mesmo interessado.
ANO000484,EXP000429,PGR-00023299/2026,DOCUMENTO,GABSUB3-DVT,GABSUB3-DVT-U03,Carla Modelo,2026-07-13T03:35:33-03:00,Conferir anexos antes de movimentar.
ANO000485,EXP000429,PGR-00023299/2026,DOCUMENTO,GABSUB3-DVT,GABSUB3-DVT-U04,Diego Fictício,2026-07-16T04:01:19-03:00,Conferir anexos antes de movimentar.
ANO000486,EXP000430,PGR-00048202/2026,DOCUMENTO,GABSUB3-DVT,GABSUB3-DVT-U03,Carla Modelo,2026-07-26T15:35:33-03:00,Verificar prazo com a chefia.
ANO000487,EXP000430,PGR-00048202/2026,DOCUMENTO,GABSUB3-DVT,GABSUB3-DVT-U06,Fábio Demo,2026-07-11T22:00:23-03:00,Solicitadas informações complementares ao remetente.
ANO000488,EXP000431,PGR-00043140/2026,DOCUMENTO,GABSUB3-DVT,GABSUB3-DVT-U06,Fábio Demo,2026-09-10T18:25:08-03:00,Aguardando manifestação da área técnica.
ANO000489,EXP000431,PGR-00043140/2026,DOCUMENTO,GABSUB3-DVT,GABSUB3-DVT-U03,Carla Modelo,2026-09-04T18:20:15-03:00,Conferir anexos antes de movimentar.
ANO000490,EXP000431,PGR-00043140/2026,DOCUMENTO,GABSUB3-DVT,GABSUB3-DVT-U06,Fábio Demo,2026-09-18T05:11:31-03:00,"Minuta revisada, pendente de assinatura."
ANO000491,EXP000432,PGR-00061832/2026,DOCUMENTO,GABSUB3-DVT,GABSUB3-DVT-U05,Elisa Amostra,2026-06-14T07:46:39-03:00,Aguardando manifestação da área técnica.
ANO000492,EXP000433,PGR-00001599/2026,DOCUMENTO,GABSUB3-DVT,GABSUB3-DVT-U05,Elisa Amostra,2026-09-08T13:59:01-03:00,Aguardando retorno de diligência.
ANO000493,EXP000434,PGR-00000091/2026,DOCUMENTO,GABSUB3-DVT,GABSUB3-DVT-U05,Elisa Amostra,2026-08-06T20:23:15-03:00,Solicitadas informações complementares ao remetente.
ANO000494,EXP000434,PGR-00000091/2026,DOCUMENTO,GABSUB3-DVT,GABSUB3-DVT-U01,Ana Exemplo,2026-08-07T00:21:52-03:00,Aguardando retorno de diligência.
ANO000495,EXP000434,PGR-00000091/2026,DOCUMENTO,GABSUB3-DVT,GABSUB3-DVT-U03,Carla Modelo,2026-07-29T09:14:30-03:00,Prioridade definida em reunião de equipe.
ANO000496,EXP000436,PGR-00027820/2026,DOCUMENTO,GABSUB3-DVT,GABSUB3-DVT-U04,Diego Fictício,2026-08-10T16:26:48-03:00,Prioridade definida em reunião de equipe.
ANO000497,EXP000437,PGR-00057576/2026,DOCUMENTO,GABSUB3-DVT,GABSUB3-DVT-U02,Bruno Teste,2026-08-14T14:06:32-03:00,Aguardando retorno de diligência.
ANO000498,EXP000438,PGR-00093323/2026,DOCUMENTO,GABSUB3-DVT,GABSUB3-DVT-U04,Diego Fictício,2026-09-30T10:35:39-03:00,Prioridade definida em reunião de equipe.
ANO000499,EXP000438,PGR-00093323/2026,DOCUMENTO,GABSUB3-DVT,GABSUB3-DVT-U03,Carla Modelo,2026-10-01T09:54:53-03:00,Conferir anexos antes de movimentar.
ANO000500,EXP000438,PGR-00093323/2026,DOCUMENTO,GABSUB3-DVT,GABSUB3-DVT-U03,Carla Modelo,2026-09-29T20:59:17-03:00,Solicitadas informações complementares ao remetente.
ANO000501,EXP000440,PGR-00091978/2026,DOCUMENTO,GABSUB3-DVT,GABSUB3-DVT-U02,Bruno Teste,2026-06-25T08:44:22-03:00,Prioridade definida em reunião de equipe.
ANO000502,EXP000440,PGR-00091978/2026,DOCUMENTO,GABSUB3-DVT,GABSUB3-DVT-U06,Fábio Demo,2026-06-24T05:40:18-03:00,Conferir anexos antes de movimentar.
ANO000503,EXP000440,PGR-00091978/2026,DOCUMENTO,GABSUB3-DVT,GABSUB3-DVT-U05,Elisa Amostra,2026-07-08T17:45:21-03:00,Aguardando retorno de diligência.
ANO000504,EXP000442,PGR-00014630/2026,DOCUMENTO,GABSUB3-DVT,GABSUB3-DVT-U05,Elisa Amostra,2026-10-01T06:12:23-03:00,Aguardando retorno de diligência.
ANO000505,EXP000443,PGR-00047392/2026,DOCUMENTO,GABSUB3-DVT,GABSUB3-DVT-U01,Ana Exemplo,2026-10-01T08:19:29-03:00,Relacionado a expediente anterior do mesmo interessado.
ANO000506,EXP000443,PGR-00047392/2026,DOCUMENTO,GABSUB3-DVT,GABSUB3-DVT-U06,Fábio Demo,2026-09-27T09:06:26-03:00,Relacionado a expediente anterior do mesmo interessado.
ANO000507,EXP000444,PGR-00003552/2026,DOCUMENTO,GABSUB3-DVT,GABSUB3-DVT-U03,Carla Modelo,2026-07-11T00:58:50-03:00,Relacionado a expediente anterior do mesmo interessado.
ANO000508,EXP000445,PGR-00028256/2026,DOCUMENTO,GABSUB3-DVT,GABSUB3-DVT-U06,Fábio Demo,2026-09-24T14:27:18-03:00,Solicitadas informações complementares ao remetente.
ANO000509,EXP000446,PGR-00069950/2026,DOCUMENTO,GABSUB3-DVT,GABSUB3-DVT-U01,Ana Exemplo,2026-10-05T04:58:29-03:00,Relacionado a expediente anterior do mesmo interessado.
ANO000510,EXP000447,PGR-00054604/2026,DOCUMENTO,GABSUB3-DVT,GABSUB3-DVT-U03,Carla Modelo,2026-06-26T16:42:24-03:00,Solicitadas informações complementares ao remetente.
ANO000511,EXP000447,PGR-00054604/2026,DOCUMENTO,GABSUB3-DVT,GABSUB3-DVT-U03,Carla Modelo,2026-07-02T21:15:07-03:00,Aguardando retorno de diligência.
ANO000512,EXP000447,PGR-00054604/2026,DOCUMENTO,GABSUB3-DVT,GABSUB3-DVT-U03,Carla Modelo,2026-06-23T19:36:22-03:00,Verificar prazo com a chefia.
ANO000513,EXP000448,PGR-00038779/2026,DOCUMENTO,GABSUB3-DVT,GABSUB3-DVT-U01,Ana Exemplo,2026-09-02T07:11:55-03:00,Aguardando retorno de diligência.
ANO000514,EXP000448,PGR-00038779/2026,DOCUMENTO,GABSUB3-DVT,GABSUB3-DVT-U05,Elisa Amostra,2026-09-08T22:45:53-03:00,Conferir anexos antes de movimentar.
ANO000515,EXP000448,PGR-00038779/2026,DOCUMENTO,GABSUB3-DVT,GABSUB3-DVT-U06,Fábio Demo,2026-08-31T08:58:26-03:00,Aguardando retorno de diligência.
ANO000516,EXP000449,PGR-00026348/2026,DOCUMENTO,GABSUB3-DVT,GABSUB3-DVT-U05,Elisa Amostra,2026-07-24T05:48:30-03:00,"Minuta revisada, pendente de assinatura."
ANO000517,EXP000449,PGR-00026348/2026,DOCUMENTO,GABSUB3-DVT,GABSUB3-DVT-U02,Bruno Teste,2026-08-15T19:30:28-03:00,Relacionado a expediente anterior do mesmo interessado.
ANO000518,EXP000451,PGR-00006151/2026,DOCUMENTO,GABSUB3-DVT,GABSUB3-DVT-U03,Carla Modelo,2026-07-03T22:40:44-03:00,Conferir anexos antes de movimentar.
ANO000519,EXP000452,PGR-00019515/2026,DOCUMENTO,GABSUB3-DVT,GABSUB3-DVT-U04,Diego Fictício,2026-08-16T01:24:03-03:00,"Minuta revisada, pendente de assinatura."
ANO000520,EXP000453,PGR-00050028/2026,DOCUMENTO,GABSUB3-DVT,GABSUB3-DVT-U04,Diego Fictício,2026-09-24T19:48:03-03:00,Aguardando retorno de diligência.
ANO000521,EXP000453,PGR-00050028/2026,DOCUMENTO,GABSUB3-DVT,GABSUB3-DVT-U06,Fábio Demo,2026-10-04T07:03:33-03:00,Conferir anexos antes de movimentar.
ANO000522,EXP000454,PGR-00086443/2026,DOCUMENTO,GABSUB3-DVT,GABSUB3-DVT-U03,Carla Modelo,2026-09-03T17:40:09-03:00,Aguardando retorno de diligência.
ANO000523,EXP000455,PGR-00015418/2026,DOCUMENTO,GABSUB3-DVT,GABSUB3-DVT-U06,Fábio Demo,2026-08-02T02:43:23-03:00,Conferir anexos antes de movimentar.
ANO000524,EXP000456,PGR-00048656/2026,DOCUMENTO,GABSUB3-DVT,GABSUB3-DVT-U01,Ana Exemplo,2026-07-26T00:56:00-03:00,Prioridade definida em reunião de equipe.
ANO000525,EXP000456,PGR-00048656/2026,DOCUMENTO,GABSUB3-DVT,GABSUB3-DVT-U04,Diego Fictício,2026-07-26T19:16:25-03:00,Aguardando manifestação da área técnica.
ANO000526,EXP000458,PGR-00020103/2026,DOCUMENTO,GABSUB3-DVT,GABSUB3-DVT-U04,Diego Fictício,2026-09-29T15:38:21-03:00,Relacionado a expediente anterior do mesmo interessado.
ANO000527,EXP000459,PGR-00013088/2026,DOCUMENTO,GABSUB3-DVT,GABSUB3-DVT-U03,Carla Modelo,2026-09-05T10:23:04-03:00,Aguardando retorno de diligência.
ANO000528,EXP000460,PGR-00074057/2026,DOCUMENTO,GABSUB3-DVT,GABSUB3-DVT-U04,Diego Fictício,2026-08-16T13:01:21-03:00,Conferir anexos antes de movimentar.
ANO000529,EXP000460,PGR-00074057/2026,DOCUMENTO,GABSUB3-DVT,GABSUB3-DVT-U03,Carla Modelo,2026-08-21T10:14:10-03:00,Solicitadas informações complementares ao remetente.
ANO000530,EXP000461,PGR-00044895/2026,DOCUMENTO,GABSUB3-DVT,GABSUB3-DVT-U04,Diego Fictício,2026-08-06T09:28:02-03:00,"Minuta revisada, pendente de assinatura."
ANO000531,EXP000461,PGR-00044895/2026,DOCUMENTO,GABSUB3-DVT,GABSUB3-DVT-U06,Fábio Demo,2026-07-10T07:30:16-03:00,Conferir anexos antes de movimentar.
ANO000532,EXP000461,PGR-00044895/2026,DOCUMENTO,GABSUB3-DVT,GABSUB3-DVT-U05,Elisa Amostra,2026-08-06T05:52:17-03:00,Conferir anexos antes de movimentar.
ANO000533,EXP000462,PGR-00014772/2026,DOCUMENTO,GABSUB3-DVT,GABSUB3-DVT-U04,Diego Fictício,2026-10-01T04:08:54-03:00,Solicitadas informações complementares ao remetente.
ANO000534,EXP000462,PGR-00014772/2026,DOCUMENTO,GABSUB3-DVT,GABSUB3-DVT-U02,Bruno Teste,2026-09-30T00:41:05-03:00,Relacionado a expediente anterior do mesmo interessado.
ANO000535,EXP000463,PGR-00022640/2026,DOCUMENTO,GABSUB3-DVT,GABSUB3-DVT-U05,Elisa Amostra,2026-07-03T08:51:10-03:00,"Minuta revisada, pendente de assinatura."
ANO000536,EXP000463,PGR-00022640/2026,DOCUMENTO,GABSUB3-DVT,GABSUB3-DVT-U02,Bruno Teste,2026-07-04T22:59:44-03:00,Verificar prazo com a chefia.
ANO000537,EXP000463,PGR-00022640/2026,DOCUMENTO,GABSUB3-DVT,GABSUB3-DVT-U01,Ana Exemplo,2026-07-08T10:24:52-03:00,Aguardando manifestação da área técnica.
ANO000538,EXP000464,PGR-00039291/2026,DOCUMENTO,GABSUB3-DVT,GABSUB3-DVT-U06,Fábio Demo,2026-08-14T18:11:06-03:00,Aguardando retorno de diligência.
ANO000539,EXP000465,PGR-00019504/2026,DOCUMENTO,GABSUB3-DVT,GABSUB3-DVT-U03,Carla Modelo,2026-08-01T15:52:29-03:00,Prioridade definida em reunião de equipe.
ANO000540,EXP000465,PGR-00019504/2026,DOCUMENTO,GABSUB3-DVT,GABSUB3-DVT-U06,Fábio Demo,2026-08-06T14:58:49-03:00,Relacionado a expediente anterior do mesmo interessado.
ANO000541,EXP000465,PGR-00019504/2026,DOCUMENTO,GABSUB3-DVT,GABSUB3-DVT-U04,Diego Fictício,2026-07-28T13:24:02-03:00,Prioridade definida em reunião de equipe.
ANO000542,EXP000466,PGR-00021376/2026,DOCUMENTO,GABSUB3-DVT,GABSUB3-DVT-U02,Bruno Teste,2026-09-15T13:05:27-03:00,Prioridade definida em reunião de equipe.
ANO000543,EXP000466,PGR-00021376/2026,DOCUMENTO,GABSUB3-DVT,GABSUB3-DVT-U04,Diego Fictício,2026-09-18T05:37:29-03:00,Solicitadas informações complementares ao remetente.
ANO000544,EXP000468,PGR-00026535/2026,DOCUMENTO,GABSUB3-DVT,GABSUB3-DVT-U05,Elisa Amostra,2026-09-16T12:58:30-03:00,Verificar prazo com a chefia.
ANO000545,EXP000470,PGR-00058794/2026,DOCUMENTO,GABSUB3-DVT,GABSUB3-DVT-U01,Ana Exemplo,2026-07-21T17:29:43-03:00,Solicitadas informações complementares ao remetente.
ANO000546,EXP000472,PGR-00022667/2026,DOCUMENTO,GABSUB3-DVT,GABSUB3-DVT-U05,Elisa Amostra,2026-09-11T05:40:29-03:00,Verificar prazo com a chefia.
ANO000547,EXP000472,PGR-00022667/2026,DOCUMENTO,GABSUB3-DVT,GABSUB3-DVT-U06,Fábio Demo,2026-09-02T21:29:48-03:00,Solicitadas informações complementares ao remetente.
ANO000548,EXP000472,PGR-00022667/2026,DOCUMENTO,GABSUB3-DVT,GABSUB3-DVT-U05,Elisa Amostra,2026-08-26T20:01:09-03:00,Relacionado a expediente anterior do mesmo interessado.
ANO000549,EXP000473,PGR-00059337/2026,DOCUMENTO,GABSUB3-DVT,GABSUB3-DVT-U01,Ana Exemplo,2026-09-24T07:56:13-03:00,Conferir anexos antes de movimentar.
ANO000550,EXP000474,PGR-00066469/2026,DOCUMENTO,GABSUB3-DVT,GABSUB3-DVT-U03,Carla Modelo,2026-06-23T23:22:08-03:00,Verificar prazo com a chefia.
ANO000551,EXP000477,PGR-00054969/2026,DOCUMENTO,GABSUB3-DVT,GABSUB3-DVT-U04,Diego Fictício,2026-07-24T21:45:51-03:00,Aguardando manifestação da área técnica.
ANO000552,EXP000478,PGR-00059931/2026,DOCUMENTO,GABSUB3-DVT,GABSUB3-DVT-U05,Elisa Amostra,2026-07-28T11:44:47-03:00,Aguardando retorno de diligência.
ANO000553,EXP000478,PGR-00059931/2026,DOCUMENTO,GABSUB3-DVT,GABSUB3-DVT-U05,Elisa Amostra,2026-08-24T19:02:27-03:00,Solicitadas informações complementares ao remetente.
ANO000554,EXP000478,PGR-00059931/2026,DOCUMENTO,GABSUB3-DVT,GABSUB3-DVT-U01,Ana Exemplo,2026-08-30T11:17:14-03:00,Conferir anexos antes de movimentar.
ANO000555,EXP000481,PGR-00075929/2026,DOCUMENTO,GABSUB3-DVT,GABSUB3-DVT-U01,Ana Exemplo,2026-09-10T03:17:24-03:00,"Minuta revisada, pendente de assinatura."
ANO000556,EXP000482,PGR-00001033/2026,DOCUMENTO,GABSUB3-DVT,GABSUB3-DVT-U01,Ana Exemplo,2026-09-20T03:41:00-03:00,Relacionado a expediente anterior do mesmo interessado.
ANO000557,EXP000483,PGR-00034463/2026,DOCUMENTO,GABSUB3-DVT,GABSUB3-DVT-U01,Ana Exemplo,2026-06-13T03:04:26-03:00,Solicitadas informações complementares ao remetente.
ANO000558,EXP000485,PGR-00002868/2026,DOCUMENTO,GABSUB3-DVT,GABSUB3-DVT-U02,Bruno Teste,2026-07-30T02:41:26-03:00,Prioridade definida em reunião de equipe.
ANO000559,EXP000487,PGR-00052420/2026,DOCUMENTO,GABSUB3-DVT,GABSUB3-DVT-U02,Bruno Teste,2026-07-09T19:15:46-03:00,Aguardando manifestação da área técnica.
ANO000560,EXP000487,PGR-00052420/2026,DOCUMENTO,GABSUB3-DVT,GABSUB3-DVT-U02,Bruno Teste,2026-07-31T18:24:53-03:00,Aguardando manifestação da área técnica.
ANO000561,EXP000487,PGR-00052420/2026,DOCUMENTO,GABSUB3-DVT,GABSUB3-DVT-U02,Bruno Teste,2026-07-08T19:37:35-03:00,Conferir anexos antes de movimentar.
ANO000562,EXP000488,PGR-00089585/2026,DOCUMENTO,GABSUB3-DVT,GABSUB3-DVT-U06,Fábio Demo,2026-06-20T17:35:04-03:00,Relacionado a expediente anterior do mesmo interessado.
ANO000563,EXP000489,PGR-00018615/2026,DOCUMENTO,GABSUB3-DVT,GABSUB3-DVT-U02,Bruno Teste,2026-08-15T03:23:57-03:00,Solicitadas informações complementares ao remetente.
ANO000564,EXP000490,PGR-00097113/2026,DOCUMENTO,GABSUB3-DVT,GABSUB3-DVT-U02,Bruno Teste,2026-08-01T04:03:59-03:00,"Minuta revisada, pendente de assinatura."
ANO000565,EXP000493,PGR-00075976/2026,DOCUMENTO,GABSUB3-DVT,GABSUB3-DVT-U03,Carla Modelo,2026-09-18T08:05:55-03:00,Aguardando retorno de diligência.
ANO000566,EXP000494,PGR-00013942/2026,DOCUMENTO,GABSUB3-DVT,GABSUB3-DVT-U01,Ana Exemplo,2026-09-16T14:51:48-03:00,Verificar prazo com a chefia.
ANO000567,EXP000495,PGR-00051624/2026,DOCUMENTO,GABSUB3-DVT,GABSUB3-DVT-U01,Ana Exemplo,2026-08-02T18:49:58-03:00,Solicitadas informações complementares ao remetente.
ANO000568,EXP000496,PGR-00006277/2026,DOCUMENTO,GABSUB3-DVT,GABSUB3-DVT-U03,Carla Modelo,2026-08-21T02:22:10-03:00,Relacionado a expediente anterior do mesmo interessado.
ANO000569,EXP000496,PGR-00006277/2026,DOCUMENTO,GABSUB3-DVT,GABSUB3-DVT-U03,Carla Modelo,2026-08-15T18:20:27-03:00,Prioridade definida em reunião de equipe.
ANO000570,EXP000496,PGR-00006277/2026,DOCUMENTO,GABSUB3-DVT,GABSUB3-DVT-U04,Diego Fictício,2026-08-06T00:16:24-03:00,Relacionado a expediente anterior do mesmo interessado.
ANO000571,EXP000497,PGR-00096466/2026,DOCUMENTO,GABSUB3-DVT,GABSUB3-DVT-U05,Elisa Amostra,2026-06-22T20:23:08-03:00,"Minuta revisada, pendente de assinatura."
ANO000572,EXP000500,PGR-00026996/2026,DOCUMENTO,GABSUB3-DVT,GABSUB3-DVT-U06,Fábio Demo,2026-06-17T05:14:14-03:00,Relacionado a expediente anterior do mesmo interessado.
ANO000573,EXP000503,PGR-00057016/2026,DOCUMENTO,GABSUB3-DVT,GABSUB3-DVT-U05,Elisa Amostra,2026-09-28T11:42:06-03:00,Prioridade definida em reunião de equipe.
ANO000574,EXP000505,PGR-00074580/2026,DOCUMENTO,GABSUB3-DVT,GABSUB3-DVT-U01,Ana Exemplo,2026-07-29T17:30:31-03:00,Prioridade definida em reunião de equipe.
ANO000575,EXP000506,PGR-00063494/2026,DOCUMENTO,GABSUB3-DVT,GABSUB3-DVT-U01,Ana Exemplo,2026-09-16T05:26:11-03:00,Solicitadas informações complementares ao remetente.
ANO000576,EXP000506,PGR-00063494/2026,DOCUMENTO,GABSUB3-DVT,GABSUB3-DVT-U06,Fábio Demo,2026-09-17T14:05:37-03:00,Aguardando retorno de diligência.
ANO000577,EXP000506,PGR-00063494/2026,DOCUMENTO,GABSUB3-DVT,GABSUB3-DVT-U02,Bruno Teste,2026-09-17T07:51:23-03:00,Solicitadas informações complementares ao remetente.
ANO000578,EXP000509,PGR-00011814/2026,DOCUMENTO,GABSUB3-DVT,GABSUB3-DVT-U01,Ana Exemplo,2026-08-04T09:52:30-03:00,Aguardando manifestação da área técnica.
ANO000579,EXP000510,PGR-00074080/2026,DOCUMENTO,GABSUB3-DVT,GABSUB3-DVT-U02,Bruno Teste,2026-08-14T07:53:11-03:00,Aguardando manifestação da área técnica.
ANO000580,EXP000512,PGR-00035426/2026,DOCUMENTO,GABSUB3-DVT,GABSUB3-DVT-U06,Fábio Demo,2026-07-02T20:17:38-03:00,Solicitadas informações complementares ao remetente.
ANO000581,EXP000512,PGR-00035426/2026,DOCUMENTO,GABSUB3-DVT,GABSUB3-DVT-U06,Fábio Demo,2026-07-03T11:50:12-03:00,Prioridade definida em reunião de equipe.
ANO000582,EXP000513,PGR-00058716/2026,DOCUMENTO,GABSUB3-DVT,GABSUB3-DVT-U03,Carla Modelo,2026-06-30T08:40:22-03:00,Conferir anexos antes de movimentar.
ANO000583,EXP000513,PGR-00058716/2026,DOCUMENTO,GABSUB3-DVT,GABSUB3-DVT-U03,Carla Modelo,2026-06-26T20:24:38-03:00,Prioridade definida em reunião de equipe.
ANO000584,EXP000515,PGR-00036223/2026,DOCUMENTO,GABSUB3-DVT,GABSUB3-DVT-U04,Diego Fictício,2026-06-28T14:47:16-03:00,Aguardando retorno de diligência.
ANO000585,EXP000515,PGR-00036223/2026,DOCUMENTO,GABSUB3-DVT,GABSUB3-DVT-U01,Ana Exemplo,2026-07-09T07:38:59-03:00,Prioridade definida em reunião de equipe.
ANO000586,EXP000516,PGR-00040907/2026,DOCUMENTO,GABSUB3-DVT,GABSUB3-DVT-U04,Diego Fictício,2026-07-26T07:20:15-03:00,Verificar prazo com a chefia.
ANO000587,EXP000516,PGR-00040907/2026,DOCUMENTO,GABSUB3-DVT,GABSUB3-DVT-U02,Bruno Teste,2026-07-27T01:12:06-03:00,Aguardando manifestação da área técnica.
ANO000588,EXP000516,PGR-00040907/2026,DOCUMENTO,GABSUB3-DVT,GABSUB3-DVT-U05,Elisa Amostra,2026-07-26T01:06:44-03:00,Verificar prazo com a chefia.
ANO000589,EXP000520,PGR-00097574/2026,DOCUMENTO,GABSUB3-DVT,GABSUB3-DVT-U06,Fábio Demo,2026-08-05T02:45:24-03:00,Aguardando retorno de diligência.
ANO000590,EXP000520,PGR-00097574/2026,DOCUMENTO,GABSUB3-DVT,GABSUB3-DVT-U03,Carla Modelo,2026-08-06T13:41:41-03:00,Aguardando manifestação da área técnica.
ANO000591,EXP000520,PGR-00097574/2026,DOCUMENTO,GABSUB3-DVT,GABSUB3-DVT-U06,Fábio Demo,2026-08-05T00:19:04-03:00,Verificar prazo com a chefia.
ANO000592,EXP000521,PGR-00093437/2026,DOCUMENTO,GABSUB3-DVT,GABSUB3-DVT-U02,Bruno Teste,2026-06-12T10:15:41-03:00,"Minuta revisada, pendente de assinatura."
ANO000593,EXP000522,PGR-00007137/2026,DOCUMENTO,GABSUB3-DVT,GABSUB3-DVT-U05,Elisa Amostra,2026-07-06T16:36:32-03:00,Aguardando retorno de diligência.
ANO000594,EXP000523,PGR-00017377/2026,DOCUMENTO,GABSUB3-DVT,GABSUB3-DVT-U04,Diego Fictício,2026-07-18T09:15:50-03:00,Conferir anexos antes de movimentar.
ANO000595,EXP000523,PGR-00017377/2026,DOCUMENTO,GABSUB3-DVT,GABSUB3-DVT-U02,Bruno Teste,2026-07-22T14:59:36-03:00,Prioridade definida em reunião de equipe.
ANO000596,EXP000523,PGR-00017377/2026,DOCUMENTO,GABSUB3-DVT,GABSUB3-DVT-U02,Bruno Teste,2026-07-24T10:09:42-03:00,Prioridade definida em reunião de equipe.
ANO000597,EXP000524,PGR-00086126/2026,DOCUMENTO,GABSUB3-DVT,GABSUB3-DVT-U05,Elisa Amostra,2026-09-25T01:18:36-03:00,Aguardando manifestação da área técnica.
ANO000598,EXP000524,PGR-00086126/2026,DOCUMENTO,GABSUB3-DVT,GABSUB3-DVT-U03,Carla Modelo,2026-09-29T13:04:42-03:00,Solicitadas informações complementares ao remetente.
ANO000599,EXP000524,PGR-00086126/2026,DOCUMENTO,GABSUB3-DVT,GABSUB3-DVT-U04,Diego Fictício,2026-09-29T12:53:16-03:00,Conferir anexos antes de movimentar.
ANO000600,EXP000526,PGR-00072459/2026,DOCUMENTO,GABSUB3-DVT,GABSUB3-DVT-U01,Ana Exemplo,2026-09-15T22:39:33-03:00,Aguardando retorno de diligência.
ANO000601,EXP000528,PGR-00056049/2026,DOCUMENTO,GABSUB3-DVT,GABSUB3-DVT-U01,Ana Exemplo,2026-07-02T13:43:41-03:00,Solicitadas informações complementares ao remetente.
ANO000602,EXP000528,PGR-00056049/2026,DOCUMENTO,GABSUB3-DVT,GABSUB3-DVT-U02,Bruno Teste,2026-07-08T12:48:56-03:00,Solicitadas informações complementares ao remetente.
ANO000603,EXP000530,PGR-00066833/2026,DOCUMENTO,GABSUB3-DVT,GABSUB3-DVT-U03,Carla Modelo,2026-08-29T18:38:12-03:00,Prioridade definida em reunião de equipe.
ANO000604,EXP000531,PGR-00050120/2026,DOCUMENTO,GABSUB3-DVT,GABSUB3-DVT-U03,Carla Modelo,2026-07-13T14:40:48-03:00,"Minuta revisada, pendente de assinatura."
ANO000605,EXP000531,PGR-00050120/2026,DOCUMENTO,GABSUB3-DVT,GABSUB3-DVT-U04,Diego Fictício,2026-07-12T20:19:59-03:00,Aguardando manifestação da área técnica.
ANO000606,EXP000531,PGR-00050120/2026,DOCUMENTO,GABSUB3-DVT,GABSUB3-DVT-U04,Diego Fictício,2026-07-27T05:16:13-03:00,"Minuta revisada, pendente de assinatura."
ANO000607,EXP000533,PGR-00057335/2026,DOCUMENTO,GABSUB3-DVT,GABSUB3-DVT-U06,Fábio Demo,2026-08-28T09:41:10-03:00,Relacionado a expediente anterior do mesmo interessado.
ANO000608,EXP000536,PGR-00093881/2026,DOCUMENTO,GABSUB3-DVT,GABSUB3-DVT-U01,Ana Exemplo,2026-08-21T03:42:39-03:00,Aguardando manifestação da área técnica.
ANO000609,EXP000538,PGR-00057416/2026,DOCUMENTO,GABSUB3-DVT,GABSUB3-DVT-U04,Diego Fictício,2026-08-07T02:03:31-03:00,"Minuta revisada, pendente de assinatura."
ANO000610,EXP000539,PGR-00086607/2026,DOCUMENTO,GABSUB3-DVT,GABSUB3-DVT-U02,Bruno Teste,2026-08-19T21:19:43-03:00,Relacionado a expediente anterior do mesmo interessado.
ANO000611,EXP000539,PGR-00086607/2026,DOCUMENTO,GABSUB3-DVT,GABSUB3-DVT-U03,Carla Modelo,2026-08-25T20:48:28-03:00,Verificar prazo com a chefia.
ANO000612,EXP000540,STJ-HC-1869289,JUDICIAL,GABSUB3-DVT,GABSUB3-DVT-U02,Bruno Teste,2026-07-31T08:35:39-03:00,"Minuta revisada, pendente de assinatura."
ANO000613,EXP000540,STJ-HC-1869289,JUDICIAL,GABSUB3-DVT,GABSUB3-DVT-U05,Elisa Amostra,2026-08-08T10:57:48-03:00,Relacionado a expediente anterior do mesmo interessado.
ANO000614,EXP000540,STJ-HC-1869289,JUDICIAL,GABSUB3-DVT,GABSUB3-DVT-U04,Diego Fictício,2026-08-12T03:55:02-03:00,Aguardando manifestação da área técnica.
ANO000615,EXP000541,STJ-RESP-3444186,JUDICIAL,GABSUB3-DVT,GABSUB3-DVT-U05,Elisa Amostra,2026-08-06T20:01:03-03:00,Prioridade definida em reunião de equipe.
ANO000616,EXP000541,STJ-RESP-3444186,JUDICIAL,GABSUB3-DVT,GABSUB3-DVT-U05,Elisa Amostra,2026-08-07T09:32:41-03:00,Conferir anexos antes de movimentar.
ANO000617,EXP000543,STJ-AGINT-1228035,JUDICIAL,GABSUB3-DVT,GABSUB3-DVT-U04,Diego Fictício,2026-09-05T06:13:53-03:00,"Minuta revisada, pendente de assinatura."
ANO000618,EXP000544,STJ-ARESP-3597435,JUDICIAL,GABSUB3-DVT,GABSUB3-DVT-U03,Carla Modelo,2026-07-17T01:17:52-03:00,Prioridade definida em reunião de equipe.
ANO000619,EXP000544,STJ-ARESP-3597435,JUDICIAL,GABSUB3-DVT,GABSUB3-DVT-U04,Diego Fictício,2026-07-31T01:43:53-03:00,Aguardando manifestação da área técnica.
ANO000620,EXP000545,STJ-RESP-1060164,JUDICIAL,GABSUB3-DVT,GABSUB3-DVT-U06,Fábio Demo,2026-07-06T02:06:55-03:00,Aguardando manifestação da área técnica.
ANO000621,EXP000546,STJ-AGINT-2121073,JUDICIAL,GABSUB3-DVT,GABSUB3-DVT-U05,Elisa Amostra,2026-07-22T18:51:26-03:00,Aguardando retorno de diligência.
ANO000622,EXP000547,STJ-EDCL-3284180,JUDICIAL,GABSUB3-DVT,GABSUB3-DVT-U03,Carla Modelo,2026-06-29T01:07:09-03:00,Aguardando retorno de diligência.
ANO000623,EXP000548,STJ-HC-3707273,JUDICIAL,GABSUB3-DVT,GABSUB3-DVT-U02,Bruno Teste,2026-09-19T19:24:13-03:00,Solicitadas informações complementares ao remetente.
ANO000624,EXP000549,STJ-APN-1016948,JUDICIAL,GABSUB3-DVT,GABSUB3-DVT-U05,Elisa Amostra,2026-08-26T03:43:44-03:00,Conferir anexos antes de movimentar.
ANO000625,EXP000550,STJ-HC-1002501,JUDICIAL,GABSUB3-DVT,GABSUB3-DVT-U02,Bruno Teste,2026-09-16T18:52:34-03:00,Aguardando manifestação da área técnica.
ANO000626,EXP000550,STJ-HC-1002501,JUDICIAL,GABSUB3-DVT,GABSUB3-DVT-U01,Ana Exemplo,2026-09-23T09:29:24-03:00,Verificar prazo com a chefia.
ANO000627,EXP000550,STJ-HC-1002501,JUDICIAL,GABSUB3-DVT,GABSUB3-DVT-U02,Bruno Teste,2026-09-20T17:22:10-03:00,Verificar prazo com a chefia.
ANO000628,EXP000552,STJ-EDCL-1114623,JUDICIAL,GABSUB3-DVT,GABSUB3-DVT-U04,Diego Fictício,2026-06-22T19:08:11-03:00,Solicitadas informações complementares ao remetente.
ANO000629,EXP000555,STJ-HC-3360432,JUDICIAL,GABSUB3-DVT,GABSUB3-DVT-U04,Diego Fictício,2026-08-02T10:56:05-03:00,Prioridade definida em reunião de equipe.
ANO000630,EXP000557,STJ-APN-3200178,JUDICIAL,GABSUB3-DVT,GABSUB3-DVT-U04,Diego Fictício,2026-07-05T09:19:07-03:00,Verificar prazo com a chefia.
ANO000631,EXP000558,STJ-HC-3153292,JUDICIAL,GABSUB3-DVT,GABSUB3-DVT-U04,Diego Fictício,2026-09-20T17:46:29-03:00,Solicitadas informações complementares ao remetente.
ANO000632,EXP000558,STJ-HC-3153292,JUDICIAL,GABSUB3-DVT,GABSUB3-DVT-U06,Fábio Demo,2026-09-29T05:19:25-03:00,Relacionado a expediente anterior do mesmo interessado.
ANO000633,EXP000558,STJ-HC-3153292,JUDICIAL,GABSUB3-DVT,GABSUB3-DVT-U04,Diego Fictício,2026-09-25T20:44:19-03:00,Solicitadas informações complementares ao remetente.
ANO000634,EXP000560,1.25.523.292441/2023-72,EXTRAJUDICIAL,GABSUB3-DVT,GABSUB3-DVT-U05,Elisa Amostra,2026-09-08T20:45:34-03:00,Verificar prazo com a chefia.
ANO000635,EXP001230,PGR-00060469/2026,DOCUMENTO,CIVINT/STIC,CIVINT-STIC-U07,Marina Maquete,2026-09-29T12:00:01-03:00,"Minuta revisada, pendente de assinatura."
ANO000636,EXP001230,PGR-00060469/2026,DOCUMENTO,CIVINT/STIC,CIVINT-STIC-U03,Isabela Piloto,2026-09-29T11:59:59-03:00,Aguardando manifestação da área técnica.
ANO000637,EXP001230,PGR-00060469/2026,DOCUMENTO,CIVINT/STIC,CIVINT-STIC-U06,Lucas Esboço,2026-09-29T12:22:07-03:00,"Minuta revisada, pendente de assinatura."
ANO000638,EXP001231,PGR-00094793/2026,DOCUMENTO,CIVINT/STIC,CIVINT-STIC-U01,Gabriela Simulada,2026-10-06T21:58:43-03:00,Conferir anexos antes de movimentar.
ANO000639,EXP001231,PGR-00094793/2026,DOCUMENTO,CIVINT/STIC,CIVINT-STIC-U07,Marina Maquete,2026-10-06T21:34:57-03:00,Conferir anexos antes de movimentar.
ANO000640,EXP001232,PGR-00005481/2026,DOCUMENTO,CIVINT/STIC,CIVINT-STIC-U03,Isabela Piloto,2026-09-19T00:11:31-03:00,Aguardando manifestação da área técnica.
ANO000641,EXP001232,PGR-00005481/2026,DOCUMENTO,CIVINT/STIC,CIVINT-STIC-U03,Isabela Piloto,2026-09-05T20:28:03-03:00,Relacionado a expediente anterior do mesmo interessado.
ANO000642,EXP001234,PGR-00043093/2026,DOCUMENTO,CIVINT/STIC,CIVINT-STIC-U01,Gabriela Simulada,2026-09-29T01:09:57-03:00,Relacionado a expediente anterior do mesmo interessado.
ANO000643,EXP001236,PGR-00051114/2026,DOCUMENTO,CIVINT/STIC,CIVINT-STIC-U01,Gabriela Simulada,2026-09-30T02:48:05-03:00,Conferir anexos antes de movimentar.
ANO000644,EXP001237,PGR-00036742/2026,DOCUMENTO,CIVINT/STIC,CIVINT-STIC-U08,Nelson Mock,2026-09-27T14:59:18-03:00,"Minuta revisada, pendente de assinatura."
ANO000645,EXP001238,PGR-00085354/2026,DOCUMENTO,CIVINT/STIC,CIVINT-STIC-U03,Isabela Piloto,2026-09-13T12:00:05-03:00,Aguardando manifestação da área técnica.
ANO000646,EXP001239,PGR-00028564/2026,DOCUMENTO,CIVINT/STIC,CIVINT-STIC-U05,Karina Ensaio,2026-09-20T06:52:11-03:00,Aguardando retorno de diligência.
ANO000647,EXP001242,PGR-00009536/2026,DOCUMENTO,CIVINT/STIC,CIVINT-STIC-U03,Isabela Piloto,2026-08-22T17:51:49-03:00,Relacionado a expediente anterior do mesmo interessado.
ANO000648,EXP001243,PGR-00098580/2026,DOCUMENTO,CIVINT/STIC,CIVINT-STIC-U08,Nelson Mock,2026-09-30T22:02:12-03:00,Relacionado a expediente anterior do mesmo interessado.
ANO000649,EXP001244,PGR-00098544/2026,DOCUMENTO,CIVINT/STIC,CIVINT-STIC-U01,Gabriela Simulada,2026-10-07T11:38:24-03:00,Aguardando retorno de diligência.
ANO000650,EXP001244,PGR-00098544/2026,DOCUMENTO,CIVINT/STIC,CIVINT-STIC-U04,João Rascunho,2026-10-07T12:20:09-03:00,Verificar prazo com a chefia.
ANO000651,EXP001245,PGR-00072317/2026,DOCUMENTO,CIVINT/STIC,CIVINT-STIC-U06,Lucas Esboço,2026-10-06T21:45:59-03:00,Aguardando retorno de diligência.
ANO000652,EXP001245,PGR-00072317/2026,DOCUMENTO,CIVINT/STIC,CIVINT-STIC-U01,Gabriela Simulada,2026-10-06T21:20:22-03:00,Aguardando retorno de diligência.
ANO000653,EXP001245,PGR-00072317/2026,DOCUMENTO,CIVINT/STIC,CIVINT-STIC-U02,Heitor Protótipo,2026-10-06T21:37:40-03:00,Verificar prazo com a chefia.
ANO000654,EXP001247,PGR-00094375/2026,DOCUMENTO,CIVINT/STIC,CIVINT-STIC-U03,Isabela Piloto,2026-08-22T18:02:36-03:00,Conferir anexos antes de movimentar.
ANO000655,EXP001247,PGR-00094375/2026,DOCUMENTO,CIVINT/STIC,CIVINT-STIC-U05,Karina Ensaio,2026-08-27T11:37:22-03:00,Aguardando manifestação da área técnica.
ANO000656,EXP001247,PGR-00094375/2026,DOCUMENTO,CIVINT/STIC,CIVINT-STIC-U03,Isabela Piloto,2026-08-15T06:42:33-03:00,Relacionado a expediente anterior do mesmo interessado.
ANO000657,EXP001248,PGR-00093032/2026,DOCUMENTO,CIVINT/STIC,CIVINT-STIC-U03,Isabela Piloto,2026-09-29T02:18:41-03:00,Prioridade definida em reunião de equipe.
ANO000658,EXP001248,PGR-00093032/2026,DOCUMENTO,CIVINT/STIC,CIVINT-STIC-U05,Karina Ensaio,2026-09-10T17:56:58-03:00,Solicitadas informações complementares ao remetente.
ANO000659,EXP001248,PGR-00093032/2026,DOCUMENTO,CIVINT/STIC,CIVINT-STIC-U05,Karina Ensaio,2026-09-28T01:07:13-03:00,Verificar prazo com a chefia.
ANO000660,EXP001249,PGR-00076805/2026,DOCUMENTO,CIVINT/STIC,CIVINT-STIC-U03,Isabela Piloto,2026-08-05T23:47:56-03:00,Aguardando retorno de diligência.
ANO000661,EXP001249,PGR-00076805/2026,DOCUMENTO,CIVINT/STIC,CIVINT-STIC-U08,Nelson Mock,2026-09-07T22:05:44-03:00,Aguardando retorno de diligência.
ANO000662,EXP001250,PGR-00014467/2026,DOCUMENTO,CIVINT/STIC,CIVINT-STIC-U05,Karina Ensaio,2026-08-31T08:15:52-03:00,Aguardando manifestação da área técnica.
ANO000663,EXP001250,PGR-00014467/2026,DOCUMENTO,CIVINT/STIC,CIVINT-STIC-U03,Isabela Piloto,2026-09-16T20:07:08-03:00,Aguardando retorno de diligência.
ANO000664,EXP001250,PGR-00014467/2026,DOCUMENTO,CIVINT/STIC,CIVINT-STIC-U05,Karina Ensaio,2026-06-23T11:11:30-03:00,Conferir anexos antes de movimentar.
ANO000665,EXP001251,PGR-00057854/2026,DOCUMENTO,CIVINT/STIC,CIVINT-STIC-U05,Karina Ensaio,2026-09-20T17:01:10-03:00,Aguardando retorno de diligência.
ANO000666,EXP001252,PGR-00031743/2026,DOCUMENTO,CIVINT/STIC,CIVINT-STIC-U07,Marina Maquete,2026-10-04T14:39:42-03:00,Solicitadas informações complementares ao remetente.
ANO000667,EXP001252,PGR-00031743/2026,DOCUMENTO,CIVINT/STIC,CIVINT-STIC-U03,Isabela Piloto,2026-10-04T14:28:27-03:00,Solicitadas informações complementares ao remetente.
ANO000668,EXP001252,PGR-00031743/2026,DOCUMENTO,CIVINT/STIC,CIVINT-STIC-U05,Karina Ensaio,2026-10-04T14:45:28-03:00,Verificar prazo com a chefia.
ANO000669,EXP001253,PGR-00035188/2026,DOCUMENTO,CIVINT/STIC,CIVINT-STIC-U08,Nelson Mock,2026-09-25T04:17:14-03:00,"Minuta revisada, pendente de assinatura."
ANO000670,EXP001253,PGR-00035188/2026,DOCUMENTO,CIVINT/STIC,CIVINT-STIC-U03,Isabela Piloto,2026-09-26T21:18:10-03:00,Aguardando retorno de diligência.
ANO000671,EXP001254,PGR-00012373/2026,DOCUMENTO,CIVINT/STIC,CIVINT-STIC-U05,Karina Ensaio,2026-09-27T15:11:23-03:00,Conferir anexos antes de movimentar.
ANO000672,EXP001255,PGR-00007238/2026,DOCUMENTO,CIVINT/STIC,CIVINT-STIC-U07,Marina Maquete,2026-10-03T18:08:31-03:00,Relacionado a expediente anterior do mesmo interessado.
ANO000673,EXP001256,PGR-00023996/2026,DOCUMENTO,CIVINT/STIC,CIVINT-STIC-U02,Heitor Protótipo,2026-09-10T19:42:19-03:00,Aguardando retorno de diligência.
ANO000674,EXP001258,PGR-00027494/2026,DOCUMENTO,CIVINT/STIC,CIVINT-STIC-U08,Nelson Mock,2026-08-19T04:57:49-03:00,Prioridade definida em reunião de equipe.
ANO000675,EXP001259,PGR-00046320/2026,DOCUMENTO,CIVINT/STIC,CIVINT-STIC-U01,Gabriela Simulada,2026-09-26T05:58:55-03:00,Conferir anexos antes de movimentar.
ANO000676,EXP001261,PGR-00015492/2026,DOCUMENTO,CIVINT/STIC,CIVINT-STIC-U03,Isabela Piloto,2026-09-18T09:44:46-03:00,Conferir anexos antes de movimentar.
ANO000677,EXP001262,PGR-00089697/2026,DOCUMENTO,CIVINT/STIC,CIVINT-STIC-U06,Lucas Esboço,2026-09-26T09:55:01-03:00,Relacionado a expediente anterior do mesmo interessado.
ANO000678,EXP001262,PGR-00089697/2026,DOCUMENTO,CIVINT/STIC,CIVINT-STIC-U05,Karina Ensaio,2026-08-17T20:38:46-03:00,Aguardando manifestação da área técnica.
ANO000679,EXP001262,PGR-00089697/2026,DOCUMENTO,CIVINT/STIC,CIVINT-STIC-U07,Marina Maquete,2026-07-23T11:10:28-03:00,Solicitadas informações complementares ao remetente.
ANO000680,EXP001263,PGR-00077725/2026,DOCUMENTO,CIVINT/STIC,CIVINT-STIC-U05,Karina Ensaio,2026-10-04T12:22:39-03:00,Aguardando retorno de diligência.
ANO000681,EXP001264,PGR-00081354/2026,DOCUMENTO,CIVINT/STIC,CIVINT-STIC-U07,Marina Maquete,2026-06-12T22:41:24-03:00,Aguardando manifestação da área técnica.
ANO000682,EXP001265,PGR-00056233/2026,DOCUMENTO,CIVINT/STIC,CIVINT-STIC-U02,Heitor Protótipo,2026-09-22T01:56:41-03:00,"Minuta revisada, pendente de assinatura."
ANO000683,EXP001265,PGR-00056233/2026,DOCUMENTO,CIVINT/STIC,CIVINT-STIC-U01,Gabriela Simulada,2026-09-28T18:51:27-03:00,Aguardando retorno de diligência.
ANO000684,EXP001265,PGR-00056233/2026,DOCUMENTO,CIVINT/STIC,CIVINT-STIC-U01,Gabriela Simulada,2026-09-16T19:00:17-03:00,Conferir anexos antes de movimentar.
ANO000685,EXP001269,PGR-00079616/2026,DOCUMENTO,CIVINT/STIC,CIVINT-STIC-U05,Karina Ensaio,2026-08-12T04:50:24-03:00,Solicitadas informações complementares ao remetente.
ANO000686,EXP001269,PGR-00079616/2026,DOCUMENTO,CIVINT/STIC,CIVINT-STIC-U07,Marina Maquete,2026-09-20T06:48:38-03:00,Prioridade definida em reunião de equipe.
ANO000687,EXP001269,PGR-00079616/2026,DOCUMENTO,CIVINT/STIC,CIVINT-STIC-U01,Gabriela Simulada,2026-08-16T05:54:03-03:00,Conferir anexos antes de movimentar.
ANO000688,EXP001270,PGR-00089684/2026,DOCUMENTO,CIVINT/STIC,CIVINT-STIC-U04,João Rascunho,2026-08-30T02:09:23-03:00,"Minuta revisada, pendente de assinatura."
ANO000689,EXP001270,PGR-00089684/2026,DOCUMENTO,CIVINT/STIC,CIVINT-STIC-U05,Karina Ensaio,2026-08-23T11:30:29-03:00,Conferir anexos antes de movimentar.
ANO000690,EXP001270,PGR-00089684/2026,DOCUMENTO,CIVINT/STIC,CIVINT-STIC-U06,Lucas Esboço,2026-08-22T10:27:41-03:00,Relacionado a expediente anterior do mesmo interessado.
ANO000691,EXP001271,PGR-00023215/2026,DOCUMENTO,CIVINT/STIC,CIVINT-STIC-U02,Heitor Protótipo,2026-10-01T20:42:59-03:00,Verificar prazo com a chefia.
ANO000692,EXP001271,PGR-00023215/2026,DOCUMENTO,CIVINT/STIC,CIVINT-STIC-U08,Nelson Mock,2026-09-11T09:20:00-03:00,Relacionado a expediente anterior do mesmo interessado.
ANO000693,EXP001272,PGR-00057670/2026,DOCUMENTO,CIVINT/STIC,CIVINT-STIC-U07,Marina Maquete,2026-09-20T20:54:56-03:00,Solicitadas informações complementares ao remetente.
ANO000694,EXP001275,PGR-00021507/2026,DOCUMENTO,CIVINT/STIC,CIVINT-STIC-U07,Marina Maquete,2026-09-29T13:10:45-03:00,Relacionado a expediente anterior do mesmo interessado.
ANO000695,EXP001275,PGR-00021507/2026,DOCUMENTO,CIVINT/STIC,CIVINT-STIC-U06,Lucas Esboço,2026-09-14T10:51:40-03:00,"Minuta revisada, pendente de assinatura."
ANO000696,EXP001276,PGR-00088665/2026,DOCUMENTO,CIVINT/STIC,CIVINT-STIC-U07,Marina Maquete,2026-09-09T07:10:27-03:00,"Minuta revisada, pendente de assinatura."
ANO000697,EXP001278,PGR-00097447/2026,DOCUMENTO,CIVINT/STIC,CIVINT-STIC-U04,João Rascunho,2026-09-18T13:40:07-03:00,Aguardando retorno de diligência.
ANO000698,EXP001279,PGR-00000326/2026,DOCUMENTO,CIVINT/STIC,CIVINT-STIC-U02,Heitor Protótipo,2026-09-19T00:33:47-03:00,Prioridade definida em reunião de equipe.
ANO000699,EXP001279,PGR-00000326/2026,DOCUMENTO,CIVINT/STIC,CIVINT-STIC-U03,Isabela Piloto,2026-09-01T22:11:35-03:00,Aguardando manifestação da área técnica.
ANO000700,EXP001279,PGR-00000326/2026,DOCUMENTO,CIVINT/STIC,CIVINT-STIC-U07,Marina Maquete,2026-08-17T02:31:32-03:00,Aguardando manifestação da área técnica.
ANO000701,EXP001281,PGR-00072546/2026,DOCUMENTO,CIVINT/STIC,CIVINT-STIC-U03,Isabela Piloto,2026-09-20T15:31:47-03:00,Conferir anexos antes de movimentar.
ANO000702,EXP001282,PGR-00088281/2026,DOCUMENTO,CIVINT/STIC,CIVINT-STIC-U01,Gabriela Simulada,2026-09-18T22:30:41-03:00,Relacionado a expediente anterior do mesmo interessado.
ANO000703,EXP001282,PGR-00088281/2026,DOCUMENTO,CIVINT/STIC,CIVINT-STIC-U04,João Rascunho,2026-09-04T17:49:15-03:00,Aguardando retorno de diligência.
ANO000704,EXP001285,PGR-00065509/2026,DOCUMENTO,CIVINT/STIC,CIVINT-STIC-U04,João Rascunho,2026-09-22T17:32:36-03:00,Verificar prazo com a chefia.
ANO000705,EXP001286,PGR-00048693/2026,DOCUMENTO,CIVINT/STIC,CIVINT-STIC-U05,Karina Ensaio,2026-09-20T22:38:15-03:00,Aguardando retorno de diligência.
ANO000706,EXP001286,PGR-00048693/2026,DOCUMENTO,CIVINT/STIC,CIVINT-STIC-U07,Marina Maquete,2026-09-17T07:23:38-03:00,Relacionado a expediente anterior do mesmo interessado.
ANO000707,EXP001286,PGR-00048693/2026,DOCUMENTO,CIVINT/STIC,CIVINT-STIC-U05,Karina Ensaio,2026-09-21T06:41:44-03:00,"Minuta revisada, pendente de assinatura."
ANO000708,EXP001288,PGR-00060214/2026,DOCUMENTO,CIVINT/STIC,CIVINT-STIC-U01,Gabriela Simulada,2026-09-11T10:59:28-03:00,Solicitadas informações complementares ao remetente.
ANO000709,EXP001290,PGR-00058571/2026,DOCUMENTO,CIVINT/STIC,CIVINT-STIC-U01,Gabriela Simulada,2026-10-04T17:04:35-03:00,Verificar prazo com a chefia.
ANO000710,EXP001292,PGR-00059866/2026,DOCUMENTO,CIVINT/STIC,CIVINT-STIC-U03,Isabela Piloto,2026-09-06T18:21:45-03:00,Verificar prazo com a chefia.
ANO000711,EXP001293,PGR-00098112/2026,DOCUMENTO,CIVINT/STIC,CIVINT-STIC-U03,Isabela Piloto,2026-07-26T16:42:14-03:00,"Minuta revisada, pendente de assinatura."
ANO000712,EXP001294,PGR-00017571/2026,DOCUMENTO,CIVINT/STIC,CIVINT-STIC-U02,Heitor Protótipo,2026-10-06T09:15:26-03:00,Aguardando retorno de diligência.
ANO000713,EXP001297,PGR-00068646/2026,DOCUMENTO,CIVINT/STIC,CIVINT-STIC-U03,Isabela Piloto,2026-09-26T23:49:51-03:00,Solicitadas informações complementares ao remetente.
ANO000714,EXP001298,PGR-00057028/2026,DOCUMENTO,CIVINT/STIC,CIVINT-STIC-U03,Isabela Piloto,2026-09-28T03:27:18-03:00,Conferir anexos antes de movimentar.
ANO000715,EXP001298,PGR-00057028/2026,DOCUMENTO,CIVINT/STIC,CIVINT-STIC-U05,Karina Ensaio,2026-09-28T19:28:32-03:00,Relacionado a expediente anterior do mesmo interessado.
ANO000716,EXP001299,PGR-00005295/2026,DOCUMENTO,CIVINT/STIC,CIVINT-STIC-U05,Karina Ensaio,2026-09-19T22:42:19-03:00,Aguardando retorno de diligência.
ANO000717,EXP001299,PGR-00005295/2026,DOCUMENTO,CIVINT/STIC,CIVINT-STIC-U07,Marina Maquete,2026-09-28T00:22:00-03:00,Prioridade definida em reunião de equipe.
ANO000718,EXP001300,PGR-00036474/2026,DOCUMENTO,CIVINT/STIC,CIVINT-STIC-U08,Nelson Mock,2026-09-17T10:50:41-03:00,Solicitadas informações complementares ao remetente.
ANO000719,EXP001300,PGR-00036474/2026,DOCUMENTO,CIVINT/STIC,CIVINT-STIC-U07,Marina Maquete,2026-09-25T20:13:05-03:00,Aguardando manifestação da área técnica.
ANO000720,EXP001300,PGR-00036474/2026,DOCUMENTO,CIVINT/STIC,CIVINT-STIC-U06,Lucas Esboço,2026-09-19T10:14:10-03:00,Relacionado a expediente anterior do mesmo interessado.
ANO000721,EXP001301,PGR-00067096/2026,DOCUMENTO,CIVINT/STIC,CIVINT-STIC-U02,Heitor Protótipo,2026-09-19T15:38:20-03:00,Aguardando manifestação da área técnica.
ANO000722,EXP001302,PGR-00003568/2026,DOCUMENTO,CIVINT/STIC,CIVINT-STIC-U08,Nelson Mock,2026-09-22T00:11:30-03:00,Relacionado a expediente anterior do mesmo interessado.
ANO000723,EXP001302,PGR-00003568/2026,DOCUMENTO,CIVINT/STIC,CIVINT-STIC-U01,Gabriela Simulada,2026-09-30T12:45:13-03:00,Prioridade definida em reunião de equipe.
ANO000724,EXP001302,PGR-00003568/2026,DOCUMENTO,CIVINT/STIC,CIVINT-STIC-U03,Isabela Piloto,2026-09-23T11:09:59-03:00,"Minuta revisada, pendente de assinatura."
ANO000725,EXP001304,PGR-00060357/2026,DOCUMENTO,CIVINT/STIC,CIVINT-STIC-U02,Heitor Protótipo,2026-09-29T18:48:49-03:00,"Minuta revisada, pendente de assinatura."
ANO000726,EXP001304,PGR-00060357/2026,DOCUMENTO,CIVINT/STIC,CIVINT-STIC-U02,Heitor Protótipo,2026-09-29T18:51:45-03:00,Prioridade definida em reunião de equipe.
ANO000727,EXP001306,PGR-00053164/2026,DOCUMENTO,CIVINT/STIC,CIVINT-STIC-U06,Lucas Esboço,2026-09-24T14:35:45-03:00,Verificar prazo com a chefia.
ANO000728,EXP001307,PGR-00085328/2026,DOCUMENTO,CIVINT/STIC,CIVINT-STIC-U04,João Rascunho,2026-09-18T02:37:47-03:00,Aguardando manifestação da área técnica.
ANO000729,EXP001307,PGR-00085328/2026,DOCUMENTO,CIVINT/STIC,CIVINT-STIC-U02,Heitor Protótipo,2026-09-26T09:51:37-03:00,Prioridade definida em reunião de equipe.
ANO000730,EXP001307,PGR-00085328/2026,DOCUMENTO,CIVINT/STIC,CIVINT-STIC-U06,Lucas Esboço,2026-09-06T01:32:30-03:00,Verificar prazo com a chefia.
ANO000731,EXP001308,PGR-00045361/2026,DOCUMENTO,CIVINT/STIC,CIVINT-STIC-U01,Gabriela Simulada,2026-08-16T17:26:28-03:00,Aguardando retorno de diligência.
ANO000732,EXP001310,PGR-00048760/2026,DOCUMENTO,CIVINT/STIC,CIVINT-STIC-U02,Heitor Protótipo,2026-09-03T15:51:34-03:00,Solicitadas informações complementares ao remetente.
ANO000733,EXP001311,PGR-00081006/2026,DOCUMENTO,CIVINT/STIC,CIVINT-STIC-U04,João Rascunho,2026-10-06T23:05:42-03:00,Solicitadas informações complementares ao remetente.
ANO000734,EXP001312,PGR-00050892/2026,DOCUMENTO,CIVINT/STIC,CIVINT-STIC-U02,Heitor Protótipo,2026-09-25T17:37:37-03:00,Aguardando manifestação da área técnica.
ANO000735,EXP001312,PGR-00050892/2026,DOCUMENTO,CIVINT/STIC,CIVINT-STIC-U07,Marina Maquete,2026-09-26T16:18:25-03:00,"Minuta revisada, pendente de assinatura."
ANO000736,EXP001312,PGR-00050892/2026,DOCUMENTO,CIVINT/STIC,CIVINT-STIC-U08,Nelson Mock,2026-09-26T20:18:29-03:00,Conferir anexos antes de movimentar.
ANO000737,EXP001313,PGR-00050761/2026,DOCUMENTO,CIVINT/STIC,CIVINT-STIC-U01,Gabriela Simulada,2026-09-13T12:32:37-03:00,Relacionado a expediente anterior do mesmo interessado.
ANO000738,EXP001313,PGR-00050761/2026,DOCUMENTO,CIVINT/STIC,CIVINT-STIC-U08,Nelson Mock,2026-09-20T07:52:01-03:00,Aguardando retorno de diligência.
ANO000739,EXP001313,PGR-00050761/2026,DOCUMENTO,CIVINT/STIC,CIVINT-STIC-U03,Isabela Piloto,2026-09-15T15:03:12-03:00,Verificar prazo com a chefia.
ANO000740,EXP001314,PGR-00021722/2026,DOCUMENTO,CIVINT/STIC,CIVINT-STIC-U06,Lucas Esboço,2026-08-29T22:05:51-03:00,Conferir anexos antes de movimentar.
ANO000741,EXP001317,PGR-00003836/2026,DOCUMENTO,CIVINT/STIC,CIVINT-STIC-U06,Lucas Esboço,2026-08-23T10:18:27-03:00,Solicitadas informações complementares ao remetente.
ANO000742,EXP001318,PGR-00001469/2026,DOCUMENTO,CIVINT/STIC,CIVINT-STIC-U01,Gabriela Simulada,2026-09-14T04:30:32-03:00,Aguardando manifestação da área técnica.
ANO000743,EXP001320,PGR-00044369/2026,DOCUMENTO,CIVINT/STIC,CIVINT-STIC-U07,Marina Maquete,2026-09-26T22:58:47-03:00,Aguardando retorno de diligência.
ANO000744,EXP001322,PGR-00015455/2026,DOCUMENTO,CIVINT/STIC,CIVINT-STIC-U02,Heitor Protótipo,2026-09-15T05:36:40-03:00,Verificar prazo com a chefia.
ANO000745,EXP001323,PGR-00027646/2026,DOCUMENTO,CIVINT/STIC,CIVINT-STIC-U08,Nelson Mock,2026-09-25T19:34:32-03:00,Prioridade definida em reunião de equipe.
ANO000746,EXP001324,PGR-00077284/2026,DOCUMENTO,CIVINT/STIC,CIVINT-STIC-U01,Gabriela Simulada,2026-10-04T23:10:44-03:00,Aguardando manifestação da área técnica.
ANO000747,EXP001325,PGR-00079365/2026,DOCUMENTO,CIVINT/STIC,CIVINT-STIC-U04,João Rascunho,2026-09-23T02:31:19-03:00,Aguardando retorno de diligência.
ANO000748,EXP001326,PGR-00016977/2026,DOCUMENTO,CIVINT/STIC,CIVINT-STIC-U03,Isabela Piloto,2026-10-04T12:45:59-03:00,"Minuta revisada, pendente de assinatura."
ANO000749,EXP001330,PGR-00080673/2026,DOCUMENTO,CIVINT/STIC,CIVINT-STIC-U08,Nelson Mock,2026-09-17T03:01:59-03:00,Aguardando retorno de diligência.
ANO000750,EXP001331,PGR-00098717/2026,DOCUMENTO,CIVINT/STIC,CIVINT-STIC-U03,Isabela Piloto,2026-10-02T07:46:32-03:00,Solicitadas informações complementares ao remetente.
ANO000751,EXP001331,PGR-00098717/2026,DOCUMENTO,CIVINT/STIC,CIVINT-STIC-U07,Marina Maquete,2026-07-12T09:02:44-03:00,Conferir anexos antes de movimentar.
ANO000752,EXP001331,PGR-00098717/2026,DOCUMENTO,CIVINT/STIC,CIVINT-STIC-U06,Lucas Esboço,2026-06-01T06:51:31-03:00,Verificar prazo com a chefia.
ANO000753,EXP001332,PGR-00066540/2026,DOCUMENTO,CIVINT/STIC,CIVINT-STIC-U08,Nelson Mock,2026-08-09T05:32:54-03:00,Conferir anexos antes de movimentar.
ANO000754,EXP001333,PGR-00029963/2026,DOCUMENTO,CIVINT/STIC,CIVINT-STIC-U06,Lucas Esboço,2026-10-07T14:49:49-03:00,Conferir anexos antes de movimentar.
ANO000755,EXP001333,PGR-00029963/2026,DOCUMENTO,CIVINT/STIC,CIVINT-STIC-U06,Lucas Esboço,2026-10-07T14:45:19-03:00,Verificar prazo com a chefia.
ANO000756,EXP001333,PGR-00029963/2026,DOCUMENTO,CIVINT/STIC,CIVINT-STIC-U08,Nelson Mock,2026-10-07T13:56:05-03:00,Verificar prazo com a chefia.
ANO000757,EXP001334,PGR-00031133/2026,DOCUMENTO,CIVINT/STIC,CIVINT-STIC-U01,Gabriela Simulada,2026-09-16T20:38:19-03:00,Solicitadas informações complementares ao remetente.
ANO000758,EXP001334,PGR-00031133/2026,DOCUMENTO,CIVINT/STIC,CIVINT-STIC-U01,Gabriela Simulada,2026-09-16T10:16:00-03:00,Verificar prazo com a chefia.
ANO000759,EXP001336,PGR-00088684/2026,DOCUMENTO,CIVINT/STIC,CIVINT-STIC-U06,Lucas Esboço,2026-08-30T06:18:46-03:00,Aguardando retorno de diligência.
ANO000760,EXP001336,PGR-00088684/2026,DOCUMENTO,CIVINT/STIC,CIVINT-STIC-U05,Karina Ensaio,2026-08-12T20:51:17-03:00,Conferir anexos antes de movimentar.
ANO000761,EXP001337,PGR-00097264/2026,DOCUMENTO,CIVINT/STIC,CIVINT-STIC-U07,Marina Maquete,2026-09-29T18:15:19-03:00,"Minuta revisada, pendente de assinatura."
ANO000762,EXP001338,PGR-00022887/2026,DOCUMENTO,CIVINT/STIC,CIVINT-STIC-U05,Karina Ensaio,2026-09-29T02:14:16-03:00,Solicitadas informações complementares ao remetente.
ANO000763,EXP001338,PGR-00022887/2026,DOCUMENTO,CIVINT/STIC,CIVINT-STIC-U07,Marina Maquete,2026-09-29T02:34:30-03:00,Relacionado a expediente anterior do mesmo interessado.
ANO000764,EXP001338,PGR-00022887/2026,DOCUMENTO,CIVINT/STIC,CIVINT-STIC-U01,Gabriela Simulada,2026-09-29T02:18:03-03:00,Aguardando manifestação da área técnica.
ANO000765,EXP001339,PGR-00081468/2026,DOCUMENTO,CIVINT/STIC,CIVINT-STIC-U08,Nelson Mock,2026-09-24T07:11:09-03:00,Relacionado a expediente anterior do mesmo interessado.
ANO000766,EXP001339,PGR-00081468/2026,DOCUMENTO,CIVINT/STIC,CIVINT-STIC-U05,Karina Ensaio,2026-09-24T07:44:48-03:00,Relacionado a expediente anterior do mesmo interessado.
ANO000767,EXP001340,PGR-00072890/2026,DOCUMENTO,CIVINT/STIC,CIVINT-STIC-U05,Karina Ensaio,2026-09-27T15:20:41-03:00,Solicitadas informações complementares ao remetente.
ANO000768,EXP001341,PGR-00078882/2026,DOCUMENTO,CIVINT/STIC,CIVINT-STIC-U01,Gabriela Simulada,2026-10-03T02:05:58-03:00,Relacionado a expediente anterior do mesmo interessado.
ANO000769,EXP001341,PGR-00078882/2026,DOCUMENTO,CIVINT/STIC,CIVINT-STIC-U08,Nelson Mock,2026-10-01T06:23:25-03:00,Solicitadas informações complementares ao remetente.
ANO000770,EXP001342,PGR-00024836/2026,DOCUMENTO,CIVINT/STIC,CIVINT-STIC-U08,Nelson Mock,2026-09-24T18:44:10-03:00,Solicitadas informações complementares ao remetente.
ANO000771,EXP001343,PGR-00079313/2026,DOCUMENTO,CIVINT/STIC,CIVINT-STIC-U07,Marina Maquete,2026-08-27T07:19:10-03:00,Aguardando manifestação da área técnica.
ANO000772,EXP001346,PGR-00085322/2026,DOCUMENTO,CIVINT/STIC,CIVINT-STIC-U08,Nelson Mock,2026-10-06T10:39:30-03:00,Verificar prazo com a chefia.
ANO000773,EXP001346,PGR-00085322/2026,DOCUMENTO,CIVINT/STIC,CIVINT-STIC-U02,Heitor Protótipo,2026-10-05T22:47:33-03:00,Aguardando manifestação da área técnica.
ANO000774,EXP001347,PGR-00078319/2026,DOCUMENTO,CIVINT/STIC,CIVINT-STIC-U06,Lucas Esboço,2026-09-16T12:42:00-03:00,Solicitadas informações complementares ao remetente.
ANO000775,EXP001347,PGR-00078319/2026,DOCUMENTO,CIVINT/STIC,CIVINT-STIC-U08,Nelson Mock,2026-09-16T08:19:43-03:00,Aguardando retorno de diligência.
ANO000776,EXP001347,PGR-00078319/2026,DOCUMENTO,CIVINT/STIC,CIVINT-STIC-U02,Heitor Protótipo,2026-09-06T10:30:32-03:00,Relacionado a expediente anterior do mesmo interessado.
ANO000777,EXP001348,PGR-00024168/2026,DOCUMENTO,CIVINT/STIC,CIVINT-STIC-U05,Karina Ensaio,2026-09-20T15:03:09-03:00,Relacionado a expediente anterior do mesmo interessado.
ANO000778,EXP001348,PGR-00024168/2026,DOCUMENTO,CIVINT/STIC,CIVINT-STIC-U01,Gabriela Simulada,2026-09-19T04:59:04-03:00,Relacionado a expediente anterior do mesmo interessado.
ANO000779,EXP001350,PGR-00012256/2026,DOCUMENTO,CIVINT/STIC,CIVINT-STIC-U07,Marina Maquete,2026-09-27T19:40:19-03:00,Conferir anexos antes de movimentar.
ANO000780,EXP001350,PGR-00012256/2026,DOCUMENTO,CIVINT/STIC,CIVINT-STIC-U01,Gabriela Simulada,2026-09-27T19:41:22-03:00,Verificar prazo com a chefia.
ANO000781,EXP001351,PGR-00062986/2026,DOCUMENTO,CIVINT/STIC,CIVINT-STIC-U02,Heitor Protótipo,2026-07-22T10:43:03-03:00,Solicitadas informações complementares ao remetente.
ANO000782,EXP001352,PGR-00050065/2026,DOCUMENTO,CIVINT/STIC,CIVINT-STIC-U02,Heitor Protótipo,2026-10-03T16:14:11-03:00,Aguardando retorno de diligência.
ANO000783,EXP001353,PGR-00064017/2026,DOCUMENTO,CIVINT/STIC,CIVINT-STIC-U01,Gabriela Simulada,2026-08-28T01:45:23-03:00,"Minuta revisada, pendente de assinatura."
ANO000784,EXP001354,PGR-00016088/2026,DOCUMENTO,CIVINT/STIC,CIVINT-STIC-U06,Lucas Esboço,2026-09-30T00:12:13-03:00,Conferir anexos antes de movimentar.
ANO000785,EXP001355,PGR-00022283/2026,DOCUMENTO,CIVINT/STIC,CIVINT-STIC-U03,Isabela Piloto,2026-09-14T02:58:45-03:00,Verificar prazo com a chefia.
ANO000786,EXP001356,PGR-00072128/2026,DOCUMENTO,CIVINT/STIC,CIVINT-STIC-U08,Nelson Mock,2026-10-04T04:19:12-03:00,Aguardando manifestação da área técnica.
ANO000787,EXP001357,PGR-00067549/2026,DOCUMENTO,CIVINT/STIC,CIVINT-STIC-U03,Isabela Piloto,2026-10-03T23:48:41-03:00,Conferir anexos antes de movimentar.
ANO000788,EXP001359,PGR-00097419/2026,DOCUMENTO,CIVINT/STIC,CIVINT-STIC-U02,Heitor Protótipo,2026-08-28T22:27:08-03:00,Aguardando retorno de diligência.
ANO000789,EXP001359,PGR-00097419/2026,DOCUMENTO,CIVINT/STIC,CIVINT-STIC-U05,Karina Ensaio,2026-09-01T01:48:30-03:00,"Minuta revisada, pendente de assinatura."
ANO000790,EXP001359,PGR-00097419/2026,DOCUMENTO,CIVINT/STIC,CIVINT-STIC-U03,Isabela Piloto,2026-09-06T03:21:39-03:00,Relacionado a expediente anterior do mesmo interessado.
ANO000791,EXP001360,PGR-00065684/2026,DOCUMENTO,CIVINT/STIC,CIVINT-STIC-U04,João Rascunho,2026-09-23T09:25:35-03:00,Relacionado a expediente anterior do mesmo interessado.
ANO000792,EXP001361,PGR-00016312/2026,DOCUMENTO,CIVINT/STIC,CIVINT-STIC-U02,Heitor Protótipo,2026-10-07T17:00:00-03:00,Conferir anexos antes de movimentar.
ANO000793,EXP001361,PGR-00016312/2026,DOCUMENTO,CIVINT/STIC,CIVINT-STIC-U07,Marina Maquete,2026-10-07T17:00:00-03:00,Verificar prazo com a chefia.
ANO000794,EXP001361,PGR-00016312/2026,DOCUMENTO,CIVINT/STIC,CIVINT-STIC-U02,Heitor Protótipo,2026-10-07T17:00:00-03:00,Solicitadas informações complementares ao remetente.
ANO000795,EXP001362,PGR-00055081/2026,DOCUMENTO,CIVINT/STIC,CIVINT-STIC-U01,Gabriela Simulada,2026-08-14T07:22:52-03:00,Solicitadas informações complementares ao remetente.
ANO000796,EXP001362,PGR-00055081/2026,DOCUMENTO,CIVINT/STIC,CIVINT-STIC-U03,Isabela Piloto,2026-09-14T13:03:16-03:00,Solicitadas informações complementares ao remetente.
ANO000797,EXP001362,PGR-00055081/2026,DOCUMENTO,CIVINT/STIC,CIVINT-STIC-U07,Marina Maquete,2026-08-04T16:24:24-03:00,Prioridade definida em reunião de equipe.
ANO000798,EXP001363,PGR-00018389/2026,DOCUMENTO,CIVINT/STIC,CIVINT-STIC-U04,João Rascunho,2026-09-21T00:50:16-03:00,Verificar prazo com a chefia.
ANO000799,EXP001366,PGR-00079423/2026,DOCUMENTO,CIVINT/STIC,CIVINT-STIC-U04,João Rascunho,2026-10-01T01:01:13-03:00,"Minuta revisada, pendente de assinatura."
ANO000800,EXP001370,PGR-00077411/2026,DOCUMENTO,CIVINT/STIC,CIVINT-STIC-U04,João Rascunho,2026-09-21T15:10:08-03:00,Relacionado a expediente anterior do mesmo interessado.
ANO000801,EXP001371,PGR-00021653/2026,DOCUMENTO,CIVINT/STIC,CIVINT-STIC-U02,Heitor Protótipo,2026-10-05T19:43:07-03:00,Conferir anexos antes de movimentar.
ANO000802,EXP001372,PGR-00017142/2026,DOCUMENTO,CIVINT/STIC,CIVINT-STIC-U01,Gabriela Simulada,2026-09-15T06:06:24-03:00,Conferir anexos antes de movimentar.
ANO000803,EXP001373,PGR-00096171/2026,DOCUMENTO,CIVINT/STIC,CIVINT-STIC-U01,Gabriela Simulada,2026-09-11T23:37:02-03:00,Solicitadas informações complementares ao remetente.
ANO000804,EXP001373,PGR-00096171/2026,DOCUMENTO,CIVINT/STIC,CIVINT-STIC-U02,Heitor Protótipo,2026-09-11T21:17:45-03:00,Prioridade definida em reunião de equipe.
ANO000805,EXP001373,PGR-00096171/2026,DOCUMENTO,CIVINT/STIC,CIVINT-STIC-U05,Karina Ensaio,2026-09-07T13:24:08-03:00,Aguardando retorno de diligência.
ANO000806,EXP001374,PGR-00072555/2026,DOCUMENTO,CIVINT/STIC,CIVINT-STIC-U06,Lucas Esboço,2026-08-05T13:24:15-03:00,Relacionado a expediente anterior do mesmo interessado.
ANO000807,EXP001374,PGR-00072555/2026,DOCUMENTO,CIVINT/STIC,CIVINT-STIC-U04,João Rascunho,2026-09-04T10:36:06-03:00,Aguardando retorno de diligência.
ANO000808,EXP001374,PGR-00072555/2026,DOCUMENTO,CIVINT/STIC,CIVINT-STIC-U05,Karina Ensaio,2026-07-25T19:07:34-03:00,Solicitadas informações complementares ao remetente.
ANO000809,EXP001375,PGR-00059772/2026,DOCUMENTO,CIVINT/STIC,CIVINT-STIC-U03,Isabela Piloto,2026-09-29T06:01:12-03:00,Prioridade definida em reunião de equipe.
ANO000810,EXP001375,PGR-00059772/2026,DOCUMENTO,CIVINT/STIC,CIVINT-STIC-U05,Karina Ensaio,2026-09-30T11:30:27-03:00,Solicitadas informações complementares ao remetente.
ANO000811,EXP001376,PGR-00002869/2026,DOCUMENTO,CIVINT/STIC,CIVINT-STIC-U07,Marina Maquete,2026-09-22T21:50:42-03:00,Verificar prazo com a chefia.
ANO000812,EXP001377,PGR-00001929/2026,DOCUMENTO,CIVINT/STIC,CIVINT-STIC-U07,Marina Maquete,2026-09-13T00:53:56-03:00,Conferir anexos antes de movimentar.
ANO000813,EXP001378,PGR-00009367/2026,DOCUMENTO,CIVINT/STIC,CIVINT-STIC-U02,Heitor Protótipo,2026-09-05T06:02:45-03:00,Verificar prazo com a chefia.
ANO000814,EXP001379,PGR-00003304/2026,DOCUMENTO,CIVINT/STIC,CIVINT-STIC-U08,Nelson Mock,2026-09-25T01:56:53-03:00,Solicitadas informações complementares ao remetente.
ANO000815,EXP001380,PGR-00000628/2026,DOCUMENTO,CIVINT/STIC,CIVINT-STIC-U06,Lucas Esboço,2026-09-19T17:23:56-03:00,"Minuta revisada, pendente de assinatura."
ANO000816,EXP001380,PGR-00000628/2026,DOCUMENTO,CIVINT/STIC,CIVINT-STIC-U02,Heitor Protótipo,2026-09-17T22:04:35-03:00,Relacionado a expediente anterior do mesmo interessado.
ANO000817,EXP001380,PGR-00000628/2026,DOCUMENTO,CIVINT/STIC,CIVINT-STIC-U06,Lucas Esboço,2026-09-19T13:00:26-03:00,Aguardando manifestação da área técnica.
ANO000818,EXP001383,PGR-00086516/2026,DOCUMENTO,CIVINT/STIC,CIVINT-STIC-U02,Heitor Protótipo,2026-09-24T08:16:56-03:00,"Minuta revisada, pendente de assinatura."
ANO000819,EXP001385,PGR-00093268/2026,DOCUMENTO,CIVINT/STIC,CIVINT-STIC-U06,Lucas Esboço,2026-09-27T20:40:52-03:00,"Minuta revisada, pendente de assinatura."
ANO000820,EXP001385,PGR-00093268/2026,DOCUMENTO,CIVINT/STIC,CIVINT-STIC-U03,Isabela Piloto,2026-09-26T02:15:31-03:00,Aguardando manifestação da área técnica.
ANO000821,EXP001386,PGR-00024387/2026,DOCUMENTO,CIVINT/STIC,CIVINT-STIC-U01,Gabriela Simulada,2026-10-04T00:33:28-03:00,"Minuta revisada, pendente de assinatura."
ANO000822,EXP001387,PGR-00099526/2026,DOCUMENTO,CIVINT/STIC,CIVINT-STIC-U06,Lucas Esboço,2026-10-07T14:41:45-03:00,Conferir anexos antes de movimentar.
ANO000823,EXP001387,PGR-00099526/2026,DOCUMENTO,CIVINT/STIC,CIVINT-STIC-U05,Karina Ensaio,2026-10-07T14:25:57-03:00,Aguardando manifestação da área técnica.
ANO000824,EXP001388,PGR-00040985/2026,DOCUMENTO,CIVINT/STIC,CIVINT-STIC-U04,João Rascunho,2026-09-22T15:46:41-03:00,Conferir anexos antes de movimentar.
ANO000825,EXP001388,PGR-00040985/2026,DOCUMENTO,CIVINT/STIC,CIVINT-STIC-U01,Gabriela Simulada,2026-09-24T21:05:39-03:00,Prioridade definida em reunião de equipe.
ANO000826,EXP001388,PGR-00040985/2026,DOCUMENTO,CIVINT/STIC,CIVINT-STIC-U08,Nelson Mock,2026-09-24T07:47:01-03:00,Prioridade definida em reunião de equipe.
ANO000827,EXP001389,PGR-00069946/2026,DOCUMENTO,CIVINT/STIC,CIVINT-STIC-U02,Heitor Protótipo,2026-09-14T23:32:51-03:00,Verificar prazo com a chefia.
ANO000828,EXP001390,PGR-00089074/2026,DOCUMENTO,CIVINT/STIC,CIVINT-STIC-U07,Marina Maquete,2026-09-25T10:33:58-03:00,Relacionado a expediente anterior do mesmo interessado.
ANO000829,EXP001390,PGR-00089074/2026,DOCUMENTO,CIVINT/STIC,CIVINT-STIC-U07,Marina Maquete,2026-09-25T10:24:01-03:00,"Minuta revisada, pendente de assinatura."
ANO000830,EXP001391,PGR-00010157/2026,DOCUMENTO,CIVINT/STIC,CIVINT-STIC-U05,Karina Ensaio,2026-08-28T08:26:11-03:00,Solicitadas informações complementares ao remetente.
ANO000831,EXP001392,PGR-00041655/2026,DOCUMENTO,CIVINT/STIC,CIVINT-STIC-U02,Heitor Protótipo,2026-08-17T21:08:39-03:00,Aguardando retorno de diligência.
ANO000832,EXP001393,PGR-00068053/2026,DOCUMENTO,CIVINT/STIC,CIVINT-STIC-U03,Isabela Piloto,2026-09-23T01:03:26-03:00,Prioridade definida em reunião de equipe.
ANO000833,EXP001394,PGR-00004766/2026,DOCUMENTO,CIVINT/STIC,CIVINT-STIC-U04,João Rascunho,2026-09-25T21:57:34-03:00,Conferir anexos antes de movimentar.
ANO000834,EXP001395,PGR-00048156/2026,DOCUMENTO,CIVINT/STIC,CIVINT-STIC-U05,Karina Ensaio,2026-09-27T03:05:28-03:00,Verificar prazo com a chefia.
ANO000835,EXP001395,PGR-00048156/2026,DOCUMENTO,CIVINT/STIC,CIVINT-STIC-U03,Isabela Piloto,2026-09-28T20:45:05-03:00,Conferir anexos antes de movimentar.
ANO000836,EXP001395,PGR-00048156/2026,DOCUMENTO,CIVINT/STIC,CIVINT-STIC-U08,Nelson Mock,2026-09-27T16:17:07-03:00,Relacionado a expediente anterior do mesmo interessado.
ANO000837,EXP001396,PGR-00012295/2026,DOCUMENTO,CIVINT/STIC,CIVINT-STIC-U05,Karina Ensaio,2026-07-16T22:59:21-03:00,Conferir anexos antes de movimentar.
ANO000838,EXP001397,PGR-00017589/2026,DOCUMENTO,CIVINT/STIC,CIVINT-STIC-U03,Isabela Piloto,2026-09-02T10:20:15-03:00,Solicitadas informações complementares ao remetente.
ANO000839,EXP001398,PGR-00019175/2026,DOCUMENTO,CIVINT/STIC,CIVINT-STIC-U07,Marina Maquete,2026-09-19T18:39:39-03:00,"Minuta revisada, pendente de assinatura."
ANO000840,EXP001398,PGR-00019175/2026,DOCUMENTO,CIVINT/STIC,CIVINT-STIC-U03,Isabela Piloto,2026-09-18T01:48:35-03:00,Prioridade definida em reunião de equipe.
ANO000841,EXP001398,PGR-00019175/2026,DOCUMENTO,CIVINT/STIC,CIVINT-STIC-U01,Gabriela Simulada,2026-09-19T13:04:06-03:00,Conferir anexos antes de movimentar.
ANO000842,EXP001399,PGR-00024244/2026,DOCUMENTO,CIVINT/STIC,CIVINT-STIC-U08,Nelson Mock,2026-09-28T19:57:39-03:00,Relacionado a expediente anterior do mesmo interessado.
ANO000843,EXP001400,PGR-00079083/2026,DOCUMENTO,CIVINT/STIC,CIVINT-STIC-U06,Lucas Esboço,2026-09-25T09:41:20-03:00,Prioridade definida em reunião de equipe.
ANO000844,EXP001401,PGR-00000969/2026,DOCUMENTO,CIVINT/STIC,CIVINT-STIC-U04,João Rascunho,2026-08-05T22:43:22-03:00,Verificar prazo com a chefia.
ANO000845,EXP001401,PGR-00000969/2026,DOCUMENTO,CIVINT/STIC,CIVINT-STIC-U06,Lucas Esboço,2026-09-15T23:54:51-03:00,Relacionado a expediente anterior do mesmo interessado.
ANO000846,EXP001401,PGR-00000969/2026,DOCUMENTO,CIVINT/STIC,CIVINT-STIC-U06,Lucas Esboço,2026-07-12T18:15:49-03:00,Solicitadas informações complementares ao remetente.
ANO000847,EXP001402,PGR-00026456/2026,DOCUMENTO,CIVINT/STIC,CIVINT-STIC-U03,Isabela Piloto,2026-10-04T20:46:04-03:00,Relacionado a expediente anterior do mesmo interessado.
ANO000848,EXP001405,PGR-00030255/2026,DOCUMENTO,CIVINT/STIC,CIVINT-STIC-U02,Heitor Protótipo,2026-08-12T06:27:33-03:00,"Minuta revisada, pendente de assinatura."
ANO000849,EXP001406,PGR-00067175/2026,DOCUMENTO,CIVINT/STIC,CIVINT-STIC-U05,Karina Ensaio,2026-08-31T20:36:01-03:00,Relacionado a expediente anterior do mesmo interessado.
ANO000850,EXP001406,PGR-00067175/2026,DOCUMENTO,CIVINT/STIC,CIVINT-STIC-U04,João Rascunho,2026-08-22T07:27:10-03:00,Relacionado a expediente anterior do mesmo interessado.
ANO000851,EXP001409,PGR-00043938/2026,DOCUMENTO,CIVINT/STIC,CIVINT-STIC-U04,João Rascunho,2026-08-19T22:37:43-03:00,Solicitadas informações complementares ao remetente.
ANO000852,EXP001410,PGR-00059865/2026,DOCUMENTO,CIVINT/STIC,CIVINT-STIC-U08,Nelson Mock,2026-09-21T05:55:27-03:00,Aguardando manifestação da área técnica.
ANO000853,EXP001410,PGR-00059865/2026,DOCUMENTO,CIVINT/STIC,CIVINT-STIC-U04,João Rascunho,2026-09-21T05:31:47-03:00,"Minuta revisada, pendente de assinatura."
ANO000854,EXP001412,PGR-00038632/2026,DOCUMENTO,CIVINT/STIC,CIVINT-STIC-U06,Lucas Esboço,2026-09-23T05:19:42-03:00,Solicitadas informações complementares ao remetente.
ANO000855,EXP001413,PGR-00095193/2026,DOCUMENTO,CIVINT/STIC,CIVINT-STIC-U08,Nelson Mock,2026-09-26T11:24:02-03:00,Aguardando manifestação da área técnica.
ANO000856,EXP001413,PGR-00095193/2026,DOCUMENTO,CIVINT/STIC,CIVINT-STIC-U04,João Rascunho,2026-09-04T09:33:05-03:00,Aguardando retorno de diligência.
ANO000857,EXP001416,PGR-00080308/2026,DOCUMENTO,CIVINT/STIC,CIVINT-STIC-U08,Nelson Mock,2026-09-17T21:42:01-03:00,"Minuta revisada, pendente de assinatura."
ANO000858,EXP001417,PGR-00053724/2026,DOCUMENTO,CIVINT/STIC,CIVINT-STIC-U02,Heitor Protótipo,2026-09-25T20:53:13-03:00,"Minuta revisada, pendente de assinatura."
ANO000859,EXP001419,PGR-00004310/2026,DOCUMENTO,CIVINT/STIC,CIVINT-STIC-U07,Marina Maquete,2026-10-05T23:16:39-03:00,Conferir anexos antes de movimentar.
ANO000860,EXP001421,PGR-00028760/2026,DOCUMENTO,CIVINT/STIC,CIVINT-STIC-U05,Karina Ensaio,2026-09-28T13:31:29-03:00,Relacionado a expediente anterior do mesmo interessado.
ANO000861,EXP001422,PGR-00056763/2026,DOCUMENTO,CIVINT/STIC,CIVINT-STIC-U07,Marina Maquete,2026-09-15T10:03:11-03:00,"Minuta revisada, pendente de assinatura."
ANO000862,EXP001423,PGR-00079781/2026,DOCUMENTO,CIVINT/STIC,CIVINT-STIC-U06,Lucas Esboço,2026-10-01T06:30:36-03:00,Verificar prazo com a chefia.
ANO000863,EXP001424,PGR-00048047/2026,DOCUMENTO,CIVINT/STIC,CIVINT-STIC-U08,Nelson Mock,2026-09-03T10:28:51-03:00,Prioridade definida em reunião de equipe.
ANO000864,EXP001424,PGR-00048047/2026,DOCUMENTO,CIVINT/STIC,CIVINT-STIC-U03,Isabela Piloto,2026-10-01T05:20:43-03:00,Aguardando manifestação da área técnica.
ANO000865,EXP001425,PGR-00056191/2026,DOCUMENTO,CIVINT/STIC,CIVINT-STIC-U03,Isabela Piloto,2026-09-13T19:02:49-03:00,"Minuta revisada, pendente de assinatura."
ANO000866,EXP001426,PGR-00085744/2026,DOCUMENTO,CIVINT/STIC,CIVINT-STIC-U01,Gabriela Simulada,2026-09-25T05:40:35-03:00,Prioridade definida em reunião de equipe.
ANO000867,EXP001426,PGR-00085744/2026,DOCUMENTO,CIVINT/STIC,CIVINT-STIC-U04,João Rascunho,2026-09-24T07:08:06-03:00,Aguardando retorno de diligência.
ANO000868,EXP001426,PGR-00085744/2026,DOCUMENTO,CIVINT/STIC,CIVINT-STIC-U06,Lucas Esboço,2026-09-21T06:46:29-03:00,"Minuta revisada, pendente de assinatura."
ANO000869,EXP001427,PGR-00009204/2026,DOCUMENTO,CIVINT/STIC,CIVINT-STIC-U08,Nelson Mock,2026-08-05T04:27:45-03:00,Conferir anexos antes de movimentar.
ANO000870,EXP001428,PGR-00012165/2026,DOCUMENTO,CIVINT/STIC,CIVINT-STIC-U07,Marina Maquete,2026-09-22T10:40:16-03:00,Aguardando retorno de diligência.
ANO000871,EXP001429,PGR-00096434/2026,DOCUMENTO,CIVINT/STIC,CIVINT-STIC-U05,Karina Ensaio,2026-07-22T22:50:46-03:00,Verificar prazo com a chefia.
ANO000872,EXP001430,PGR-00034979/2026,DOCUMENTO,CIVINT/STIC,CIVINT-STIC-U03,Isabela Piloto,2026-09-24T19:00:42-03:00,Solicitadas informações complementares ao remetente.
ANO000873,EXP001431,PGR-00066239/2026,DOCUMENTO,CIVINT/STIC,CIVINT-STIC-U06,Lucas Esboço,2026-10-05T00:36:23-03:00,Conferir anexos antes de movimentar.
ANO000874,EXP001431,PGR-00066239/2026,DOCUMENTO,CIVINT/STIC,CIVINT-STIC-U07,Marina Maquete,2026-10-05T11:49:57-03:00,Aguardando retorno de diligência.
ANO000875,EXP001431,PGR-00066239/2026,DOCUMENTO,CIVINT/STIC,CIVINT-STIC-U08,Nelson Mock,2026-10-06T02:56:11-03:00,Verificar prazo com a chefia.
ANO000876,EXP001433,PGR-00042639/2026,DOCUMENTO,CIVINT/STIC,CIVINT-STIC-U01,Gabriela Simulada,2026-09-23T19:38:46-03:00,Relacionado a expediente anterior do mesmo interessado.
ANO000877,EXP001435,PGR-00087999/2026,DOCUMENTO,CIVINT/STIC,CIVINT-STIC-U03,Isabela Piloto,2026-10-01T18:41:37-03:00,Prioridade definida em reunião de equipe.
ANO000878,EXP001436,PGR-00051954/2026,DOCUMENTO,CIVINT/STIC,CIVINT-STIC-U08,Nelson Mock,2026-09-27T23:24:52-03:00,Relacionado a expediente anterior do mesmo interessado.
ANO000879,EXP001436,PGR-00051954/2026,DOCUMENTO,CIVINT/STIC,CIVINT-STIC-U08,Nelson Mock,2026-09-30T10:49:44-03:00,Relacionado a expediente anterior do mesmo interessado.
ANO000880,EXP001436,PGR-00051954/2026,DOCUMENTO,CIVINT/STIC,CIVINT-STIC-U08,Nelson Mock,2026-09-28T02:40:37-03:00,Conferir anexos antes de movimentar.
ANO000881,EXP001438,PGR-00076616/2026,DOCUMENTO,CIVINT/STIC,CIVINT-STIC-U03,Isabela Piloto,2026-09-23T13:56:22-03:00,Verificar prazo com a chefia.
ANO000882,EXP001439,PGR-00031781/2026,DOCUMENTO,CIVINT/STIC,CIVINT-STIC-U03,Isabela Piloto,2026-09-19T01:59:13-03:00,Aguardando retorno de diligência.
ANO000883,EXP001440,PGR-00023730/2026,DOCUMENTO,CIVINT/STIC,CIVINT-STIC-U04,João Rascunho,2026-09-13T16:04:58-03:00,Aguardando retorno de diligência.
ANO000884,EXP001441,PGR-00052617/2026,DOCUMENTO,CIVINT/STIC,CIVINT-STIC-U04,João Rascunho,2026-09-21T11:28:22-03:00,Aguardando manifestação da área técnica.
ANO000885,EXP001443,PGR-00001514/2026,DOCUMENTO,CIVINT/STIC,CIVINT-STIC-U08,Nelson Mock,2026-09-27T17:13:49-03:00,Aguardando retorno de diligência.
ANO000886,EXP001443,PGR-00001514/2026,DOCUMENTO,CIVINT/STIC,CIVINT-STIC-U04,João Rascunho,2026-09-29T03:52:55-03:00,Aguardando retorno de diligência.
ANO000887,EXP001443,PGR-00001514/2026,DOCUMENTO,CIVINT/STIC,CIVINT-STIC-U03,Isabela Piloto,2026-09-26T14:32:54-03:00,Conferir anexos antes de movimentar.
ANO000888,EXP001444,PGR-00033313/2026,DOCUMENTO,CIVINT/STIC,CIVINT-STIC-U07,Marina Maquete,2026-10-01T05:55:31-03:00,Aguardando retorno de diligência.
ANO000889,EXP001446,PGR-00050216/2026,DOCUMENTO,CIVINT/STIC,CIVINT-STIC-U05,Karina Ensaio,2026-08-23T13:27:39-03:00,Prioridade definida em reunião de equipe.
ANO000890,EXP001447,PGR-00035628/2026,DOCUMENTO,CIVINT/STIC,CIVINT-STIC-U02,Heitor Protótipo,2026-09-29T18:27:49-03:00,Verificar prazo com a chefia.
ANO000891,EXP001448,PGR-00088036/2026,DOCUMENTO,CIVINT/STIC,CIVINT-STIC-U04,João Rascunho,2026-09-13T16:39:42-03:00,Verificar prazo com a chefia.
ANO000892,EXP001450,PGR-00019798/2026,DOCUMENTO,CIVINT/STIC,CIVINT-STIC-U01,Gabriela Simulada,2026-09-19T09:11:57-03:00,Solicitadas informações complementares ao remetente.
ANO000893,EXP001451,PGR-00063308/2026,DOCUMENTO,CIVINT/STIC,CIVINT-STIC-U04,João Rascunho,2026-09-27T22:50:19-03:00,Aguardando manifestação da área técnica.
ANO000894,EXP001452,PGR-00029477/2026,DOCUMENTO,CIVINT/STIC,CIVINT-STIC-U04,João Rascunho,2026-09-27T14:35:40-03:00,Verificar prazo com a chefia.
ANO000895,EXP001452,PGR-00029477/2026,DOCUMENTO,CIVINT/STIC,CIVINT-STIC-U01,Gabriela Simulada,2026-09-25T11:22:12-03:00,Aguardando retorno de diligência.
ANO000896,EXP001454,PGR-00077954/2026,DOCUMENTO,CIVINT/STIC,CIVINT-STIC-U01,Gabriela Simulada,2026-10-04T15:27:07-03:00,Solicitadas informações complementares ao remetente.
ANO000897,EXP001454,PGR-00077954/2026,DOCUMENTO,CIVINT/STIC,CIVINT-STIC-U04,João Rascunho,2026-10-04T14:55:50-03:00,Solicitadas informações complementares ao remetente.
ANO000898,EXP001456,PGR-00063431/2026,DOCUMENTO,CIVINT/STIC,CIVINT-STIC-U07,Marina Maquete,2026-09-15T14:16:07-03:00,Aguardando manifestação da área técnica.
ANO000899,EXP001459,PGR-00041803/2026,DOCUMENTO,CIVINT/STIC,CIVINT-STIC-U07,Marina Maquete,2026-09-10T07:05:52-03:00,"Minuta revisada, pendente de assinatura."
ANO000900,EXP001459,PGR-00041803/2026,DOCUMENTO,CIVINT/STIC,CIVINT-STIC-U04,João Rascunho,2026-09-15T01:08:57-03:00,Solicitadas informações complementares ao remetente.
ANO000901,EXP001460,PGR-00021697/2026,DOCUMENTO,CIVINT/STIC,CIVINT-STIC-U05,Karina Ensaio,2026-09-15T19:10:50-03:00,Aguardando retorno de diligência.
ANO000902,EXP001460,PGR-00021697/2026,DOCUMENTO,CIVINT/STIC,CIVINT-STIC-U07,Marina Maquete,2026-09-15T02:09:38-03:00,Solicitadas informações complementares ao remetente.
ANO000903,EXP001460,PGR-00021697/2026,DOCUMENTO,CIVINT/STIC,CIVINT-STIC-U01,Gabriela Simulada,2026-09-16T05:04:37-03:00,Solicitadas informações complementares ao remetente.
ANO000904,EXP001464,PGR-00091543/2026,DOCUMENTO,CIVINT/STIC,CIVINT-STIC-U04,João Rascunho,2026-09-04T11:27:27-03:00,Relacionado a expediente anterior do mesmo interessado.
ANO000905,EXP001464,PGR-00091543/2026,DOCUMENTO,CIVINT/STIC,CIVINT-STIC-U08,Nelson Mock,2026-09-02T06:23:14-03:00,Relacionado a expediente anterior do mesmo interessado.
ANO000906,EXP001464,PGR-00091543/2026,DOCUMENTO,CIVINT/STIC,CIVINT-STIC-U06,Lucas Esboço,2026-07-14T14:41:24-03:00,"Minuta revisada, pendente de assinatura."
ANO000907,EXP001467,PGR-00071411/2026,DOCUMENTO,CIVINT/STIC,CIVINT-STIC-U05,Karina Ensaio,2026-10-04T08:45:58-03:00,"Minuta revisada, pendente de assinatura."
ANO000908,EXP001468,PGR-00060585/2026,DOCUMENTO,CIVINT/STIC,CIVINT-STIC-U07,Marina Maquete,2026-10-03T03:40:23-03:00,Solicitadas informações complementares ao remetente.
ANO000909,EXP001468,PGR-00060585/2026,DOCUMENTO,CIVINT/STIC,CIVINT-STIC-U02,Heitor Protótipo,2026-10-03T07:24:21-03:00,Conferir anexos antes de movimentar.
ANO000910,EXP001468,PGR-00060585/2026,DOCUMENTO,CIVINT/STIC,CIVINT-STIC-U07,Marina Maquete,2026-10-04T03:13:50-03:00,Aguardando retorno de diligência.
ANO000911,EXP001469,PGR-00069600/2026,DOCUMENTO,CIVINT/STIC,CIVINT-STIC-U03,Isabela Piloto,2026-10-07T05:04:42-03:00,Aguardando manifestação da área técnica.
ANO000912,EXP001470,PGR-00003948/2026,DOCUMENTO,CIVINT/STIC,CIVINT-STIC-U04,João Rascunho,2026-10-07T17:00:00-03:00,Aguardando retorno de diligência.
ANO000913,EXP001470,PGR-00003948/2026,DOCUMENTO,CIVINT/STIC,CIVINT-STIC-U08,Nelson Mock,2026-10-07T17:00:00-03:00,Prioridade definida em reunião de equipe.
ANO000914,EXP001470,PGR-00003948/2026,DOCUMENTO,CIVINT/STIC,CIVINT-STIC-U04,João Rascunho,2026-10-07T17:00:00-03:00,Relacionado a expediente anterior do mesmo interessado.
ANO000915,EXP001471,PGR-00036869/2026,DOCUMENTO,CIVINT/STIC,CIVINT-STIC-U03,Isabela Piloto,2026-07-30T11:41:28-03:00,Aguardando manifestação da área técnica.
ANO000916,EXP001472,PGR-00064110/2026,DOCUMENTO,CIVINT/STIC,CIVINT-STIC-U03,Isabela Piloto,2026-06-17T11:45:05-03:00,Relacionado a expediente anterior do mesmo interessado.
ANO000917,EXP001473,PGR-00048685/2026,DOCUMENTO,CIVINT/STIC,CIVINT-STIC-U01,Gabriela Simulada,2026-09-22T20:36:46-03:00,Relacionado a expediente anterior do mesmo interessado.
ANO000918,EXP001474,PGR-00087738/2026,DOCUMENTO,CIVINT/STIC,CIVINT-STIC-U04,João Rascunho,2026-07-15T18:39:14-03:00,Aguardando retorno de diligência.
ANO000919,EXP001475,PGR-00077241/2026,DOCUMENTO,CIVINT/STIC,CIVINT-STIC-U07,Marina Maquete,2026-10-03T06:52:34-03:00,Verificar prazo com a chefia.
ANO000920,EXP001476,PGR-00094939/2026,DOCUMENTO,CIVINT/STIC,CIVINT-STIC-U03,Isabela Piloto,2026-10-03T15:15:58-03:00,Conferir anexos antes de movimentar.
ANO000921,EXP001476,PGR-00094939/2026,DOCUMENTO,CIVINT/STIC,CIVINT-STIC-U03,Isabela Piloto,2026-09-16T05:54:51-03:00,Relacionado a expediente anterior do mesmo interessado.
ANO000922,EXP001476,PGR-00094939/2026,DOCUMENTO,CIVINT/STIC,CIVINT-STIC-U05,Karina Ensaio,2026-09-29T06:50:42-03:00,Solicitadas informações complementares ao remetente.
ANO000923,EXP001477,PGR-00061714/2026,DOCUMENTO,CIVINT/STIC,CIVINT-STIC-U08,Nelson Mock,2026-09-13T12:20:27-03:00,Conferir anexos antes de movimentar.
ANO000924,EXP001477,PGR-00061714/2026,DOCUMENTO,CIVINT/STIC,CIVINT-STIC-U02,Heitor Protótipo,2026-09-15T20:54:25-03:00,Aguardando retorno de diligência.
ANO000925,EXP001478,PGR-00010462/2026,DOCUMENTO,CIVINT/STIC,CIVINT-STIC-U06,Lucas Esboço,2026-09-17T00:37:57-03:00,Relacionado a expediente anterior do mesmo interessado.
ANO000926,EXP001481,PGR-00003238/2026,DOCUMENTO,CIVINT/STIC,CIVINT-STIC-U05,Karina Ensaio,2026-09-21T12:00:27-03:00,Relacionado a expediente anterior do mesmo interessado.
ANO000927,EXP001482,PGR-00090225/2026,DOCUMENTO,CIVINT/STIC,CIVINT-STIC-U01,Gabriela Simulada,2026-09-26T07:48:52-03:00,Conferir anexos antes de movimentar.
ANO000928,EXP001482,PGR-00090225/2026,DOCUMENTO,CIVINT/STIC,CIVINT-STIC-U01,Gabriela Simulada,2026-09-24T21:47:27-03:00,"Minuta revisada, pendente de assinatura."
ANO000929,EXP001484,PGR-00075709/2026,DOCUMENTO,CIVINT/STIC,CIVINT-STIC-U03,Isabela Piloto,2026-07-11T21:29:43-03:00,Aguardando manifestação da área técnica.
ANO000930,EXP001487,PGR-00033709/2026,DOCUMENTO,CIVINT/STIC,CIVINT-STIC-U08,Nelson Mock,2026-09-18T21:07:22-03:00,Aguardando retorno de diligência.
ANO000931,EXP001488,PGR-00042371/2026,DOCUMENTO,CIVINT/STIC,CIVINT-STIC-U02,Heitor Protótipo,2026-08-16T14:42:25-03:00,Conferir anexos antes de movimentar.
ANO000932,EXP001489,PGR-00021072/2026,DOCUMENTO,CIVINT/STIC,CIVINT-STIC-U02,Heitor Protótipo,2026-09-24T17:15:04-03:00,Conferir anexos antes de movimentar.
ANO000933,EXP001492,PGR-00077618/2026,DOCUMENTO,CIVINT/STIC,CIVINT-STIC-U06,Lucas Esboço,2026-09-30T22:20:03-03:00,Solicitadas informações complementares ao remetente.
ANO000934,EXP001492,PGR-00077618/2026,DOCUMENTO,CIVINT/STIC,CIVINT-STIC-U07,Marina Maquete,2026-09-27T01:30:09-03:00,Aguardando retorno de diligência.
ANO000935,EXP001493,PGR-00005776/2026,DOCUMENTO,CIVINT/STIC,CIVINT-STIC-U04,João Rascunho,2026-09-18T18:55:14-03:00,Conferir anexos antes de movimentar.
ANO000936,EXP001493,PGR-00005776/2026,DOCUMENTO,CIVINT/STIC,CIVINT-STIC-U07,Marina Maquete,2026-09-19T02:15:39-03:00,Conferir anexos antes de movimentar.
ANO000937,EXP001493,PGR-00005776/2026,DOCUMENTO,CIVINT/STIC,CIVINT-STIC-U02,Heitor Protótipo,2026-09-12T05:50:00-03:00,Aguardando manifestação da área técnica.
ANO000938,EXP001495,PGR-00066121/2026,DOCUMENTO,CIVINT/STIC,CIVINT-STIC-U02,Heitor Protótipo,2026-09-28T16:01:53-03:00,Prioridade definida em reunião de equipe.
ANO000939,EXP001495,PGR-00066121/2026,DOCUMENTO,CIVINT/STIC,CIVINT-STIC-U07,Marina Maquete,2026-09-28T16:11:39-03:00,Conferir anexos antes de movimentar.
ANO000940,EXP001495,PGR-00066121/2026,DOCUMENTO,CIVINT/STIC,CIVINT-STIC-U06,Lucas Esboço,2026-09-28T16:06:08-03:00,Solicitadas informações complementares ao remetente.
ANO000941,EXP001496,PGR-00064381/2026,DOCUMENTO,CIVINT/STIC,CIVINT-STIC-U08,Nelson Mock,2026-09-29T22:57:35-03:00,Aguardando manifestação da área técnica.
ANO000942,EXP001497,PGR-00091004/2026,DOCUMENTO,CIVINT/STIC,CIVINT-STIC-U05,Karina Ensaio,2026-09-11T03:47:49-03:00,Aguardando retorno de diligência.
ANO000943,EXP001498,PGR-00098891/2026,DOCUMENTO,CIVINT/STIC,CIVINT-STIC-U06,Lucas Esboço,2026-10-05T15:51:34-03:00,Prioridade definida em reunião de equipe.
ANO000944,EXP001502,PGR-00054193/2026,DOCUMENTO,CIVINT/STIC,CIVINT-STIC-U01,Gabriela Simulada,2026-10-05T01:21:13-03:00,Prioridade definida em reunião de equipe.
ANO000945,EXP001503,PGR-00086463/2026,DOCUMENTO,CIVINT/STIC,CIVINT-STIC-U07,Marina Maquete,2026-07-24T18:51:40-03:00,Conferir anexos antes de movimentar.
ANO000946,EXP001505,PGR-00014687/2026,DOCUMENTO,CIVINT/STIC,CIVINT-STIC-U04,João Rascunho,2026-08-15T09:09:59-03:00,"Minuta revisada, pendente de assinatura."
ANO000947,EXP001506,PGR-00094981/2026,DOCUMENTO,CIVINT/STIC,CIVINT-STIC-U01,Gabriela Simulada,2026-09-03T17:55:33-03:00,Verificar prazo com a chefia.
ANO000948,EXP001508,PGR-00044324/2026,DOCUMENTO,CIVINT/STIC,CIVINT-STIC-U02,Heitor Protótipo,2026-09-26T11:04:21-03:00,Aguardando retorno de diligência.
ANO000949,EXP001508,PGR-00044324/2026,DOCUMENTO,CIVINT/STIC,CIVINT-STIC-U02,Heitor Protótipo,2026-09-26T11:47:04-03:00,Conferir anexos antes de movimentar.
ANO000950,EXP001509,PGR-00025529/2026,DOCUMENTO,CIVINT/STIC,CIVINT-STIC-U05,Karina Ensaio,2026-09-15T14:01:21-03:00,Aguardando retorno de diligência.
ANO000951,EXP001510,PGR-00062053/2026,DOCUMENTO,CIVINT/STIC,CIVINT-STIC-U03,Isabela Piloto,2026-07-30T20:45:58-03:00,Conferir anexos antes de movimentar.
ANO000952,EXP001510,PGR-00062053/2026,DOCUMENTO,CIVINT/STIC,CIVINT-STIC-U06,Lucas Esboço,2026-08-01T23:58:15-03:00,Verificar prazo com a chefia.
ANO000953,EXP001510,PGR-00062053/2026,DOCUMENTO,CIVINT/STIC,CIVINT-STIC-U03,Isabela Piloto,2026-08-01T15:14:04-03:00,Prioridade definida em reunião de equipe.
ANO000954,EXP001512,PGR-00040015/2026,DOCUMENTO,CIVINT/STIC,CIVINT-STIC-U01,Gabriela Simulada,2026-09-18T04:51:03-03:00,Aguardando manifestação da área técnica.
ANO000955,EXP001513,PGR-00005557/2026,DOCUMENTO,CIVINT/STIC,CIVINT-STIC-U07,Marina Maquete,2026-10-05T13:36:02-03:00,"Minuta revisada, pendente de assinatura."
ANO000956,EXP001514,PGR-00088625/2026,DOCUMENTO,CIVINT/STIC,CIVINT-STIC-U02,Heitor Protótipo,2026-09-25T08:46:59-03:00,Conferir anexos antes de movimentar.
ANO000957,EXP001515,PGR-00014723/2026,DOCUMENTO,CIVINT/STIC,CIVINT-STIC-U08,Nelson Mock,2026-08-13T10:58:18-03:00,Prioridade definida em reunião de equipe.
ANO000958,EXP001516,PGR-00086890/2026,DOCUMENTO,CIVINT/STIC,CIVINT-STIC-U05,Karina Ensaio,2026-09-12T05:34:14-03:00,Relacionado a expediente anterior do mesmo interessado.
ANO000959,EXP001516,PGR-00086890/2026,DOCUMENTO,CIVINT/STIC,CIVINT-STIC-U07,Marina Maquete,2026-07-19T09:54:57-03:00,Aguardando retorno de diligência.
ANO000960,EXP001516,PGR-00086890/2026,DOCUMENTO,CIVINT/STIC,CIVINT-STIC-U02,Heitor Protótipo,2026-08-10T13:51:37-03:00,Aguardando retorno de diligência.
ANO000961,EXP001517,PGR-00067413/2026,DOCUMENTO,CIVINT/STIC,CIVINT-STIC-U08,Nelson Mock,2026-10-06T05:42:19-03:00,Aguardando manifestação da área técnica.
ANO000962,EXP001517,PGR-00067413/2026,DOCUMENTO,CIVINT/STIC,CIVINT-STIC-U04,João Rascunho,2026-10-06T05:36:22-03:00,Conferir anexos antes de movimentar.
ANO000963,EXP001517,PGR-00067413/2026,DOCUMENTO,CIVINT/STIC,CIVINT-STIC-U04,João Rascunho,2026-10-06T04:48:38-03:00,Conferir anexos antes de movimentar.
ANO000964,EXP001518,PGR-00079050/2026,DOCUMENTO,CIVINT/STIC,CIVINT-STIC-U07,Marina Maquete,2026-09-10T00:03:10-03:00,Solicitadas informações complementares ao remetente.
ANO000965,EXP001520,PGR-00065092/2026,DOCUMENTO,CIVINT/STIC,CIVINT-STIC-U05,Karina Ensaio,2026-09-11T11:27:18-03:00,Relacionado a expediente anterior do mesmo interessado.
ANO000966,EXP001521,PGR-00070511/2026,DOCUMENTO,CIVINT/STIC,CIVINT-STIC-U08,Nelson Mock,2026-09-16T13:40:41-03:00,Verificar prazo com a chefia.
ANO000967,EXP001522,PGR-00027725/2026,DOCUMENTO,CIVINT/STIC,CIVINT-STIC-U04,João Rascunho,2026-09-12T23:16:23-03:00,Prioridade definida em reunião de equipe.
ANO000968,EXP001523,PGR-00038112/2026,DOCUMENTO,CIVINT/STIC,CIVINT-STIC-U08,Nelson Mock,2026-09-15T18:10:00-03:00,"Minuta revisada, pendente de assinatura."
ANO000969,EXP001524,PGR-00042038/2026,DOCUMENTO,CIVINT/STIC,CIVINT-STIC-U05,Karina Ensaio,2026-09-17T15:33:52-03:00,Prioridade definida em reunião de equipe.
ANO000970,EXP001524,PGR-00042038/2026,DOCUMENTO,CIVINT/STIC,CIVINT-STIC-U04,João Rascunho,2026-09-13T08:54:24-03:00,Aguardando retorno de diligência.
ANO000971,EXP001524,PGR-00042038/2026,DOCUMENTO,CIVINT/STIC,CIVINT-STIC-U01,Gabriela Simulada,2026-08-22T02:59:20-03:00,Conferir anexos antes de movimentar.
ANO000972,EXP001525,PGR-00071347/2026,DOCUMENTO,CIVINT/STIC,CIVINT-STIC-U02,Heitor Protótipo,2026-09-08T08:24:46-03:00,Solicitadas informações complementares ao remetente.
ANO000973,EXP001525,PGR-00071347/2026,DOCUMENTO,CIVINT/STIC,CIVINT-STIC-U05,Karina Ensaio,2026-08-25T16:20:03-03:00,Aguardando retorno de diligência.
ANO000974,EXP001526,PGR-00080762/2026,DOCUMENTO,CIVINT/STIC,CIVINT-STIC-U05,Karina Ensaio,2026-09-28T21:22:39-03:00,Prioridade definida em reunião de equipe.
ANO000975,EXP001526,PGR-00080762/2026,DOCUMENTO,CIVINT/STIC,CIVINT-STIC-U02,Heitor Protótipo,2026-09-28T21:32:10-03:00,Prioridade definida em reunião de equipe.
ANO000976,EXP001526,PGR-00080762/2026,DOCUMENTO,CIVINT/STIC,CIVINT-STIC-U03,Isabela Piloto,2026-09-28T21:27:10-03:00,Solicitadas informações complementares ao remetente.
ANO000977,EXP001527,PGR-00063358/2026,DOCUMENTO,CIVINT/STIC,CIVINT-STIC-U02,Heitor Protótipo,2026-09-20T22:54:44-03:00,Aguardando manifestação da área técnica.
ANO000978,EXP001527,PGR-00063358/2026,DOCUMENTO,CIVINT/STIC,CIVINT-STIC-U05,Karina Ensaio,2026-09-16T03:38:20-03:00,Aguardando manifestação da área técnica.
ANO000979,EXP001528,PGR-00032312/2026,DOCUMENTO,CIVINT/STIC,CIVINT-STIC-U06,Lucas Esboço,2026-10-04T18:42:31-03:00,"Minuta revisada, pendente de assinatura."
ANO000980,EXP001528,PGR-00032312/2026,DOCUMENTO,CIVINT/STIC,CIVINT-STIC-U04,João Rascunho,2026-10-04T18:27:57-03:00,Aguardando retorno de diligência.
ANO000981,EXP001528,PGR-00032312/2026,DOCUMENTO,CIVINT/STIC,CIVINT-STIC-U05,Karina Ensaio,2026-10-04T18:32:13-03:00,Aguardando retorno de diligência.
ANO000982,EXP001529,PGR-00025465/2026,DOCUMENTO,CIVINT/STIC,CIVINT-STIC-U04,João Rascunho,2026-09-29T11:50:07-03:00,Solicitadas informações complementares ao remetente.
ANO000983,EXP001529,PGR-00025465/2026,DOCUMENTO,CIVINT/STIC,CIVINT-STIC-U06,Lucas Esboço,2026-09-25T03:02:53-03:00,Verificar prazo com a chefia.
ANO000984,EXP001531,PGR-00046577/2026,DOCUMENTO,CIVINT/STIC,CIVINT-STIC-U02,Heitor Protótipo,2026-09-26T05:52:16-03:00,"Minuta revisada, pendente de assinatura."
ANO000985,EXP001533,PGR-00050286/2026,DOCUMENTO,CIVINT/STIC,CIVINT-STIC-U04,João Rascunho,2026-09-26T08:01:00-03:00,"Minuta revisada, pendente de assinatura."
ANO000986,EXP001534,PGR-00051833/2026,DOCUMENTO,CIVINT/STIC,CIVINT-STIC-U01,Gabriela Simulada,2026-10-03T02:08:18-03:00,Prioridade definida em reunião de equipe.
ANO000987,EXP001534,PGR-00051833/2026,DOCUMENTO,CIVINT/STIC,CIVINT-STIC-U03,Isabela Piloto,2026-10-03T02:52:32-03:00,Solicitadas informações complementares ao remetente.
ANO000988,EXP001536,PGR-00033325/2026,DOCUMENTO,CIVINT/STIC,CIVINT-STIC-U03,Isabela Piloto,2026-09-27T00:10:51-03:00,Prioridade definida em reunião de equipe.
ANO000989,EXP001537,PGR-00086797/2026,DOCUMENTO,CIVINT/STIC,CIVINT-STIC-U04,João Rascunho,2026-09-12T04:16:08-03:00,Verificar prazo com a chefia.
ANO000990,EXP001537,PGR-00086797/2026,DOCUMENTO,CIVINT/STIC,CIVINT-STIC-U06,Lucas Esboço,2026-09-03T00:48:09-03:00,Solicitadas informações complementares ao remetente.
ANO000991,EXP001538,PGR-00090923/2026,DOCUMENTO,CIVINT/STIC,CIVINT-STIC-U07,Marina Maquete,2026-07-30T17:34:44-03:00,"Minuta revisada, pendente de assinatura."
ANO000992,EXP001538,PGR-00090923/2026,DOCUMENTO,CIVINT/STIC,CIVINT-STIC-U06,Lucas Esboço,2026-06-30T03:10:26-03:00,Aguardando manifestação da área técnica.
ANO000993,EXP001538,PGR-00090923/2026,DOCUMENTO,CIVINT/STIC,CIVINT-STIC-U04,João Rascunho,2026-08-16T21:15:16-03:00,"Minuta revisada, pendente de assinatura."
ANO000994,EXP001539,PGR-00063600/2026,DOCUMENTO,CIVINT/STIC,CIVINT-STIC-U04,João Rascunho,2026-10-04T16:36:56-03:00,Aguardando manifestação da área técnica.
ANO000995,EXP001541,PGR-00055414/2026,DOCUMENTO,CIVINT/STIC,CIVINT-STIC-U05,Karina Ensaio,2026-10-07T17:00:00-03:00,Verificar prazo com a chefia.
ANO000996,EXP001541,PGR-00055414/2026,DOCUMENTO,CIVINT/STIC,CIVINT-STIC-U08,Nelson Mock,2026-10-07T17:00:00-03:00,Conferir anexos antes de movimentar.
ANO000997,EXP001543,PGR-00074657/2026,DOCUMENTO,CIVINT/STIC,CIVINT-STIC-U01,Gabriela Simulada,2026-09-19T19:28:36-03:00,"Minuta revisada, pendente de assinatura."
ANO000998,EXP001544,PGR-00049542/2026,DOCUMENTO,CIVINT/STIC,CIVINT-STIC-U08,Nelson Mock,2026-10-03T14:47:30-03:00,Aguardando manifestação da área técnica.
ANO000999,EXP001545,PGR-00088931/2026,DOCUMENTO,CIVINT/STIC,CIVINT-STIC-U02,Heitor Protótipo,2026-10-05T02:16:26-03:00,Aguardando manifestação da área técnica.
ANO001000,EXP001546,PGR-00021181/2026,DOCUMENTO,CIVINT/STIC,CIVINT-STIC-U08,Nelson Mock,2026-09-30T10:15:21-03:00,Verificar prazo com a chefia.
ANO001001,EXP001548,PGR-00065941/2026,DOCUMENTO,CIVINT/STIC,CIVINT-STIC-U03,Isabela Piloto,2026-10-07T17:00:00-03:00,"Minuta revisada, pendente de assinatura."
ANO001002,EXP001549,PGR-00080487/2026,DOCUMENTO,CIVINT/STIC,CIVINT-STIC-U03,Isabela Piloto,2026-08-31T14:50:48-03:00,Solicitadas informações complementares ao remetente.
ANO001003,EXP001550,PGR-00091339/2026,DOCUMENTO,CIVINT/STIC,CIVINT-STIC-U04,João Rascunho,2026-09-10T11:21:50-03:00,Aguardando manifestação da área técnica.
ANO001004,EXP001550,PGR-00091339/2026,DOCUMENTO,CIVINT/STIC,CIVINT-STIC-U03,Isabela Piloto,2026-09-13T14:26:29-03:00,Relacionado a expediente anterior do mesmo interessado.
ANO001005,EXP001550,PGR-00091339/2026,DOCUMENTO,CIVINT/STIC,CIVINT-STIC-U08,Nelson Mock,2026-09-19T19:43:32-03:00,"Minuta revisada, pendente de assinatura."
ANO001006,EXP001552,PGR-00061883/2026,DOCUMENTO,CIVINT/STIC,CIVINT-STIC-U06,Lucas Esboço,2026-10-07T17:00:00-03:00,Prioridade definida em reunião de equipe.
ANO001007,EXP001553,PGR-00045675/2026,DOCUMENTO,CIVINT/STIC,CIVINT-STIC-U01,Gabriela Simulada,2026-08-24T16:06:16-03:00,Relacionado a expediente anterior do mesmo interessado.
ANO001008,EXP001553,PGR-00045675/2026,DOCUMENTO,CIVINT/STIC,CIVINT-STIC-U08,Nelson Mock,2026-09-11T03:45:08-03:00,Aguardando retorno de diligência.
ANO001009,EXP001554,PGR-00038021/2026,DOCUMENTO,CIVINT/STIC,CIVINT-STIC-U01,Gabriela Simulada,2026-09-26T00:16:34-03:00,Conferir anexos antes de movimentar.
ANO001010,EXP001555,PGR-00026143/2026,DOCUMENTO,CIVINT/STIC,CIVINT-STIC-U08,Nelson Mock,2026-10-03T05:47:20-03:00,Prioridade definida em reunião de equipe.
ANO001011,EXP001557,PGR-00099236/2026,DOCUMENTO,CIVINT/STIC,CIVINT-STIC-U04,João Rascunho,2026-09-08T07:54:06-03:00,Prioridade definida em reunião de equipe.
ANO001012,EXP001558,PGR-00012494/2026,DOCUMENTO,CIVINT/STIC,CIVINT-STIC-U02,Heitor Protótipo,2026-09-27T16:34:24-03:00,Verificar prazo com a chefia.
ANO001013,EXP001558,PGR-00012494/2026,DOCUMENTO,CIVINT/STIC,CIVINT-STIC-U01,Gabriela Simulada,2026-09-27T16:03:01-03:00,Conferir anexos antes de movimentar.
ANO001014,EXP001558,PGR-00012494/2026,DOCUMENTO,CIVINT/STIC,CIVINT-STIC-U03,Isabela Piloto,2026-09-27T16:58:55-03:00,Prioridade definida em reunião de equipe.
ANO001015,EXP001559,PGR-00054700/2026,DOCUMENTO,CIVINT/STIC,CIVINT-STIC-U03,Isabela Piloto,2026-09-06T16:02:53-03:00,Aguardando manifestação da área técnica.
ANO001016,EXP001559,PGR-00054700/2026,DOCUMENTO,CIVINT/STIC,CIVINT-STIC-U06,Lucas Esboço,2026-08-13T00:47:43-03:00,Solicitadas informações complementares ao remetente.
ANO001017,EXP001561,PGR-00075221/2026,DOCUMENTO,CIVINT/STIC,CIVINT-STIC-U06,Lucas Esboço,2026-09-01T02:30:45-03:00,Conferir anexos antes de movimentar.
ANO001018,EXP001563,PGR-00092941/2026,DOCUMENTO,CIVINT/STIC,CIVINT-STIC-U01,Gabriela Simulada,2026-09-30T03:35:51-03:00,Solicitadas informações complementares ao remetente.
ANO001019,EXP001564,PGR-00076296/2026,DOCUMENTO,CIVINT/STIC,CIVINT-STIC-U06,Lucas Esboço,2026-10-03T01:46:44-03:00,Aguardando manifestação da área técnica.
ANO001020,EXP001564,PGR-00076296/2026,DOCUMENTO,CIVINT/STIC,CIVINT-STIC-U01,Gabriela Simulada,2026-10-06T08:25:13-03:00,Aguardando retorno de diligência.
ANO001021,EXP001564,PGR-00076296/2026,DOCUMENTO,CIVINT/STIC,CIVINT-STIC-U07,Marina Maquete,2026-10-06T21:28:49-03:00,"Minuta revisada, pendente de assinatura."
ANO001022,EXP001565,PGR-00042055/2026,DOCUMENTO,CIVINT/STIC,CIVINT-STIC-U07,Marina Maquete,2026-08-30T08:36:45-03:00,Aguardando manifestação da área técnica.
ANO001023,EXP001566,PGR-00062121/2026,DOCUMENTO,CIVINT/STIC,CIVINT-STIC-U02,Heitor Protótipo,2026-09-07T19:11:15-03:00,Prioridade definida em reunião de equipe.
ANO001024,EXP001567,PGR-00045083/2026,DOCUMENTO,CIVINT/STIC,CIVINT-STIC-U06,Lucas Esboço,2026-09-19T18:54:07-03:00,Prioridade definida em reunião de equipe.
ANO001025,EXP001567,PGR-00045083/2026,DOCUMENTO,CIVINT/STIC,CIVINT-STIC-U03,Isabela Piloto,2026-09-16T18:09:43-03:00,Solicitadas informações complementares ao remetente.
ANO001026,EXP001567,PGR-00045083/2026,DOCUMENTO,CIVINT/STIC,CIVINT-STIC-U08,Nelson Mock,2026-09-19T19:03:39-03:00,Solicitadas informações complementares ao remetente.
ANO001027,EXP001568,PGR-00043508/2026,DOCUMENTO,CIVINT/STIC,CIVINT-STIC-U01,Gabriela Simulada,2026-09-15T10:57:20-03:00,Prioridade definida em reunião de equipe.
ANO001028,EXP001570,PGR-00030510/2026,DOCUMENTO,CIVINT/STIC,CIVINT-STIC-U08,Nelson Mock,2026-08-17T02:27:35-03:00,Aguardando manifestação da área técnica.
ANO001029,EXP001571,PGR-00026028/2026,DOCUMENTO,CIVINT/STIC,CIVINT-STIC-U04,João Rascunho,2026-08-26T21:52:38-03:00,Aguardando retorno de diligência.
ANO001030,EXP001572,PGR-00067085/2026,DOCUMENTO,CIVINT/STIC,CIVINT-STIC-U07,Marina Maquete,2026-09-25T13:07:39-03:00,Prioridade definida em reunião de equipe.
ANO001031,EXP001573,PGR-00042068/2026,DOCUMENTO,CIVINT/STIC,CIVINT-STIC-U05,Karina Ensaio,2026-09-24T04:39:02-03:00,Prioridade definida em reunião de equipe.
ANO001032,EXP001574,PGR-00040988/2026,DOCUMENTO,CIVINT/STIC,CIVINT-STIC-U01,Gabriela Simulada,2026-09-28T09:14:51-03:00,Aguardando manifestação da área técnica.
ANO001033,EXP001574,PGR-00040988/2026,DOCUMENTO,CIVINT/STIC,CIVINT-STIC-U06,Lucas Esboço,2026-09-25T07:42:40-03:00,Solicitadas informações complementares ao remetente.
ANO001034,EXP001574,PGR-00040988/2026,DOCUMENTO,CIVINT/STIC,CIVINT-STIC-U04,João Rascunho,2026-10-01T09:17:45-03:00,Relacionado a expediente anterior do mesmo interessado.
ANO001035,EXP001575,PGR-00001430/2026,DOCUMENTO,CIVINT/STIC,CIVINT-STIC-U04,João Rascunho,2026-09-30T15:04:08-03:00,Aguardando retorno de diligência.
ANO001036,EXP001576,PGR-00017690/2026,DOCUMENTO,CIVINT/STIC,CIVINT-STIC-U05,Karina Ensaio,2026-09-29T21:54:43-03:00,Verificar prazo com a chefia.
ANO001037,EXP001576,PGR-00017690/2026,DOCUMENTO,CIVINT/STIC,CIVINT-STIC-U01,Gabriela Simulada,2026-09-29T21:58:44-03:00,Verificar prazo com a chefia.
ANO001038,EXP001576,PGR-00017690/2026,DOCUMENTO,CIVINT/STIC,CIVINT-STIC-U01,Gabriela Simulada,2026-09-29T21:11:05-03:00,Aguardando retorno de diligência.
ANO001039,EXP001577,PGR-00073060/2026,DOCUMENTO,CIVINT/STIC,CIVINT-STIC-U04,João Rascunho,2026-10-04T15:41:23-03:00,Relacionado a expediente anterior do mesmo interessado.
ANO001040,EXP001579,PGR-00070217/2026,DOCUMENTO,CIVINT/STIC,CIVINT-STIC-U04,João Rascunho,2026-06-19T15:30:05-03:00,Solicitadas informações complementares ao remetente.
ANO001041,EXP001580,PGR-00000251/2026,DOCUMENTO,CIVINT/STIC,CIVINT-STIC-U04,João Rascunho,2026-09-17T01:23:46-03:00,Verificar prazo com a chefia.
ANO001042,EXP001583,PGR-00028776/2026,DOCUMENTO,CIVINT/STIC,CIVINT-STIC-U08,Nelson Mock,2026-09-18T18:08:06-03:00,Relacionado a expediente anterior do mesmo interessado.
ANO001043,EXP001583,PGR-00028776/2026,DOCUMENTO,CIVINT/STIC,CIVINT-STIC-U08,Nelson Mock,2026-10-01T18:15:35-03:00,Aguardando retorno de diligência.
ANO001044,EXP001585,PGR-00019553/2026,DOCUMENTO,CIVINT/STIC,CIVINT-STIC-U03,Isabela Piloto,2026-09-10T08:05:38-03:00,Prioridade definida em reunião de equipe.
ANO001045,EXP001586,PGR-00022180/2026,DOCUMENTO,CIVINT/STIC,CIVINT-STIC-U08,Nelson Mock,2026-10-07T00:29:08-03:00,Relacionado a expediente anterior do mesmo interessado.
ANO001046,EXP001587,PGR-00023868/2026,DOCUMENTO,CIVINT/STIC,CIVINT-STIC-U06,Lucas Esboço,2026-10-02T22:31:33-03:00,Conferir anexos antes de movimentar.
ANO001047,EXP001588,PGR-00089128/2026,DOCUMENTO,CIVINT/STIC,CIVINT-STIC-U06,Lucas Esboço,2026-10-04T16:27:49-03:00,Solicitadas informações complementares ao remetente.
ANO001048,EXP001589,PGR-00091690/2026,DOCUMENTO,CIVINT/STIC,CIVINT-STIC-U01,Gabriela Simulada,2026-09-30T16:37:26-03:00,Relacionado a expediente anterior do mesmo interessado.
ANO001049,EXP001591,PGR-00095526/2026,DOCUMENTO,CIVINT/STIC,CIVINT-STIC-U02,Heitor Protótipo,2026-10-04T13:03:43-03:00,Solicitadas informações complementares ao remetente.
ANO001050,EXP001591,PGR-00095526/2026,DOCUMENTO,CIVINT/STIC,CIVINT-STIC-U05,Karina Ensaio,2026-10-04T12:44:51-03:00,Aguardando retorno de diligência.
ANO001051,EXP001592,PGR-00080350/2026,DOCUMENTO,CIVINT/STIC,CIVINT-STIC-U03,Isabela Piloto,2026-09-19T15:45:13-03:00,Aguardando retorno de diligência.
ANO001052,EXP001592,PGR-00080350/2026,DOCUMENTO,CIVINT/STIC,CIVINT-STIC-U07,Marina Maquete,2026-09-19T15:20:58-03:00,Solicitadas informações complementares ao remetente.
ANO001053,EXP001592,PGR-00080350/2026,DOCUMENTO,CIVINT/STIC,CIVINT-STIC-U08,Nelson Mock,2026-09-19T15:33:46-03:00,Relacionado a expediente anterior do mesmo interessado.
ANO001054,EXP001593,PGR-00070408/2026,DOCUMENTO,CIVINT/STIC,CIVINT-STIC-U01,Gabriela Simulada,2026-09-27T08:31:54-03:00,Conferir anexos antes de movimentar.
ANO001055,EXP001594,PGR-00037762/2026,DOCUMENTO,CIVINT/STIC,CIVINT-STIC-U07,Marina Maquete,2026-09-26T13:12:58-03:00,Aguardando retorno de diligência.
ANO001056,EXP001595,PGR-00058730/2026,DOCUMENTO,CIVINT/STIC,CIVINT-STIC-U08,Nelson Mock,2026-10-03T10:57:36-03:00,Relacionado a expediente anterior do mesmo interessado.
ANO001057,EXP001595,PGR-00058730/2026,DOCUMENTO,CIVINT/STIC,CIVINT-STIC-U08,Nelson Mock,2026-10-04T16:58:02-03:00,Conferir anexos antes de movimentar.
ANO001058,EXP001595,PGR-00058730/2026,DOCUMENTO,CIVINT/STIC,CIVINT-STIC-U01,Gabriela Simulada,2026-09-29T06:23:21-03:00,Relacionado a expediente anterior do mesmo interessado.
ANO001059,EXP001596,PGR-00094614/2026,DOCUMENTO,CIVINT/STIC,CIVINT-STIC-U05,Karina Ensaio,2026-10-01T08:16:41-03:00,Verificar prazo com a chefia.
ANO001060,EXP001598,PGR-00079018/2026,DOCUMENTO,CIVINT/STIC,CIVINT-STIC-U02,Heitor Protótipo,2026-09-08T23:10:14-03:00,Prioridade definida em reunião de equipe.
ANO001061,EXP001599,PGR-00085459/2026,DOCUMENTO,CIVINT/STIC,CIVINT-STIC-U06,Lucas Esboço,2026-09-07T09:00:09-03:00,Solicitadas informações complementares ao remetente.
ANO001062,EXP001599,PGR-00085459/2026,DOCUMENTO,CIVINT/STIC,CIVINT-STIC-U01,Gabriela Simulada,2026-09-14T18:26:50-03:00,Verificar prazo com a chefia.
ANO001063,EXP001601,PGR-00065745/2026,DOCUMENTO,CIVINT/STIC,CIVINT-STIC-U08,Nelson Mock,2026-09-20T09:20:49-03:00,Conferir anexos antes de movimentar.
ANO001064,EXP001602,PGR-00086336/2026,DOCUMENTO,CIVINT/STIC,CIVINT-STIC-U06,Lucas Esboço,2026-06-22T12:46:19-03:00,Conferir anexos antes de movimentar.
ANO001065,EXP001602,PGR-00086336/2026,DOCUMENTO,CIVINT/STIC,CIVINT-STIC-U06,Lucas Esboço,2026-09-06T11:48:06-03:00,Aguardando manifestação da área técnica.
ANO001066,EXP001604,PGR-00040659/2026,DOCUMENTO,CIVINT/STIC,CIVINT-STIC-U08,Nelson Mock,2026-10-06T12:16:53-03:00,Prioridade definida em reunião de equipe.
ANO001067,EXP001604,PGR-00040659/2026,DOCUMENTO,CIVINT/STIC,CIVINT-STIC-U08,Nelson Mock,2026-10-06T12:20:21-03:00,Verificar prazo com a chefia.
ANO001068,EXP001604,PGR-00040659/2026,DOCUMENTO,CIVINT/STIC,CIVINT-STIC-U03,Isabela Piloto,2026-10-06T12:39:26-03:00,"Minuta revisada, pendente de assinatura."
ANO001069,EXP001605,PGR-00004270/2026,DOCUMENTO,CIVINT/STIC,CIVINT-STIC-U02,Heitor Protótipo,2026-10-05T05:52:38-03:00,Conferir anexos antes de movimentar.
ANO001070,EXP001605,PGR-00004270/2026,DOCUMENTO,CIVINT/STIC,CIVINT-STIC-U04,João Rascunho,2026-10-05T05:16:39-03:00,Verificar prazo com a chefia.
ANO001071,EXP001605,PGR-00004270/2026,DOCUMENTO,CIVINT/STIC,CIVINT-STIC-U08,Nelson Mock,2026-10-05T05:39:57-03:00,Solicitadas informações complementares ao remetente.
ANO001072,EXP001606,PGR-00081028/2026,DOCUMENTO,CIVINT/STIC,CIVINT-STIC-U06,Lucas Esboço,2026-09-26T19:51:07-03:00,Prioridade definida em reunião de equipe.
ANO001073,EXP001608,PGR-00097511/2026,DOCUMENTO,CIVINT/STIC,CIVINT-STIC-U06,Lucas Esboço,2026-09-18T17:38:13-03:00,Conferir anexos antes de movimentar.
ANO001074,EXP001609,PGR-00070050/2026,DOCUMENTO,CIVINT/STIC,CIVINT-STIC-U03,Isabela Piloto,2026-09-19T12:14:46-03:00,Aguardando manifestação da área técnica.
ANO001075,EXP001610,PGR-00022978/2026,DOCUMENTO,CIVINT/STIC,CIVINT-STIC-U05,Karina Ensaio,2026-08-31T17:14:58-03:00,Solicitadas informações complementares ao remetente.
ANO001076,EXP001611,PGR-00093694/2026,DOCUMENTO,CIVINT/STIC,CIVINT-STIC-U08,Nelson Mock,2026-09-23T17:54:18-03:00,Solicitadas informações complementares ao remetente.
ANO001077,EXP001612,PGR-00069383/2026,DOCUMENTO,CIVINT/STIC,CIVINT-STIC-U08,Nelson Mock,2026-09-28T05:32:22-03:00,Conferir anexos antes de movimentar.
ANO001078,EXP001613,PGR-00032704/2026,DOCUMENTO,CIVINT/STIC,CIVINT-STIC-U02,Heitor Protótipo,2026-08-31T23:37:12-03:00,Relacionado a expediente anterior do mesmo interessado.
ANO001079,EXP001613,PGR-00032704/2026,DOCUMENTO,CIVINT/STIC,CIVINT-STIC-U08,Nelson Mock,2026-09-14T17:20:56-03:00,Aguardando manifestação da área técnica.
ANO001080,EXP001614,PGR-00088929/2026,DOCUMENTO,CIVINT/STIC,CIVINT-STIC-U01,Gabriela Simulada,2026-09-07T09:38:17-03:00,Relacionado a expediente anterior do mesmo interessado.
ANO001081,EXP001615,PGR-00087242/2026,DOCUMENTO,CIVINT/STIC,CIVINT-STIC-U02,Heitor Protótipo,2026-09-29T13:47:43-03:00,"Minuta revisada, pendente de assinatura."
ANO001082,EXP001616,PGR-00059864/2026,DOCUMENTO,CIVINT/STIC,CIVINT-STIC-U03,Isabela Piloto,2026-09-26T03:59:04-03:00,"Minuta revisada, pendente de assinatura."
ANO001083,EXP001616,PGR-00059864/2026,DOCUMENTO,CIVINT/STIC,CIVINT-STIC-U05,Karina Ensaio,2026-10-01T14:25:19-03:00,Relacionado a expediente anterior do mesmo interessado.
ANO001084,EXP001619,PGR-00047507/2026,DOCUMENTO,CIVINT/STIC,CIVINT-STIC-U02,Heitor Protótipo,2026-09-27T12:39:27-03:00,Conferir anexos antes de movimentar.
ANO001085,EXP001621,PGR-00093321/2026,DOCUMENTO,CIVINT/STIC,CIVINT-STIC-U07,Marina Maquete,2026-09-17T03:53:27-03:00,Relacionado a expediente anterior do mesmo interessado.
ANO001086,EXP001624,PGR-00013938/2026,DOCUMENTO,CIVINT/STIC,CIVINT-STIC-U08,Nelson Mock,2026-10-07T17:00:00-03:00,Conferir anexos antes de movimentar.
ANO001087,EXP001627,PGR-00004065/2026,DOCUMENTO,CIVINT/STIC,CIVINT-STIC-U06,Lucas Esboço,2026-09-09T21:26:36-03:00,Solicitadas informações complementares ao remetente.
ANO001088,EXP001628,PGR-00051989/2026,DOCUMENTO,CIVINT/STIC,CIVINT-STIC-U07,Marina Maquete,2026-09-08T07:03:42-03:00,Relacionado a expediente anterior do mesmo interessado.
ANO001089,EXP001628,PGR-00051989/2026,DOCUMENTO,CIVINT/STIC,CIVINT-STIC-U08,Nelson Mock,2026-09-17T00:51:09-03:00,Conferir anexos antes de movimentar.
ANO001090,EXP001628,PGR-00051989/2026,DOCUMENTO,CIVINT/STIC,CIVINT-STIC-U07,Marina Maquete,2026-09-04T18:30:24-03:00,Verificar prazo com a chefia.
ANO001091,EXP001629,PGR-00018547/2026,DOCUMENTO,CIVINT/STIC,CIVINT-STIC-U02,Heitor Protótipo,2026-10-05T00:21:43-03:00,Conferir anexos antes de movimentar.
ANO001092,EXP001629,PGR-00018547/2026,DOCUMENTO,CIVINT/STIC,CIVINT-STIC-U08,Nelson Mock,2026-10-05T00:41:01-03:00,Relacionado a expediente anterior do mesmo interessado.
ANO001093,EXP001632,PGR-00041053/2026,DOCUMENTO,CIVINT/STIC,CIVINT-STIC-U06,Lucas Esboço,2026-09-29T13:41:36-03:00,Verificar prazo com a chefia.
ANO001094,EXP001634,PGR-00078595/2026,DOCUMENTO,CIVINT/STIC,CIVINT-STIC-U06,Lucas Esboço,2026-09-21T09:33:03-03:00,Prioridade definida em reunião de equipe.
ANO001095,EXP001635,PGR-00055392/2026,DOCUMENTO,CIVINT/STIC,CIVINT-STIC-U07,Marina Maquete,2026-09-21T11:24:15-03:00,Aguardando retorno de diligência.
ANO001096,EXP001636,PGR-00052530/2026,DOCUMENTO,CIVINT/STIC,CIVINT-STIC-U04,João Rascunho,2026-10-02T05:01:14-03:00,Verificar prazo com a chefia.
ANO001097,EXP001637,PGR-00058930/2026,DOCUMENTO,CIVINT/STIC,CIVINT-STIC-U04,João Rascunho,2026-09-21T12:46:00-03:00,Solicitadas informações complementares ao remetente.
ANO001098,EXP001638,PGR-00035372/2026,DOCUMENTO,CIVINT/STIC,CIVINT-STIC-U01,Gabriela Simulada,2026-10-07T16:32:19-03:00,Conferir anexos antes de movimentar.
ANO001099,EXP001639,PGR-00093760/2026,DOCUMENTO,CIVINT/STIC,CIVINT-STIC-U01,Gabriela Simulada,2026-09-01T01:51:35-03:00,Verificar prazo com a chefia.
ANO001100,EXP001639,PGR-00093760/2026,DOCUMENTO,CIVINT/STIC,CIVINT-STIC-U01,Gabriela Simulada,2026-09-21T04:51:57-03:00,Prioridade definida em reunião de equipe.
ANO001101,EXP001641,PGR-00039273/2026,DOCUMENTO,CIVINT/STIC,CIVINT-STIC-U04,João Rascunho,2026-09-04T18:51:37-03:00,Verificar prazo com a chefia.
ANO001102,EXP001641,PGR-00039273/2026,DOCUMENTO,CIVINT/STIC,CIVINT-STIC-U07,Marina Maquete,2026-09-15T21:55:35-03:00,Solicitadas informações complementares ao remetente.
ANO001103,EXP001642,PGR-00038371/2026,DOCUMENTO,CIVINT/STIC,CIVINT-STIC-U03,Isabela Piloto,2026-09-09T09:42:51-03:00,Verificar prazo com a chefia.
ANO001104,EXP001644,PGR-00033175/2026,DOCUMENTO,CIVINT/STIC,CIVINT-STIC-U05,Karina Ensaio,2026-09-27T13:02:38-03:00,"Minuta revisada, pendente de assinatura."
ANO001105,EXP001645,PGR-00046862/2026,DOCUMENTO,CIVINT/STIC,CIVINT-STIC-U04,João Rascunho,2026-09-05T02:43:07-03:00,Aguardando manifestação da área técnica.
ANO001106,EXP001646,PGR-00026039/2026,DOCUMENTO,CIVINT/STIC,CIVINT-STIC-U08,Nelson Mock,2026-09-13T18:52:18-03:00,Aguardando retorno de diligência.
ANO001107,EXP001647,PGR-00004720/2026,DOCUMENTO,CIVINT/STIC,CIVINT-STIC-U06,Lucas Esboço,2026-09-30T10:09:51-03:00,Prioridade definida em reunião de equipe.
ANO001108,EXP001647,PGR-00004720/2026,DOCUMENTO,CIVINT/STIC,CIVINT-STIC-U07,Marina Maquete,2026-09-26T14:17:03-03:00,Verificar prazo com a chefia.
ANO001109,EXP001647,PGR-00004720/2026,DOCUMENTO,CIVINT/STIC,CIVINT-STIC-U03,Isabela Piloto,2026-09-27T04:55:59-03:00,Aguardando manifestação da área técnica.
ANO001110,EXP001648,PGR-00029385/2026,DOCUMENTO,CIVINT/STIC,CIVINT-STIC-U04,João Rascunho,2026-10-07T17:00:00-03:00,Verificar prazo com a chefia.
ANO001111,EXP001649,PGR-00034002/2026,DOCUMENTO,CIVINT/STIC,CIVINT-STIC-U07,Marina Maquete,2026-09-30T15:14:12-03:00,Prioridade definida em reunião de equipe.
ANO001112,EXP001650,PGR-00081672/2026,DOCUMENTO,CIVINT/STIC,CIVINT-STIC-U03,Isabela Piloto,2026-09-18T06:42:26-03:00,Conferir anexos antes de movimentar.
ANO001113,EXP001650,PGR-00081672/2026,DOCUMENTO,CIVINT/STIC,CIVINT-STIC-U02,Heitor Protótipo,2026-09-17T14:14:52-03:00,Conferir anexos antes de movimentar.
ANO001114,EXP001651,PGR-00084096/2026,DOCUMENTO,CIVINT/STIC,CIVINT-STIC-U03,Isabela Piloto,2026-08-27T04:31:31-03:00,Aguardando retorno de diligência.
ANO001115,EXP001652,PGR-00055365/2026,DOCUMENTO,CIVINT/STIC,CIVINT-STIC-U03,Isabela Piloto,2026-10-03T07:59:08-03:00,Aguardando retorno de diligência.
ANO001116,EXP001652,PGR-00055365/2026,DOCUMENTO,CIVINT/STIC,CIVINT-STIC-U04,João Rascunho,2026-09-28T02:41:31-03:00,Conferir anexos antes de movimentar.
ANO001117,EXP001653,PGR-00005936/2026,DOCUMENTO,CIVINT/STIC,CIVINT-STIC-U06,Lucas Esboço,2026-10-04T20:13:50-03:00,Aguardando retorno de diligência.
ANO001118,EXP001653,PGR-00005936/2026,DOCUMENTO,CIVINT/STIC,CIVINT-STIC-U02,Heitor Protótipo,2026-10-05T06:45:40-03:00,Relacionado a expediente anterior do mesmo interessado.
ANO001119,EXP001653,PGR-00005936/2026,DOCUMENTO,CIVINT/STIC,CIVINT-STIC-U08,Nelson Mock,2026-10-04T22:33:51-03:00,Verificar prazo com a chefia.
ANO001120,EXP001655,PGR-00064972/2026,DOCUMENTO,CIVINT/STIC,CIVINT-STIC-U06,Lucas Esboço,2026-10-05T08:13:01-03:00,Solicitadas informações complementares ao remetente.
ANO001121,EXP001656,PGR-00016563/2026,DOCUMENTO,CIVINT/STIC,CIVINT-STIC-U07,Marina Maquete,2026-08-17T15:55:40-03:00,Prioridade definida em reunião de equipe.
ANO001122,EXP001656,PGR-00016563/2026,DOCUMENTO,CIVINT/STIC,CIVINT-STIC-U02,Heitor Protótipo,2026-10-01T12:04:25-03:00,Relacionado a expediente anterior do mesmo interessado.
ANO001123,EXP001656,PGR-00016563/2026,DOCUMENTO,CIVINT/STIC,CIVINT-STIC-U01,Gabriela Simulada,2026-09-02T19:22:34-03:00,Prioridade definida em reunião de equipe.
ANO001124,EXP001657,PGR-00032536/2026,DOCUMENTO,CIVINT/STIC,CIVINT-STIC-U03,Isabela Piloto,2026-09-18T18:39:54-03:00,"Minuta revisada, pendente de assinatura."
ANO001125,EXP001658,PGR-00021306/2026,DOCUMENTO,CIVINT/STIC,CIVINT-STIC-U05,Karina Ensaio,2026-09-25T21:27:17-03:00,Conferir anexos antes de movimentar.
ANO001126,EXP001659,PGR-00014941/2026,DOCUMENTO,CIVINT/STIC,CIVINT-STIC-U05,Karina Ensaio,2026-09-18T05:53:14-03:00,Aguardando retorno de diligência.
ANO001127,EXP001660,PGR-00071541/2026,DOCUMENTO,CIVINT/STIC,CIVINT-STIC-U01,Gabriela Simulada,2026-09-22T02:59:22-03:00,Solicitadas informações complementares ao remetente.
ANO001128,EXP001661,PGR-00025163/2026,DOCUMENTO,CIVINT/STIC,CIVINT-STIC-U06,Lucas Esboço,2026-09-13T05:42:18-03:00,Verificar prazo com a chefia.
ANO001129,EXP001661,PGR-00025163/2026,DOCUMENTO,CIVINT/STIC,CIVINT-STIC-U06,Lucas Esboço,2026-08-27T02:36:21-03:00,"Minuta revisada, pendente de assinatura."
ANO001130,EXP001663,PGR-00090169/2026,DOCUMENTO,CIVINT/STIC,CIVINT-STIC-U04,João Rascunho,2026-09-14T03:44:39-03:00,Aguardando retorno de diligência.
ANO001131,EXP001664,PGR-00026053/2026,DOCUMENTO,CIVINT/STIC,CIVINT-STIC-U02,Heitor Protótipo,2026-09-20T19:32:46-03:00,Verificar prazo com a chefia.
ANO001132,EXP001664,PGR-00026053/2026,DOCUMENTO,CIVINT/STIC,CIVINT-STIC-U08,Nelson Mock,2026-09-19T20:57:06-03:00,Conferir anexos antes de movimentar.
ANO001133,EXP001665,PGR-00014528/2026,DOCUMENTO,CIVINT/STIC,CIVINT-STIC-U08,Nelson Mock,2026-10-03T12:18:50-03:00,Relacionado a expediente anterior do mesmo interessado.
ANO001134,EXP001666,PGR-00044454/2026,DOCUMENTO,CIVINT/STIC,CIVINT-STIC-U08,Nelson Mock,2026-10-04T13:14:54-03:00,Conferir anexos antes de movimentar.
ANO001135,EXP001666,PGR-00044454/2026,DOCUMENTO,CIVINT/STIC,CIVINT-STIC-U06,Lucas Esboço,2026-10-04T13:19:19-03:00,Aguardando retorno de diligência.
ANO001136,EXP001667,PGR-00035319/2026,DOCUMENTO,CIVINT/STIC,CIVINT-STIC-U03,Isabela Piloto,2026-10-05T01:19:32-03:00,Aguardando retorno de diligência.
ANO001137,EXP001669,PGR-00077698/2026,DOCUMENTO,CIVINT/STIC,CIVINT-STIC-U06,Lucas Esboço,2026-09-20T16:55:11-03:00,Aguardando retorno de diligência.
ANO001138,EXP001670,PGR-00018723/2026,DOCUMENTO,CIVINT/STIC,CIVINT-STIC-U04,João Rascunho,2026-09-16T06:57:20-03:00,Relacionado a expediente anterior do mesmo interessado.
ANO001139,EXP001670,PGR-00018723/2026,DOCUMENTO,CIVINT/STIC,CIVINT-STIC-U07,Marina Maquete,2026-09-18T14:54:01-03:00,Conferir anexos antes de movimentar.
ANO001140,EXP001672,PGR-00051453/2026,DOCUMENTO,CIVINT/STIC,CIVINT-STIC-U01,Gabriela Simulada,2026-10-03T17:49:05-03:00,Aguardando manifestação da área técnica.
ANO001141,EXP001672,PGR-00051453/2026,DOCUMENTO,CIVINT/STIC,CIVINT-STIC-U03,Isabela Piloto,2026-10-03T18:27:37-03:00,Aguardando retorno de diligência.
ANO001142,EXP001672,PGR-00051453/2026,DOCUMENTO,CIVINT/STIC,CIVINT-STIC-U02,Heitor Protótipo,2026-10-03T18:24:20-03:00,Aguardando manifestação da área técnica.
ANO001143,EXP001673,PGR-00069956/2026,DOCUMENTO,CIVINT/STIC,CIVINT-STIC-U05,Karina Ensaio,2026-09-09T23:40:45-03:00,"Minuta revisada, pendente de assinatura."
ANO001144,EXP001673,PGR-00069956/2026,DOCUMENTO,CIVINT/STIC,CIVINT-STIC-U03,Isabela Piloto,2026-08-03T22:54:12-03:00,Verificar prazo com a chefia.
ANO001145,EXP001673,PGR-00069956/2026,DOCUMENTO,CIVINT/STIC,CIVINT-STIC-U07,Marina Maquete,2026-09-02T04:07:19-03:00,Conferir anexos antes de movimentar.
ANO001146,EXP001676,PGR-00087296/2026,DOCUMENTO,CIVINT/STIC,CIVINT-STIC-U04,João Rascunho,2026-09-17T17:40:34-03:00,Solicitadas informações complementares ao remetente.
ANO001147,EXP001676,PGR-00087296/2026,DOCUMENTO,CIVINT/STIC,CIVINT-STIC-U03,Isabela Piloto,2026-09-19T01:16:18-03:00,Prioridade definida em reunião de equipe.
ANO001148,EXP001678,PGR-00069436/2026,DOCUMENTO,CIVINT/STIC,CIVINT-STIC-U02,Heitor Protótipo,2026-08-27T23:45:48-03:00,"Minuta revisada, pendente de assinatura."
ANO001149,EXP001678,PGR-00069436/2026,DOCUMENTO,CIVINT/STIC,CIVINT-STIC-U03,Isabela Piloto,2026-08-09T03:54:48-03:00,Conferir anexos antes de movimentar.
ANO001150,EXP001679,PGR-00053549/2026,DOCUMENTO,CIVINT/STIC,CIVINT-STIC-U01,Gabriela Simulada,2026-09-17T19:15:52-03:00,"Minuta revisada, pendente de assinatura."
ANO001151,EXP001679,PGR-00053549/2026,DOCUMENTO,CIVINT/STIC,CIVINT-STIC-U03,Isabela Piloto,2026-09-17T06:28:35-03:00,Conferir anexos antes de movimentar.
ANO001152,EXP001681,PGR-00094990/2026,DOCUMENTO,CIVINT/STIC,CIVINT-STIC-U07,Marina Maquete,2026-09-14T04:07:01-03:00,Prioridade definida em reunião de equipe.
ANO001153,EXP001681,PGR-00094990/2026,DOCUMENTO,CIVINT/STIC,CIVINT-STIC-U02,Heitor Protótipo,2026-08-26T07:39:05-03:00,Prioridade definida em reunião de equipe.
ANO001154,EXP001681,PGR-00094990/2026,DOCUMENTO,CIVINT/STIC,CIVINT-STIC-U07,Marina Maquete,2026-08-13T08:36:00-03:00,Relacionado a expediente anterior do mesmo interessado.
ANO001155,EXP001684,PGR-00067701/2026,DOCUMENTO,CIVINT/STIC,CIVINT-STIC-U05,Karina Ensaio,2026-09-29T00:16:32-03:00,Aguardando retorno de diligência.
ANO001156,EXP001686,PGR-00020371/2026,DOCUMENTO,CIVINT/STIC,CIVINT-STIC-U03,Isabela Piloto,2026-09-29T12:10:39-03:00,Aguardando retorno de diligência.
ANO001157,EXP001686,PGR-00020371/2026,DOCUMENTO,CIVINT/STIC,CIVINT-STIC-U03,Isabela Piloto,2026-09-29T12:21:36-03:00,Solicitadas informações complementares ao remetente.
ANO001158,EXP001686,PGR-00020371/2026,DOCUMENTO,CIVINT/STIC,CIVINT-STIC-U05,Karina Ensaio,2026-09-29T12:37:18-03:00,Conferir anexos antes de movimentar.
ANO001159,EXP001687,PGR-00018464/2026,DOCUMENTO,CIVINT/STIC,CIVINT-STIC-U07,Marina Maquete,2026-09-29T18:18:33-03:00,Aguardando retorno de diligência.
ANO001160,EXP001688,PGR-00026342/2026,DOCUMENTO,CIVINT/STIC,CIVINT-STIC-U04,João Rascunho,2026-09-28T07:37:23-03:00,Solicitadas informações complementares ao remetente.
ANO001161,EXP001688,PGR-00026342/2026,DOCUMENTO,CIVINT/STIC,CIVINT-STIC-U01,Gabriela Simulada,2026-09-28T13:23:33-03:00,Conferir anexos antes de movimentar.
ANO001162,EXP001689,PGR-00071294/2026,DOCUMENTO,CIVINT/STIC,CIVINT-STIC-U02,Heitor Protótipo,2026-09-12T07:51:58-03:00,"Minuta revisada, pendente de assinatura."
ANO001163,EXP001691,PGR-00032474/2026,DOCUMENTO,CIVINT/STIC,CIVINT-STIC-U08,Nelson Mock,2026-09-17T02:53:50-03:00,Relacionado a expediente anterior do mesmo interessado.
ANO001164,EXP001691,PGR-00032474/2026,DOCUMENTO,CIVINT/STIC,CIVINT-STIC-U02,Heitor Protótipo,2026-09-19T12:49:34-03:00,Prioridade definida em reunião de equipe.
ANO001165,EXP001691,PGR-00032474/2026,DOCUMENTO,CIVINT/STIC,CIVINT-STIC-U08,Nelson Mock,2026-09-19T10:26:46-03:00,Conferir anexos antes de movimentar.
ANO001166,EXP001692,PGR-00024309/2026,DOCUMENTO,CIVINT/STIC,CIVINT-STIC-U02,Heitor Protótipo,2026-09-19T07:34:18-03:00,Solicitadas informações complementares ao remetente.
ANO001167,EXP001693,PGR-00079103/2026,DOCUMENTO,CIVINT/STIC,CIVINT-STIC-U05,Karina Ensaio,2026-08-15T10:34:14-03:00,Solicitadas informações complementares ao remetente.
ANO001168,EXP001693,PGR-00079103/2026,DOCUMENTO,CIVINT/STIC,CIVINT-STIC-U03,Isabela Piloto,2026-09-05T20:44:07-03:00,Aguardando retorno de diligência.
ANO001169,EXP001695,PGR-00025741/2026,DOCUMENTO,CIVINT/STIC,CIVINT-STIC-U07,Marina Maquete,2026-09-19T04:11:45-03:00,Aguardando retorno de diligência.
ANO001170,EXP001696,PGR-00074361/2026,DOCUMENTO,CIVINT/STIC,CIVINT-STIC-U04,João Rascunho,2026-09-22T19:35:37-03:00,Aguardando manifestação da área técnica.
ANO001171,EXP001696,PGR-00074361/2026,DOCUMENTO,CIVINT/STIC,CIVINT-STIC-U07,Marina Maquete,2026-09-22T02:04:02-03:00,Conferir anexos antes de movimentar.
ANO001172,EXP001696,PGR-00074361/2026,DOCUMENTO,CIVINT/STIC,CIVINT-STIC-U01,Gabriela Simulada,2026-09-20T14:24:03-03:00,Aguardando manifestação da área técnica.
ANO001173,EXP001698,PGR-00030565/2026,DOCUMENTO,CIVINT/STIC,CIVINT-STIC-U02,Heitor Protótipo,2026-09-18T15:41:12-03:00,Aguardando retorno de diligência.
ANO001174,EXP001699,PGR-00064703/2026,DOCUMENTO,CIVINT/STIC,CIVINT-STIC-U08,Nelson Mock,2026-10-03T08:28:34-03:00,Solicitadas informações complementares ao remetente.
ANO001175,EXP001700,PGR-00082219/2026,DOCUMENTO,CIVINT/STIC,CIVINT-STIC-U05,Karina Ensaio,2026-09-30T21:14:40-03:00,Prioridade definida em reunião de equipe.
ANO001176,EXP001701,PGR-00024811/2026,DOCUMENTO,CIVINT/STIC,CIVINT-STIC-U03,Isabela Piloto,2026-09-25T18:33:51-03:00,Verificar prazo com a chefia.
ANO001177,EXP001702,PGR-00023112/2026,DOCUMENTO,CIVINT/STIC,CIVINT-STIC-U05,Karina Ensaio,2026-10-03T16:14:41-03:00,Prioridade definida em reunião de equipe.
ANO001178,EXP001702,PGR-00023112/2026,DOCUMENTO,CIVINT/STIC,CIVINT-STIC-U05,Karina Ensaio,2026-10-03T12:09:38-03:00,Verificar prazo com a chefia.
ANO001179,EXP001703,PGR-00049863/2026,DOCUMENTO,CIVINT/STIC,CIVINT-STIC-U08,Nelson Mock,2026-09-26T09:05:32-03:00,Prioridade definida em reunião de equipe.
ANO001180,EXP001705,PGR-00084155/2026,DOCUMENTO,CIVINT/STIC,CIVINT-STIC-U02,Heitor Protótipo,2026-10-02T21:51:04-03:00,"Minuta revisada, pendente de assinatura."
ANO001181,EXP001706,PGR-00037557/2026,DOCUMENTO,CIVINT/STIC,CIVINT-STIC-U03,Isabela Piloto,2026-09-20T09:06:24-03:00,Conferir anexos antes de movimentar.
ANO001182,EXP001707,PGR-00008444/2026,DOCUMENTO,CIVINT/STIC,CIVINT-STIC-U05,Karina Ensaio,2026-09-09T01:37:06-03:00,Prioridade definida em reunião de equipe.
ANO001183,EXP001707,PGR-00008444/2026,DOCUMENTO,CIVINT/STIC,CIVINT-STIC-U07,Marina Maquete,2026-09-03T02:48:32-03:00,Aguardando retorno de diligência.
ANO001184,EXP001707,PGR-00008444/2026,DOCUMENTO,CIVINT/STIC,CIVINT-STIC-U04,João Rascunho,2026-09-26T03:38:17-03:00,"Minuta revisada, pendente de assinatura."
ANO001185,EXP001708,PGR-00016618/2026,DOCUMENTO,CIVINT/STIC,CIVINT-STIC-U04,João Rascunho,2026-09-17T15:54:28-03:00,Aguardando retorno de diligência.
ANO001186,EXP001709,PGR-00027326/2026,DOCUMENTO,CIVINT/STIC,CIVINT-STIC-U07,Marina Maquete,2026-10-07T10:16:53-03:00,Aguardando manifestação da área técnica.
ANO001187,EXP001711,PGR-00049100/2026,DOCUMENTO,CIVINT/STIC,CIVINT-STIC-U06,Lucas Esboço,2026-09-13T15:34:17-03:00,Solicitadas informações complementares ao remetente.
ANO001188,EXP001711,PGR-00049100/2026,DOCUMENTO,CIVINT/STIC,CIVINT-STIC-U08,Nelson Mock,2026-09-18T16:57:16-03:00,Prioridade definida em reunião de equipe.
ANO001189,EXP001711,PGR-00049100/2026,DOCUMENTO,CIVINT/STIC,CIVINT-STIC-U06,Lucas Esboço,2026-09-16T21:49:41-03:00,"Minuta revisada, pendente de assinatura."
ANO001190,EXP001712,PGR-00012602/2026,DOCUMENTO,CIVINT/STIC,CIVINT-STIC-U01,Gabriela Simulada,2026-09-23T04:06:16-03:00,Aguardando manifestação da área técnica.
ANO001191,EXP001712,PGR-00012602/2026,DOCUMENTO,CIVINT/STIC,CIVINT-STIC-U04,João Rascunho,2026-10-05T20:31:12-03:00,Relacionado a expediente anterior do mesmo interessado.
ANO001192,EXP001713,PGR-00066561/2026,DOCUMENTO,CIVINT/STIC,CIVINT-STIC-U03,Isabela Piloto,2026-09-22T19:30:51-03:00,Conferir anexos antes de movimentar.
ANO001193,EXP001715,PGR-00002458/2026,DOCUMENTO,CIVINT/STIC,CIVINT-STIC-U01,Gabriela Simulada,2026-10-05T18:54:03-03:00,"Minuta revisada, pendente de assinatura."
ANO001194,EXP001717,PGR-00067465/2026,DOCUMENTO,CIVINT/STIC,CIVINT-STIC-U01,Gabriela Simulada,2026-09-13T18:24:24-03:00,Aguardando manifestação da área técnica.
ANO001195,EXP001717,PGR-00067465/2026,DOCUMENTO,CIVINT/STIC,CIVINT-STIC-U03,Isabela Piloto,2026-09-12T16:46:35-03:00,Prioridade definida em reunião de equipe.
ANO001196,EXP001717,PGR-00067465/2026,DOCUMENTO,CIVINT/STIC,CIVINT-STIC-U01,Gabriela Simulada,2026-09-13T08:59:07-03:00,"Minuta revisada, pendente de assinatura."
ANO001197,EXP001718,PGR-00082240/2026,DOCUMENTO,CIVINT/STIC,CIVINT-STIC-U08,Nelson Mock,2026-10-07T02:06:16-03:00,Aguardando manifestação da área técnica.
ANO001198,EXP001719,PGR-00060034/2026,DOCUMENTO,CIVINT/STIC,CIVINT-STIC-U06,Lucas Esboço,2026-08-15T18:40:11-03:00,Conferir anexos antes de movimentar.
ANO001199,EXP001720,PGR-00029795/2026,DOCUMENTO,CIVINT/STIC,CIVINT-STIC-U07,Marina Maquete,2026-09-17T08:14:52-03:00,Relacionado a expediente anterior do mesmo interessado.
ANO001200,EXP001720,PGR-00029795/2026,DOCUMENTO,CIVINT/STIC,CIVINT-STIC-U06,Lucas Esboço,2026-09-11T12:30:50-03:00,Aguardando retorno de diligência.
ANO001201,EXP001721,PGR-00024016/2026,DOCUMENTO,CIVINT/STIC,CIVINT-STIC-U01,Gabriela Simulada,2026-09-14T22:06:12-03:00,Prioridade definida em reunião de equipe.
ANO001202,EXP001721,PGR-00024016/2026,DOCUMENTO,CIVINT/STIC,CIVINT-STIC-U02,Heitor Protótipo,2026-09-19T19:48:54-03:00,Aguardando retorno de diligência.
ANO001203,EXP001722,PGR-00022435/2026,DOCUMENTO,CIVINT/STIC,CIVINT-STIC-U04,João Rascunho,2026-09-18T10:33:55-03:00,"Minuta revisada, pendente de assinatura."
ANO001204,EXP001722,PGR-00022435/2026,DOCUMENTO,CIVINT/STIC,CIVINT-STIC-U07,Marina Maquete,2026-08-31T00:37:40-03:00,Relacionado a expediente anterior do mesmo interessado.
ANO001205,EXP001723,PGR-00003968/2026,DOCUMENTO,CIVINT/STIC,CIVINT-STIC-U04,João Rascunho,2026-09-17T08:30:40-03:00,Prioridade definida em reunião de equipe.
ANO001206,EXP001723,PGR-00003968/2026,DOCUMENTO,CIVINT/STIC,CIVINT-STIC-U07,Marina Maquete,2026-08-30T04:56:03-03:00,Relacionado a expediente anterior do mesmo interessado.
ANO001207,EXP001724,PGR-00088025/2026,DOCUMENTO,CIVINT/STIC,CIVINT-STIC-U08,Nelson Mock,2026-10-03T03:12:45-03:00,Prioridade definida em reunião de equipe.
ANO001208,EXP001726,PGR-00059583/2026,DOCUMENTO,CIVINT/STIC,CIVINT-STIC-U07,Marina Maquete,2026-10-03T01:34:40-03:00,Conferir anexos antes de movimentar.
ANO001209,EXP001726,PGR-00059583/2026,DOCUMENTO,CIVINT/STIC,CIVINT-STIC-U03,Isabela Piloto,2026-10-03T13:54:33-03:00,Solicitadas informações complementares ao remetente.
ANO001210,EXP001726,PGR-00059583/2026,DOCUMENTO,CIVINT/STIC,CIVINT-STIC-U01,Gabriela Simulada,2026-10-04T07:20:44-03:00,Solicitadas informações complementares ao remetente.
ANO001211,EXP001727,PGR-00084550/2026,DOCUMENTO,CIVINT/STIC,CIVINT-STIC-U07,Marina Maquete,2026-09-16T18:31:24-03:00,Relacionado a expediente anterior do mesmo interessado.
ANO001212,EXP001728,PGR-00065104/2026,DOCUMENTO,CIVINT/STIC,CIVINT-STIC-U02,Heitor Protótipo,2026-10-06T04:54:55-03:00,Verificar prazo com a chefia.
ANO001213,EXP001728,PGR-00065104/2026,DOCUMENTO,CIVINT/STIC,CIVINT-STIC-U02,Heitor Protótipo,2026-10-06T04:51:13-03:00,"Minuta revisada, pendente de assinatura."
ANO001214,EXP001729,PGR-00045354/2026,DOCUMENTO,CIVINT/STIC,CIVINT-STIC-U05,Karina Ensaio,2026-08-13T01:49:48-03:00,Solicitadas informações complementares ao remetente.
ANO001215,EXP001729,PGR-00045354/2026,DOCUMENTO,CIVINT/STIC,CIVINT-STIC-U08,Nelson Mock,2026-08-29T02:43:41-03:00,Solicitadas informações complementares ao remetente.
ANO001216,EXP001732,PGR-00099397/2026,DOCUMENTO,CIVINT/STIC,CIVINT-STIC-U07,Marina Maquete,2026-10-04T01:48:36-03:00,Relacionado a expediente anterior do mesmo interessado.
ANO001217,EXP001734,PGR-00009303/2026,DOCUMENTO,CIVINT/STIC,CIVINT-STIC-U04,João Rascunho,2026-10-02T00:54:41-03:00,Relacionado a expediente anterior do mesmo interessado.
ANO001218,EXP001735,PGR-00003776/2026,DOCUMENTO,CIVINT/STIC,CIVINT-STIC-U05,Karina Ensaio,2026-09-18T00:50:49-03:00,Aguardando retorno de diligência.
ANO001219,EXP001736,PGR-00022241/2026,DOCUMENTO,CIVINT/STIC,CIVINT-STIC-U01,Gabriela Simulada,2026-09-21T15:21:10-03:00,Relacionado a expediente anterior do mesmo interessado.
ANO001220,EXP001736,PGR-00022241/2026,DOCUMENTO,CIVINT/STIC,CIVINT-STIC-U01,Gabriela Simulada,2026-09-09T03:06:57-03:00,Aguardando manifestação da área técnica.
ANO001221,EXP001737,PGR-00007271/2026,DOCUMENTO,CIVINT/STIC,CIVINT-STIC-U07,Marina Maquete,2026-09-21T13:42:35-03:00,Solicitadas informações complementares ao remetente.
ANO001222,EXP001737,PGR-00007271/2026,DOCUMENTO,CIVINT/STIC,CIVINT-STIC-U01,Gabriela Simulada,2026-09-21T13:29:01-03:00,Prioridade definida em reunião de equipe.
ANO001223,EXP001737,PGR-00007271/2026,DOCUMENTO,CIVINT/STIC,CIVINT-STIC-U02,Heitor Protótipo,2026-09-21T13:05:32-03:00,Verificar prazo com a chefia.
ANO001224,EXP001738,PGR-00069480/2026,DOCUMENTO,CIVINT/STIC,CIVINT-STIC-U05,Karina Ensaio,2026-09-15T05:54:41-03:00,"Minuta revisada, pendente de assinatura."
ANO001225,EXP001738,PGR-00069480/2026,DOCUMENTO,CIVINT/STIC,CIVINT-STIC-U06,Lucas Esboço,2026-10-03T22:58:00-03:00,Aguardando manifestação da área técnica.
ANO001226,EXP001740,PGR-00089537/2026,DOCUMENTO,CIVINT/STIC,CIVINT-STIC-U02,Heitor Protótipo,2026-09-23T09:54:20-03:00,Relacionado a expediente anterior do mesmo interessado.
ANO001227,EXP001741,PGR-00069021/2026,DOCUMENTO,CIVINT/STIC,CIVINT-STIC-U08,Nelson Mock,2026-09-15T14:51:50-03:00,Aguardando manifestação da área técnica.
ANO001228,EXP001741,PGR-00069021/2026,DOCUMENTO,CIVINT/STIC,CIVINT-STIC-U06,Lucas Esboço,2026-09-17T00:53:38-03:00,"Minuta revisada, pendente de assinatura."
ANO001229,EXP001741,PGR-00069021/2026,DOCUMENTO,CIVINT/STIC,CIVINT-STIC-U04,João Rascunho,2026-09-18T02:32:22-03:00,Aguardando manifestação da área técnica.
ANO001230,EXP001743,PGR-00003553/2026,DOCUMENTO,CIVINT/STIC,CIVINT-STIC-U08,Nelson Mock,2026-08-09T20:21:19-03:00,Prioridade definida em reunião de equipe.
ANO001231,EXP001748,PGR-00089426/2026,DOCUMENTO,CIVINT/STIC,CIVINT-STIC-U03,Isabela Piloto,2026-09-27T04:47:09-03:00,Aguardando manifestação da área técnica.
ANO001232,EXP001748,PGR-00089426/2026,DOCUMENTO,CIVINT/STIC,CIVINT-STIC-U03,Isabela Piloto,2026-09-28T02:43:07-03:00,Aguardando retorno de diligência.
ANO001233,EXP001751,PGR-00072369/2026,DOCUMENTO,CIVINT/STIC,CIVINT-STIC-U05,Karina Ensaio,2026-09-30T12:37:38-03:00,Aguardando retorno de diligência.
ANO001234,EXP001752,PGR-00065946/2026,DOCUMENTO,CIVINT/STIC,CIVINT-STIC-U06,Lucas Esboço,2026-08-05T02:10:51-03:00,"Minuta revisada, pendente de assinatura."
ANO001235,EXP001754,PGR-00047106/2026,DOCUMENTO,CIVINT/STIC,CIVINT-STIC-U07,Marina Maquete,2026-08-18T23:01:41-03:00,Solicitadas informações complementares ao remetente.
ANO001236,EXP001755,PGR-00048297/2026,DOCUMENTO,CIVINT/STIC,CIVINT-STIC-U07,Marina Maquete,2026-08-31T21:20:47-03:00,"Minuta revisada, pendente de assinatura."
ANO001237,EXP001756,PGR-00043790/2026,DOCUMENTO,CIVINT/STIC,CIVINT-STIC-U04,João Rascunho,2026-09-19T11:29:29-03:00,Verificar prazo com a chefia.
ANO001238,EXP001758,PGR-00041802/2026,DOCUMENTO,CIVINT/STIC,CIVINT-STIC-U01,Gabriela Simulada,2026-09-02T00:04:43-03:00,Solicitadas informações complementares ao remetente.
ANO001239,EXP001759,PGR-00093822/2026,DOCUMENTO,CIVINT/STIC,CIVINT-STIC-U02,Heitor Protótipo,2026-10-07T14:55:20-03:00,Relacionado a expediente anterior do mesmo interessado.
ANO001240,EXP001759,PGR-00093822/2026,DOCUMENTO,CIVINT/STIC,CIVINT-STIC-U04,João Rascunho,2026-10-07T15:11:39-03:00,Conferir anexos antes de movimentar.
ANO001241,EXP001759,PGR-00093822/2026,DOCUMENTO,CIVINT/STIC,CIVINT-STIC-U05,Karina Ensaio,2026-10-07T14:49:04-03:00,Solicitadas informações complementares ao remetente.
ANO001242,EXP001760,PGR-00028408/2026,DOCUMENTO,CIVINT/STIC,CIVINT-STIC-U08,Nelson Mock,2026-10-07T09:57:15-03:00,Aguardando retorno de diligência.
ANO001243,EXP001760,PGR-00028408/2026,DOCUMENTO,CIVINT/STIC,CIVINT-STIC-U01,Gabriela Simulada,2026-10-07T09:17:36-03:00,Aguardando manifestação da área técnica.
ANO001244,EXP001762,PGR-00000002/2026,DOCUMENTO,CIVINT/STIC,CIVINT-STIC-U02,Heitor Protótipo,2026-09-14T02:09:27-03:00,Relacionado a expediente anterior do mesmo interessado.
ANO001245,EXP001763,PGR-00031747/2026,DOCUMENTO,CIVINT/STIC,CIVINT-STIC-U08,Nelson Mock,2026-10-01T15:54:51-03:00,Relacionado a expediente anterior do mesmo interessado.
ANO001246,EXP001763,PGR-00031747/2026,DOCUMENTO,CIVINT/STIC,CIVINT-STIC-U03,Isabela Piloto,2026-09-27T23:22:48-03:00,Verificar prazo com a chefia.
ANO001247,EXP001763,PGR-00031747/2026,DOCUMENTO,CIVINT/STIC,CIVINT-STIC-U07,Marina Maquete,2026-09-25T03:40:56-03:00,Prioridade definida em reunião de equipe.
ANO001248,EXP001764,PGR-00020005/2026,DOCUMENTO,CIVINT/STIC,CIVINT-STIC-U01,Gabriela Simulada,2026-09-27T03:57:25-03:00,Relacionado a expediente anterior do mesmo interessado.
ANO001249,EXP001765,PGR-00066504/2026,DOCUMENTO,CIVINT/STIC,CIVINT-STIC-U06,Lucas Esboço,2026-09-05T12:32:15-03:00,Aguardando retorno de diligência.
ANO001250,EXP001765,PGR-00066504/2026,DOCUMENTO,CIVINT/STIC,CIVINT-STIC-U06,Lucas Esboço,2026-09-16T19:51:02-03:00,Aguardando retorno de diligência.
ANO001251,EXP001765,PGR-00066504/2026,DOCUMENTO,CIVINT/STIC,CIVINT-STIC-U04,João Rascunho,2026-09-24T12:02:44-03:00,Aguardando retorno de diligência.
ANO001252,EXP001768,PGR-00034210/2026,DOCUMENTO,CIVINT/STIC,CIVINT-STIC-U03,Isabela Piloto,2026-09-07T15:54:58-03:00,Aguardando manifestação da área técnica.
ANO001253,EXP001769,PGR-00081342/2026,DOCUMENTO,CIVINT/STIC,CIVINT-STIC-U08,Nelson Mock,2026-09-24T20:52:32-03:00,Conferir anexos antes de movimentar.
ANO001254,EXP001770,PGR-00034390/2026,DOCUMENTO,CIVINT/STIC,CIVINT-STIC-U02,Heitor Protótipo,2026-09-13T11:43:14-03:00,Aguardando manifestação da área técnica.
ANO001255,EXP001771,PGR-00049192/2026,DOCUMENTO,CIVINT/STIC,CIVINT-STIC-U01,Gabriela Simulada,2026-09-29T19:25:17-03:00,Conferir anexos antes de movimentar.
ANO001256,EXP001773,PGR-00011055/2026,DOCUMENTO,CIVINT/STIC,CIVINT-STIC-U08,Nelson Mock,2026-09-17T03:33:29-03:00,Verificar prazo com a chefia.
ANO001257,EXP001773,PGR-00011055/2026,DOCUMENTO,CIVINT/STIC,CIVINT-STIC-U01,Gabriela Simulada,2026-09-17T08:30:57-03:00,Prioridade definida em reunião de equipe.
ANO001258,EXP001773,PGR-00011055/2026,DOCUMENTO,CIVINT/STIC,CIVINT-STIC-U02,Heitor Protótipo,2026-09-17T12:55:46-03:00,Aguardando retorno de diligência.
ANO001259,EXP001776,PGR-00070103/2026,DOCUMENTO,CIVINT/STIC,CIVINT-STIC-U05,Karina Ensaio,2026-09-16T13:59:30-03:00,Relacionado a expediente anterior do mesmo interessado.
ANO001260,EXP001776,PGR-00070103/2026,DOCUMENTO,CIVINT/STIC,CIVINT-STIC-U02,Heitor Protótipo,2026-08-07T12:30:23-03:00,Conferir anexos antes de movimentar.
ANO001261,EXP001776,PGR-00070103/2026,DOCUMENTO,CIVINT/STIC,CIVINT-STIC-U01,Gabriela Simulada,2026-09-15T23:51:50-03:00,"Minuta revisada, pendente de assinatura."
ANO001262,EXP001778,PGR-00033005/2026,DOCUMENTO,CIVINT/STIC,CIVINT-STIC-U06,Lucas Esboço,2026-10-03T04:02:24-03:00,Prioridade definida em reunião de equipe.
ANO001263,EXP001778,PGR-00033005/2026,DOCUMENTO,CIVINT/STIC,CIVINT-STIC-U06,Lucas Esboço,2026-10-03T04:06:05-03:00,Conferir anexos antes de movimentar.
ANO001264,EXP001778,PGR-00033005/2026,DOCUMENTO,CIVINT/STIC,CIVINT-STIC-U02,Heitor Protótipo,2026-10-03T04:03:21-03:00,Aguardando manifestação da área técnica.
ANO001265,EXP001779,PGR-00057047/2026,DOCUMENTO,CIVINT/STIC,CIVINT-STIC-U07,Marina Maquete,2026-09-10T20:57:20-03:00,Aguardando retorno de diligência.
ANO001266,EXP001781,PGR-00021794/2026,DOCUMENTO,CIVINT/STIC,CIVINT-STIC-U08,Nelson Mock,2026-10-06T01:47:52-03:00,Aguardando manifestação da área técnica.
ANO001267,EXP001783,PGR-00058894/2026,DOCUMENTO,CIVINT/STIC,CIVINT-STIC-U06,Lucas Esboço,2026-08-27T17:20:27-03:00,"Minuta revisada, pendente de assinatura."
ANO001268,EXP001783,PGR-00058894/2026,DOCUMENTO,CIVINT/STIC,CIVINT-STIC-U02,Heitor Protótipo,2026-09-26T08:35:15-03:00,Relacionado a expediente anterior do mesmo interessado.
ANO001269,EXP001784,PGR-00095259/2026,DOCUMENTO,CIVINT/STIC,CIVINT-STIC-U04,João Rascunho,2026-10-06T20:12:50-03:00,Prioridade definida em reunião de equipe.
ANO001270,EXP001785,PGR-00012283/2026,DOCUMENTO,CIVINT/STIC,CIVINT-STIC-U02,Heitor Protótipo,2026-10-07T14:06:49-03:00,Conferir anexos antes de movimentar.
ANO001271,EXP001786,PGR-00072668/2026,DOCUMENTO,CIVINT/STIC,CIVINT-STIC-U07,Marina Maquete,2026-10-03T03:39:49-03:00,Relacionado a expediente anterior do mesmo interessado.
ANO001272,EXP001786,PGR-00072668/2026,DOCUMENTO,CIVINT/STIC,CIVINT-STIC-U05,Karina Ensaio,2026-09-27T10:42:25-03:00,Aguardando retorno de diligência.
ANO001273,EXP001786,PGR-00072668/2026,DOCUMENTO,CIVINT/STIC,CIVINT-STIC-U08,Nelson Mock,2026-09-17T22:49:08-03:00,Verificar prazo com a chefia.
ANO001274,EXP001787,PGR-00097482/2026,DOCUMENTO,CIVINT/STIC,CIVINT-STIC-U01,Gabriela Simulada,2026-09-28T11:22:39-03:00,Aguardando manifestação da área técnica.
ANO001275,EXP001787,PGR-00097482/2026,DOCUMENTO,CIVINT/STIC,CIVINT-STIC-U01,Gabriela Simulada,2026-09-04T13:57:35-03:00,Relacionado a expediente anterior do mesmo interessado.
ANO001276,EXP001788,PGR-00024392/2026,DOCUMENTO,CIVINT/STIC,CIVINT-STIC-U02,Heitor Protótipo,2026-10-04T23:59:04-03:00,"Minuta revisada, pendente de assinatura."
ANO001277,EXP001790,PGR-00086507/2026,DOCUMENTO,CIVINT/STIC,CIVINT-STIC-U05,Karina Ensaio,2026-10-06T03:31:40-03:00,"Minuta revisada, pendente de assinatura."
ANO001278,EXP001791,PGR-00065795/2026,DOCUMENTO,CIVINT/STIC,CIVINT-STIC-U06,Lucas Esboço,2026-08-26T20:34:10-03:00,Relacionado a expediente anterior do mesmo interessado.
ANO001279,EXP001792,PGR-00049801/2026,DOCUMENTO,CIVINT/STIC,CIVINT-STIC-U04,João Rascunho,2026-09-24T13:17:05-03:00,Conferir anexos antes de movimentar.
ANO001280,EXP001792,PGR-00049801/2026,DOCUMENTO,CIVINT/STIC,CIVINT-STIC-U04,João Rascunho,2026-08-28T21:43:06-03:00,Conferir anexos antes de movimentar.
ANO001281,EXP001792,PGR-00049801/2026,DOCUMENTO,CIVINT/STIC,CIVINT-STIC-U03,Isabela Piloto,2026-10-04T11:23:45-03:00,Aguardando retorno de diligência.
ANO001282,EXP001793,PGR-00035313/2026,DOCUMENTO,CIVINT/STIC,CIVINT-STIC-U01,Gabriela Simulada,2026-10-04T08:10:42-03:00,Aguardando retorno de diligência.
ANO001283,EXP001795,PGR-00066346/2026,DOCUMENTO,CIVINT/STIC,CIVINT-STIC-U02,Heitor Protótipo,2026-09-19T15:22:12-03:00,Prioridade definida em reunião de equipe.
ANO001284,EXP001795,PGR-00066346/2026,DOCUMENTO,CIVINT/STIC,CIVINT-STIC-U03,Isabela Piloto,2026-10-04T10:57:15-03:00,Aguardando manifestação da área técnica.
ANO001285,EXP001795,PGR-00066346/2026,DOCUMENTO,CIVINT/STIC,CIVINT-STIC-U01,Gabriela Simulada,2026-08-31T09:08:41-03:00,Solicitadas informações complementares ao remetente.
ANO001286,EXP001797,PGR-00035084/2026,DOCUMENTO,CIVINT/STIC,CIVINT-STIC-U03,Isabela Piloto,2026-09-23T23:38:49-03:00,Solicitadas informações complementares ao remetente.
ANO001287,EXP001797,PGR-00035084/2026,DOCUMENTO,CIVINT/STIC,CIVINT-STIC-U06,Lucas Esboço,2026-09-20T03:30:54-03:00,Aguardando retorno de diligência.
ANO001288,EXP001797,PGR-00035084/2026,DOCUMENTO,CIVINT/STIC,CIVINT-STIC-U08,Nelson Mock,2026-09-18T05:05:13-03:00,Relacionado a expediente anterior do mesmo interessado.
ANO001289,EXP001799,PGR-00066048/2026,DOCUMENTO,CIVINT/STIC,CIVINT-STIC-U05,Karina Ensaio,2026-10-04T02:36:30-03:00,Relacionado a expediente anterior do mesmo interessado.
ANO001290,EXP001800,PGR-00013054/2026,DOCUMENTO,CIVINT/STIC,CIVINT-STIC-U08,Nelson Mock,2026-10-01T14:43:33-03:00,Prioridade definida em reunião de equipe.
ANO001291,EXP001800,PGR-00013054/2026,DOCUMENTO,CIVINT/STIC,CIVINT-STIC-U06,Lucas Esboço,2026-09-29T06:02:46-03:00,Relacionado a expediente anterior do mesmo interessado.
ANO001292,EXP001801,PGR-00084905/2026,DOCUMENTO,CIVINT/STIC,CIVINT-STIC-U07,Marina Maquete,2026-06-17T13:18:17-03:00,Relacionado a expediente anterior do mesmo interessado.
ANO001293,EXP001803,PGR-00067631/2026,DOCUMENTO,CIVINT/STIC,CIVINT-STIC-U02,Heitor Protótipo,2026-07-05T00:06:44-03:00,Aguardando retorno de diligência.
ANO001294,EXP001803,PGR-00067631/2026,DOCUMENTO,CIVINT/STIC,CIVINT-STIC-U06,Lucas Esboço,2026-08-30T16:36:06-03:00,Aguardando retorno de diligência.
ANO001295,EXP001803,PGR-00067631/2026,DOCUMENTO,CIVINT/STIC,CIVINT-STIC-U04,João Rascunho,2026-07-13T19:55:20-03:00,"Minuta revisada, pendente de assinatura."
ANO001296,EXP001805,PGR-00092983/2026,DOCUMENTO,CIVINT/STIC,CIVINT-STIC-U06,Lucas Esboço,2026-10-04T17:49:06-03:00,Aguardando retorno de diligência.
ANO001297,EXP001806,PGR-00050643/2026,DOCUMENTO,CIVINT/STIC,CIVINT-STIC-U08,Nelson Mock,2026-10-06T22:00:38-03:00,Relacionado a expediente anterior do mesmo interessado.
ANO001298,EXP001807,PGR-00075622/2026,DOCUMENTO,CIVINT/STIC,CIVINT-STIC-U03,Isabela Piloto,2026-08-08T09:54:48-03:00,Prioridade definida em reunião de equipe.
ANO001299,EXP001808,PGR-00007792/2026,DOCUMENTO,CIVINT/STIC,CIVINT-STIC-U05,Karina Ensaio,2026-10-07T17:00:00-03:00,Aguardando manifestação da área técnica.
ANO001300,EXP001808,PGR-00007792/2026,DOCUMENTO,CIVINT/STIC,CIVINT-STIC-U08,Nelson Mock,2026-10-07T17:00:00-03:00,Relacionado a expediente anterior do mesmo interessado.
ANO001301,EXP001809,PGR-00043674/2026,DOCUMENTO,CIVINT/STIC,CIVINT-STIC-U04,João Rascunho,2026-10-06T17:30:58-03:00,Aguardando manifestação da área técnica.
ANO001302,EXP001809,PGR-00043674/2026,DOCUMENTO,CIVINT/STIC,CIVINT-STIC-U07,Marina Maquete,2026-09-24T18:51:08-03:00,Conferir anexos antes de movimentar.
ANO001303,EXP001809,PGR-00043674/2026,DOCUMENTO,CIVINT/STIC,CIVINT-STIC-U08,Nelson Mock,2026-09-04T04:27:49-03:00,Verificar prazo com a chefia.
ANO001304,EXP001810,PGR-00027968/2026,DOCUMENTO,CIVINT/STIC,CIVINT-STIC-U01,Gabriela Simulada,2026-09-30T05:35:02-03:00,Solicitadas informações complementares ao remetente.
ANO001305,EXP001811,PGR-00018511/2026,DOCUMENTO,CIVINT/STIC,CIVINT-STIC-U06,Lucas Esboço,2026-10-07T17:00:00-03:00,Prioridade definida em reunião de equipe.
ANO001306,EXP001811,PGR-00018511/2026,DOCUMENTO,CIVINT/STIC,CIVINT-STIC-U02,Heitor Protótipo,2026-10-07T17:00:00-03:00,Aguardando manifestação da área técnica.
ANO001307,EXP001812,PGR-00050073/2026,DOCUMENTO,CIVINT/STIC,CIVINT-STIC-U08,Nelson Mock,2026-10-06T03:53:09-03:00,Prioridade definida em reunião de equipe.
ANO001308,EXP001813,PGR-00051258/2026,DOCUMENTO,CIVINT/STIC,CIVINT-STIC-U01,Gabriela Simulada,2026-10-07T06:23:10-03:00,Aguardando retorno de diligência.
ANO001309,EXP001815,PGR-00032197/2026,DOCUMENTO,CIVINT/STIC,CIVINT-STIC-U07,Marina Maquete,2026-10-06T15:54:58-03:00,Solicitadas informações complementares ao remetente.
ANO001310,EXP001818,PGR-00064572/2026,DOCUMENTO,CIVINT/STIC,CIVINT-STIC-U08,Nelson Mock,2026-09-30T13:13:00-03:00,Relacionado a expediente anterior do mesmo interessado.
ANO001311,EXP001819,PGR-00034808/2026,DOCUMENTO,CIVINT/STIC,CIVINT-STIC-U05,Karina Ensaio,2026-09-20T16:31:53-03:00,"Minuta revisada, pendente de assinatura."
ANO001312,EXP001821,PGR-00048588/2026,DOCUMENTO,CIVINT/STIC,CIVINT-STIC-U07,Marina Maquete,2026-09-09T20:58:04-03:00,Solicitadas informações complementares ao remetente.
ANO001313,EXP001822,PGR-00003643/2026,DOCUMENTO,CIVINT/STIC,CIVINT-STIC-U03,Isabela Piloto,2026-09-26T18:42:09-03:00,Aguardando manifestação da área técnica.
ANO001314,EXP001823,PGR-00093352/2026,DOCUMENTO,CIVINT/STIC,CIVINT-STIC-U05,Karina Ensaio,2026-09-26T08:50:52-03:00,Relacionado a expediente anterior do mesmo interessado.
ANO001315,EXP001824,PGR-00054138/2026,DOCUMENTO,CIVINT/STIC,CIVINT-STIC-U01,Gabriela Simulada,2026-09-19T01:47:49-03:00,Relacionado a expediente anterior do mesmo interessado.
ANO001316,EXP001824,PGR-00054138/2026,DOCUMENTO,CIVINT/STIC,CIVINT-STIC-U04,João Rascunho,2026-08-22T15:44:26-03:00,Conferir anexos antes de movimentar.
ANO001317,EXP001825,PGR-00028632/2026,DOCUMENTO,CIVINT/STIC,CIVINT-STIC-U02,Heitor Protótipo,2026-10-07T04:33:33-03:00,Aguardando manifestação da área técnica.
ANO001318,EXP001825,PGR-00028632/2026,DOCUMENTO,CIVINT/STIC,CIVINT-STIC-U02,Heitor Protótipo,2026-09-26T02:44:19-03:00,Conferir anexos antes de movimentar.
ANO001319,EXP001828,PGR-00026406/2026,DOCUMENTO,CIVINT/STIC,CIVINT-STIC-U06,Lucas Esboço,2026-09-12T11:29:57-03:00,Conferir anexos antes de movimentar.
ANO001320,EXP001830,PGR-00030501/2026,DOCUMENTO,CIVINT/STIC,CIVINT-STIC-U04,João Rascunho,2026-10-07T17:00:00-03:00,"Minuta revisada, pendente de assinatura."
ANO001321,EXP001830,PGR-00030501/2026,DOCUMENTO,CIVINT/STIC,CIVINT-STIC-U03,Isabela Piloto,2026-10-07T17:00:00-03:00,Aguardando retorno de diligência.
ANO001322,EXP001830,PGR-00030501/2026,DOCUMENTO,CIVINT/STIC,CIVINT-STIC-U03,Isabela Piloto,2026-10-07T17:00:00-03:00,Relacionado a expediente anterior do mesmo interessado.
ANO001323,EXP001831,PGR-00040422/2026,DOCUMENTO,CIVINT/STIC,CIVINT-STIC-U03,Isabela Piloto,2026-10-07T17:00:00-03:00,Prioridade definida em reunião de equipe.
ANO001324,EXP001831,PGR-00040422/2026,DOCUMENTO,CIVINT/STIC,CIVINT-STIC-U07,Marina Maquete,2026-10-07T17:00:00-03:00,Solicitadas informações complementares ao remetente.
ANO001325,EXP001831,PGR-00040422/2026,DOCUMENTO,CIVINT/STIC,CIVINT-STIC-U07,Marina Maquete,2026-10-07T17:00:00-03:00,Conferir anexos antes de movimentar.
ANO001326,EXP001832,PGR-00010049/2026,DOCUMENTO,CIVINT/STIC,CIVINT-STIC-U01,Gabriela Simulada,2026-09-23T06:54:59-03:00,Solicitadas informações complementares ao remetente.
ANO001327,EXP001835,PGR-00002027/2026,DOCUMENTO,CIVINT/STIC,CIVINT-STIC-U07,Marina Maquete,2026-08-06T12:57:30-03:00,"Minuta revisada, pendente de assinatura."
ANO001328,EXP001835,PGR-00002027/2026,DOCUMENTO,CIVINT/STIC,CIVINT-STIC-U05,Karina Ensaio,2026-09-29T20:29:43-03:00,"Minuta revisada, pendente de assinatura."
ANO001329,EXP001836,PGR-00040184/2026,DOCUMENTO,CIVINT/STIC,CIVINT-STIC-U02,Heitor Protótipo,2026-08-24T11:34:44-03:00,Aguardando retorno de diligência.
ANO001330,EXP001837,PGR-00022966/2026,DOCUMENTO,CIVINT/STIC,CIVINT-STIC-U04,João Rascunho,2026-09-24T00:38:44-03:00,Verificar prazo com a chefia.
ANO001331,EXP001837,PGR-00022966/2026,DOCUMENTO,CIVINT/STIC,CIVINT-STIC-U08,Nelson Mock,2026-08-20T01:55:06-03:00,Verificar prazo com a chefia.
ANO001332,EXP001838,PGR-00020613/2026,DOCUMENTO,CIVINT/STIC,CIVINT-STIC-U03,Isabela Piloto,2026-10-01T06:05:39-03:00,Solicitadas informações complementares ao remetente.
ANO001333,EXP001838,PGR-00020613/2026,DOCUMENTO,CIVINT/STIC,CIVINT-STIC-U04,João Rascunho,2026-09-22T11:31:41-03:00,Verificar prazo com a chefia.
ANO001334,EXP001839,PGR-00088541/2026,DOCUMENTO,CIVINT/STIC,CIVINT-STIC-U08,Nelson Mock,2026-10-07T10:27:15-03:00,Prioridade definida em reunião de equipe.
ANO001335,EXP001839,PGR-00088541/2026,DOCUMENTO,CIVINT/STIC,CIVINT-STIC-U02,Heitor Protótipo,2026-10-07T09:59:19-03:00,Conferir anexos antes de movimentar.
ANO001336,EXP001839,PGR-00088541/2026,DOCUMENTO,CIVINT/STIC,CIVINT-STIC-U05,Karina Ensaio,2026-10-07T11:29:45-03:00,Prioridade definida em reunião de equipe.
ANO001337,EXP001841,PGR-00006506/2026,DOCUMENTO,CIVINT/STIC,CIVINT-STIC-U05,Karina Ensaio,2026-09-13T12:56:06-03:00,Aguardando manifestação da área técnica.
ANO001338,EXP001842,PGR-00094204/2026,DOCUMENTO,CIVINT/STIC,CIVINT-STIC-U06,Lucas Esboço,2026-09-30T01:57:04-03:00,Conferir anexos antes de movimentar.
ANO001339,EXP001842,PGR-00094204/2026,DOCUMENTO,CIVINT/STIC,CIVINT-STIC-U01,Gabriela Simulada,2026-09-21T19:04:30-03:00,Solicitadas informações complementares ao remetente.
ANO001340,EXP001843,PGR-00089004/2026,DOCUMENTO,CIVINT/STIC,CIVINT-STIC-U08,Nelson Mock,2026-07-18T22:36:37-03:00,Aguardando manifestação da área técnica.
ANO001341,EXP001843,PGR-00089004/2026,DOCUMENTO,CIVINT/STIC,CIVINT-STIC-U05,Karina Ensaio,2026-05-18T15:28:05-03:00,Solicitadas informações complementares ao remetente.
ANO001342,EXP001844,PGR-00021465/2026,DOCUMENTO,CIVINT/STIC,CIVINT-STIC-U01,Gabriela Simulada,2026-10-06T15:04:18-03:00,Solicitadas informações complementares ao remetente.
ANO001343,EXP001845,PGR-00047781/2026,DOCUMENTO,CIVINT/STIC,CIVINT-STIC-U02,Heitor Protótipo,2026-10-02T19:02:33-03:00,Relacionado a expediente anterior do mesmo interessado.
ANO001344,EXP001845,PGR-00047781/2026,DOCUMENTO,CIVINT/STIC,CIVINT-STIC-U03,Isabela Piloto,2026-10-03T22:26:23-03:00,"Minuta revisada, pendente de assinatura."
ANO001345,EXP001846,PGR-00036511/2026,DOCUMENTO,CIVINT/STIC,CIVINT-STIC-U02,Heitor Protótipo,2026-09-03T01:39:43-03:00,Prioridade definida em reunião de equipe.
ANO001346,EXP001847,PGR-00063169/2026,DOCUMENTO,CIVINT/STIC,CIVINT-STIC-U08,Nelson Mock,2026-08-21T04:02:44-03:00,Prioridade definida em reunião de equipe.
ANO001347,EXP001848,PGR-00084152/2026,DOCUMENTO,CIVINT/STIC,CIVINT-STIC-U03,Isabela Piloto,2026-10-07T02:14:02-03:00,Solicitadas informações complementares ao remetente.
ANO001348,EXP001848,PGR-00084152/2026,DOCUMENTO,CIVINT/STIC,CIVINT-STIC-U08,Nelson Mock,2026-10-07T16:16:28-03:00,Relacionado a expediente anterior do mesmo interessado.
ANO001349,EXP001850,PGR-00015258/2026,DOCUMENTO,CIVINT/STIC,CIVINT-STIC-U05,Karina Ensaio,2026-09-25T11:44:43-03:00,Verificar prazo com a chefia.
ANO001350,EXP001850,PGR-00015258/2026,DOCUMENTO,CIVINT/STIC,CIVINT-STIC-U04,João Rascunho,2026-10-02T02:41:08-03:00,Aguardando manifestação da área técnica.
ANO001351,EXP001850,PGR-00015258/2026,DOCUMENTO,CIVINT/STIC,CIVINT-STIC-U06,Lucas Esboço,2026-10-04T02:20:54-03:00,Aguardando retorno de diligência.
ANO001352,EXP001851,PGR-00023197/2026,DOCUMENTO,CIVINT/STIC,CIVINT-STIC-U05,Karina Ensaio,2026-10-03T09:00:03-03:00,Solicitadas informações complementares ao remetente.
ANO001353,EXP001852,PGR-00080568/2026,DOCUMENTO,CIVINT/STIC,CIVINT-STIC-U03,Isabela Piloto,2026-09-22T01:20:36-03:00,Prioridade definida em reunião de equipe.
ANO001354,EXP001855,PGR-00055522/2026,DOCUMENTO,CIVINT/STIC,CIVINT-STIC-U02,Heitor Protótipo,2026-10-07T00:00:42-03:00,"Minuta revisada, pendente de assinatura."
ANO001355,EXP001856,PGR-00089096/2026,DOCUMENTO,CIVINT/STIC,CIVINT-STIC-U01,Gabriela Simulada,2026-09-04T21:44:14-03:00,Relacionado a expediente anterior do mesmo interessado.
ANO001356,EXP001857,PGR-00088680/2026,DOCUMENTO,CIVINT/STIC,CIVINT-STIC-U07,Marina Maquete,2026-09-20T19:49:57-03:00,Prioridade definida em reunião de equipe.
ANO001357,EXP001858,PGR-00075956/2026,DOCUMENTO,CIVINT/STIC,CIVINT-STIC-U06,Lucas Esboço,2026-09-28T05:09:12-03:00,Aguardando retorno de diligência.
ANO001358,EXP001858,PGR-00075956/2026,DOCUMENTO,CIVINT/STIC,CIVINT-STIC-U05,Karina Ensaio,2026-09-18T06:11:25-03:00,"Minuta revisada, pendente de assinatura."
ANO001359,EXP001859,PGR-00000818/2026,DOCUMENTO,CIVINT/STIC,CIVINT-STIC-U01,Gabriela Simulada,2026-09-21T19:12:22-03:00,Aguardando manifestação da área técnica.
ANO001360,EXP001860,PGR-00037610/2026,DOCUMENTO,CIVINT/STIC,CIVINT-STIC-U01,Gabriela Simulada,2026-10-07T07:45:24-03:00,Solicitadas informações complementares ao remetente.
ANO001361,EXP001861,PGR-00070204/2026,DOCUMENTO,CIVINT/STIC,CIVINT-STIC-U02,Heitor Protótipo,2026-10-06T10:04:37-03:00,Prioridade definida em reunião de equipe.
ANO001362,EXP001861,PGR-00070204/2026,DOCUMENTO,CIVINT/STIC,CIVINT-STIC-U02,Heitor Protótipo,2026-10-03T07:01:14-03:00,Prioridade definida em reunião de equipe.
ANO001363,EXP001861,PGR-00070204/2026,DOCUMENTO,CIVINT/STIC,CIVINT-STIC-U08,Nelson Mock,2026-10-05T18:51:14-03:00,Conferir anexos antes de movimentar.
ANO001364,EXP001862,PGR-00049216/2026,DOCUMENTO,CIVINT/STIC,CIVINT-STIC-U03,Isabela Piloto,2026-09-15T11:10:47-03:00,Prioridade definida em reunião de equipe.
ANO001365,EXP001863,PGR-00015353/2026,DOCUMENTO,CIVINT/STIC,CIVINT-STIC-U02,Heitor Protótipo,2026-10-06T05:50:12-03:00,Prioridade definida em reunião de equipe.
ANO001366,EXP001864,PGR-00070546/2026,DOCUMENTO,CIVINT/STIC,CIVINT-STIC-U01,Gabriela Simulada,2026-09-06T13:45:33-03:00,Solicitadas informações complementares ao remetente.
ANO001367,EXP001866,PGR-00019551/2026,DOCUMENTO,CIVINT/STIC,CIVINT-STIC-U04,João Rascunho,2026-10-03T19:05:02-03:00,Conferir anexos antes de movimentar.
ANO001368,EXP001867,PGR-00042816/2026,DOCUMENTO,CIVINT/STIC,CIVINT-STIC-U05,Karina Ensaio,2026-09-01T22:37:10-03:00,Relacionado a expediente anterior do mesmo interessado.
ANO001369,EXP001868,PGR-00097101/2026,DOCUMENTO,CIVINT/STIC,CIVINT-STIC-U04,João Rascunho,2026-10-04T05:09:48-03:00,Aguardando retorno de diligência.
ANO001370,EXP001869,PGR-00031893/2026,DOCUMENTO,CIVINT/STIC,CIVINT-STIC-U01,Gabriela Simulada,2026-10-03T10:08:53-03:00,Conferir anexos antes de movimentar.
ANO001371,EXP001872,PGR-00014769/2026,DOCUMENTO,CIVINT/STIC,CIVINT-STIC-U08,Nelson Mock,2026-10-06T06:22:50-03:00,Solicitadas informações complementares ao remetente.
ANO001372,EXP001872,PGR-00014769/2026,DOCUMENTO,CIVINT/STIC,CIVINT-STIC-U03,Isabela Piloto,2026-10-07T01:41:02-03:00,"Minuta revisada, pendente de assinatura."
ANO001373,EXP001872,PGR-00014769/2026,DOCUMENTO,CIVINT/STIC,CIVINT-STIC-U05,Karina Ensaio,2026-10-06T03:43:25-03:00,Verificar prazo com a chefia.
ANO001374,EXP001873,PGR-00094860/2026,DOCUMENTO,CIVINT/STIC,CIVINT-STIC-U06,Lucas Esboço,2026-09-01T18:10:48-03:00,Verificar prazo com a chefia.
ANO001375,EXP001874,PGR-00028065/2026,DOCUMENTO,CIVINT/STIC,CIVINT-STIC-U03,Isabela Piloto,2026-10-07T14:36:06-03:00,Prioridade definida em reunião de equipe.
ANO001376,EXP001875,PGR-00021902/2026,DOCUMENTO,CIVINT/STIC,CIVINT-STIC-U03,Isabela Piloto,2026-09-22T08:44:48-03:00,Prioridade definida em reunião de equipe.
ANO001377,EXP001876,PGR-00009118/2026,DOCUMENTO,CIVINT/STIC,CIVINT-STIC-U03,Isabela Piloto,2026-09-27T00:43:58-03:00,Conferir anexos antes de movimentar.
ANO001378,EXP001876,PGR-00009118/2026,DOCUMENTO,CIVINT/STIC,CIVINT-STIC-U07,Marina Maquete,2026-09-13T06:39:00-03:00,"Minuta revisada, pendente de assinatura."
ANO001379,EXP001876,PGR-00009118/2026,DOCUMENTO,CIVINT/STIC,CIVINT-STIC-U05,Karina Ensaio,2026-09-02T22:17:45-03:00,Relacionado a expediente anterior do mesmo interessado.
ANO001380,EXP001879,PGR-00079124/2026,DOCUMENTO,CIVINT/STIC,CIVINT-STIC-U04,João Rascunho,2026-09-17T16:23:35-03:00,Solicitadas informações complementares ao remetente.
ANO001381,EXP001881,PGR-00070174/2026,DOCUMENTO,CIVINT/STIC,CIVINT-STIC-U05,Karina Ensaio,2026-09-22T03:48:21-03:00,Aguardando retorno de diligência.
ANO001382,EXP001881,PGR-00070174/2026,DOCUMENTO,CIVINT/STIC,CIVINT-STIC-U07,Marina Maquete,2026-09-14T15:47:15-03:00,Aguardando manifestação da área técnica.
ANO001383,EXP001883,PGR-00091460/2026,DOCUMENTO,CIVINT/STIC,CIVINT-STIC-U03,Isabela Piloto,2026-09-23T20:15:39-03:00,Aguardando retorno de diligência.
ANO001384,EXP001884,PGR-00092939/2026,DOCUMENTO,CIVINT/STIC,CIVINT-STIC-U03,Isabela Piloto,2026-10-01T13:27:45-03:00,Prioridade definida em reunião de equipe.
ANO001385,EXP001885,PGR-00036536/2026,DOCUMENTO,CIVINT/STIC,CIVINT-STIC-U08,Nelson Mock,2026-10-01T05:29:35-03:00,Conferir anexos antes de movimentar.
ANO001386,EXP001886,PGR-00052437/2026,DOCUMENTO,CIVINT/STIC,CIVINT-STIC-U05,Karina Ensaio,2026-08-30T20:09:11-03:00,Prioridade definida em reunião de equipe.
ANO001387,EXP001887,PGR-00022572/2026,DOCUMENTO,CIVINT/STIC,CIVINT-STIC-U08,Nelson Mock,2026-07-27T09:53:44-03:00,Aguardando manifestação da área técnica.
ANO001388,EXP001888,PGR-00087259/2026,DOCUMENTO,CIVINT/STIC,CIVINT-STIC-U08,Nelson Mock,2026-09-22T05:53:09-03:00,Aguardando manifestação da área técnica.
ANO001389,EXP001889,PGR-00010651/2026,DOCUMENTO,CIVINT/STIC,CIVINT-STIC-U07,Marina Maquete,2026-09-17T10:39:15-03:00,Conferir anexos antes de movimentar.
ANO001390,EXP001890,PGR-00021185/2026,DOCUMENTO,CIVINT/STIC,CIVINT-STIC-U08,Nelson Mock,2026-09-02T07:12:10-03:00,Aguardando retorno de diligência.
ANO001391,EXP001893,PGR-00002622/2026,DOCUMENTO,CIVINT/STIC,CIVINT-STIC-U06,Lucas Esboço,2026-10-05T18:45:00-03:00,Aguardando retorno de diligência.
ANO001392,EXP001894,PGR-00002181/2026,DOCUMENTO,CIVINT/STIC,CIVINT-STIC-U01,Gabriela Simulada,2026-09-30T08:30:42-03:00,Solicitadas informações complementares ao remetente.
ANO001393,EXP001896,PGR-00083159/2026,DOCUMENTO,CIVINT/STIC,CIVINT-STIC-U01,Gabriela Simulada,2026-10-07T02:32:03-03:00,Conferir anexos antes de movimentar.
ANO001394,EXP001897,PGR-00082224/2026,DOCUMENTO,CIVINT/STIC,CIVINT-STIC-U06,Lucas Esboço,2026-10-04T03:29:55-03:00,Solicitadas informações complementares ao remetente.
ANO001395,EXP001899,PGR-00032467/2026,DOCUMENTO,CIVINT/STIC,CIVINT-STIC-U03,Isabela Piloto,2026-09-28T17:48:53-03:00,Aguardando manifestação da área técnica.
ANO001396,EXP001900,PGR-00091883/2026,DOCUMENTO,CIVINT/STIC,CIVINT-STIC-U01,Gabriela Simulada,2026-10-02T10:29:44-03:00,Solicitadas informações complementares ao remetente.
ANO001397,EXP001901,PGR-00044093/2026,DOCUMENTO,CIVINT/STIC,CIVINT-STIC-U07,Marina Maquete,2026-07-03T18:26:25-03:00,Verificar prazo com a chefia.
ANO001398,EXP001901,PGR-00044093/2026,DOCUMENTO,CIVINT/STIC,CIVINT-STIC-U01,Gabriela Simulada,2026-09-24T06:18:50-03:00,Conferir anexos antes de movimentar.
ANO001399,EXP001902,PGR-00021753/2026,DOCUMENTO,CIVINT/STIC,CIVINT-STIC-U02,Heitor Protótipo,2026-09-18T10:21:57-03:00,"Minuta revisada, pendente de assinatura."
ANO001400,EXP001903,PGR-00017205/2026,DOCUMENTO,CIVINT/STIC,CIVINT-STIC-U07,Marina Maquete,2026-10-03T15:15:47-03:00,Aguardando retorno de diligência.
ANO001401,EXP001904,PGR-00049572/2026,DOCUMENTO,CIVINT/STIC,CIVINT-STIC-U03,Isabela Piloto,2026-10-07T14:27:44-03:00,Relacionado a expediente anterior do mesmo interessado.
ANO001402,EXP001905,PGR-00099362/2026,DOCUMENTO,CIVINT/STIC,CIVINT-STIC-U05,Karina Ensaio,2026-10-05T13:58:39-03:00,Solicitadas informações complementares ao remetente.
ANO001403,EXP001905,PGR-00099362/2026,DOCUMENTO,CIVINT/STIC,CIVINT-STIC-U02,Heitor Protótipo,2026-10-06T08:13:14-03:00,"Minuta revisada, pendente de assinatura."
ANO001404,EXP001906,PGR-00065655/2026,DOCUMENTO,CIVINT/STIC,CIVINT-STIC-U06,Lucas Esboço,2026-10-05T13:34:18-03:00,Conferir anexos antes de movimentar.
ANO001405,EXP001907,PGR-00085694/2026,DOCUMENTO,CIVINT/STIC,CIVINT-STIC-U05,Karina Ensaio,2026-07-28T09:10:53-03:00,Solicitadas informações complementares ao remetente.
ANO001406,EXP001907,PGR-00085694/2026,DOCUMENTO,CIVINT/STIC,CIVINT-STIC-U03,Isabela Piloto,2026-08-29T19:38:36-03:00,Solicitadas informações complementares ao remetente.
ANO001407,EXP001907,PGR-00085694/2026,DOCUMENTO,CIVINT/STIC,CIVINT-STIC-U07,Marina Maquete,2026-09-21T09:42:09-03:00,Solicitadas informações complementares ao remetente.
ANO001408,EXP001908,PGR-00036941/2026,DOCUMENTO,CIVINT/STIC,CIVINT-STIC-U08,Nelson Mock,2026-06-23T22:25:07-03:00,Aguardando manifestação da área técnica.
ANO001409,EXP001909,PGR-00074996/2026,DOCUMENTO,CIVINT/STIC,CIVINT-STIC-U01,Gabriela Simulada,2026-10-01T03:56:58-03:00,Verificar prazo com a chefia.
ANO001410,EXP001911,PGR-00093272/2026,DOCUMENTO,CIVINT/STIC,CIVINT-STIC-U02,Heitor Protótipo,2026-09-26T23:45:21-03:00,Aguardando retorno de diligência.
ANO001411,EXP001911,PGR-00093272/2026,DOCUMENTO,CIVINT/STIC,CIVINT-STIC-U02,Heitor Protótipo,2026-09-29T07:21:43-03:00,Prioridade definida em reunião de equipe.
ANO001412,EXP001911,PGR-00093272/2026,DOCUMENTO,CIVINT/STIC,CIVINT-STIC-U01,Gabriela Simulada,2026-09-27T16:34:43-03:00,Relacionado a expediente anterior do mesmo interessado.
ANO001413,EXP001912,PGR-00000702/2026,DOCUMENTO,CIVINT/STIC,CIVINT-STIC-U06,Lucas Esboço,2026-09-25T05:03:22-03:00,Aguardando retorno de diligência.
ANO001414,EXP001912,PGR-00000702/2026,DOCUMENTO,CIVINT/STIC,CIVINT-STIC-U06,Lucas Esboço,2026-09-29T06:17:06-03:00,Aguardando retorno de diligência.
ANO001415,EXP001913,PGR-00008599/2026,DOCUMENTO,CIVINT/STIC,CIVINT-STIC-U03,Isabela Piloto,2026-10-05T06:27:20-03:00,Prioridade definida em reunião de equipe.
ANO001416,EXP001913,PGR-00008599/2026,DOCUMENTO,CIVINT/STIC,CIVINT-STIC-U06,Lucas Esboço,2026-10-06T07:29:38-03:00,Aguardando retorno de diligência.
ANO001417,EXP001913,PGR-00008599/2026,DOCUMENTO,CIVINT/STIC,CIVINT-STIC-U07,Marina Maquete,2026-10-04T03:00:05-03:00,Prioridade definida em reunião de equipe.
ANO001418,EXP001915,PGR-00050018/2026,DOCUMENTO,CIVINT/STIC,CIVINT-STIC-U05,Karina Ensaio,2026-09-16T23:40:39-03:00,Prioridade definida em reunião de equipe.
ANO001419,EXP001915,PGR-00050018/2026,DOCUMENTO,CIVINT/STIC,CIVINT-STIC-U06,Lucas Esboço,2026-09-24T06:48:07-03:00,Relacionado a expediente anterior do mesmo interessado.
ANO001420,EXP001915,PGR-00050018/2026,DOCUMENTO,CIVINT/STIC,CIVINT-STIC-U02,Heitor Protótipo,2026-10-07T11:24:54-03:00,"Minuta revisada, pendente de assinatura."
ANO001421,EXP001916,PGR-00001523/2026,DOCUMENTO,CIVINT/STIC,CIVINT-STIC-U06,Lucas Esboço,2026-08-10T20:40:56-03:00,Aguardando manifestação da área técnica.
ANO001422,EXP001916,PGR-00001523/2026,DOCUMENTO,CIVINT/STIC,CIVINT-STIC-U08,Nelson Mock,2026-05-23T05:26:54-03:00,Verificar prazo com a chefia.
ANO001423,EXP001916,PGR-00001523/2026,DOCUMENTO,CIVINT/STIC,CIVINT-STIC-U03,Isabela Piloto,2026-07-23T03:45:00-03:00,"Minuta revisada, pendente de assinatura."
ANO001424,EXP001918,PGR-00092699/2026,DOCUMENTO,CIVINT/STIC,CIVINT-STIC-U08,Nelson Mock,2026-10-06T20:35:20-03:00,Relacionado a expediente anterior do mesmo interessado.
ANO001425,EXP001919,PGR-00030759/2026,DOCUMENTO,CIVINT/STIC,CIVINT-STIC-U03,Isabela Piloto,2026-10-07T10:56:07-03:00,"Minuta revisada, pendente de assinatura."
ANO001426,EXP001919,PGR-00030759/2026,DOCUMENTO,CIVINT/STIC,CIVINT-STIC-U07,Marina Maquete,2026-10-02T20:06:23-03:00,Aguardando manifestação da área técnica.
ANO001427,EXP001921,PGR-00097486/2026,DOCUMENTO,CIVINT/STIC,CIVINT-STIC-U08,Nelson Mock,2026-09-04T16:52:52-03:00,Aguardando manifestação da área técnica.
ANO001428,EXP001921,PGR-00097486/2026,DOCUMENTO,CIVINT/STIC,CIVINT-STIC-U06,Lucas Esboço,2026-09-07T19:42:25-03:00,"Minuta revisada, pendente de assinatura."
ANO001429,EXP001921,PGR-00097486/2026,DOCUMENTO,CIVINT/STIC,CIVINT-STIC-U06,Lucas Esboço,2026-09-12T23:59:54-03:00,Aguardando manifestação da área técnica.
ANO001430,EXP001923,PGR-00043660/2026,DOCUMENTO,CIVINT/STIC,CIVINT-STIC-U08,Nelson Mock,2026-10-03T06:15:10-03:00,Verificar prazo com a chefia.
ANO001431,EXP001924,PGR-00013953/2026,DOCUMENTO,CIVINT/STIC,CIVINT-STIC-U06,Lucas Esboço,2026-09-27T18:51:32-03:00,Conferir anexos antes de movimentar.
ANO001432,EXP001924,PGR-00013953/2026,DOCUMENTO,CIVINT/STIC,CIVINT-STIC-U02,Heitor Protótipo,2026-10-02T18:16:27-03:00,Conferir anexos antes de movimentar.
ANO001433,EXP001925,PGR-00033793/2026,DOCUMENTO,CIVINT/STIC,CIVINT-STIC-U06,Lucas Esboço,2026-09-27T16:18:12-03:00,Aguardando retorno de diligência.
ANO001434,EXP001926,PGR-00017060/2026,DOCUMENTO,CIVINT/STIC,CIVINT-STIC-U07,Marina Maquete,2026-09-23T07:07:51-03:00,Solicitadas informações complementares ao remetente.
ANO001435,EXP001926,PGR-00017060/2026,DOCUMENTO,CIVINT/STIC,CIVINT-STIC-U08,Nelson Mock,2026-09-17T17:30:39-03:00,Aguardando manifestação da área técnica.
ANO001436,EXP001926,PGR-00017060/2026,DOCUMENTO,CIVINT/STIC,CIVINT-STIC-U06,Lucas Esboço,2026-09-16T23:00:00-03:00,Prioridade definida em reunião de equipe.
ANO001437,EXP001927,PGR-00024670/2026,DOCUMENTO,CIVINT/STIC,CIVINT-STIC-U08,Nelson Mock,2026-10-04T21:29:30-03:00,Conferir anexos antes de movimentar.
ANO001438,EXP001928,PGR-00081168/2026,DOCUMENTO,CIVINT/STIC,CIVINT-STIC-U08,Nelson Mock,2026-09-27T06:41:10-03:00,"Minuta revisada, pendente de assinatura."
ANO001439,EXP001929,PGR-00074819/2026,DOCUMENTO,CIVINT/STIC,CIVINT-STIC-U02,Heitor Protótipo,2026-09-25T10:25:09-03:00,Relacionado a expediente anterior do mesmo interessado.
ANO001440,EXP001929,PGR-00074819/2026,DOCUMENTO,CIVINT/STIC,CIVINT-STIC-U07,Marina Maquete,2026-10-04T16:02:32-03:00,Verificar prazo com a chefia.
ANO001441,EXP001930,PGR-00054861/2026,DOCUMENTO,CIVINT/STIC,CIVINT-STIC-U04,João Rascunho,2026-10-03T00:59:29-03:00,Verificar prazo com a chefia.
ANO001442,EXP001930,PGR-00054861/2026,DOCUMENTO,CIVINT/STIC,CIVINT-STIC-U04,João Rascunho,2026-09-28T18:44:56-03:00,Verificar prazo com a chefia.
ANO001443,EXP001931,PGR-00010450/2026,DOCUMENTO,CIVINT/STIC,CIVINT-STIC-U02,Heitor Protótipo,2026-10-06T17:41:25-03:00,Verificar prazo com a chefia.
ANO001444,EXP001933,PGR-00008216/2026,DOCUMENTO,CIVINT/STIC,CIVINT-STIC-U06,Lucas Esboço,2026-10-07T05:38:36-03:00,Aguardando retorno de diligência.
ANO001445,EXP001933,PGR-00008216/2026,DOCUMENTO,CIVINT/STIC,CIVINT-STIC-U03,Isabela Piloto,2026-10-05T23:17:36-03:00,Aguardando manifestação da área técnica.
ANO001446,EXP001935,PGR-00024934/2026,DOCUMENTO,CIVINT/STIC,CIVINT-STIC-U01,Gabriela Simulada,2026-10-01T09:19:44-03:00,Verificar prazo com a chefia.
ANO001447,EXP001935,PGR-00024934/2026,DOCUMENTO,CIVINT/STIC,CIVINT-STIC-U06,Lucas Esboço,2026-10-04T01:53:55-03:00,Aguardando retorno de diligência.
ANO001448,EXP001936,PGR-00011225/2026,DOCUMENTO,CIVINT/STIC,CIVINT-STIC-U03,Isabela Piloto,2026-09-21T20:34:11-03:00,Solicitadas informações complementares ao remetente.
ANO001449,EXP001937,PGR-00014031/2026,DOCUMENTO,CIVINT/STIC,CIVINT-STIC-U03,Isabela Piloto,2026-10-03T08:55:47-03:00,Conferir anexos antes de movimentar.
ANO001450,EXP001937,PGR-00014031/2026,DOCUMENTO,CIVINT/STIC,CIVINT-STIC-U03,Isabela Piloto,2026-09-18T09:54:10-03:00,Relacionado a expediente anterior do mesmo interessado.
ANO001451,EXP001938,PGR-00083494/2026,DOCUMENTO,CIVINT/STIC,CIVINT-STIC-U01,Gabriela Simulada,2026-09-11T03:22:39-03:00,Verificar prazo com a chefia.
ANO001452,EXP001939,PGR-00061399/2026,DOCUMENTO,CIVINT/STIC,CIVINT-STIC-U08,Nelson Mock,2026-09-22T16:32:01-03:00,Aguardando manifestação da área técnica.
ANO001453,EXP001940,PGR-00046082/2026,DOCUMENTO,CIVINT/STIC,CIVINT-STIC-U02,Heitor Protótipo,2026-10-03T03:21:30-03:00,Relacionado a expediente anterior do mesmo interessado.
ANO001454,EXP001941,PGR-00010636/2026,DOCUMENTO,CIVINT/STIC,CIVINT-STIC-U04,João Rascunho,2026-08-27T21:51:22-03:00,"Minuta revisada, pendente de assinatura."
ANO001455,EXP001941,PGR-00010636/2026,DOCUMENTO,CIVINT/STIC,CIVINT-STIC-U03,Isabela Piloto,2026-07-15T09:42:57-03:00,Conferir anexos antes de movimentar.
ANO001456,EXP001942,PGR-00025875/2026,DOCUMENTO,CIVINT/STIC,CIVINT-STIC-U01,Gabriela Simulada,2026-10-06T20:41:12-03:00,Conferir anexos antes de movimentar.
ANO001457,EXP001944,PGR-00095012/2026,DOCUMENTO,CIVINT/STIC,CIVINT-STIC-U04,João Rascunho,2026-09-16T14:53:24-03:00,Verificar prazo com a chefia.
ANO001458,EXP001945,PGR-00090731/2026,DOCUMENTO,CIVINT/STIC,CIVINT-STIC-U02,Heitor Protótipo,2026-10-02T07:11:55-03:00,Verificar prazo com a chefia.
ANO001459,EXP001946,PGR-00030913/2026,DOCUMENTO,CIVINT/STIC,CIVINT-STIC-U02,Heitor Protótipo,2026-10-03T15:38:07-03:00,Relacionado a expediente anterior do mesmo interessado.
ANO001460,EXP001947,PGR-00002398/2026,DOCUMENTO,CIVINT/STIC,CIVINT-STIC-U03,Isabela Piloto,2026-10-07T10:37:57-03:00,Solicitadas informações complementares ao remetente.
ANO001461,EXP001947,PGR-00002398/2026,DOCUMENTO,CIVINT/STIC,CIVINT-STIC-U01,Gabriela Simulada,2026-10-07T09:53:44-03:00,Solicitadas informações complementares ao remetente.
ANO001462,EXP001947,PGR-00002398/2026,DOCUMENTO,CIVINT/STIC,CIVINT-STIC-U08,Nelson Mock,2026-10-07T09:30:10-03:00,"Minuta revisada, pendente de assinatura."
ANO001463,EXP001949,PGR-00067421/2026,DOCUMENTO,CIVINT/STIC,CIVINT-STIC-U03,Isabela Piloto,2026-08-24T14:45:17-03:00,Conferir anexos antes de movimentar.
ANO001464,EXP001949,PGR-00067421/2026,DOCUMENTO,CIVINT/STIC,CIVINT-STIC-U08,Nelson Mock,2026-09-02T01:07:32-03:00,Aguardando manifestação da área técnica.
ANO001465,EXP001950,PGR-00078436/2026,DOCUMENTO,CIVINT/STIC,CIVINT-STIC-U02,Heitor Protótipo,2026-10-01T04:40:14-03:00,"Minuta revisada, pendente de assinatura."
ANO001466,EXP001951,PGR-00011533/2026,DOCUMENTO,CIVINT/STIC,CIVINT-STIC-U05,Karina Ensaio,2026-09-16T03:34:32-03:00,Prioridade definida em reunião de equipe.
ANO001467,EXP001951,PGR-00011533/2026,DOCUMENTO,CIVINT/STIC,CIVINT-STIC-U03,Isabela Piloto,2026-08-31T03:15:57-03:00,Verificar prazo com a chefia.
ANO001468,EXP001952,PGR-00098134/2026,DOCUMENTO,CIVINT/STIC,CIVINT-STIC-U03,Isabela Piloto,2026-09-23T17:09:54-03:00,Aguardando retorno de diligência.
ANO001469,EXP001952,PGR-00098134/2026,DOCUMENTO,CIVINT/STIC,CIVINT-STIC-U08,Nelson Mock,2026-09-29T15:22:20-03:00,Relacionado a expediente anterior do mesmo interessado.
ANO001470,EXP001955,PGR-00079306/2026,DOCUMENTO,CIVINT/STIC,CIVINT-STIC-U03,Isabela Piloto,2026-10-03T05:53:26-03:00,Relacionado a expediente anterior do mesmo interessado.
ANO001471,EXP001956,PGR-00025295/2026,DOCUMENTO,CIVINT/STIC,CIVINT-STIC-U03,Isabela Piloto,2026-09-04T01:46:08-03:00,Aguardando manifestação da área técnica.
ANO001472,EXP001960,PGR-00060494/2026,DOCUMENTO,CIVINT/STIC,CIVINT-STIC-U02,Heitor Protótipo,2026-09-26T01:01:03-03:00,Verificar prazo com a chefia.
ANO001473,EXP001960,PGR-00060494/2026,DOCUMENTO,CIVINT/STIC,CIVINT-STIC-U01,Gabriela Simulada,2026-09-01T10:48:01-03:00,Aguardando manifestação da área técnica.
ANO001474,EXP001961,PGR-00029927/2026,DOCUMENTO,CIVINT/STIC,CIVINT-STIC-U04,João Rascunho,2026-08-15T14:59:39-03:00,Relacionado a expediente anterior do mesmo interessado.
ANO001475,EXP001963,PGR-00067528/2026,DOCUMENTO,CIVINT/STIC,CIVINT-STIC-U01,Gabriela Simulada,2026-09-04T18:49:16-03:00,Prioridade definida em reunião de equipe.
ANO001476,EXP001965,PGR-00059718/2026,DOCUMENTO,CIVINT/STIC,CIVINT-STIC-U08,Nelson Mock,2026-10-06T00:18:32-03:00,Verificar prazo com a chefia.
ANO001477,EXP001966,PGR-00085662/2026,DOCUMENTO,CIVINT/STIC,CIVINT-STIC-U06,Lucas Esboço,2026-09-27T11:32:24-03:00,Aguardando manifestação da área técnica.
ANO001478,EXP001967,PGR-00014351/2026,DOCUMENTO,CIVINT/STIC,CIVINT-STIC-U04,João Rascunho,2026-10-04T14:17:30-03:00,Conferir anexos antes de movimentar.
ANO001479,EXP001968,PGR-00072427/2026,DOCUMENTO,CIVINT/STIC,CIVINT-STIC-U03,Isabela Piloto,2026-10-02T14:40:23-03:00,Solicitadas informações complementares ao remetente.
ANO001480,EXP001969,PGR-00022001/2026,DOCUMENTO,CIVINT/STIC,CIVINT-STIC-U05,Karina Ensaio,2026-09-13T01:04:03-03:00,Aguardando retorno de diligência.
ANO001481,EXP001970,PGR-00060278/2026,DOCUMENTO,CIVINT/STIC,CIVINT-STIC-U02,Heitor Protótipo,2026-09-14T01:17:32-03:00,Conferir anexos antes de movimentar.
ANO001482,EXP001972,PGR-00015935/2026,DOCUMENTO,CIVINT/STIC,CIVINT-STIC-U08,Nelson Mock,2026-10-07T01:06:18-03:00,Conferir anexos antes de movimentar.
ANO001483,EXP001972,PGR-00015935/2026,DOCUMENTO,CIVINT/STIC,CIVINT-STIC-U02,Heitor Protótipo,2026-10-06T06:12:15-03:00,Solicitadas informações complementares ao remetente.
ANO001484,EXP001972,PGR-00015935/2026,DOCUMENTO,CIVINT/STIC,CIVINT-STIC-U03,Isabela Piloto,2026-10-05T22:10:52-03:00,Aguardando retorno de diligência.
ANO001485,EXP001973,PGR-00077946/2026,DOCUMENTO,CIVINT/STIC,CIVINT-STIC-U04,João Rascunho,2026-09-27T12:24:41-03:00,Solicitadas informações complementares ao remetente.
ANO001486,EXP001973,PGR-00077946/2026,DOCUMENTO,CIVINT/STIC,CIVINT-STIC-U08,Nelson Mock,2026-09-30T17:10:07-03:00,Relacionado a expediente anterior do mesmo interessado.
ANO001487,EXP001974,PGR-00096728/2026,DOCUMENTO,CIVINT/STIC,CIVINT-STIC-U07,Marina Maquete,2026-07-21T00:42:18-03:00,Prioridade definida em reunião de equipe.
ANO001488,EXP001976,PGR-00029812/2026,DOCUMENTO,CIVINT/STIC,CIVINT-STIC-U02,Heitor Protótipo,2026-10-02T12:08:41-03:00,Aguardando retorno de diligência.
ANO001489,EXP001976,PGR-00029812/2026,DOCUMENTO,CIVINT/STIC,CIVINT-STIC-U01,Gabriela Simulada,2026-09-29T15:00:07-03:00,Solicitadas informações complementares ao remetente.
ANO001490,EXP001976,PGR-00029812/2026,DOCUMENTO,CIVINT/STIC,CIVINT-STIC-U04,João Rascunho,2026-10-04T01:15:06-03:00,Verificar prazo com a chefia.
ANO001491,EXP001977,PGR-00061732/2026,DOCUMENTO,CIVINT/STIC,CIVINT-STIC-U01,Gabriela Simulada,2026-09-22T01:25:20-03:00,Conferir anexos antes de movimentar.
ANO001492,EXP001977,PGR-00061732/2026,DOCUMENTO,CIVINT/STIC,CIVINT-STIC-U01,Gabriela Simulada,2026-09-21T21:20:51-03:00,Relacionado a expediente anterior do mesmo interessado.
ANO001493,EXP001978,PGR-00020301/2026,DOCUMENTO,CIVINT/STIC,CIVINT-STIC-U04,João Rascunho,2026-09-23T03:12:07-03:00,Conferir anexos antes de movimentar.
ANO001494,EXP001979,PGR-00049196/2026,DOCUMENTO,CIVINT/STIC,CIVINT-STIC-U01,Gabriela Simulada,2026-08-26T02:52:50-03:00,Verificar prazo com a chefia.
ANO001495,EXP001980,PGR-00079291/2026,DOCUMENTO,CIVINT/STIC,CIVINT-STIC-U04,João Rascunho,2026-09-30T22:50:10-03:00,"Minuta revisada, pendente de assinatura."
ANO001496,EXP001982,PGR-00010220/2026,DOCUMENTO,CIVINT/STIC,CIVINT-STIC-U08,Nelson Mock,2026-09-29T07:08:55-03:00,Verificar prazo com a chefia.
ANO001497,EXP001982,PGR-00010220/2026,DOCUMENTO,CIVINT/STIC,CIVINT-STIC-U03,Isabela Piloto,2026-09-02T11:25:27-03:00,Prioridade definida em reunião de equipe.
ANO001498,EXP001982,PGR-00010220/2026,DOCUMENTO,CIVINT/STIC,CIVINT-STIC-U06,Lucas Esboço,2026-09-13T19:53:45-03:00,Aguardando manifestação da área técnica.
ANO001499,EXP001983,PGR-00048046/2026,DOCUMENTO,CIVINT/STIC,CIVINT-STIC-U07,Marina Maquete,2026-09-07T21:42:07-03:00,Aguardando manifestação da área técnica.
ANO001500,EXP001985,PGR-00062937/2026,DOCUMENTO,CIVINT/STIC,CIVINT-STIC-U02,Heitor Protótipo,2026-10-07T12:22:10-03:00,Aguardando manifestação da área técnica.
ANO001501,EXP001986,PGR-00002520/2026,DOCUMENTO,CIVINT/STIC,CIVINT-STIC-U05,Karina Ensaio,2026-09-29T00:23:22-03:00,Solicitadas informações complementares ao remetente.
ANO001502,EXP001987,PGR-00024540/2026,DOCUMENTO,CIVINT/STIC,CIVINT-STIC-U05,Karina Ensaio,2026-10-03T09:34:12-03:00,Aguardando retorno de diligência.
ANO001503,EXP001988,PGR-00062006/2026,DOCUMENTO,CIVINT/STIC,CIVINT-STIC-U04,João Rascunho,2026-10-07T13:01:06-03:00,"Minuta revisada, pendente de assinatura."
ANO001504,EXP001990,PGR-00013325/2026,DOCUMENTO,CIVINT/STIC,CIVINT-STIC-U05,Karina Ensaio,2026-10-04T03:09:11-03:00,Aguardando manifestação da área técnica.
ANO001505,EXP001991,PGR-00098545/2026,DOCUMENTO,CIVINT/STIC,CIVINT-STIC-U03,Isabela Piloto,2026-09-03T04:39:43-03:00,Prioridade definida em reunião de equipe.
ANO001506,EXP001992,PGR-00064424/2026,DOCUMENTO,CIVINT/STIC,CIVINT-STIC-U02,Heitor Protótipo,2026-09-17T15:40:15-03:00,Solicitadas informações complementares ao remetente.
ANO001507,EXP001993,PGR-00038024/2026,DOCUMENTO,CIVINT/STIC,CIVINT-STIC-U08,Nelson Mock,2026-09-08T13:28:05-03:00,Verificar prazo com a chefia.
ANO001508,EXP001993,PGR-00038024/2026,DOCUMENTO,CIVINT/STIC,CIVINT-STIC-U04,João Rascunho,2026-09-01T04:53:38-03:00,Aguardando manifestação da área técnica.
ANO001509,EXP001994,PGR-00009667/2026,DOCUMENTO,CIVINT/STIC,CIVINT-STIC-U06,Lucas Esboço,2026-10-07T06:32:48-03:00,Solicitadas informações complementares ao remetente.
ANO001510,EXP001994,PGR-00009667/2026,DOCUMENTO,CIVINT/STIC,CIVINT-STIC-U08,Nelson Mock,2026-10-05T11:01:51-03:00,Relacionado a expediente anterior do mesmo interessado.
ANO001511,EXP001994,PGR-00009667/2026,DOCUMENTO,CIVINT/STIC,CIVINT-STIC-U04,João Rascunho,2026-10-04T12:32:02-03:00,Solicitadas informações complementares ao remetente.
ANO001512,EXP001996,PGR-00077318/2026,DOCUMENTO,CIVINT/STIC,CIVINT-STIC-U03,Isabela Piloto,2026-09-21T09:00:47-03:00,Prioridade definida em reunião de equipe.
ANO001513,EXP001997,PGR-00021238/2026,DOCUMENTO,CIVINT/STIC,CIVINT-STIC-U08,Nelson Mock,2026-10-01T09:39:43-03:00,"Minuta revisada, pendente de assinatura."
ANO001514,EXP001998,PGR-00055437/2026,DOCUMENTO,CIVINT/STIC,CIVINT-STIC-U05,Karina Ensaio,2026-09-22T15:21:10-03:00,Aguardando manifestação da área técnica.
ANO001515,EXP001998,PGR-00055437/2026,DOCUMENTO,CIVINT/STIC,CIVINT-STIC-U08,Nelson Mock,2026-09-11T18:39:17-03:00,Relacionado a expediente anterior do mesmo interessado.
ANO001516,EXP001998,PGR-00055437/2026,DOCUMENTO,CIVINT/STIC,CIVINT-STIC-U07,Marina Maquete,2026-08-29T16:09:26-03:00,Relacionado a expediente anterior do mesmo interessado.
ANO001517,EXP001999,PGR-00075912/2026,DOCUMENTO,CIVINT/STIC,CIVINT-STIC-U05,Karina Ensaio,2026-10-07T17:00:00-03:00,Solicitadas informações complementares ao remetente.
ANO001518,EXP002001,PGR-00055849/2026,DOCUMENTO,CIVINT/STIC,CIVINT-STIC-U01,Gabriela Simulada,2026-09-12T20:46:42-03:00,Verificar prazo com a chefia.
ANO001519,EXP002001,PGR-00055849/2026,DOCUMENTO,CIVINT/STIC,CIVINT-STIC-U04,João Rascunho,2026-08-20T21:37:35-03:00,Aguardando manifestação da área técnica.
ANO001520,EXP002002,PGR-00049205/2026,DOCUMENTO,CIVINT/STIC,CIVINT-STIC-U08,Nelson Mock,2026-09-09T04:21:55-03:00,Solicitadas informações complementares ao remetente.
ANO001521,EXP002003,PGR-00085203/2026,DOCUMENTO,CIVINT/STIC,CIVINT-STIC-U01,Gabriela Simulada,2026-10-07T07:34:30-03:00,Verificar prazo com a chefia.
ANO001522,EXP002003,PGR-00085203/2026,DOCUMENTO,CIVINT/STIC,CIVINT-STIC-U02,Heitor Protótipo,2026-10-05T16:12:27-03:00,Aguardando manifestação da área técnica.
ANO001523,EXP002003,PGR-00085203/2026,DOCUMENTO,CIVINT/STIC,CIVINT-STIC-U06,Lucas Esboço,2026-10-07T13:32:36-03:00,Conferir anexos antes de movimentar.
ANO001524,EXP002005,PGR-00080463/2026,DOCUMENTO,CIVINT/STIC,CIVINT-STIC-U06,Lucas Esboço,2026-09-03T12:51:20-03:00,Aguardando retorno de diligência.
ANO001525,EXP002007,PGR-00054575/2026,DOCUMENTO,CIVINT/STIC,CIVINT-STIC-U08,Nelson Mock,2026-10-03T12:48:20-03:00,"Minuta revisada, pendente de assinatura."
ANO001526,EXP002007,PGR-00054575/2026,DOCUMENTO,CIVINT/STIC,CIVINT-STIC-U02,Heitor Protótipo,2026-09-14T21:39:52-03:00,"Minuta revisada, pendente de assinatura."
ANO001527,EXP002007,PGR-00054575/2026,DOCUMENTO,CIVINT/STIC,CIVINT-STIC-U08,Nelson Mock,2026-09-15T05:55:46-03:00,Conferir anexos antes de movimentar.
ANO001528,EXP002008,PGR-00098978/2026,DOCUMENTO,CIVINT/STIC,CIVINT-STIC-U05,Karina Ensaio,2026-10-07T14:02:40-03:00,Prioridade definida em reunião de equipe.
ANO001529,EXP002009,PGR-00007958/2026,DOCUMENTO,CIVINT/STIC,CIVINT-STIC-U06,Lucas Esboço,2026-08-02T13:24:13-03:00,Conferir anexos antes de movimentar.
ANO001530,EXP002009,PGR-00007958/2026,DOCUMENTO,CIVINT/STIC,CIVINT-STIC-U07,Marina Maquete,2026-07-28T06:34:16-03:00,Solicitadas informações complementares ao remetente.
ANO001531,EXP002009,PGR-00007958/2026,DOCUMENTO,CIVINT/STIC,CIVINT-STIC-U03,Isabela Piloto,2026-09-27T20:03:01-03:00,Solicitadas informações complementares ao remetente.
ANO001532,EXP002012,PGR-00024687/2026,DOCUMENTO,CIVINT/STIC,CIVINT-STIC-U04,João Rascunho,2026-09-25T13:43:00-03:00,Aguardando retorno de diligência.
ANO001533,EXP002013,PGR-00005011/2026,DOCUMENTO,CIVINT/STIC,CIVINT-STIC-U08,Nelson Mock,2026-10-02T05:15:28-03:00,"Minuta revisada, pendente de assinatura."
ANO001534,EXP002014,PGR-00034080/2026,DOCUMENTO,CIVINT/STIC,CIVINT-STIC-U08,Nelson Mock,2026-09-20T03:38:19-03:00,Prioridade definida em reunião de equipe.
ANO001535,EXP002015,PGR-00064446/2026,DOCUMENTO,CIVINT/STIC,CIVINT-STIC-U05,Karina Ensaio,2026-10-01T08:54:09-03:00,Aguardando manifestação da área técnica.
ANO001536,EXP002016,PGR-00047424/2026,DOCUMENTO,CIVINT/STIC,CIVINT-STIC-U02,Heitor Protótipo,2026-09-29T00:11:49-03:00,Aguardando manifestação da área técnica.
ANO001537,EXP002018,PGR-00050258/2026,DOCUMENTO,CIVINT/STIC,CIVINT-STIC-U06,Lucas Esboço,2026-08-27T06:54:24-03:00,Aguardando manifestação da área técnica.
ANO001538,EXP002020,PGR-00084168/2026,DOCUMENTO,CIVINT/STIC,CIVINT-STIC-U02,Heitor Protótipo,2026-10-05T18:50:08-03:00,Aguardando manifestação da área técnica.
ANO001539,EXP002020,PGR-00084168/2026,DOCUMENTO,CIVINT/STIC,CIVINT-STIC-U01,Gabriela Simulada,2026-10-06T20:04:39-03:00,Solicitadas informações complementares ao remetente.
ANO001540,EXP002021,PGR-00040855/2026,DOCUMENTO,CIVINT/STIC,CIVINT-STIC-U03,Isabela Piloto,2026-09-28T22:56:25-03:00,Solicitadas informações complementares ao remetente.
ANO001541,EXP002021,PGR-00040855/2026,DOCUMENTO,CIVINT/STIC,CIVINT-STIC-U08,Nelson Mock,2026-10-04T02:31:54-03:00,Conferir anexos antes de movimentar.
ANO001542,EXP002022,PGR-00054290/2026,DOCUMENTO,CIVINT/STIC,CIVINT-STIC-U04,João Rascunho,2026-10-05T04:00:33-03:00,Solicitadas informações complementares ao remetente.
ANO001543,EXP002023,PGR-00004762/2026,DOCUMENTO,CIVINT/STIC,CIVINT-STIC-U02,Heitor Protótipo,2026-09-17T11:15:00-03:00,Verificar prazo com a chefia.
ANO001544,EXP002023,PGR-00004762/2026,DOCUMENTO,CIVINT/STIC,CIVINT-STIC-U01,Gabriela Simulada,2026-09-13T08:45:52-03:00,Relacionado a expediente anterior do mesmo interessado.
ANO001545,EXP002024,PGR-00054451/2026,DOCUMENTO,CIVINT/STIC,CIVINT-STIC-U05,Karina Ensaio,2026-10-01T18:12:46-03:00,Prioridade definida em reunião de equipe.
ANO001546,EXP002025,PGR-00031111/2026,DOCUMENTO,CIVINT/STIC,CIVINT-STIC-U01,Gabriela Simulada,2026-09-29T06:42:53-03:00,Aguardando retorno de diligência.
ANO001547,EXP002027,PGR-00045349/2026,DOCUMENTO,CIVINT/STIC,CIVINT-STIC-U08,Nelson Mock,2026-10-04T00:05:05-03:00,Prioridade definida em reunião de equipe.
ANO001548,EXP002028,PGR-00043268/2026,DOCUMENTO,CIVINT/STIC,CIVINT-STIC-U01,Gabriela Simulada,2026-10-07T04:30:20-03:00,Prioridade definida em reunião de equipe.
ANO001549,EXP002029,PGR-00043866/2026,DOCUMENTO,CIVINT/STIC,CIVINT-STIC-U07,Marina Maquete,2026-09-25T00:08:50-03:00,Relacionado a expediente anterior do mesmo interessado.
ANO001550,EXP002030,PGR-00003821/2026,DOCUMENTO,CIVINT/STIC,CIVINT-STIC-U02,Heitor Protótipo,2026-10-07T12:11:03-03:00,Prioridade definida em reunião de equipe.
ANO001551,EXP002031,PGR-00092643/2026,DOCUMENTO,CIVINT/STIC,CIVINT-STIC-U05,Karina Ensaio,2026-09-26T04:14:09-03:00,"Minuta revisada, pendente de assinatura."
ANO001552,EXP002033,PGR-00091841/2026,DOCUMENTO,CIVINT/STIC,CIVINT-STIC-U02,Heitor Protótipo,2026-10-04T12:56:18-03:00,Aguardando retorno de diligência.
ANO001553,EXP002033,PGR-00091841/2026,DOCUMENTO,CIVINT/STIC,CIVINT-STIC-U08,Nelson Mock,2026-10-01T01:26:02-03:00,Prioridade definida em reunião de equipe.
ANO001554,EXP002034,PGR-00011900/2026,DOCUMENTO,CIVINT/STIC,CIVINT-STIC-U07,Marina Maquete,2026-09-27T17:08:28-03:00,Relacionado a expediente anterior do mesmo interessado.
ANO001555,EXP002035,PGR-00058000/2026,DOCUMENTO,CIVINT/STIC,CIVINT-STIC-U08,Nelson Mock,2026-09-20T19:05:27-03:00,Verificar prazo com a chefia.
ANO001556,EXP002035,PGR-00058000/2026,DOCUMENTO,CIVINT/STIC,CIVINT-STIC-U07,Marina Maquete,2026-09-23T06:15:53-03:00,Aguardando retorno de diligência.
ANO001557,EXP002035,PGR-00058000/2026,DOCUMENTO,CIVINT/STIC,CIVINT-STIC-U05,Karina Ensaio,2026-10-07T15:19:06-03:00,Solicitadas informações complementares ao remetente.
ANO001558,EXP002038,PGR-00025317/2026,DOCUMENTO,CIVINT/STIC,CIVINT-STIC-U04,João Rascunho,2026-09-03T23:46:35-03:00,Conferir anexos antes de movimentar.
ANO001559,EXP002039,PGR-00067090/2026,DOCUMENTO,CIVINT/STIC,CIVINT-STIC-U02,Heitor Protótipo,2026-07-25T10:15:08-03:00,"Minuta revisada, pendente de assinatura."
ANO001560,EXP002040,PGR-00033885/2026,DOCUMENTO,CIVINT/STIC,CIVINT-STIC-U01,Gabriela Simulada,2026-09-15T02:14:59-03:00,Aguardando retorno de diligência.
ANO001561,EXP002042,PGR-00015776/2026,DOCUMENTO,CIVINT/STIC,CIVINT-STIC-U02,Heitor Protótipo,2026-09-03T00:59:32-03:00,Aguardando manifestação da área técnica.
ANO001562,EXP002042,PGR-00015776/2026,DOCUMENTO,CIVINT/STIC,CIVINT-STIC-U03,Isabela Piloto,2026-09-04T18:55:32-03:00,Relacionado a expediente anterior do mesmo interessado.
ANO001563,EXP002042,PGR-00015776/2026,DOCUMENTO,CIVINT/STIC,CIVINT-STIC-U05,Karina Ensaio,2026-08-21T02:36:13-03:00,"Minuta revisada, pendente de assinatura."
ANO001564,EXP002043,PGR-00099718/2026,DOCUMENTO,CIVINT/STIC,CIVINT-STIC-U08,Nelson Mock,2026-10-03T21:24:04-03:00,Verificar prazo com a chefia.
ANO001565,EXP002043,PGR-00099718/2026,DOCUMENTO,CIVINT/STIC,CIVINT-STIC-U04,João Rascunho,2026-10-01T01:57:54-03:00,Solicitadas informações complementares ao remetente.
ANO001566,EXP002045,PGR-00011626/2026,DOCUMENTO,CIVINT/STIC,CIVINT-STIC-U07,Marina Maquete,2026-09-14T05:17:34-03:00,"Minuta revisada, pendente de assinatura."
ANO001567,EXP002046,PGR-00097583/2026,DOCUMENTO,CIVINT/STIC,CIVINT-STIC-U01,Gabriela Simulada,2026-09-09T17:02:45-03:00,Verificar prazo com a chefia.
ANO001568,EXP002046,PGR-00097583/2026,DOCUMENTO,CIVINT/STIC,CIVINT-STIC-U05,Karina Ensaio,2026-06-20T04:38:25-03:00,Verificar prazo com a chefia.
ANO001569,EXP002046,PGR-00097583/2026,DOCUMENTO,CIVINT/STIC,CIVINT-STIC-U03,Isabela Piloto,2026-06-22T13:31:13-03:00,Relacionado a expediente anterior do mesmo interessado.
ANO001570,EXP002048,PGR-00082683/2026,DOCUMENTO,CIVINT/STIC,CIVINT-STIC-U08,Nelson Mock,2026-10-04T06:37:57-03:00,Relacionado a expediente anterior do mesmo interessado.
ANO001571,EXP002049,PGR-00062961/2026,DOCUMENTO,CIVINT/STIC,CIVINT-STIC-U06,Lucas Esboço,2026-10-05T22:00:22-03:00,Verificar prazo com a chefia.
ANO001572,EXP002049,PGR-00062961/2026,DOCUMENTO,CIVINT/STIC,CIVINT-STIC-U05,Karina Ensaio,2026-10-07T01:38:32-03:00,Solicitadas informações complementares ao remetente.
ANO001573,EXP002051,PGR-00004710/2026,DOCUMENTO,CIVINT/STIC,CIVINT-STIC-U06,Lucas Esboço,2026-09-13T04:51:16-03:00,Solicitadas informações complementares ao remetente.
ANO001574,EXP002052,PGR-00098617/2026,DOCUMENTO,CIVINT/STIC,CIVINT-STIC-U04,João Rascunho,2026-09-06T15:55:35-03:00,"Minuta revisada, pendente de assinatura."
ANO001575,EXP002054,PGR-00059944/2026,DOCUMENTO,CIVINT/STIC,CIVINT-STIC-U01,Gabriela Simulada,2026-09-13T12:44:23-03:00,"Minuta revisada, pendente de assinatura."
ANO001576,EXP002054,PGR-00059944/2026,DOCUMENTO,CIVINT/STIC,CIVINT-STIC-U04,João Rascunho,2026-09-25T14:08:16-03:00,Verificar prazo com a chefia.
ANO001577,EXP002054,PGR-00059944/2026,DOCUMENTO,CIVINT/STIC,CIVINT-STIC-U05,Karina Ensaio,2026-10-06T17:52:35-03:00,"Minuta revisada, pendente de assinatura."
ANO001578,EXP002056,PGR-00085543/2026,DOCUMENTO,CIVINT/STIC,CIVINT-STIC-U03,Isabela Piloto,2026-09-23T08:55:45-03:00,Relacionado a expediente anterior do mesmo interessado.
ANO001579,EXP002056,PGR-00085543/2026,DOCUMENTO,CIVINT/STIC,CIVINT-STIC-U04,João Rascunho,2026-10-04T21:32:42-03:00,Conferir anexos antes de movimentar.
ANO001580,EXP002057,PGR-00003555/2026,DOCUMENTO,CIVINT/STIC,CIVINT-STIC-U06,Lucas Esboço,2026-07-24T16:52:44-03:00,Verificar prazo com a chefia.
ANO001581,EXP002059,PGR-00012667/2026,DOCUMENTO,CIVINT/STIC,CIVINT-STIC-U05,Karina Ensaio,2026-09-09T19:38:57-03:00,"Minuta revisada, pendente de assinatura."
ANO001582,EXP002059,PGR-00012667/2026,DOCUMENTO,CIVINT/STIC,CIVINT-STIC-U06,Lucas Esboço,2026-08-06T01:36:09-03:00,Solicitadas informações complementares ao remetente.
ANO001583,EXP002059,PGR-00012667/2026,DOCUMENTO,CIVINT/STIC,CIVINT-STIC-U05,Karina Ensaio,2026-09-18T01:52:42-03:00,Relacionado a expediente anterior do mesmo interessado.
ANO001584,EXP002061,PGR-00016543/2026,DOCUMENTO,CIVINT/STIC,CIVINT-STIC-U04,João Rascunho,2026-10-07T17:00:00-03:00,Solicitadas informações complementares ao remetente.
ANO001585,EXP002061,PGR-00016543/2026,DOCUMENTO,CIVINT/STIC,CIVINT-STIC-U02,Heitor Protótipo,2026-10-07T17:00:00-03:00,Relacionado a expediente anterior do mesmo interessado.
ANO001586,EXP002062,PGR-00051889/2026,DOCUMENTO,CIVINT/STIC,CIVINT-STIC-U01,Gabriela Simulada,2026-10-05T16:30:19-03:00,"Minuta revisada, pendente de assinatura."
ANO001587,EXP002064,PGR-00080570/2026,DOCUMENTO,CIVINT/STIC,CIVINT-STIC-U02,Heitor Protótipo,2026-09-19T23:02:31-03:00,Aguardando manifestação da área técnica.
ANO001588,EXP002065,PGR-00086767/2026,DOCUMENTO,CIVINT/STIC,CIVINT-STIC-U02,Heitor Protótipo,2026-09-02T12:15:46-03:00,Aguardando retorno de diligência.
ANO001589,EXP002065,PGR-00086767/2026,DOCUMENTO,CIVINT/STIC,CIVINT-STIC-U07,Marina Maquete,2026-09-18T01:04:26-03:00,Relacionado a expediente anterior do mesmo interessado.
ANO001590,EXP002065,PGR-00086767/2026,DOCUMENTO,CIVINT/STIC,CIVINT-STIC-U06,Lucas Esboço,2026-08-28T20:52:11-03:00,Aguardando manifestação da área técnica.
ANO001591,EXP002066,PGR-00086528/2026,DOCUMENTO,CIVINT/STIC,CIVINT-STIC-U04,João Rascunho,2026-09-08T08:18:07-03:00,Verificar prazo com a chefia.
ANO001592,EXP002068,PGR-00057505/2026,DOCUMENTO,CIVINT/STIC,CIVINT-STIC-U08,Nelson Mock,2026-08-24T05:06:53-03:00,Conferir anexos antes de movimentar.
ANO001593,EXP002069,PGR-00094556/2026,DOCUMENTO,CIVINT/STIC,CIVINT-STIC-U04,João Rascunho,2026-09-27T03:11:37-03:00,Aguardando retorno de diligência.
ANO001594,EXP002070,PGR-00078441/2026,DOCUMENTO,CIVINT/STIC,CIVINT-STIC-U01,Gabriela Simulada,2026-09-23T23:22:49-03:00,Aguardando manifestação da área técnica.
ANO001595,EXP002071,PGR-00039093/2026,DOCUMENTO,CIVINT/STIC,CIVINT-STIC-U03,Isabela Piloto,2026-09-26T10:58:07-03:00,Conferir anexos antes de movimentar.
ANO001596,EXP002071,PGR-00039093/2026,DOCUMENTO,CIVINT/STIC,CIVINT-STIC-U08,Nelson Mock,2026-10-03T13:00:04-03:00,Aguardando manifestação da área técnica.
ANO001597,EXP002071,PGR-00039093/2026,DOCUMENTO,CIVINT/STIC,CIVINT-STIC-U07,Marina Maquete,2026-09-24T19:51:30-03:00,Verificar prazo com a chefia.
ANO001598,EXP002072,PGR-00042369/2026,DOCUMENTO,CIVINT/STIC,CIVINT-STIC-U06,Lucas Esboço,2026-07-01T20:26:52-03:00,Solicitadas informações complementares ao remetente.
ANO001599,EXP002074,PGR-00019333/2026,DOCUMENTO,CIVINT/STIC,CIVINT-STIC-U05,Karina Ensaio,2026-10-07T01:24:11-03:00,Prioridade definida em reunião de equipe.
ANO001600,EXP002075,PGR-00061305/2026,DOCUMENTO,CIVINT/STIC,CIVINT-STIC-U07,Marina Maquete,2026-09-24T23:04:26-03:00,Aguardando retorno de diligência.
ANO001601,EXP002076,PGR-00071906/2026,DOCUMENTO,CIVINT/STIC,CIVINT-STIC-U02,Heitor Protótipo,2026-10-04T21:53:11-03:00,Solicitadas informações complementares ao remetente.
ANO001602,EXP002078,PGR-00097567/2026,DOCUMENTO,CIVINT/STIC,CIVINT-STIC-U07,Marina Maquete,2026-08-31T17:16:34-03:00,Aguardando retorno de diligência.
ANO001603,EXP002078,PGR-00097567/2026,DOCUMENTO,CIVINT/STIC,CIVINT-STIC-U04,João Rascunho,2026-10-04T10:55:32-03:00,Aguardando retorno de diligência.
ANO001604,EXP002079,PGR-00087492/2026,DOCUMENTO,CIVINT/STIC,CIVINT-STIC-U06,Lucas Esboço,2026-09-18T23:41:05-03:00,Solicitadas informações complementares ao remetente.
ANO001605,EXP002080,PGR-00030466/2026,DOCUMENTO,CIVINT/STIC,CIVINT-STIC-U08,Nelson Mock,2026-10-06T21:50:57-03:00,Conferir anexos antes de movimentar.
ANO001606,EXP002081,PGR-00015186/2026,DOCUMENTO,CIVINT/STIC,CIVINT-STIC-U05,Karina Ensaio,2026-09-14T16:34:10-03:00,Aguardando manifestação da área técnica.
ANO001607,EXP002081,PGR-00015186/2026,DOCUMENTO,CIVINT/STIC,CIVINT-STIC-U03,Isabela Piloto,2026-10-02T02:00:38-03:00,Aguardando retorno de diligência.
ANO001608,EXP002082,PGR-00054544/2026,DOCUMENTO,CIVINT/STIC,CIVINT-STIC-U03,Isabela Piloto,2026-09-05T14:59:14-03:00,"Minuta revisada, pendente de assinatura."
ANO001609,EXP002082,PGR-00054544/2026,DOCUMENTO,CIVINT/STIC,CIVINT-STIC-U05,Karina Ensaio,2026-08-31T22:06:20-03:00,Aguardando retorno de diligência.
ANO001610,EXP002088,PGR-00073659/2026,DOCUMENTO,CIVINT/STIC,CIVINT-STIC-U03,Isabela Piloto,2026-09-14T16:18:31-03:00,Solicitadas informações complementares ao remetente.
ANO001611,EXP002089,PGR-00055650/2026,DOCUMENTO,CIVINT/STIC,CIVINT-STIC-U05,Karina Ensaio,2026-10-04T22:19:19-03:00,Verificar prazo com a chefia.
ANO001612,EXP002089,PGR-00055650/2026,DOCUMENTO,CIVINT/STIC,CIVINT-STIC-U01,Gabriela Simulada,2026-10-06T01:48:41-03:00,Solicitadas informações complementares ao remetente.
ANO001613,EXP002090,PGR-00013753/2026,DOCUMENTO,CIVINT/STIC,CIVINT-STIC-U06,Lucas Esboço,2026-08-22T21:30:39-03:00,Conferir anexos antes de movimentar.
ANO001614,EXP002090,PGR-00013753/2026,DOCUMENTO,CIVINT/STIC,CIVINT-STIC-U08,Nelson Mock,2026-09-15T17:59:15-03:00,"Minuta revisada, pendente de assinatura."
ANO001615,EXP002091,PGR-00080511/2026,DOCUMENTO,CIVINT/STIC,CIVINT-STIC-U05,Karina Ensaio,2026-10-07T01:20:02-03:00,Conferir anexos antes de movimentar.
ANO001616,EXP002092,PGR-00059895/2026,DOCUMENTO,CIVINT/STIC,CIVINT-STIC-U04,João Rascunho,2026-09-19T03:03:37-03:00,Verificar prazo com a chefia.
ANO001617,EXP002093,PGR-00014372/2026,DOCUMENTO,CIVINT/STIC,CIVINT-STIC-U04,João Rascunho,2026-07-28T20:54:29-03:00,Aguardando manifestação da área técnica.
ANO001618,EXP002093,PGR-00014372/2026,DOCUMENTO,CIVINT/STIC,CIVINT-STIC-U01,Gabriela Simulada,2026-05-27T01:47:31-03:00,Conferir anexos antes de movimentar.
ANO001619,EXP002094,PGR-00017530/2026,DOCUMENTO,CIVINT/STIC,CIVINT-STIC-U01,Gabriela Simulada,2026-10-06T15:02:17-03:00,Solicitadas informações complementares ao remetente.
ANO001620,EXP002094,PGR-00017530/2026,DOCUMENTO,CIVINT/STIC,CIVINT-STIC-U03,Isabela Piloto,2026-10-06T13:57:05-03:00,Conferir anexos antes de movimentar.
ANO001621,EXP002095,PGR-00013141/2026,DOCUMENTO,CIVINT/STIC,CIVINT-STIC-U05,Karina Ensaio,2026-08-23T10:01:23-03:00,Relacionado a expediente anterior do mesmo interessado.
ANO001622,EXP002095,PGR-00013141/2026,DOCUMENTO,CIVINT/STIC,CIVINT-STIC-U08,Nelson Mock,2026-09-27T14:51:36-03:00,Prioridade definida em reunião de equipe.
ANO001623,EXP002096,PGR-00000909/2026,DOCUMENTO,CIVINT/STIC,CIVINT-STIC-U01,Gabriela Simulada,2026-09-22T10:35:16-03:00,Solicitadas informações complementares ao remetente.
ANO001624,EXP002097,PGR-00069564/2026,DOCUMENTO,CIVINT/STIC,CIVINT-STIC-U07,Marina Maquete,2026-10-02T12:29:45-03:00,Prioridade definida em reunião de equipe.
ANO001625,EXP002099,PGR-00060594/2026,DOCUMENTO,CIVINT/STIC,CIVINT-STIC-U07,Marina Maquete,2026-06-24T13:54:43-03:00,Prioridade definida em reunião de equipe.
ANO001626,EXP002100,PGR-00056883/2026,DOCUMENTO,CIVINT/STIC,CIVINT-STIC-U01,Gabriela Simulada,2026-08-31T12:52:29-03:00,Conferir anexos antes de movimentar.
ANO001627,EXP002100,PGR-00056883/2026,DOCUMENTO,CIVINT/STIC,CIVINT-STIC-U06,Lucas Esboço,2026-10-02T11:53:22-03:00,"Minuta revisada, pendente de assinatura."
ANO001628,EXP002102,PGR-00010177/2026,DOCUMENTO,CIVINT/STIC,CIVINT-STIC-U01,Gabriela Simulada,2026-09-26T10:23:43-03:00,Relacionado a expediente anterior do mesmo interessado.
ANO001629,EXP002102,PGR-00010177/2026,DOCUMENTO,CIVINT/STIC,CIVINT-STIC-U01,Gabriela Simulada,2026-09-22T22:01:45-03:00,"Minuta revisada, pendente de assinatura."
ANO001630,EXP002102,PGR-00010177/2026,DOCUMENTO,CIVINT/STIC,CIVINT-STIC-U02,Heitor Protótipo,2026-09-30T23:02:39-03:00,Solicitadas informações complementares ao remetente.
ANO001631,EXP002103,PGR-00076052/2026,DOCUMENTO,CIVINT/STIC,CIVINT-STIC-U02,Heitor Protótipo,2026-10-02T17:56:36-03:00,Relacionado a expediente anterior do mesmo interessado.
ANO001632,EXP002103,PGR-00076052/2026,DOCUMENTO,CIVINT/STIC,CIVINT-STIC-U06,Lucas Esboço,2026-09-25T21:38:14-03:00,Prioridade definida em reunião de equipe.
ANO001633,EXP002106,PGR-00084721/2026,DOCUMENTO,CIVINT/STIC,CIVINT-STIC-U03,Isabela Piloto,2026-10-04T01:26:06-03:00,"Minuta revisada, pendente de assinatura."
ANO001634,EXP002109,PGR-00021878/2026,DOCUMENTO,CIVINT/STIC,CIVINT-STIC-U05,Karina Ensaio,2026-10-07T16:21:41-03:00,Conferir anexos antes de movimentar.
ANO001635,EXP002109,PGR-00021878/2026,DOCUMENTO,CIVINT/STIC,CIVINT-STIC-U08,Nelson Mock,2026-08-26T08:56:05-03:00,Aguardando retorno de diligência.
ANO001636,EXP002113,PGR-00003718/2026,DOCUMENTO,CIVINT/STIC,CIVINT-STIC-U02,Heitor Protótipo,2026-10-05T19:42:12-03:00,Conferir anexos antes de movimentar.
ANO001637,EXP002113,PGR-00003718/2026,DOCUMENTO,CIVINT/STIC,CIVINT-STIC-U08,Nelson Mock,2026-10-05T21:04:44-03:00,Prioridade definida em reunião de equipe.
ANO001638,EXP002115,PGR-00034819/2026,DOCUMENTO,CIVINT/STIC,CIVINT-STIC-U03,Isabela Piloto,2026-10-07T17:00:00-03:00,Relacionado a expediente anterior do mesmo interessado.
ANO001639,EXP002115,PGR-00034819/2026,DOCUMENTO,CIVINT/STIC,CIVINT-STIC-U02,Heitor Protótipo,2026-10-07T17:00:00-03:00,Aguardando retorno de diligência.
ANO001640,EXP002116,PGR-00091989/2026,DOCUMENTO,CIVINT/STIC,CIVINT-STIC-U03,Isabela Piloto,2026-10-03T06:11:55-03:00,Aguardando manifestação da área técnica.
ANO001641,EXP002117,PGR-00041808/2026,DOCUMENTO,CIVINT/STIC,CIVINT-STIC-U07,Marina Maquete,2026-10-07T12:13:31-03:00,Verificar prazo com a chefia.
ANO001642,EXP002118,PGR-00007844/2026,DOCUMENTO,CIVINT/STIC,CIVINT-STIC-U01,Gabriela Simulada,2026-09-13T05:13:05-03:00,Aguardando manifestação da área técnica.
ANO001643,EXP002119,PGR-00022648/2026,DOCUMENTO,CIVINT/STIC,CIVINT-STIC-U04,João Rascunho,2026-09-29T16:20:07-03:00,Aguardando manifestação da área técnica.
ANO001644,EXP002120,PGR-00005889/2026,DOCUMENTO,CIVINT/STIC,CIVINT-STIC-U08,Nelson Mock,2026-10-06T12:29:52-03:00,Solicitadas informações complementares ao remetente.
ANO001645,EXP002122,PGR-00046611/2026,DOCUMENTO,CIVINT/STIC,CIVINT-STIC-U06,Lucas Esboço,2026-09-29T20:22:17-03:00,Prioridade definida em reunião de equipe.
ANO001646,EXP002122,PGR-00046611/2026,DOCUMENTO,CIVINT/STIC,CIVINT-STIC-U02,Heitor Protótipo,2026-10-03T18:35:12-03:00,Aguardando manifestação da área técnica.
ANO001647,EXP002122,PGR-00046611/2026,DOCUMENTO,CIVINT/STIC,CIVINT-STIC-U05,Karina Ensaio,2026-09-29T01:24:04-03:00,Aguardando retorno de diligência.
ANO001648,EXP002125,PGR-00099593/2026,DOCUMENTO,CIVINT/STIC,CIVINT-STIC-U05,Karina Ensaio,2026-09-12T22:59:40-03:00,Solicitadas informações complementares ao remetente.
ANO001649,EXP002125,PGR-00099593/2026,DOCUMENTO,CIVINT/STIC,CIVINT-STIC-U04,João Rascunho,2026-10-03T13:17:07-03:00,Solicitadas informações complementares ao remetente.
ANO001650,EXP002126,PGR-00071250/2026,DOCUMENTO,CIVINT/STIC,CIVINT-STIC-U02,Heitor Protótipo,2026-09-01T06:38:22-03:00,"Minuta revisada, pendente de assinatura."
ANO001651,EXP002126,PGR-00071250/2026,DOCUMENTO,CIVINT/STIC,CIVINT-STIC-U02,Heitor Protótipo,2026-08-27T12:35:25-03:00,Aguardando retorno de diligência.
ANO001652,EXP002126,PGR-00071250/2026,DOCUMENTO,CIVINT/STIC,CIVINT-STIC-U05,Karina Ensaio,2026-09-19T05:02:42-03:00,"Minuta revisada, pendente de assinatura."
ANO001653,EXP002129,PGR-00051689/2026,DOCUMENTO,CIVINT/STIC,CIVINT-STIC-U05,Karina Ensaio,2026-09-23T02:57:01-03:00,Verificar prazo com a chefia.
ANO001654,EXP002130,PGR-00042240/2026,DOCUMENTO,CIVINT/STIC,CIVINT-STIC-U02,Heitor Protótipo,2026-09-25T00:38:08-03:00,Verificar prazo com a chefia.
ANO001655,EXP002131,PGR-00053759/2026,DOCUMENTO,CIVINT/STIC,CIVINT-STIC-U07,Marina Maquete,2026-10-01T17:13:59-03:00,Relacionado a expediente anterior do mesmo interessado.
ANO001656,EXP002132,PGR-00054933/2026,DOCUMENTO,CIVINT/STIC,CIVINT-STIC-U01,Gabriela Simulada,2026-09-29T21:59:53-03:00,Solicitadas informações complementares ao remetente.
ANO001657,EXP002132,PGR-00054933/2026,DOCUMENTO,CIVINT/STIC,CIVINT-STIC-U05,Karina Ensaio,2026-09-27T03:40:38-03:00,Prioridade definida em reunião de equipe.
ANO001658,EXP002134,PGR-00055649/2026,DOCUMENTO,CIVINT/STIC,CIVINT-STIC-U02,Heitor Protótipo,2026-09-10T17:41:47-03:00,Relacionado a expediente anterior do mesmo interessado.
ANO001659,EXP002136,PGR-00032994/2026,DOCUMENTO,CIVINT/STIC,CIVINT-STIC-U06,Lucas Esboço,2026-09-28T17:25:06-03:00,Conferir anexos antes de movimentar.
ANO001660,EXP002137,PGR-00054319/2026,DOCUMENTO,CIVINT/STIC,CIVINT-STIC-U04,João Rascunho,2026-10-03T19:07:02-03:00,Aguardando retorno de diligência.
ANO001661,EXP002137,PGR-00054319/2026,DOCUMENTO,CIVINT/STIC,CIVINT-STIC-U02,Heitor Protótipo,2026-09-27T14:16:40-03:00,Aguardando retorno de diligência.
ANO001662,EXP002138,PGR-00053058/2026,DOCUMENTO,CIVINT/STIC,CIVINT-STIC-U02,Heitor Protótipo,2026-10-02T13:39:24-03:00,Conferir anexos antes de movimentar.
ANO001663,EXP002139,PGR-00096937/2026,DOCUMENTO,CIVINT/STIC,CIVINT-STIC-U07,Marina Maquete,2026-09-10T01:49:33-03:00,Conferir anexos antes de movimentar.
ANO001664,EXP002140,PGR-00088118/2026,DOCUMENTO,CIVINT/STIC,CIVINT-STIC-U03,Isabela Piloto,2026-09-19T17:12:39-03:00,"Minuta revisada, pendente de assinatura."
ANO001665,EXP002141,PGR-00094689/2026,DOCUMENTO,CIVINT/STIC,CIVINT-STIC-U03,Isabela Piloto,2026-10-01T13:11:18-03:00,Relacionado a expediente anterior do mesmo interessado.
ANO001666,EXP002141,PGR-00094689/2026,DOCUMENTO,CIVINT/STIC,CIVINT-STIC-U05,Karina Ensaio,2026-10-02T13:53:41-03:00,Aguardando retorno de diligência.
ANO001667,EXP002144,PGR-00001513/2026,DOCUMENTO,CIVINT/STIC,CIVINT-STIC-U08,Nelson Mock,2026-09-27T16:53:41-03:00,Aguardando retorno de diligência.
ANO001668,EXP002145,PGR-00086760/2026,DOCUMENTO,CIVINT/STIC,CIVINT-STIC-U03,Isabela Piloto,2026-10-07T17:00:00-03:00,Relacionado a expediente anterior do mesmo interessado.
ANO001669,EXP002146,PGR-00068541/2026,DOCUMENTO,CIVINT/STIC,CIVINT-STIC-U07,Marina Maquete,2026-09-10T13:49:42-03:00,Solicitadas informações complementares ao remetente.
ANO001670,EXP002146,PGR-00068541/2026,DOCUMENTO,CIVINT/STIC,CIVINT-STIC-U04,João Rascunho,2026-09-11T21:50:51-03:00,Prioridade definida em reunião de equipe.
ANO001671,EXP002146,PGR-00068541/2026,DOCUMENTO,CIVINT/STIC,CIVINT-STIC-U07,Marina Maquete,2026-09-21T07:54:58-03:00,Verificar prazo com a chefia.
ANO001672,EXP002147,PGR-00078301/2026,DOCUMENTO,CIVINT/STIC,CIVINT-STIC-U08,Nelson Mock,2026-09-18T08:11:40-03:00,Solicitadas informações complementares ao remetente.
ANO001673,EXP002147,PGR-00078301/2026,DOCUMENTO,CIVINT/STIC,CIVINT-STIC-U05,Karina Ensaio,2026-09-20T05:56:52-03:00,Aguardando manifestação da área técnica.
ANO001674,EXP002148,PGR-00006024/2026,DOCUMENTO,CIVINT/STIC,CIVINT-STIC-U01,Gabriela Simulada,2026-09-16T22:49:02-03:00,Solicitadas informações complementares ao remetente.
ANO001675,EXP002150,PGR-00015845/2026,DOCUMENTO,CIVINT/STIC,CIVINT-STIC-U02,Heitor Protótipo,2026-06-14T16:22:42-03:00,Conferir anexos antes de movimentar.
ANO001676,EXP002150,PGR-00015845/2026,DOCUMENTO,CIVINT/STIC,CIVINT-STIC-U08,Nelson Mock,2026-07-23T21:24:06-03:00,Solicitadas informações complementares ao remetente.
ANO001677,EXP002151,PGR-00065934/2026,DOCUMENTO,CIVINT/STIC,CIVINT-STIC-U03,Isabela Piloto,2026-09-30T09:41:37-03:00,Verificar prazo com a chefia.
ANO001678,EXP002153,PGR-00044502/2026,DOCUMENTO,CIVINT/STIC,CIVINT-STIC-U03,Isabela Piloto,2026-10-07T15:39:49-03:00,Verificar prazo com a chefia.
ANO001679,EXP002154,PGR-00098200/2026,DOCUMENTO,CIVINT/STIC,CIVINT-STIC-U03,Isabela Piloto,2026-07-27T15:49:14-03:00,"Minuta revisada, pendente de assinatura."
ANO001680,EXP002155,PGR-00020549/2026,DOCUMENTO,CIVINT/STIC,CIVINT-STIC-U07,Marina Maquete,2026-10-04T14:33:11-03:00,Solicitadas informações complementares ao remetente.
ANO001681,EXP002156,PGR-00084339/2026,DOCUMENTO,CIVINT/STIC,CIVINT-STIC-U05,Karina Ensaio,2026-09-25T11:30:44-03:00,Verificar prazo com a chefia.
ANO001682,EXP002157,PGR-00010069/2026,DOCUMENTO,CIVINT/STIC,CIVINT-STIC-U07,Marina Maquete,2026-09-28T08:59:15-03:00,Aguardando manifestação da área técnica.
ANO001683,EXP002158,PGR-00057264/2026,DOCUMENTO,CIVINT/STIC,CIVINT-STIC-U07,Marina Maquete,2026-10-07T07:04:49-03:00,"Minuta revisada, pendente de assinatura."
ANO001684,EXP002158,PGR-00057264/2026,DOCUMENTO,CIVINT/STIC,CIVINT-STIC-U08,Nelson Mock,2026-09-14T18:38:11-03:00,Solicitadas informações complementares ao remetente.
ANO001685,EXP002159,PGR-00084243/2026,DOCUMENTO,CIVINT/STIC,CIVINT-STIC-U04,João Rascunho,2026-08-25T15:44:35-03:00,Prioridade definida em reunião de equipe.
ANO001686,EXP002159,PGR-00084243/2026,DOCUMENTO,CIVINT/STIC,CIVINT-STIC-U02,Heitor Protótipo,2026-09-04T12:51:44-03:00,Relacionado a expediente anterior do mesmo interessado.
ANO001687,EXP002160,PGR-00059816/2026,DOCUMENTO,CIVINT/STIC,CIVINT-STIC-U02,Heitor Protótipo,2026-10-01T20:45:06-03:00,Verificar prazo com a chefia.
ANO001688,EXP002160,PGR-00059816/2026,DOCUMENTO,CIVINT/STIC,CIVINT-STIC-U05,Karina Ensaio,2026-10-05T12:21:29-03:00,Solicitadas informações complementares ao remetente.
ANO001689,EXP002160,PGR-00059816/2026,DOCUMENTO,CIVINT/STIC,CIVINT-STIC-U04,João Rascunho,2026-10-05T12:27:44-03:00,Aguardando manifestação da área técnica.
ANO001690,EXP002161,PGR-00033717/2026,DOCUMENTO,CIVINT/STIC,CIVINT-STIC-U05,Karina Ensaio,2026-07-25T03:27:50-03:00,Verificar prazo com a chefia.
ANO001691,EXP002162,PGR-00084197/2026,DOCUMENTO,CIVINT/STIC,CIVINT-STIC-U08,Nelson Mock,2026-10-06T21:13:51-03:00,Aguardando retorno de diligência.
ANO001692,EXP002163,PGR-00072888/2026,DOCUMENTO,CIVINT/STIC,CIVINT-STIC-U03,Isabela Piloto,2026-08-10T11:48:16-03:00,Aguardando retorno de diligência.
ANO001693,EXP002164,PGR-00063132/2026,DOCUMENTO,CIVINT/STIC,CIVINT-STIC-U05,Karina Ensaio,2026-09-27T22:02:21-03:00,Conferir anexos antes de movimentar.
ANO001694,EXP002166,PGR-00084966/2026,DOCUMENTO,CIVINT/STIC,CIVINT-STIC-U08,Nelson Mock,2026-10-03T09:51:31-03:00,Conferir anexos antes de movimentar.
ANO001695,EXP002167,PGR-00050303/2026,DOCUMENTO,CIVINT/STIC,CIVINT-STIC-U02,Heitor Protótipo,2026-10-06T01:43:08-03:00,Aguardando retorno de diligência.
ANO001696,EXP002168,PGR-00095696/2026,DOCUMENTO,CIVINT/STIC,CIVINT-STIC-U01,Gabriela Simulada,2026-09-19T03:44:43-03:00,Solicitadas informações complementares ao remetente.
ANO001697,EXP002169,PGR-00079802/2026,DOCUMENTO,CIVINT/STIC,CIVINT-STIC-U03,Isabela Piloto,2026-08-17T12:40:49-03:00,Aguardando manifestação da área técnica.
ANO001698,EXP002170,PGR-00006923/2026,DOCUMENTO,CIVINT/STIC,CIVINT-STIC-U07,Marina Maquete,2026-09-13T01:57:43-03:00,Prioridade definida em reunião de equipe.
ANO001699,EXP002171,PGR-00028607/2026,DOCUMENTO,CIVINT/STIC,CIVINT-STIC-U03,Isabela Piloto,2026-10-01T08:10:01-03:00,Aguardando manifestação da área técnica.
ANO001700,EXP002173,PGR-00089250/2026,DOCUMENTO,CIVINT/STIC,CIVINT-STIC-U08,Nelson Mock,2026-10-03T17:38:30-03:00,Aguardando retorno de diligência.
ANO001701,EXP002175,PGR-00090729/2026,DOCUMENTO,CIVINT/STIC,CIVINT-STIC-U03,Isabela Piloto,2026-09-26T21:01:49-03:00,Solicitadas informações complementares ao remetente.
ANO001702,EXP002175,PGR-00090729/2026,DOCUMENTO,CIVINT/STIC,CIVINT-STIC-U03,Isabela Piloto,2026-09-10T23:31:31-03:00,Prioridade definida em reunião de equipe.
ANO001703,EXP002176,PGR-00094959/2026,DOCUMENTO,CIVINT/STIC,CIVINT-STIC-U03,Isabela Piloto,2026-10-06T03:36:32-03:00,Verificar prazo com a chefia.
ANO001704,EXP002177,PGR-00038652/2026,DOCUMENTO,CIVINT/STIC,CIVINT-STIC-U04,João Rascunho,2026-10-04T07:05:47-03:00,Prioridade definida em reunião de equipe.
ANO001705,EXP002177,PGR-00038652/2026,DOCUMENTO,CIVINT/STIC,CIVINT-STIC-U03,Isabela Piloto,2026-10-04T20:27:49-03:00,Solicitadas informações complementares ao remetente.
ANO001706,EXP002178,PGR-00055016/2026,DOCUMENTO,CIVINT/STIC,CIVINT-STIC-U02,Heitor Protótipo,2026-08-19T09:02:53-03:00,Verificar prazo com a chefia.
ANO001707,EXP002180,PGR-00067809/2026,DOCUMENTO,CIVINT/STIC,CIVINT-STIC-U01,Gabriela Simulada,2026-08-20T12:27:01-03:00,"Minuta revisada, pendente de assinatura."
ANO001708,EXP002181,PGR-00041055/2026,DOCUMENTO,CIVINT/STIC,CIVINT-STIC-U02,Heitor Protótipo,2026-10-04T04:58:18-03:00,Solicitadas informações complementares ao remetente.
ANO001709,EXP002182,PGR-00066629/2026,DOCUMENTO,CIVINT/STIC,CIVINT-STIC-U01,Gabriela Simulada,2026-09-03T06:26:40-03:00,Aguardando manifestação da área técnica.
ANO001710,EXP002183,PGR-00039240/2026,DOCUMENTO,CIVINT/STIC,CIVINT-STIC-U06,Lucas Esboço,2026-10-05T14:39:23-03:00,Aguardando manifestação da área técnica.
ANO001711,EXP002184,PGR-00072222/2026,DOCUMENTO,CIVINT/STIC,CIVINT-STIC-U03,Isabela Piloto,2026-09-24T18:10:35-03:00,Relacionado a expediente anterior do mesmo interessado.
ANO001712,EXP002184,PGR-00072222/2026,DOCUMENTO,CIVINT/STIC,CIVINT-STIC-U07,Marina Maquete,2026-09-30T00:52:23-03:00,"Minuta revisada, pendente de assinatura."
ANO001713,EXP002184,PGR-00072222/2026,DOCUMENTO,CIVINT/STIC,CIVINT-STIC-U06,Lucas Esboço,2026-09-30T17:19:48-03:00,Aguardando retorno de diligência.
ANO001714,EXP002186,PGR-00028114/2026,DOCUMENTO,CIVINT/STIC,CIVINT-STIC-U08,Nelson Mock,2026-09-28T22:07:00-03:00,Aguardando retorno de diligência.
ANO001715,EXP002187,PGR-00042542/2026,DOCUMENTO,CIVINT/STIC,CIVINT-STIC-U07,Marina Maquete,2026-10-07T09:29:08-03:00,Aguardando retorno de diligência.
ANO001716,EXP002187,PGR-00042542/2026,DOCUMENTO,CIVINT/STIC,CIVINT-STIC-U03,Isabela Piloto,2026-10-06T22:05:49-03:00,Relacionado a expediente anterior do mesmo interessado.
ANO001717,EXP002187,PGR-00042542/2026,DOCUMENTO,CIVINT/STIC,CIVINT-STIC-U04,João Rascunho,2026-09-28T08:23:28-03:00,Verificar prazo com a chefia.
ANO001718,EXP002188,PGR-00054276/2026,DOCUMENTO,CIVINT/STIC,CIVINT-STIC-U06,Lucas Esboço,2026-09-29T05:59:51-03:00,Conferir anexos antes de movimentar.
ANO001719,EXP002188,PGR-00054276/2026,DOCUMENTO,CIVINT/STIC,CIVINT-STIC-U04,João Rascunho,2026-08-31T16:18:17-03:00,Verificar prazo com a chefia.
ANO001720,EXP002189,PGR-00078193/2026,DOCUMENTO,CIVINT/STIC,CIVINT-STIC-U02,Heitor Protótipo,2026-09-24T12:10:41-03:00,Solicitadas informações complementares ao remetente.
ANO001721,EXP002191,PGR-00006582/2026,DOCUMENTO,CIVINT/STIC,CIVINT-STIC-U08,Nelson Mock,2026-09-30T05:59:28-03:00,Prioridade definida em reunião de equipe.
ANO001722,EXP002191,PGR-00006582/2026,DOCUMENTO,CIVINT/STIC,CIVINT-STIC-U01,Gabriela Simulada,2026-09-18T20:45:43-03:00,Aguardando retorno de diligência.
ANO001723,EXP002191,PGR-00006582/2026,DOCUMENTO,CIVINT/STIC,CIVINT-STIC-U01,Gabriela Simulada,2026-09-20T08:30:44-03:00,Solicitadas informações complementares ao remetente.
ANO001724,EXP002192,PGR-00036430/2026,DOCUMENTO,CIVINT/STIC,CIVINT-STIC-U01,Gabriela Simulada,2026-09-18T20:30:31-03:00,Verificar prazo com a chefia.
ANO001725,EXP002192,PGR-00036430/2026,DOCUMENTO,CIVINT/STIC,CIVINT-STIC-U01,Gabriela Simulada,2026-09-09T07:17:39-03:00,Verificar prazo com a chefia.
ANO001726,EXP002192,PGR-00036430/2026,DOCUMENTO,CIVINT/STIC,CIVINT-STIC-U02,Heitor Protótipo,2026-09-21T18:36:51-03:00,Solicitadas informações complementares ao remetente.
ANO001727,EXP002193,PGR-00066372/2026,DOCUMENTO,CIVINT/STIC,CIVINT-STIC-U03,Isabela Piloto,2026-10-07T17:00:00-03:00,Verificar prazo com a chefia.
ANO001728,EXP002194,PGR-00037772/2026,DOCUMENTO,CIVINT/STIC,CIVINT-STIC-U01,Gabriela Simulada,2026-08-20T20:41:38-03:00,Aguardando retorno de diligência.
ANO001729,EXP002196,PGR-00060174/2026,DOCUMENTO,CIVINT/STIC,CIVINT-STIC-U07,Marina Maquete,2026-10-07T17:00:00-03:00,Solicitadas informações complementares ao remetente.
ANO001730,EXP002197,PGR-00080933/2026,DOCUMENTO,CIVINT/STIC,CIVINT-STIC-U08,Nelson Mock,2026-09-02T01:20:55-03:00,Conferir anexos antes de movimentar.
ANO001731,EXP002197,PGR-00080933/2026,DOCUMENTO,CIVINT/STIC,CIVINT-STIC-U05,Karina Ensaio,2026-10-05T23:25:43-03:00,Relacionado a expediente anterior do mesmo interessado.
ANO001732,EXP002198,PGR-00095088/2026,DOCUMENTO,CIVINT/STIC,CIVINT-STIC-U03,Isabela Piloto,2026-09-24T21:56:07-03:00,Conferir anexos antes de movimentar.
ANO001733,EXP002198,PGR-00095088/2026,DOCUMENTO,CIVINT/STIC,CIVINT-STIC-U07,Marina Maquete,2026-09-17T17:28:19-03:00,Prioridade definida em reunião de equipe.
ANO001734,EXP002198,PGR-00095088/2026,DOCUMENTO,CIVINT/STIC,CIVINT-STIC-U05,Karina Ensaio,2026-09-08T09:23:57-03:00,Aguardando retorno de diligência.
ANO001735,EXP002199,PGR-00051475/2026,DOCUMENTO,CIVINT/STIC,CIVINT-STIC-U03,Isabela Piloto,2026-09-03T18:05:51-03:00,Conferir anexos antes de movimentar.
ANO001736,EXP002201,PGR-00070549/2026,DOCUMENTO,CIVINT/STIC,CIVINT-STIC-U03,Isabela Piloto,2026-08-07T07:18:41-03:00,Relacionado a expediente anterior do mesmo interessado.
ANO001737,EXP002204,PGR-00065257/2026,DOCUMENTO,CIVINT/STIC,CIVINT-STIC-U08,Nelson Mock,2026-10-06T00:39:40-03:00,"Minuta revisada, pendente de assinatura."
ANO001738,EXP002204,PGR-00065257/2026,DOCUMENTO,CIVINT/STIC,CIVINT-STIC-U03,Isabela Piloto,2026-10-06T16:07:36-03:00,Prioridade definida em reunião de equipe.
ANO001739,EXP002204,PGR-00065257/2026,DOCUMENTO,CIVINT/STIC,CIVINT-STIC-U06,Lucas Esboço,2026-09-08T11:16:39-03:00,Prioridade definida em reunião de equipe.
ANO001740,EXP002205,PGR-00059343/2026,DOCUMENTO,CIVINT/STIC,CIVINT-STIC-U07,Marina Maquete,2026-10-07T14:36:24-03:00,"Minuta revisada, pendente de assinatura."
ANO001741,EXP002205,PGR-00059343/2026,DOCUMENTO,CIVINT/STIC,CIVINT-STIC-U04,João Rascunho,2026-10-05T10:31:17-03:00,Relacionado a expediente anterior do mesmo interessado.
ANO001742,EXP002206,PGR-00094967/2026,DOCUMENTO,CIVINT/STIC,CIVINT-STIC-U08,Nelson Mock,2026-10-07T11:21:20-03:00,Aguardando manifestação da área técnica.
ANO001743,EXP002206,PGR-00094967/2026,DOCUMENTO,CIVINT/STIC,CIVINT-STIC-U02,Heitor Protótipo,2026-10-06T14:01:35-03:00,Verificar prazo com a chefia.
ANO001744,EXP002208,PGR-00051484/2026,DOCUMENTO,CIVINT/STIC,CIVINT-STIC-U04,João Rascunho,2026-09-30T19:34:23-03:00,Conferir anexos antes de movimentar.
ANO001745,EXP002208,PGR-00051484/2026,DOCUMENTO,CIVINT/STIC,CIVINT-STIC-U02,Heitor Protótipo,2026-10-01T04:10:39-03:00,Aguardando manifestação da área técnica.
ANO001746,EXP002209,PGR-00030019/2026,DOCUMENTO,CIVINT/STIC,CIVINT-STIC-U02,Heitor Protótipo,2026-10-05T17:01:09-03:00,"Minuta revisada, pendente de assinatura."
ANO001747,EXP002210,PGR-00030181/2026,DOCUMENTO,CIVINT/STIC,CIVINT-STIC-U01,Gabriela Simulada,2026-08-27T15:29:53-03:00,Aguardando manifestação da área técnica.
ANO001748,EXP002211,PGR-00006556/2026,DOCUMENTO,CIVINT/STIC,CIVINT-STIC-U05,Karina Ensaio,2026-10-04T16:15:32-03:00,Prioridade definida em reunião de equipe.
ANO001749,EXP002211,PGR-00006556/2026,DOCUMENTO,CIVINT/STIC,CIVINT-STIC-U06,Lucas Esboço,2026-10-01T18:17:18-03:00,Prioridade definida em reunião de equipe.
ANO001750,EXP002213,PGR-00015785/2026,DOCUMENTO,CIVINT/STIC,CIVINT-STIC-U06,Lucas Esboço,2026-07-26T03:45:58-03:00,Relacionado a expediente anterior do mesmo interessado.
ANO001751,EXP002213,PGR-00015785/2026,DOCUMENTO,CIVINT/STIC,CIVINT-STIC-U03,Isabela Piloto,2026-09-03T16:44:34-03:00,Verificar prazo com a chefia.
ANO001752,EXP002214,PGR-00016869/2026,DOCUMENTO,CIVINT/STIC,CIVINT-STIC-U07,Marina Maquete,2026-07-06T21:46:58-03:00,Aguardando manifestação da área técnica.
ANO001753,EXP002215,PGR-00051552/2026,DOCUMENTO,CIVINT/STIC,CIVINT-STIC-U08,Nelson Mock,2026-09-15T04:11:49-03:00,Verificar prazo com a chefia.
ANO001754,EXP002217,PGR-00089819/2026,DOCUMENTO,CIVINT/STIC,CIVINT-STIC-U04,João Rascunho,2026-09-14T10:58:15-03:00,Verificar prazo com a chefia.
ANO001755,EXP002218,PGR-00022071/2026,DOCUMENTO,CIVINT/STIC,CIVINT-STIC-U08,Nelson Mock,2026-09-24T19:09:27-03:00,Aguardando retorno de diligência.
ANO001756,EXP002219,PGR-00097311/2026,DOCUMENTO,CIVINT/STIC,CIVINT-STIC-U05,Karina Ensaio,2026-10-05T14:18:26-03:00,Aguardando manifestação da área técnica.
ANO001757,EXP002221,PGR-00005710/2026,DOCUMENTO,CIVINT/STIC,CIVINT-STIC-U01,Gabriela Simulada,2026-10-05T13:32:38-03:00,Aguardando retorno de diligência.
ANO001758,EXP002221,PGR-00005710/2026,DOCUMENTO,CIVINT/STIC,CIVINT-STIC-U01,Gabriela Simulada,2026-10-01T01:57:24-03:00,Solicitadas informações complementares ao remetente.
ANO001759,EXP002221,PGR-00005710/2026,DOCUMENTO,CIVINT/STIC,CIVINT-STIC-U04,João Rascunho,2026-10-04T11:14:53-03:00,Aguardando retorno de diligência.
ANO001760,EXP002222,PGR-00051330/2026,DOCUMENTO,CIVINT/STIC,CIVINT-STIC-U03,Isabela Piloto,2026-10-02T09:51:04-03:00,Verificar prazo com a chefia.
ANO001761,EXP002222,PGR-00051330/2026,DOCUMENTO,CIVINT/STIC,CIVINT-STIC-U08,Nelson Mock,2026-09-29T00:30:42-03:00,"Minuta revisada, pendente de assinatura."
ANO001762,EXP002223,PGR-00003696/2026,DOCUMENTO,CIVINT/STIC,CIVINT-STIC-U08,Nelson Mock,2026-10-06T04:26:17-03:00,Verificar prazo com a chefia.
ANO001763,EXP002223,PGR-00003696/2026,DOCUMENTO,CIVINT/STIC,CIVINT-STIC-U05,Karina Ensaio,2026-10-06T04:31:58-03:00,Aguardando retorno de diligência.
ANO001764,EXP002224,PGR-00078555/2026,DOCUMENTO,CIVINT/STIC,CIVINT-STIC-U05,Karina Ensaio,2026-10-05T11:01:10-03:00,Aguardando manifestação da área técnica.
ANO001765,EXP002226,PGR-00064683/2026,DOCUMENTO,CIVINT/STIC,CIVINT-STIC-U08,Nelson Mock,2026-10-02T21:49:49-03:00,"Minuta revisada, pendente de assinatura."
ANO001766,EXP002228,PGR-00068918/2026,DOCUMENTO,CIVINT/STIC,CIVINT-STIC-U07,Marina Maquete,2026-08-15T08:29:09-03:00,Verificar prazo com a chefia.
ANO001767,EXP002229,PGR-00013333/2026,DOCUMENTO,CIVINT/STIC,CIVINT-STIC-U08,Nelson Mock,2026-10-02T14:42:01-03:00,Conferir anexos antes de movimentar.
ANO001768,EXP002229,PGR-00013333/2026,DOCUMENTO,CIVINT/STIC,CIVINT-STIC-U04,João Rascunho,2026-09-08T23:00:29-03:00,Solicitadas informações complementares ao remetente.
ANO001769,EXP002230,PGR-00036781/2026,DOCUMENTO,CIVINT/STIC,CIVINT-STIC-U07,Marina Maquete,2026-10-04T11:13:38-03:00,Solicitadas informações complementares ao remetente.
ANO001770,EXP002230,PGR-00036781/2026,DOCUMENTO,CIVINT/STIC,CIVINT-STIC-U08,Nelson Mock,2026-10-06T13:59:50-03:00,Relacionado a expediente anterior do mesmo interessado.
ANO001771,EXP002230,PGR-00036781/2026,DOCUMENTO,CIVINT/STIC,CIVINT-STIC-U08,Nelson Mock,2026-10-06T06:51:24-03:00,Verificar prazo com a chefia.
ANO001772,EXP002232,PGR-00067721/2026,DOCUMENTO,CIVINT/STIC,CIVINT-STIC-U05,Karina Ensaio,2026-10-07T14:17:05-03:00,Solicitadas informações complementares ao remetente.
ANO001773,EXP002232,PGR-00067721/2026,DOCUMENTO,CIVINT/STIC,CIVINT-STIC-U03,Isabela Piloto,2026-10-07T08:52:24-03:00,Solicitadas informações complementares ao remetente.
ANO001774,EXP002235,PGR-00038461/2026,DOCUMENTO,CIVINT/STIC,CIVINT-STIC-U07,Marina Maquete,2026-10-06T16:03:48-03:00,Aguardando retorno de diligência.
ANO001775,EXP002235,PGR-00038461/2026,DOCUMENTO,CIVINT/STIC,CIVINT-STIC-U04,João Rascunho,2026-10-06T22:40:46-03:00,Solicitadas informações complementares ao remetente.
ANO001776,EXP002235,PGR-00038461/2026,DOCUMENTO,CIVINT/STIC,CIVINT-STIC-U04,João Rascunho,2026-10-04T10:38:19-03:00,Solicitadas informações complementares ao remetente.
ANO001777,EXP002237,PGR-00088289/2026,DOCUMENTO,CIVINT/STIC,CIVINT-STIC-U03,Isabela Piloto,2026-10-07T15:51:19-03:00,"Minuta revisada, pendente de assinatura."
ANO001778,EXP002238,PGR-00057781/2026,DOCUMENTO,CIVINT/STIC,CIVINT-STIC-U04,João Rascunho,2026-10-03T06:13:38-03:00,Aguardando manifestação da área técnica.
ANO001779,EXP002238,PGR-00057781/2026,DOCUMENTO,CIVINT/STIC,CIVINT-STIC-U06,Lucas Esboço,2026-10-03T05:44:21-03:00,Aguardando retorno de diligência.
ANO001780,EXP002238,PGR-00057781/2026,DOCUMENTO,CIVINT/STIC,CIVINT-STIC-U05,Karina Ensaio,2026-10-01T03:27:26-03:00,Conferir anexos antes de movimentar.
ANO001781,EXP002239,PGR-00080695/2026,DOCUMENTO,CIVINT/STIC,CIVINT-STIC-U08,Nelson Mock,2026-10-04T02:01:22-03:00,Prioridade definida em reunião de equipe.
ANO001782,EXP002241,PGR-00048861/2026,DOCUMENTO,CIVINT/STIC,CIVINT-STIC-U02,Heitor Protótipo,2026-09-27T14:47:22-03:00,Relacionado a expediente anterior do mesmo interessado.
ANO001783,EXP002243,PGR-00063094/2026,DOCUMENTO,CIVINT/STIC,CIVINT-STIC-U04,João Rascunho,2026-10-06T11:48:14-03:00,"Minuta revisada, pendente de assinatura."
ANO001784,EXP002244,PGR-00002304/2026,DOCUMENTO,CIVINT/STIC,CIVINT-STIC-U04,João Rascunho,2026-09-30T18:35:51-03:00,Aguardando manifestação da área técnica.
ANO001785,EXP002246,PGR-00024522/2026,DOCUMENTO,CIVINT/STIC,CIVINT-STIC-U06,Lucas Esboço,2026-09-17T14:29:20-03:00,Relacionado a expediente anterior do mesmo interessado.
ANO001786,EXP002247,PGR-00023875/2026,DOCUMENTO,CIVINT/STIC,CIVINT-STIC-U06,Lucas Esboço,2026-09-24T01:38:41-03:00,Aguardando retorno de diligência.
ANO001787,EXP002248,PGR-00018302/2026,DOCUMENTO,CIVINT/STIC,CIVINT-STIC-U07,Marina Maquete,2026-07-27T12:28:48-03:00,Relacionado a expediente anterior do mesmo interessado.
ANO001788,EXP002248,PGR-00018302/2026,DOCUMENTO,CIVINT/STIC,CIVINT-STIC-U01,Gabriela Simulada,2026-07-26T11:36:05-03:00,"Minuta revisada, pendente de assinatura."
ANO001789,EXP002249,PGR-00031923/2026,DOCUMENTO,CIVINT/STIC,CIVINT-STIC-U03,Isabela Piloto,2026-10-06T18:27:26-03:00,Aguardando manifestação da área técnica.
ANO001790,EXP002250,PGR-00076669/2026,DOCUMENTO,CIVINT/STIC,CIVINT-STIC-U03,Isabela Piloto,2026-09-28T14:17:00-03:00,Aguardando retorno de diligência.
ANO001791,EXP002251,PGR-00067214/2026,DOCUMENTO,CIVINT/STIC,CIVINT-STIC-U07,Marina Maquete,2026-09-25T03:10:48-03:00,Conferir anexos antes de movimentar.
ANO001792,EXP002252,PGR-00099482/2026,DOCUMENTO,CIVINT/STIC,CIVINT-STIC-U04,João Rascunho,2026-09-26T17:06:36-03:00,Relacionado a expediente anterior do mesmo interessado.
ANO001793,EXP002257,PGR-00013702/2026,DOCUMENTO,CIVINT/STIC,CIVINT-STIC-U08,Nelson Mock,2026-09-19T16:26:56-03:00,Conferir anexos antes de movimentar.
ANO001794,EXP002259,PGR-00096496/2026,DOCUMENTO,CIVINT/STIC,CIVINT-STIC-U02,Heitor Protótipo,2026-10-07T08:42:13-03:00,Prioridade definida em reunião de equipe.
ANO001795,EXP002259,PGR-00096496/2026,DOCUMENTO,CIVINT/STIC,CIVINT-STIC-U02,Heitor Protótipo,2026-10-07T07:39:06-03:00,Aguardando retorno de diligência.
ANO001796,EXP002260,PGR-00045602/2026,DOCUMENTO,CIVINT/STIC,CIVINT-STIC-U06,Lucas Esboço,2026-09-18T02:56:03-03:00,Prioridade definida em reunião de equipe.
ANO001797,EXP002262,PGR-00073341/2026,DOCUMENTO,CIVINT/STIC,CIVINT-STIC-U02,Heitor Protótipo,2026-09-01T12:26:17-03:00,Aguardando retorno de diligência.
ANO001798,EXP002263,PGR-00096818/2026,DOCUMENTO,CIVINT/STIC,CIVINT-STIC-U04,João Rascunho,2026-10-03T07:29:23-03:00,Solicitadas informações complementares ao remetente.
ANO001799,EXP002264,PGR-00019874/2026,DOCUMENTO,CIVINT/STIC,CIVINT-STIC-U01,Gabriela Simulada,2026-10-06T09:17:51-03:00,Conferir anexos antes de movimentar.
ANO001800,EXP002265,PGR-00018084/2026,DOCUMENTO,CIVINT/STIC,CIVINT-STIC-U01,Gabriela Simulada,2026-10-07T16:11:15-03:00,"Minuta revisada, pendente de assinatura."
ANO001801,EXP002265,PGR-00018084/2026,DOCUMENTO,CIVINT/STIC,CIVINT-STIC-U06,Lucas Esboço,2026-10-07T14:35:02-03:00,"Minuta revisada, pendente de assinatura."
ANO001802,EXP002266,PGR-00068195/2026,DOCUMENTO,CIVINT/STIC,CIVINT-STIC-U08,Nelson Mock,2026-09-29T14:36:26-03:00,Relacionado a expediente anterior do mesmo interessado.
ANO001803,EXP002267,PGR-00046612/2026,DOCUMENTO,CIVINT/STIC,CIVINT-STIC-U06,Lucas Esboço,2026-09-29T06:54:28-03:00,Relacionado a expediente anterior do mesmo interessado.
ANO001804,EXP002267,PGR-00046612/2026,DOCUMENTO,CIVINT/STIC,CIVINT-STIC-U08,Nelson Mock,2026-09-29T06:54:45-03:00,Solicitadas informações complementares ao remetente.
ANO001805,EXP002267,PGR-00046612/2026,DOCUMENTO,CIVINT/STIC,CIVINT-STIC-U07,Marina Maquete,2026-10-06T12:48:39-03:00,Solicitadas informações complementares ao remetente.
ANO001806,EXP002268,PGR-00090919/2026,DOCUMENTO,CIVINT/STIC,CIVINT-STIC-U03,Isabela Piloto,2026-09-28T15:14:09-03:00,Aguardando retorno de diligência.
ANO001807,EXP002269,PGR-00094718/2026,DOCUMENTO,CIVINT/STIC,CIVINT-STIC-U06,Lucas Esboço,2026-10-06T01:52:15-03:00,Verificar prazo com a chefia.
ANO001808,EXP002270,PGR-00037204/2026,DOCUMENTO,CIVINT/STIC,CIVINT-STIC-U02,Heitor Protótipo,2026-09-07T23:00:22-03:00,Verificar prazo com a chefia.
ANO001809,EXP002270,PGR-00037204/2026,DOCUMENTO,CIVINT/STIC,CIVINT-STIC-U06,Lucas Esboço,2026-09-15T23:23:20-03:00,Verificar prazo com a chefia.
ANO001810,EXP002270,PGR-00037204/2026,DOCUMENTO,CIVINT/STIC,CIVINT-STIC-U04,João Rascunho,2026-07-21T09:01:48-03:00,Conferir anexos antes de movimentar.
ANO001811,EXP002272,PGR-00060998/2026,DOCUMENTO,CIVINT/STIC,CIVINT-STIC-U02,Heitor Protótipo,2026-09-19T00:12:14-03:00,Verificar prazo com a chefia.
ANO001812,EXP002272,PGR-00060998/2026,DOCUMENTO,CIVINT/STIC,CIVINT-STIC-U05,Karina Ensaio,2026-09-18T06:39:32-03:00,Aguardando retorno de diligência.
ANO001813,EXP002273,PGR-00081869/2026,DOCUMENTO,CIVINT/STIC,CIVINT-STIC-U07,Marina Maquete,2026-10-07T10:17:21-03:00,Relacionado a expediente anterior do mesmo interessado.
ANO001814,EXP002274,PGR-00081134/2026,DOCUMENTO,CIVINT/STIC,CIVINT-STIC-U05,Karina Ensaio,2026-08-29T09:18:37-03:00,Verificar prazo com a chefia.
ANO001815,EXP002274,PGR-00081134/2026,DOCUMENTO,CIVINT/STIC,CIVINT-STIC-U01,Gabriela Simulada,2026-09-11T21:06:58-03:00,Relacionado a expediente anterior do mesmo interessado.
ANO001816,EXP002275,PGR-00003556/2026,DOCUMENTO,CIVINT/STIC,CIVINT-STIC-U03,Isabela Piloto,2026-09-22T02:54:09-03:00,Verificar prazo com a chefia.
ANO001817,EXP002276,PGR-00079484/2026,DOCUMENTO,CIVINT/STIC,CIVINT-STIC-U01,Gabriela Simulada,2026-10-05T14:04:38-03:00,Relacionado a expediente anterior do mesmo interessado.
ANO001818,EXP002277,PGR-00077580/2026,DOCUMENTO,CIVINT/STIC,CIVINT-STIC-U03,Isabela Piloto,2026-10-07T17:00:00-03:00,Prioridade definida em reunião de equipe.
ANO001819,EXP002277,PGR-00077580/2026,DOCUMENTO,CIVINT/STIC,CIVINT-STIC-U06,Lucas Esboço,2026-10-07T17:00:00-03:00,Solicitadas informações complementares ao remetente.
ANO001820,EXP002278,PGR-00068885/2026,DOCUMENTO,CIVINT/STIC,CIVINT-STIC-U07,Marina Maquete,2026-10-07T16:39:36-03:00,Verificar prazo com a chefia.
ANO001821,EXP002278,PGR-00068885/2026,DOCUMENTO,CIVINT/STIC,CIVINT-STIC-U05,Karina Ensaio,2026-10-07T16:56:27-03:00,"Minuta revisada, pendente de assinatura."
ANO001822,EXP002278,PGR-00068885/2026,DOCUMENTO,CIVINT/STIC,CIVINT-STIC-U01,Gabriela Simulada,2026-10-07T16:46:57-03:00,Aguardando retorno de diligência.
ANO001823,EXP002279,PGR-00027291/2026,DOCUMENTO,CIVINT/STIC,CIVINT-STIC-U01,Gabriela Simulada,2026-10-07T17:00:00-03:00,Conferir anexos antes de movimentar.
ANO001824,EXP002280,PGR-00055273/2026,DOCUMENTO,CIVINT/STIC,CIVINT-STIC-U07,Marina Maquete,2026-10-02T02:03:01-03:00,Aguardando retorno de diligência.
ANO001825,EXP002280,PGR-00055273/2026,DOCUMENTO,CIVINT/STIC,CIVINT-STIC-U05,Karina Ensaio,2026-09-27T02:56:42-03:00,Solicitadas informações complementares ao remetente.
ANO001826,EXP002280,PGR-00055273/2026,DOCUMENTO,CIVINT/STIC,CIVINT-STIC-U04,João Rascunho,2026-09-27T04:34:31-03:00,Verificar prazo com a chefia.
ANO001827,EXP002281,PGR-00063055/2026,DOCUMENTO,CIVINT/STIC,CIVINT-STIC-U02,Heitor Protótipo,2026-09-29T02:18:19-03:00,Verificar prazo com a chefia.
ANO001828,EXP002282,PGR-00080960/2026,DOCUMENTO,CIVINT/STIC,CIVINT-STIC-U03,Isabela Piloto,2026-10-07T08:59:45-03:00,Aguardando retorno de diligência.
ANO001829,EXP002282,PGR-00080960/2026,DOCUMENTO,CIVINT/STIC,CIVINT-STIC-U04,João Rascunho,2026-09-29T02:58:25-03:00,Conferir anexos antes de movimentar.
ANO001830,EXP002284,PGR-00049006/2026,DOCUMENTO,CIVINT/STIC,CIVINT-STIC-U05,Karina Ensaio,2026-10-03T05:55:46-03:00,Relacionado a expediente anterior do mesmo interessado.
ANO001831,EXP002285,PGR-00082525/2026,DOCUMENTO,CIVINT/STIC,CIVINT-STIC-U01,Gabriela Simulada,2026-09-19T09:36:43-03:00,Conferir anexos antes de movimentar.
ANO001832,EXP002286,PGR-00094360/2026,DOCUMENTO,CIVINT/STIC,CIVINT-STIC-U03,Isabela Piloto,2026-10-05T06:23:58-03:00,Aguardando manifestação da área técnica.
ANO001833,EXP002287,PGR-00014434/2026,DOCUMENTO,CIVINT/STIC,CIVINT-STIC-U01,Gabriela Simulada,2026-09-18T23:56:35-03:00,Aguardando manifestação da área técnica.
ANO001834,EXP002287,PGR-00014434/2026,DOCUMENTO,CIVINT/STIC,CIVINT-STIC-U04,João Rascunho,2026-08-14T04:46:41-03:00,Solicitadas informações complementares ao remetente.
ANO001835,EXP002287,PGR-00014434/2026,DOCUMENTO,CIVINT/STIC,CIVINT-STIC-U05,Karina Ensaio,2026-09-24T17:36:21-03:00,Verificar prazo com a chefia.
ANO001836,EXP002288,PGR-00082961/2026,DOCUMENTO,CIVINT/STIC,CIVINT-STIC-U03,Isabela Piloto,2026-10-06T19:39:20-03:00,Solicitadas informações complementares ao remetente.
ANO001837,EXP002290,PGR-00080071/2026,DOCUMENTO,CIVINT/STIC,CIVINT-STIC-U01,Gabriela Simulada,2026-10-03T02:14:47-03:00,Prioridade definida em reunião de equipe.
ANO001838,EXP002290,PGR-00080071/2026,DOCUMENTO,CIVINT/STIC,CIVINT-STIC-U04,João Rascunho,2026-10-06T05:29:14-03:00,Solicitadas informações complementares ao remetente.
ANO001839,EXP002290,PGR-00080071/2026,DOCUMENTO,CIVINT/STIC,CIVINT-STIC-U02,Heitor Protótipo,2026-09-27T13:20:35-03:00,Verificar prazo com a chefia.
ANO001840,EXP002292,PGR-00061851/2026,DOCUMENTO,CIVINT/STIC,CIVINT-STIC-U01,Gabriela Simulada,2026-09-28T00:53:08-03:00,Relacionado a expediente anterior do mesmo interessado.
ANO001841,EXP002294,PGR-00097531/2026,DOCUMENTO,CIVINT/STIC,CIVINT-STIC-U06,Lucas Esboço,2026-09-18T13:32:13-03:00,Verificar prazo com a chefia.
ANO001842,EXP002294,PGR-00097531/2026,DOCUMENTO,CIVINT/STIC,CIVINT-STIC-U06,Lucas Esboço,2026-09-16T15:26:48-03:00,Verificar prazo com a chefia.
ANO001843,EXP002294,PGR-00097531/2026,DOCUMENTO,CIVINT/STIC,CIVINT-STIC-U01,Gabriela Simulada,2026-09-17T06:02:58-03:00,Prioridade definida em reunião de equipe.
ANO001844,EXP002295,PGR-00066024/2026,DOCUMENTO,CIVINT/STIC,CIVINT-STIC-U01,Gabriela Simulada,2026-09-25T03:34:01-03:00,Aguardando retorno de diligência.
ANO001845,EXP002297,PGR-00095798/2026,DOCUMENTO,CIVINT/STIC,CIVINT-STIC-U05,Karina Ensaio,2026-09-19T13:26:56-03:00,Relacionado a expediente anterior do mesmo interessado.
ANO001846,EXP002297,PGR-00095798/2026,DOCUMENTO,CIVINT/STIC,CIVINT-STIC-U07,Marina Maquete,2026-09-21T08:46:44-03:00,Prioridade definida em reunião de equipe.
ANO001847,EXP002298,PGR-00034917/2026,DOCUMENTO,CIVINT/STIC,CIVINT-STIC-U02,Heitor Protótipo,2026-09-26T01:21:00-03:00,Conferir anexos antes de movimentar.
ANO001848,EXP002298,PGR-00034917/2026,DOCUMENTO,CIVINT/STIC,CIVINT-STIC-U05,Karina Ensaio,2026-09-28T13:58:01-03:00,Prioridade definida em reunião de equipe.
ANO001849,EXP002301,PGR-00078112/2026,DOCUMENTO,CIVINT/STIC,CIVINT-STIC-U06,Lucas Esboço,2026-09-22T09:40:37-03:00,Conferir anexos antes de movimentar.
ANO001850,EXP002302,PGR-00063499/2026,DOCUMENTO,CIVINT/STIC,CIVINT-STIC-U03,Isabela Piloto,2026-10-06T13:27:13-03:00,"Minuta revisada, pendente de assinatura."
ANO001851,EXP002307,PGR-00024028/2026,DOCUMENTO,CIVINT/STIC,CIVINT-STIC-U08,Nelson Mock,2026-09-17T12:00:40-03:00,Relacionado a expediente anterior do mesmo interessado.
ANO001852,EXP002308,PGR-00003370/2026,DOCUMENTO,CIVINT/STIC,CIVINT-STIC-U02,Heitor Protótipo,2026-10-07T14:25:49-03:00,Solicitadas informações complementares ao remetente.
ANO001853,EXP002309,PGR-00009821/2026,DOCUMENTO,CIVINT/STIC,CIVINT-STIC-U07,Marina Maquete,2026-10-05T07:28:08-03:00,Prioridade definida em reunião de equipe.
ANO001854,EXP002311,PGR-00041160/2026,DOCUMENTO,CIVINT/STIC,CIVINT-STIC-U05,Karina Ensaio,2026-08-29T05:23:28-03:00,Aguardando retorno de diligência.
ANO001855,EXP002311,PGR-00041160/2026,DOCUMENTO,CIVINT/STIC,CIVINT-STIC-U07,Marina Maquete,2026-06-26T09:47:30-03:00,Aguardando retorno de diligência.
ANO001856,EXP002312,PGR-00007150/2026,DOCUMENTO,CIVINT/STIC,CIVINT-STIC-U06,Lucas Esboço,2026-10-05T08:11:13-03:00,Aguardando manifestação da área técnica.
ANO001857,EXP002313,PGR-00099246/2026,DOCUMENTO,CIVINT/STIC,CIVINT-STIC-U04,João Rascunho,2026-10-03T07:54:55-03:00,Aguardando manifestação da área técnica.
ANO001858,EXP002314,PGR-00014260/2026,DOCUMENTO,CIVINT/STIC,CIVINT-STIC-U05,Karina Ensaio,2026-10-07T17:00:00-03:00,Conferir anexos antes de movimentar.
ANO001859,EXP002315,PGR-00086647/2026,DOCUMENTO,CIVINT/STIC,CIVINT-STIC-U06,Lucas Esboço,2026-10-03T10:41:21-03:00,Aguardando retorno de diligência.
ANO001860,EXP002317,PGR-00048149/2026,DOCUMENTO,CIVINT/STIC,CIVINT-STIC-U03,Isabela Piloto,2026-10-07T02:23:31-03:00,Aguardando retorno de diligência.
ANO001861,EXP002317,PGR-00048149/2026,DOCUMENTO,CIVINT/STIC,CIVINT-STIC-U07,Marina Maquete,2026-10-05T18:10:03-03:00,Conferir anexos antes de movimentar.
ANO001862,EXP002317,PGR-00048149/2026,DOCUMENTO,CIVINT/STIC,CIVINT-STIC-U07,Marina Maquete,2026-10-06T22:04:49-03:00,Prioridade definida em reunião de equipe.
ANO001863,EXP002320,PGR-00002481/2026,DOCUMENTO,CIVINT/STIC,CIVINT-STIC-U08,Nelson Mock,2026-09-18T15:31:27-03:00,Relacionado a expediente anterior do mesmo interessado.
ANO001864,EXP002322,PGR-00089516/2026,DOCUMENTO,CIVINT/STIC,CIVINT-STIC-U08,Nelson Mock,2026-09-30T12:15:35-03:00,"Minuta revisada, pendente de assinatura."
ANO001865,EXP002327,PGR-00025593/2026,DOCUMENTO,CIVINT/STIC,CIVINT-STIC-U05,Karina Ensaio,2026-10-07T07:56:18-03:00,Relacionado a expediente anterior do mesmo interessado.
ANO001866,EXP002327,PGR-00025593/2026,DOCUMENTO,CIVINT/STIC,CIVINT-STIC-U07,Marina Maquete,2026-10-02T01:48:11-03:00,"Minuta revisada, pendente de assinatura."
ANO001867,EXP002328,PGR-00033813/2026,DOCUMENTO,CIVINT/STIC,CIVINT-STIC-U07,Marina Maquete,2026-10-06T03:09:02-03:00,Aguardando manifestação da área técnica.
ANO001868,EXP002328,PGR-00033813/2026,DOCUMENTO,CIVINT/STIC,CIVINT-STIC-U08,Nelson Mock,2026-10-06T17:02:25-03:00,"Minuta revisada, pendente de assinatura."
ANO001869,EXP002329,PGR-00027024/2026,DOCUMENTO,CIVINT/STIC,CIVINT-STIC-U04,João Rascunho,2026-09-26T18:54:49-03:00,Verificar prazo com a chefia.
ANO001870,EXP002330,PGR-00046871/2026,DOCUMENTO,CIVINT/STIC,CIVINT-STIC-U01,Gabriela Simulada,2026-08-27T02:12:28-03:00,Solicitadas informações complementares ao remetente.
ANO001871,EXP002330,PGR-00046871/2026,DOCUMENTO,CIVINT/STIC,CIVINT-STIC-U08,Nelson Mock,2026-08-26T01:27:35-03:00,Aguardando manifestação da área técnica.
ANO001872,EXP002331,PGR-00087010/2026,DOCUMENTO,CIVINT/STIC,CIVINT-STIC-U04,João Rascunho,2026-09-23T08:56:00-03:00,Conferir anexos antes de movimentar.
ANO001873,EXP002331,PGR-00087010/2026,DOCUMENTO,CIVINT/STIC,CIVINT-STIC-U03,Isabela Piloto,2026-09-19T13:42:56-03:00,Relacionado a expediente anterior do mesmo interessado.
ANO001874,EXP002332,PGR-00079274/2026,DOCUMENTO,CIVINT/STIC,CIVINT-STIC-U01,Gabriela Simulada,2026-10-06T22:16:17-03:00,Aguardando manifestação da área técnica.
ANO001875,EXP002332,PGR-00079274/2026,DOCUMENTO,CIVINT/STIC,CIVINT-STIC-U05,Karina Ensaio,2026-10-06T14:39:51-03:00,Conferir anexos antes de movimentar.
ANO001876,EXP002332,PGR-00079274/2026,DOCUMENTO,CIVINT/STIC,CIVINT-STIC-U02,Heitor Protótipo,2026-10-06T16:17:21-03:00,Verificar prazo com a chefia.
ANO001877,EXP002333,PGR-00074671/2026,DOCUMENTO,CIVINT/STIC,CIVINT-STIC-U01,Gabriela Simulada,2026-09-20T03:12:36-03:00,Aguardando retorno de diligência.
ANO001878,EXP002333,PGR-00074671/2026,DOCUMENTO,CIVINT/STIC,CIVINT-STIC-U04,João Rascunho,2026-09-18T15:16:23-03:00,Conferir anexos antes de movimentar.
ANO001879,EXP002333,PGR-00074671/2026,DOCUMENTO,CIVINT/STIC,CIVINT-STIC-U01,Gabriela Simulada,2026-09-21T11:43:29-03:00,Relacionado a expediente anterior do mesmo interessado.
ANO001880,EXP002334,PGR-00042035/2026,DOCUMENTO,CIVINT/STIC,CIVINT-STIC-U07,Marina Maquete,2026-10-07T08:12:00-03:00,Conferir anexos antes de movimentar.
ANO001881,EXP002335,PGR-00003763/2026,DOCUMENTO,CIVINT/STIC,CIVINT-STIC-U02,Heitor Protótipo,2026-09-17T05:26:49-03:00,Aguardando retorno de diligência.
ANO001882,EXP002335,PGR-00003763/2026,DOCUMENTO,CIVINT/STIC,CIVINT-STIC-U04,João Rascunho,2026-09-29T03:07:30-03:00,"Minuta revisada, pendente de assinatura."
ANO001883,EXP002338,PGR-00011309/2026,DOCUMENTO,CIVINT/STIC,CIVINT-STIC-U01,Gabriela Simulada,2026-09-19T20:13:11-03:00,Prioridade definida em reunião de equipe.
ANO001884,EXP002340,PGR-00059446/2026,DOCUMENTO,CIVINT/STIC,CIVINT-STIC-U08,Nelson Mock,2026-09-23T13:49:18-03:00,Conferir anexos antes de movimentar.
ANO001885,EXP002343,PGR-00039178/2026,DOCUMENTO,CIVINT/STIC,CIVINT-STIC-U04,João Rascunho,2026-09-26T17:16:57-03:00,Solicitadas informações complementares ao remetente.
ANO001886,EXP002343,PGR-00039178/2026,DOCUMENTO,CIVINT/STIC,CIVINT-STIC-U02,Heitor Protótipo,2026-10-04T10:21:45-03:00,"Minuta revisada, pendente de assinatura."
ANO001887,EXP002343,PGR-00039178/2026,DOCUMENTO,CIVINT/STIC,CIVINT-STIC-U08,Nelson Mock,2026-10-07T06:23:29-03:00,"Minuta revisada, pendente de assinatura."
ANO001888,EXP002344,PGR-00077495/2026,DOCUMENTO,CIVINT/STIC,CIVINT-STIC-U02,Heitor Protótipo,2026-10-01T07:03:07-03:00,Verificar prazo com a chefia.
ANO001889,EXP002345,PGR-00001593/2026,DOCUMENTO,CIVINT/STIC,CIVINT-STIC-U03,Isabela Piloto,2026-09-07T12:42:46-03:00,Relacionado a expediente anterior do mesmo interessado.
ANO001890,EXP002346,PGR-00018063/2026,DOCUMENTO,CIVINT/STIC,CIVINT-STIC-U04,João Rascunho,2026-09-09T14:03:49-03:00,Conferir anexos antes de movimentar.
ANO001891,EXP002347,PGR-00035193/2026,DOCUMENTO,CIVINT/STIC,CIVINT-STIC-U08,Nelson Mock,2026-10-02T03:29:22-03:00,Conferir anexos antes de movimentar.
ANO001892,EXP002348,PGR-00061977/2026,DOCUMENTO,CIVINT/STIC,CIVINT-STIC-U08,Nelson Mock,2026-10-03T05:35:09-03:00,Relacionado a expediente anterior do mesmo interessado.
ANO001893,EXP002349,PGR-00065744/2026,DOCUMENTO,CIVINT/STIC,CIVINT-STIC-U07,Marina Maquete,2026-10-05T09:46:31-03:00,Relacionado a expediente anterior do mesmo interessado.
ANO001894,EXP002350,PGR-00012670/2026,DOCUMENTO,CIVINT/STIC,CIVINT-STIC-U01,Gabriela Simulada,2026-09-21T21:22:38-03:00,"Minuta revisada, pendente de assinatura."
ANO001895,EXP002351,PGR-00047767/2026,DOCUMENTO,CIVINT/STIC,CIVINT-STIC-U04,João Rascunho,2026-09-15T11:24:56-03:00,Prioridade definida em reunião de equipe.
ANO001896,EXP002352,PGR-00046781/2026,DOCUMENTO,CIVINT/STIC,CIVINT-STIC-U01,Gabriela Simulada,2026-09-29T22:55:12-03:00,Verificar prazo com a chefia.
ANO001897,EXP002352,PGR-00046781/2026,DOCUMENTO,CIVINT/STIC,CIVINT-STIC-U07,Marina Maquete,2026-09-27T07:13:39-03:00,Conferir anexos antes de movimentar.
ANO001898,EXP002352,PGR-00046781/2026,DOCUMENTO,CIVINT/STIC,CIVINT-STIC-U08,Nelson Mock,2026-09-28T04:54:42-03:00,Prioridade definida em reunião de equipe.
ANO001899,EXP002353,PGR-00023805/2026,DOCUMENTO,CIVINT/STIC,CIVINT-STIC-U07,Marina Maquete,2026-10-01T08:05:06-03:00,Relacionado a expediente anterior do mesmo interessado.
ANO001900,EXP002354,PGR-00097918/2026,DOCUMENTO,CIVINT/STIC,CIVINT-STIC-U06,Lucas Esboço,2026-10-07T12:52:21-03:00,Verificar prazo com a chefia.
ANO001901,EXP002355,PGR-00022447/2026,DOCUMENTO,CIVINT/STIC,CIVINT-STIC-U04,João Rascunho,2026-09-28T11:16:18-03:00,Prioridade definida em reunião de equipe.
ANO001902,EXP002358,PGR-00004261/2026,DOCUMENTO,CIVINT/STIC,CIVINT-STIC-U02,Heitor Protótipo,2026-08-28T23:36:36-03:00,"Minuta revisada, pendente de assinatura."
ANO001903,EXP002358,PGR-00004261/2026,DOCUMENTO,CIVINT/STIC,CIVINT-STIC-U05,Karina Ensaio,2026-09-20T10:46:28-03:00,Verificar prazo com a chefia.
ANO001904,EXP002358,PGR-00004261/2026,DOCUMENTO,CIVINT/STIC,CIVINT-STIC-U03,Isabela Piloto,2026-09-17T09:20:26-03:00,Solicitadas informações complementares ao remetente.
ANO001905,EXP002359,PGR-00048893/2026,DOCUMENTO,CIVINT/STIC,CIVINT-STIC-U02,Heitor Protótipo,2026-10-07T17:00:00-03:00,Verificar prazo com a chefia.
ANO001906,EXP002359,PGR-00048893/2026,DOCUMENTO,CIVINT/STIC,CIVINT-STIC-U08,Nelson Mock,2026-10-07T17:00:00-03:00,"Minuta revisada, pendente de assinatura."
ANO001907,EXP002359,PGR-00048893/2026,DOCUMENTO,CIVINT/STIC,CIVINT-STIC-U03,Isabela Piloto,2026-10-07T17:00:00-03:00,Solicitadas informações complementares ao remetente.
ANO001908,EXP002360,PGR-00065111/2026,DOCUMENTO,CIVINT/STIC,CIVINT-STIC-U01,Gabriela Simulada,2026-08-16T18:25:06-03:00,Verificar prazo com a chefia.
ANO001909,EXP002360,PGR-00065111/2026,DOCUMENTO,CIVINT/STIC,CIVINT-STIC-U05,Karina Ensaio,2026-09-23T04:06:06-03:00,Aguardando retorno de diligência.
ANO001910,EXP002362,PGR-00047284/2026,DOCUMENTO,CIVINT/STIC,CIVINT-STIC-U01,Gabriela Simulada,2026-08-12T15:05:43-03:00,Prioridade definida em reunião de equipe.
ANO001911,EXP002363,PGR-00026989/2026,DOCUMENTO,CIVINT/STIC,CIVINT-STIC-U06,Lucas Esboço,2026-09-24T02:17:47-03:00,Aguardando manifestação da área técnica.
ANO001912,EXP002364,PGR-00051591/2026,DOCUMENTO,CIVINT/STIC,CIVINT-STIC-U05,Karina Ensaio,2026-09-27T18:21:59-03:00,Aguardando retorno de diligência.
ANO001913,EXP002365,PGR-00072480/2026,DOCUMENTO,CIVINT/STIC,CIVINT-STIC-U03,Isabela Piloto,2026-09-20T06:12:35-03:00,Aguardando manifestação da área técnica.
ANO001914,EXP002366,PGR-00020113/2026,DOCUMENTO,CIVINT/STIC,CIVINT-STIC-U03,Isabela Piloto,2026-10-04T19:34:54-03:00,Aguardando retorno de diligência.
ANO001915,EXP002369,PGR-00077170/2026,DOCUMENTO,CIVINT/STIC,CIVINT-STIC-U07,Marina Maquete,2026-10-07T17:00:00-03:00,Prioridade definida em reunião de equipe.
ANO001916,EXP002370,PGR-00069767/2026,DOCUMENTO,CIVINT/STIC,CIVINT-STIC-U08,Nelson Mock,2026-09-16T08:36:36-03:00,Prioridade definida em reunião de equipe.
ANO001917,EXP002371,PGR-00073835/2026,DOCUMENTO,CIVINT/STIC,CIVINT-STIC-U07,Marina Maquete,2026-10-06T22:03:40-03:00,Solicitadas informações complementares ao remetente.
ANO001918,EXP002373,PGR-00089428/2026,DOCUMENTO,CIVINT/STIC,CIVINT-STIC-U05,Karina Ensaio,2026-10-05T21:24:03-03:00,Conferir anexos antes de movimentar.
ANO001919,EXP002376,PGR-00004277/2026,DOCUMENTO,CIVINT/STIC,CIVINT-STIC-U04,João Rascunho,2026-10-07T09:48:00-03:00,Aguardando retorno de diligência.
ANO001920,EXP002378,PGR-00023619/2026,DOCUMENTO,CIVINT/STIC,CIVINT-STIC-U07,Marina Maquete,2026-09-06T00:11:58-03:00,Aguardando retorno de diligência.
ANO001921,EXP002379,PGR-00079988/2026,DOCUMENTO,CIVINT/STIC,CIVINT-STIC-U03,Isabela Piloto,2026-09-29T08:10:34-03:00,Conferir anexos antes de movimentar.
ANO001922,EXP002380,PGR-00022666/2026,DOCUMENTO,CIVINT/STIC,CIVINT-STIC-U08,Nelson Mock,2026-09-10T13:14:13-03:00,Conferir anexos antes de movimentar.
ANO001923,EXP002381,PGR-00044904/2026,DOCUMENTO,CIVINT/STIC,CIVINT-STIC-U02,Heitor Protótipo,2026-09-24T06:17:00-03:00,Conferir anexos antes de movimentar.
ANO001924,EXP002382,PGR-00005130/2026,DOCUMENTO,CIVINT/STIC,CIVINT-STIC-U03,Isabela Piloto,2026-09-25T15:41:16-03:00,Solicitadas informações complementares ao remetente.
ANO001925,EXP002382,PGR-00005130/2026,DOCUMENTO,CIVINT/STIC,CIVINT-STIC-U03,Isabela Piloto,2026-10-06T02:04:14-03:00,Aguardando manifestação da área técnica.
ANO001926,EXP002382,PGR-00005130/2026,DOCUMENTO,CIVINT/STIC,CIVINT-STIC-U01,Gabriela Simulada,2026-09-24T11:51:53-03:00,Relacionado a expediente anterior do mesmo interessado.
ANO001927,EXP002384,PGR-00064551/2026,DOCUMENTO,CIVINT/STIC,CIVINT-STIC-U01,Gabriela Simulada,2026-09-30T22:37:05-03:00,Aguardando manifestação da área técnica.
ANO001928,EXP002384,PGR-00064551/2026,DOCUMENTO,CIVINT/STIC,CIVINT-STIC-U02,Heitor Protótipo,2026-10-05T08:44:45-03:00,"Minuta revisada, pendente de assinatura."
ANO001929,EXP002384,PGR-00064551/2026,DOCUMENTO,CIVINT/STIC,CIVINT-STIC-U02,Heitor Protótipo,2026-09-18T03:10:04-03:00,Relacionado a expediente anterior do mesmo interessado.
ANO001930,EXP002385,PGR-00048239/2026,DOCUMENTO,CIVINT/STIC,CIVINT-STIC-U07,Marina Maquete,2026-10-03T00:34:09-03:00,Conferir anexos antes de movimentar.
ANO001931,EXP002386,PGR-00033117/2026,DOCUMENTO,CIVINT/STIC,CIVINT-STIC-U02,Heitor Protótipo,2026-08-16T01:04:07-03:00,Conferir anexos antes de movimentar.
ANO001932,EXP002387,PGR-00013822/2026,DOCUMENTO,CIVINT/STIC,CIVINT-STIC-U04,João Rascunho,2026-09-26T21:56:43-03:00,Conferir anexos antes de movimentar.
ANO001933,EXP002388,PGR-00091546/2026,DOCUMENTO,CIVINT/STIC,CIVINT-STIC-U07,Marina Maquete,2026-09-20T02:15:38-03:00,Conferir anexos antes de movimentar.
ANO001934,EXP002389,PGR-00080453/2026,DOCUMENTO,CIVINT/STIC,CIVINT-STIC-U06,Lucas Esboço,2026-09-23T19:13:28-03:00,"Minuta revisada, pendente de assinatura."
ANO001935,EXP002391,PGR-00003246/2026,DOCUMENTO,CIVINT/STIC,CIVINT-STIC-U06,Lucas Esboço,2026-09-13T12:03:09-03:00,Prioridade definida em reunião de equipe.
ANO001936,EXP002392,PGR-00091462/2026,DOCUMENTO,CIVINT/STIC,CIVINT-STIC-U03,Isabela Piloto,2026-09-20T13:08:57-03:00,Verificar prazo com a chefia.
ANO001937,EXP002392,PGR-00091462/2026,DOCUMENTO,CIVINT/STIC,CIVINT-STIC-U04,João Rascunho,2026-09-25T17:09:05-03:00,"Minuta revisada, pendente de assinatura."
ANO001938,EXP002395,PGR-00061708/2026,DOCUMENTO,CIVINT/STIC,CIVINT-STIC-U06,Lucas Esboço,2026-09-17T07:30:39-03:00,Relacionado a expediente anterior do mesmo interessado.
ANO001939,EXP002395,PGR-00061708/2026,DOCUMENTO,CIVINT/STIC,CIVINT-STIC-U02,Heitor Protótipo,2026-10-01T20:57:01-03:00,Prioridade definida em reunião de equipe.
ANO001940,EXP002395,PGR-00061708/2026,DOCUMENTO,CIVINT/STIC,CIVINT-STIC-U08,Nelson Mock,2026-09-14T01:56:17-03:00,Solicitadas informações complementares ao remetente.
ANO001941,EXP002396,PGR-00090840/2026,DOCUMENTO,CIVINT/STIC,CIVINT-STIC-U04,João Rascunho,2026-10-05T16:49:43-03:00,Solicitadas informações complementares ao remetente.
ANO001942,EXP002397,PGR-00091729/2026,DOCUMENTO,CIVINT/STIC,CIVINT-STIC-U08,Nelson Mock,2026-10-07T11:28:32-03:00,Solicitadas informações complementares ao remetente.
ANO001943,EXP002398,PGR-00076429/2026,DOCUMENTO,CIVINT/STIC,CIVINT-STIC-U08,Nelson Mock,2026-09-23T21:20:52-03:00,Conferir anexos antes de movimentar.
ANO001944,EXP002399,PGR-00098632/2026,DOCUMENTO,CIVINT/STIC,CIVINT-STIC-U06,Lucas Esboço,2026-10-07T16:54:19-03:00,Relacionado a expediente anterior do mesmo interessado.
ANO001945,EXP002399,PGR-00098632/2026,DOCUMENTO,CIVINT/STIC,CIVINT-STIC-U06,Lucas Esboço,2026-10-07T00:54:50-03:00,"Minuta revisada, pendente de assinatura."
ANO001946,EXP002399,PGR-00098632/2026,DOCUMENTO,CIVINT/STIC,CIVINT-STIC-U07,Marina Maquete,2026-10-07T15:53:46-03:00,Prioridade definida em reunião de equipe.
ANO001947,EXP002401,PGR-00044870/2026,DOCUMENTO,CIVINT/STIC,CIVINT-STIC-U04,João Rascunho,2026-10-07T14:51:14-03:00,Aguardando manifestação da área técnica.
ANO001948,EXP002401,PGR-00044870/2026,DOCUMENTO,CIVINT/STIC,CIVINT-STIC-U08,Nelson Mock,2026-10-07T04:32:22-03:00,Aguardando retorno de diligência.
ANO001949,EXP002401,PGR-00044870/2026,DOCUMENTO,CIVINT/STIC,CIVINT-STIC-U05,Karina Ensaio,2026-10-07T03:43:04-03:00,Aguardando manifestação da área técnica.
ANO001950,EXP002404,PGR-00082593/2026,DOCUMENTO,CIVINT/STIC,CIVINT-STIC-U08,Nelson Mock,2026-10-05T15:59:18-03:00,Aguardando retorno de diligência.
ANO001951,EXP002407,PGR-00079576/2026,DOCUMENTO,CIVINT/STIC,CIVINT-STIC-U01,Gabriela Simulada,2026-09-25T23:17:11-03:00,Aguardando manifestação da área técnica.
ANO001952,EXP002409,PGR-00035740/2026,DOCUMENTO,CIVINT/STIC,CIVINT-STIC-U01,Gabriela Simulada,2026-10-06T20:53:49-03:00,Solicitadas informações complementares ao remetente.
ANO001953,EXP002409,PGR-00035740/2026,DOCUMENTO,CIVINT/STIC,CIVINT-STIC-U06,Lucas Esboço,2026-10-05T01:22:40-03:00,Aguardando manifestação da área técnica.
ANO001954,EXP002410,PGR-00039553/2026,DOCUMENTO,CIVINT/STIC,CIVINT-STIC-U02,Heitor Protótipo,2026-08-26T13:17:19-03:00,Solicitadas informações complementares ao remetente.
ANO001955,EXP002411,PGR-00088354/2026,DOCUMENTO,CIVINT/STIC,CIVINT-STIC-U03,Isabela Piloto,2026-09-19T05:02:59-03:00,Prioridade definida em reunião de equipe.
ANO001956,EXP002413,PGR-00043919/2026,DOCUMENTO,CIVINT/STIC,CIVINT-STIC-U07,Marina Maquete,2026-10-03T14:47:55-03:00,Verificar prazo com a chefia.
ANO001957,EXP002414,PGR-00065261/2026,DOCUMENTO,CIVINT/STIC,CIVINT-STIC-U05,Karina Ensaio,2026-10-07T15:28:29-03:00,Aguardando retorno de diligência.
ANO001958,EXP002414,PGR-00065261/2026,DOCUMENTO,CIVINT/STIC,CIVINT-STIC-U05,Karina Ensaio,2026-10-06T01:21:53-03:00,"Minuta revisada, pendente de assinatura."
ANO001959,EXP002414,PGR-00065261/2026,DOCUMENTO,CIVINT/STIC,CIVINT-STIC-U03,Isabela Piloto,2026-10-06T14:19:28-03:00,Aguardando retorno de diligência.
ANO001960,EXP002415,PGR-00018974/2026,DOCUMENTO,CIVINT/STIC,CIVINT-STIC-U08,Nelson Mock,2026-10-06T07:04:37-03:00,Solicitadas informações complementares ao remetente.
ANO001961,EXP002415,PGR-00018974/2026,DOCUMENTO,CIVINT/STIC,CIVINT-STIC-U07,Marina Maquete,2026-10-05T00:17:47-03:00,Aguardando retorno de diligência.
ANO001962,EXP002416,PGR-00083022/2026,DOCUMENTO,CIVINT/STIC,CIVINT-STIC-U05,Karina Ensaio,2026-09-30T10:07:40-03:00,Conferir anexos antes de movimentar.
ANO001963,EXP002416,PGR-00083022/2026,DOCUMENTO,CIVINT/STIC,CIVINT-STIC-U02,Heitor Protótipo,2026-09-16T08:34:10-03:00,Aguardando retorno de diligência.
ANO001964,EXP002417,PGR-00068959/2026,DOCUMENTO,CIVINT/STIC,CIVINT-STIC-U03,Isabela Piloto,2026-08-24T04:37:24-03:00,Verificar prazo com a chefia.
ANO001965,EXP002418,PGR-00027803/2026,DOCUMENTO,CIVINT/STIC,CIVINT-STIC-U08,Nelson Mock,2026-10-07T12:40:20-03:00,Aguardando manifestação da área técnica.
ANO001966,EXP002419,PGR-00049060/2026,DOCUMENTO,CIVINT/STIC,CIVINT-STIC-U01,Gabriela Simulada,2026-08-29T17:10:18-03:00,Relacionado a expediente anterior do mesmo interessado.
ANO001967,EXP002419,PGR-00049060/2026,DOCUMENTO,CIVINT/STIC,CIVINT-STIC-U05,Karina Ensaio,2026-08-31T05:06:37-03:00,Verificar prazo com a chefia.
ANO001968,EXP002419,PGR-00049060/2026,DOCUMENTO,CIVINT/STIC,CIVINT-STIC-U04,João Rascunho,2026-09-23T01:13:30-03:00,Solicitadas informações complementares ao remetente.
ANO001969,EXP002420,PGR-00010351/2026,DOCUMENTO,CIVINT/STIC,CIVINT-STIC-U01,Gabriela Simulada,2026-10-05T05:23:34-03:00,Solicitadas informações complementares ao remetente.
ANO001970,EXP002421,PGR-00098806/2026,DOCUMENTO,CIVINT/STIC,CIVINT-STIC-U07,Marina Maquete,2026-10-03T18:11:51-03:00,Prioridade definida em reunião de equipe.
ANO001971,EXP002424,PGR-00053029/2026,DOCUMENTO,CIVINT/STIC,CIVINT-STIC-U05,Karina Ensaio,2026-09-14T03:52:50-03:00,Conferir anexos antes de movimentar.
ANO001972,EXP002426,PGR-00013881/2026,DOCUMENTO,CIVINT/STIC,CIVINT-STIC-U05,Karina Ensaio,2026-10-04T13:26:05-03:00,Prioridade definida em reunião de equipe.
ANO001973,EXP002426,PGR-00013881/2026,DOCUMENTO,CIVINT/STIC,CIVINT-STIC-U06,Lucas Esboço,2026-08-28T08:06:43-03:00,Relacionado a expediente anterior do mesmo interessado.
ANO001974,EXP002426,PGR-00013881/2026,DOCUMENTO,CIVINT/STIC,CIVINT-STIC-U05,Karina Ensaio,2026-08-30T02:18:17-03:00,Aguardando retorno de diligência.
ANO001975,EXP002427,PGR-00077470/2026,DOCUMENTO,CIVINT/STIC,CIVINT-STIC-U03,Isabela Piloto,2026-08-01T07:52:59-03:00,Aguardando retorno de diligência.
ANO001976,EXP002428,PGR-00084241/2026,DOCUMENTO,CIVINT/STIC,CIVINT-STIC-U02,Heitor Protótipo,2026-09-29T15:16:00-03:00,Conferir anexos antes de movimentar.
ANO001977,EXP002428,PGR-00084241/2026,DOCUMENTO,CIVINT/STIC,CIVINT-STIC-U08,Nelson Mock,2026-09-22T14:06:36-03:00,Aguardando manifestação da área técnica.
ANO001978,EXP002428,PGR-00084241/2026,DOCUMENTO,CIVINT/STIC,CIVINT-STIC-U03,Isabela Piloto,2026-09-30T04:55:03-03:00,"Minuta revisada, pendente de assinatura."
ANO001979,EXP002430,PGR-00098543/2026,DOCUMENTO,CIVINT/STIC,CIVINT-STIC-U01,Gabriela Simulada,2026-10-06T17:08:19-03:00,Aguardando retorno de diligência.
ANO001980,EXP002431,PGR-00071157/2026,DOCUMENTO,CIVINT/STIC,CIVINT-STIC-U04,João Rascunho,2026-10-07T01:47:52-03:00,Relacionado a expediente anterior do mesmo interessado.
ANO001981,EXP002433,PGR-00040059/2026,DOCUMENTO,CIVINT/STIC,CIVINT-STIC-U06,Lucas Esboço,2026-10-06T06:19:40-03:00,Aguardando manifestação da área técnica.
ANO001982,EXP002434,PGR-00046786/2026,DOCUMENTO,CIVINT/STIC,CIVINT-STIC-U07,Marina Maquete,2026-09-21T01:21:47-03:00,Conferir anexos antes de movimentar.
ANO001983,EXP002435,PGR-00075037/2026,DOCUMENTO,CIVINT/STIC,CIVINT-STIC-U03,Isabela Piloto,2026-10-04T00:44:21-03:00,Verificar prazo com a chefia.
ANO001984,EXP002435,PGR-00075037/2026,DOCUMENTO,CIVINT/STIC,CIVINT-STIC-U06,Lucas Esboço,2026-09-23T16:51:01-03:00,Relacionado a expediente anterior do mesmo interessado.
ANO001985,EXP002436,PGR-00053310/2026,DOCUMENTO,CIVINT/STIC,CIVINT-STIC-U05,Karina Ensaio,2026-10-02T18:04:16-03:00,Conferir anexos antes de movimentar.
ANO001986,EXP002438,PGR-00074254/2026,DOCUMENTO,CIVINT/STIC,CIVINT-STIC-U02,Heitor Protótipo,2026-10-01T05:30:12-03:00,Conferir anexos antes de movimentar.
ANO001987,EXP002439,PGR-00068087/2026,DOCUMENTO,CIVINT/STIC,CIVINT-STIC-U01,Gabriela Simulada,2026-09-28T17:53:43-03:00,Relacionado a expediente anterior do mesmo interessado.
ANO001988,EXP002440,PGR-00056250/2026,DOCUMENTO,CIVINT/STIC,CIVINT-STIC-U03,Isabela Piloto,2026-09-25T15:40:40-03:00,Aguardando manifestação da área técnica.
ANO001989,EXP002440,PGR-00056250/2026,DOCUMENTO,CIVINT/STIC,CIVINT-STIC-U06,Lucas Esboço,2026-10-01T04:41:22-03:00,Conferir anexos antes de movimentar.
ANO001990,EXP002440,PGR-00056250/2026,DOCUMENTO,CIVINT/STIC,CIVINT-STIC-U04,João Rascunho,2026-09-27T11:36:59-03:00,Conferir anexos antes de movimentar.
ANO001991,EXP002441,PGR-00096318/2026,DOCUMENTO,CIVINT/STIC,CIVINT-STIC-U05,Karina Ensaio,2026-09-18T11:45:37-03:00,Relacionado a expediente anterior do mesmo interessado.
ANO001992,EXP002441,PGR-00096318/2026,DOCUMENTO,CIVINT/STIC,CIVINT-STIC-U03,Isabela Piloto,2026-09-18T00:40:21-03:00,"Minuta revisada, pendente de assinatura."
ANO001993,EXP002441,PGR-00096318/2026,DOCUMENTO,CIVINT/STIC,CIVINT-STIC-U01,Gabriela Simulada,2026-10-02T20:10:02-03:00,Conferir anexos antes de movimentar.
ANO001994,EXP002442,PGR-00079831/2026,DOCUMENTO,CIVINT/STIC,CIVINT-STIC-U07,Marina Maquete,2026-09-24T17:03:36-03:00,Prioridade definida em reunião de equipe.
ANO001995,EXP002444,PGR-00010599/2026,DOCUMENTO,CIVINT/STIC,CIVINT-STIC-U02,Heitor Protótipo,2026-09-21T06:08:22-03:00,Relacionado a expediente anterior do mesmo interessado.
ANO001996,EXP002445,PGR-00083581/2026,DOCUMENTO,CIVINT/STIC,CIVINT-STIC-U07,Marina Maquete,2026-10-07T16:06:13-03:00,Conferir anexos antes de movimentar.
ANO001997,EXP002447,PGR-00059683/2026,DOCUMENTO,CIVINT/STIC,CIVINT-STIC-U04,João Rascunho,2026-09-29T12:53:49-03:00,Aguardando retorno de diligência.
ANO001998,EXP002447,PGR-00059683/2026,DOCUMENTO,CIVINT/STIC,CIVINT-STIC-U01,Gabriela Simulada,2026-10-05T17:05:34-03:00,Aguardando retorno de diligência.
ANO001999,EXP002448,PGR-00079716/2026,DOCUMENTO,CIVINT/STIC,CIVINT-STIC-U05,Karina Ensaio,2026-10-06T13:39:54-03:00,Relacionado a expediente anterior do mesmo interessado.
ANO002000,EXP002449,PGR-00051556/2026,DOCUMENTO,CIVINT/STIC,CIVINT-STIC-U01,Gabriela Simulada,2026-09-28T22:56:13-03:00,Aguardando manifestação da área técnica.
ANO002001,EXP002449,PGR-00051556/2026,DOCUMENTO,CIVINT/STIC,CIVINT-STIC-U07,Marina Maquete,2026-08-18T07:34:02-03:00,Aguardando retorno de diligência.
ANO002002,EXP002449,PGR-00051556/2026,DOCUMENTO,CIVINT/STIC,CIVINT-STIC-U03,Isabela Piloto,2026-08-16T05:00:42-03:00,Relacionado a expediente anterior do mesmo interessado.
ANO002003,EXP002452,PGR-00044239/2026,DOCUMENTO,CIVINT/STIC,CIVINT-STIC-U04,João Rascunho,2026-10-06T01:25:08-03:00,Aguardando manifestação da área técnica.
ANO002004,EXP002453,PGR-00066064/2026,DOCUMENTO,CIVINT/STIC,CIVINT-STIC-U03,Isabela Piloto,2026-09-27T08:10:57-03:00,Relacionado a expediente anterior do mesmo interessado.
ANO002005,EXP002454,PGR-00007173/2026,DOCUMENTO,CIVINT/STIC,CIVINT-STIC-U05,Karina Ensaio,2026-10-02T20:50:16-03:00,"Minuta revisada, pendente de assinatura."
ANO002006,EXP002455,PGR-00054673/2026,DOCUMENTO,CIVINT/STIC,CIVINT-STIC-U07,Marina Maquete,2026-10-06T14:24:27-03:00,Solicitadas informações complementares ao remetente.
ANO002007,EXP002456,PGR-00055988/2026,DOCUMENTO,CIVINT/STIC,CIVINT-STIC-U08,Nelson Mock,2026-09-26T00:29:59-03:00,Aguardando manifestação da área técnica.
ANO002008,EXP002457,PGR-00037045/2026,DOCUMENTO,CIVINT/STIC,CIVINT-STIC-U05,Karina Ensaio,2026-10-04T00:23:58-03:00,Verificar prazo com a chefia.
ANO002009,EXP002458,PGR-00015400/2026,DOCUMENTO,CIVINT/STIC,CIVINT-STIC-U07,Marina Maquete,2026-09-13T05:44:38-03:00,Prioridade definida em reunião de equipe.
ANO002010,EXP002459,PGR-00021390/2026,DOCUMENTO,CIVINT/STIC,CIVINT-STIC-U08,Nelson Mock,2026-10-02T04:41:53-03:00,Aguardando manifestação da área técnica.
ANO002011,EXP002460,PGR-00028512/2026,DOCUMENTO,CIVINT/STIC,CIVINT-STIC-U01,Gabriela Simulada,2026-10-04T09:16:50-03:00,Conferir anexos antes de movimentar.
ANO002012,EXP002460,PGR-00028512/2026,DOCUMENTO,CIVINT/STIC,CIVINT-STIC-U05,Karina Ensaio,2026-10-02T22:14:46-03:00,Verificar prazo com a chefia.
ANO002013,EXP002460,PGR-00028512/2026,DOCUMENTO,CIVINT/STIC,CIVINT-STIC-U08,Nelson Mock,2026-10-02T02:49:35-03:00,Verificar prazo com a chefia.
ANO002014,EXP002463,PGR-00061005/2026,DOCUMENTO,CIVINT/STIC,CIVINT-STIC-U07,Marina Maquete,2026-09-03T08:21:46-03:00,"Minuta revisada, pendente de assinatura."
ANO002015,EXP002464,PGR-00036673/2026,DOCUMENTO,CIVINT/STIC,CIVINT-STIC-U04,João Rascunho,2026-09-30T05:02:21-03:00,Prioridade definida em reunião de equipe.
ANO002016,EXP002465,PGR-00000778/2026,DOCUMENTO,CIVINT/STIC,CIVINT-STIC-U07,Marina Maquete,2026-10-05T18:56:10-03:00,Solicitadas informações complementares ao remetente.
ANO002017,EXP002466,PGR-00070431/2026,DOCUMENTO,CIVINT/STIC,CIVINT-STIC-U08,Nelson Mock,2026-10-05T03:55:22-03:00,"Minuta revisada, pendente de assinatura."
ANO002018,EXP002467,PGR-00080891/2026,DOCUMENTO,CIVINT/STIC,CIVINT-STIC-U05,Karina Ensaio,2026-09-20T11:12:40-03:00,Solicitadas informações complementares ao remetente.
ANO002019,EXP002468,PGR-00031589/2026,DOCUMENTO,CIVINT/STIC,CIVINT-STIC-U02,Heitor Protótipo,2026-09-04T13:26:38-03:00,Prioridade definida em reunião de equipe.
ANO002020,EXP002468,PGR-00031589/2026,DOCUMENTO,CIVINT/STIC,CIVINT-STIC-U05,Karina Ensaio,2026-09-13T19:36:13-03:00,Relacionado a expediente anterior do mesmo interessado.
ANO002021,EXP002468,PGR-00031589/2026,DOCUMENTO,CIVINT/STIC,CIVINT-STIC-U04,João Rascunho,2026-08-29T21:43:44-03:00,Conferir anexos antes de movimentar.
ANO002022,EXP002469,PGR-00072208/2026,DOCUMENTO,CIVINT/STIC,CIVINT-STIC-U02,Heitor Protótipo,2026-10-05T17:54:10-03:00,"Minuta revisada, pendente de assinatura."
ANO002023,EXP002471,PGR-00070913/2026,DOCUMENTO,CIVINT/STIC,CIVINT-STIC-U07,Marina Maquete,2026-09-24T02:38:16-03:00,Relacionado a expediente anterior do mesmo interessado.
ANO002024,EXP002472,PGR-00045722/2026,DOCUMENTO,CIVINT/STIC,CIVINT-STIC-U03,Isabela Piloto,2026-09-13T20:39:21-03:00,Prioridade definida em reunião de equipe.
ANO002025,EXP002472,PGR-00045722/2026,DOCUMENTO,CIVINT/STIC,CIVINT-STIC-U04,João Rascunho,2026-10-01T22:40:12-03:00,Solicitadas informações complementares ao remetente.
ANO002026,EXP002473,PGR-00039077/2026,DOCUMENTO,CIVINT/STIC,CIVINT-STIC-U05,Karina Ensaio,2026-09-16T18:47:12-03:00,Verificar prazo com a chefia.
ANO002027,EXP002474,PGR-00098702/2026,DOCUMENTO,CIVINT/STIC,CIVINT-STIC-U05,Karina Ensaio,2026-09-01T03:29:51-03:00,Prioridade definida em reunião de equipe.
ANO002028,EXP002477,PGR-00027934/2026,DOCUMENTO,CIVINT/STIC,CIVINT-STIC-U05,Karina Ensaio,2026-06-20T04:06:05-03:00,"Minuta revisada, pendente de assinatura."
ANO002029,EXP002477,PGR-00027934/2026,DOCUMENTO,CIVINT/STIC,CIVINT-STIC-U02,Heitor Protótipo,2026-07-04T07:08:49-03:00,Solicitadas informações complementares ao remetente.
ANO002030,EXP002479,PGR-00086650/2026,DOCUMENTO,CIVINT/STIC,CIVINT-STIC-U06,Lucas Esboço,2026-09-25T16:54:23-03:00,Aguardando manifestação da área técnica.
ANO002031,EXP002479,PGR-00086650/2026,DOCUMENTO,CIVINT/STIC,CIVINT-STIC-U02,Heitor Protótipo,2026-09-26T10:12:31-03:00,Conferir anexos antes de movimentar.
ANO002032,EXP002479,PGR-00086650/2026,DOCUMENTO,CIVINT/STIC,CIVINT-STIC-U06,Lucas Esboço,2026-09-29T07:41:20-03:00,Conferir anexos antes de movimentar.
ANO002033,EXP002480,PGR-00092536/2026,DOCUMENTO,CIVINT/STIC,CIVINT-STIC-U07,Marina Maquete,2026-09-19T22:11:31-03:00,Relacionado a expediente anterior do mesmo interessado.
ANO002034,EXP002480,PGR-00092536/2026,DOCUMENTO,CIVINT/STIC,CIVINT-STIC-U08,Nelson Mock,2026-10-02T19:12:29-03:00,Prioridade definida em reunião de equipe.
ANO002035,EXP002481,PGR-00033694/2026,DOCUMENTO,CIVINT/STIC,CIVINT-STIC-U02,Heitor Protótipo,2026-08-19T15:26:58-03:00,"Minuta revisada, pendente de assinatura."
ANO002036,EXP002481,PGR-00033694/2026,DOCUMENTO,CIVINT/STIC,CIVINT-STIC-U03,Isabela Piloto,2026-08-16T10:52:14-03:00,Solicitadas informações complementares ao remetente.
ANO002037,EXP002482,PGR-00093826/2026,DOCUMENTO,CIVINT/STIC,CIVINT-STIC-U04,João Rascunho,2026-09-16T06:00:16-03:00,Aguardando retorno de diligência.
ANO002038,EXP002483,PGR-00052572/2026,DOCUMENTO,CIVINT/STIC,CIVINT-STIC-U01,Gabriela Simulada,2026-09-29T09:58:37-03:00,Aguardando retorno de diligência.
ANO002039,EXP002484,PGR-00051857/2026,DOCUMENTO,CIVINT/STIC,CIVINT-STIC-U01,Gabriela Simulada,2026-09-27T21:15:46-03:00,Aguardando manifestação da área técnica.
ANO002040,EXP002485,PGR-00096958/2026,DOCUMENTO,CIVINT/STIC,CIVINT-STIC-U02,Heitor Protótipo,2026-09-09T18:50:19-03:00,Conferir anexos antes de movimentar.
ANO002041,EXP002485,PGR-00096958/2026,DOCUMENTO,CIVINT/STIC,CIVINT-STIC-U05,Karina Ensaio,2026-09-16T13:17:56-03:00,"Minuta revisada, pendente de assinatura."
ANO002042,EXP002486,PGR-00094029/2026,DOCUMENTO,CIVINT/STIC,CIVINT-STIC-U03,Isabela Piloto,2026-10-06T22:29:11-03:00,Aguardando retorno de diligência.
ANO002043,EXP002486,PGR-00094029/2026,DOCUMENTO,CIVINT/STIC,CIVINT-STIC-U05,Karina Ensaio,2026-10-07T11:04:46-03:00,Aguardando retorno de diligência.
ANO002044,EXP002487,PGR-00053336/2026,DOCUMENTO,CIVINT/STIC,CIVINT-STIC-U01,Gabriela Simulada,2026-08-28T02:09:25-03:00,Solicitadas informações complementares ao remetente.
ANO002045,EXP002488,PGR-00069444/2026,DOCUMENTO,CIVINT/STIC,CIVINT-STIC-U03,Isabela Piloto,2026-09-25T06:07:50-03:00,Aguardando manifestação da área técnica.
ANO002046,EXP002490,PGR-00039156/2026,DOCUMENTO,CIVINT/STIC,CIVINT-STIC-U06,Lucas Esboço,2026-09-14T03:36:42-03:00,Relacionado a expediente anterior do mesmo interessado.
ANO002047,EXP002490,PGR-00039156/2026,DOCUMENTO,CIVINT/STIC,CIVINT-STIC-U03,Isabela Piloto,2026-10-02T21:30:23-03:00,Aguardando manifestação da área técnica.
ANO002048,EXP002490,PGR-00039156/2026,DOCUMENTO,CIVINT/STIC,CIVINT-STIC-U01,Gabriela Simulada,2026-09-23T10:17:30-03:00,Conferir anexos antes de movimentar.
ANO002049,EXP002491,PGR-00099303/2026,DOCUMENTO,CIVINT/STIC,CIVINT-STIC-U08,Nelson Mock,2026-10-01T00:20:25-03:00,"Minuta revisada, pendente de assinatura."
ANO002050,EXP002491,PGR-00099303/2026,DOCUMENTO,CIVINT/STIC,CIVINT-STIC-U07,Marina Maquete,2026-09-29T17:08:29-03:00,"Minuta revisada, pendente de assinatura."
ANO002051,EXP002491,PGR-00099303/2026,DOCUMENTO,CIVINT/STIC,CIVINT-STIC-U03,Isabela Piloto,2026-10-07T13:42:56-03:00,Prioridade definida em reunião de equipe.
ANO002052,EXP002492,PGR-00034038/2026,DOCUMENTO,CIVINT/STIC,CIVINT-STIC-U02,Heitor Protótipo,2026-10-06T03:37:45-03:00,Relacionado a expediente anterior do mesmo interessado.
ANO002053,EXP002492,PGR-00034038/2026,DOCUMENTO,CIVINT/STIC,CIVINT-STIC-U08,Nelson Mock,2026-09-27T19:08:11-03:00,Solicitadas informações complementares ao remetente.
ANO002054,EXP002493,PGR-00042674/2026,DOCUMENTO,CIVINT/STIC,CIVINT-STIC-U05,Karina Ensaio,2026-10-05T12:24:55-03:00,Prioridade definida em reunião de equipe.
ANO002055,EXP002494,PGR-00084953/2026,DOCUMENTO,CIVINT/STIC,CIVINT-STIC-U05,Karina Ensaio,2026-09-22T21:58:29-03:00,Verificar prazo com a chefia.
ANO002056,EXP002496,PGR-00041643/2026,DOCUMENTO,CIVINT/STIC,CIVINT-STIC-U04,João Rascunho,2026-09-28T06:33:56-03:00,Aguardando manifestação da área técnica.
ANO002057,EXP002497,PGR-00051272/2026,DOCUMENTO,CIVINT/STIC,CIVINT-STIC-U08,Nelson Mock,2026-10-07T09:35:50-03:00,Solicitadas informações complementares ao remetente.
ANO002058,EXP002497,PGR-00051272/2026,DOCUMENTO,CIVINT/STIC,CIVINT-STIC-U02,Heitor Protótipo,2026-10-07T15:55:37-03:00,Relacionado a expediente anterior do mesmo interessado.
ANO002059,EXP002497,PGR-00051272/2026,DOCUMENTO,CIVINT/STIC,CIVINT-STIC-U03,Isabela Piloto,2026-10-07T11:36:21-03:00,Verificar prazo com a chefia.
ANO002060,EXP002498,PGR-00097360/2026,DOCUMENTO,CIVINT/STIC,CIVINT-STIC-U01,Gabriela Simulada,2026-10-03T03:03:29-03:00,Aguardando retorno de diligência.
ANO002061,EXP002499,PGR-00052956/2026,DOCUMENTO,CIVINT/STIC,CIVINT-STIC-U05,Karina Ensaio,2026-09-29T04:29:42-03:00,Aguardando retorno de diligência.
ANO002062,EXP002499,PGR-00052956/2026,DOCUMENTO,CIVINT/STIC,CIVINT-STIC-U08,Nelson Mock,2026-10-06T14:45:24-03:00,"Minuta revisada, pendente de assinatura."
ANO002063,EXP002500,PGR-00017464/2026,DOCUMENTO,CIVINT/STIC,CIVINT-STIC-U02,Heitor Protótipo,2026-09-24T09:26:10-03:00,"Minuta revisada, pendente de assinatura."
ANO002064,EXP002501,PGR-00067220/2026,DOCUMENTO,CIVINT/STIC,CIVINT-STIC-U08,Nelson Mock,2026-09-23T01:33:09-03:00,Conferir anexos antes de movimentar.
ANO002065,EXP002502,PGR-00048936/2026,DOCUMENTO,CIVINT/STIC,CIVINT-STIC-U02,Heitor Protótipo,2026-10-04T23:56:43-03:00,Aguardando manifestação da área técnica.
ANO002066,EXP002504,PGR-00047592/2026,DOCUMENTO,CIVINT/STIC,CIVINT-STIC-U02,Heitor Protótipo,2026-10-04T08:39:17-03:00,Solicitadas informações complementares ao remetente.
ANO002067,EXP002504,PGR-00047592/2026,DOCUMENTO,CIVINT/STIC,CIVINT-STIC-U03,Isabela Piloto,2026-10-05T16:46:47-03:00,Solicitadas informações complementares ao remetente.
ANO002068,EXP002505,PGR-00040382/2026,DOCUMENTO,CIVINT/STIC,CIVINT-STIC-U04,João Rascunho,2026-09-03T06:50:25-03:00,Aguardando manifestação da área técnica.
ANO002069,EXP002505,PGR-00040382/2026,DOCUMENTO,CIVINT/STIC,CIVINT-STIC-U03,Isabela Piloto,2026-10-01T23:26:17-03:00,Relacionado a expediente anterior do mesmo interessado.
ANO002070,EXP002506,PGR-00001905/2026,DOCUMENTO,CIVINT/STIC,CIVINT-STIC-U04,João Rascunho,2026-10-05T17:22:20-03:00,Conferir anexos antes de movimentar.
ANO002071,EXP002506,PGR-00001905/2026,DOCUMENTO,CIVINT/STIC,CIVINT-STIC-U06,Lucas Esboço,2026-09-28T15:10:41-03:00,Relacionado a expediente anterior do mesmo interessado.
ANO002072,EXP002508,PGR-00058172/2026,DOCUMENTO,CIVINT/STIC,CIVINT-STIC-U05,Karina Ensaio,2026-09-30T05:26:21-03:00,Prioridade definida em reunião de equipe.
ANO002073,EXP002509,PGR-00082301/2026,DOCUMENTO,CIVINT/STIC,CIVINT-STIC-U07,Marina Maquete,2026-09-19T22:31:38-03:00,Aguardando retorno de diligência.
ANO002074,EXP002511,PGR-00023088/2026,DOCUMENTO,CIVINT/STIC,CIVINT-STIC-U08,Nelson Mock,2026-10-03T17:12:33-03:00,Verificar prazo com a chefia.
ANO002075,EXP002511,PGR-00023088/2026,DOCUMENTO,CIVINT/STIC,CIVINT-STIC-U07,Marina Maquete,2026-09-22T12:54:32-03:00,Aguardando retorno de diligência.
ANO002076,EXP002511,PGR-00023088/2026,DOCUMENTO,CIVINT/STIC,CIVINT-STIC-U07,Marina Maquete,2026-09-22T20:19:32-03:00,Prioridade definida em reunião de equipe.
ANO002077,EXP002512,PGR-00053303/2026,DOCUMENTO,CIVINT/STIC,CIVINT-STIC-U04,João Rascunho,2026-10-05T04:13:15-03:00,"Minuta revisada, pendente de assinatura."
ANO002078,EXP002513,PGR-00095476/2026,DOCUMENTO,CIVINT/STIC,CIVINT-STIC-U04,João Rascunho,2026-10-06T17:00:02-03:00,Prioridade definida em reunião de equipe.
ANO002079,EXP002514,PGR-00092471/2026,DOCUMENTO,CIVINT/STIC,CIVINT-STIC-U04,João Rascunho,2026-09-23T14:28:16-03:00,Aguardando retorno de diligência.
ANO002080,EXP002515,PGR-00092763/2026,DOCUMENTO,CIVINT/STIC,CIVINT-STIC-U08,Nelson Mock,2026-10-02T10:41:40-03:00,Aguardando manifestação da área técnica.
ANO002081,EXP002515,PGR-00092763/2026,DOCUMENTO,CIVINT/STIC,CIVINT-STIC-U08,Nelson Mock,2026-09-29T16:21:25-03:00,Conferir anexos antes de movimentar.
ANO002082,EXP002516,PGR-00087686/2026,DOCUMENTO,CIVINT/STIC,CIVINT-STIC-U06,Lucas Esboço,2026-10-05T10:34:11-03:00,Conferir anexos antes de movimentar.
ANO002083,EXP002516,PGR-00087686/2026,DOCUMENTO,CIVINT/STIC,CIVINT-STIC-U07,Marina Maquete,2026-10-01T17:51:21-03:00,"Minuta revisada, pendente de assinatura."
ANO002084,EXP002518,PGR-00064916/2026,DOCUMENTO,CIVINT/STIC,CIVINT-STIC-U02,Heitor Protótipo,2026-10-02T14:47:03-03:00,Conferir anexos antes de movimentar.
ANO002085,EXP002522,PGR-00002743/2026,DOCUMENTO,CIVINT/STIC,CIVINT-STIC-U03,Isabela Piloto,2026-09-26T09:04:02-03:00,Aguardando retorno de diligência.
ANO002086,EXP002523,PGR-00066466/2026,DOCUMENTO,CIVINT/STIC,CIVINT-STIC-U08,Nelson Mock,2026-10-07T05:48:02-03:00,Aguardando manifestação da área técnica.
ANO002087,EXP002523,PGR-00066466/2026,DOCUMENTO,CIVINT/STIC,CIVINT-STIC-U06,Lucas Esboço,2026-10-06T19:08:18-03:00,Aguardando retorno de diligência.
ANO002088,EXP002523,PGR-00066466/2026,DOCUMENTO,CIVINT/STIC,CIVINT-STIC-U06,Lucas Esboço,2026-10-06T14:56:33-03:00,Relacionado a expediente anterior do mesmo interessado.
ANO002089,EXP002524,PGR-00025787/2026,DOCUMENTO,CIVINT/STIC,CIVINT-STIC-U07,Marina Maquete,2026-10-07T10:33:37-03:00,Prioridade definida em reunião de equipe.
ANO002090,EXP002524,PGR-00025787/2026,DOCUMENTO,CIVINT/STIC,CIVINT-STIC-U05,Karina Ensaio,2026-09-30T14:40:55-03:00,Aguardando manifestação da área técnica.
ANO002091,EXP002525,PGR-00027864/2026,DOCUMENTO,CIVINT/STIC,CIVINT-STIC-U05,Karina Ensaio,2026-09-16T12:29:31-03:00,Aguardando retorno de diligência.
ANO002092,EXP002525,PGR-00027864/2026,DOCUMENTO,CIVINT/STIC,CIVINT-STIC-U06,Lucas Esboço,2026-09-25T05:10:40-03:00,Solicitadas informações complementares ao remetente.
ANO002093,EXP002526,PGR-00061528/2026,DOCUMENTO,CIVINT/STIC,CIVINT-STIC-U05,Karina Ensaio,2026-08-28T15:34:49-03:00,Solicitadas informações complementares ao remetente.
ANO002094,EXP002528,PGR-00051521/2026,DOCUMENTO,CIVINT/STIC,CIVINT-STIC-U03,Isabela Piloto,2026-09-06T06:36:39-03:00,Prioridade definida em reunião de equipe.
ANO002095,EXP002529,PGR-00090042/2026,DOCUMENTO,CIVINT/STIC,CIVINT-STIC-U04,João Rascunho,2026-10-07T04:58:10-03:00,Prioridade definida em reunião de equipe.
ANO002096,EXP002531,PGR-00015310/2026,DOCUMENTO,CIVINT/STIC,CIVINT-STIC-U03,Isabela Piloto,2026-09-27T02:24:39-03:00,Aguardando retorno de diligência.
ANO002097,EXP002531,PGR-00015310/2026,DOCUMENTO,CIVINT/STIC,CIVINT-STIC-U07,Marina Maquete,2026-09-28T16:52:17-03:00,Relacionado a expediente anterior do mesmo interessado.
ANO002098,EXP002532,PGR-00008882/2026,DOCUMENTO,CIVINT/STIC,CIVINT-STIC-U05,Karina Ensaio,2026-10-06T02:40:59-03:00,Prioridade definida em reunião de equipe.
ANO002099,EXP002532,PGR-00008882/2026,DOCUMENTO,CIVINT/STIC,CIVINT-STIC-U01,Gabriela Simulada,2026-10-01T14:22:52-03:00,Aguardando manifestação da área técnica.
ANO002100,EXP002534,PGR-00068565/2026,DOCUMENTO,CIVINT/STIC,CIVINT-STIC-U05,Karina Ensaio,2026-09-30T04:29:01-03:00,Prioridade definida em reunião de equipe.
ANO002101,EXP002537,PGR-00081511/2026,DOCUMENTO,CIVINT/STIC,CIVINT-STIC-U07,Marina Maquete,2026-10-05T18:51:49-03:00,Aguardando retorno de diligência.
ANO002102,EXP002537,PGR-00081511/2026,DOCUMENTO,CIVINT/STIC,CIVINT-STIC-U08,Nelson Mock,2026-10-03T18:43:45-03:00,Conferir anexos antes de movimentar.
ANO002103,EXP002537,PGR-00081511/2026,DOCUMENTO,CIVINT/STIC,CIVINT-STIC-U05,Karina Ensaio,2026-10-05T02:16:16-03:00,Solicitadas informações complementares ao remetente.
ANO002104,EXP002540,PGR-00028837/2026,DOCUMENTO,CIVINT/STIC,CIVINT-STIC-U03,Isabela Piloto,2026-10-07T02:49:21-03:00,Verificar prazo com a chefia.
ANO002105,EXP002541,PGR-00076741/2026,DOCUMENTO,CIVINT/STIC,CIVINT-STIC-U03,Isabela Piloto,2026-10-02T07:19:08-03:00,Verificar prazo com a chefia.
ANO002106,EXP002542,PGR-00050408/2026,DOCUMENTO,CIVINT/STIC,CIVINT-STIC-U07,Marina Maquete,2026-10-01T11:21:33-03:00,Conferir anexos antes de movimentar.
ANO002107,EXP002542,PGR-00050408/2026,DOCUMENTO,CIVINT/STIC,CIVINT-STIC-U03,Isabela Piloto,2026-10-02T18:36:46-03:00,Verificar prazo com a chefia.
ANO002108,EXP002543,PGR-00081681/2026,DOCUMENTO,CIVINT/STIC,CIVINT-STIC-U04,João Rascunho,2026-10-03T02:36:42-03:00,Aguardando retorno de diligência.
ANO002109,EXP002544,PGR-00002508/2026,DOCUMENTO,CIVINT/STIC,CIVINT-STIC-U08,Nelson Mock,2026-10-05T20:10:43-03:00,Prioridade definida em reunião de equipe.
ANO002110,EXP002544,PGR-00002508/2026,DOCUMENTO,CIVINT/STIC,CIVINT-STIC-U02,Heitor Protótipo,2026-10-02T12:34:00-03:00,Aguardando manifestação da área técnica.
ANO002111,EXP002544,PGR-00002508/2026,DOCUMENTO,CIVINT/STIC,CIVINT-STIC-U07,Marina Maquete,2026-09-27T21:58:09-03:00,"Minuta revisada, pendente de assinatura."
ANO002112,EXP002545,PGR-00084214/2026,DOCUMENTO,CIVINT/STIC,CIVINT-STIC-U07,Marina Maquete,2026-09-02T17:09:14-03:00,Verificar prazo com a chefia.
ANO002113,EXP002545,PGR-00084214/2026,DOCUMENTO,CIVINT/STIC,CIVINT-STIC-U03,Isabela Piloto,2026-08-05T10:20:03-03:00,Relacionado a expediente anterior do mesmo interessado.
ANO002114,EXP002547,PGR-00074740/2026,DOCUMENTO,CIVINT/STIC,CIVINT-STIC-U01,Gabriela Simulada,2026-10-04T20:52:11-03:00,Aguardando manifestação da área técnica.
ANO002115,EXP002547,PGR-00074740/2026,DOCUMENTO,CIVINT/STIC,CIVINT-STIC-U01,Gabriela Simulada,2026-10-04T02:48:52-03:00,Relacionado a expediente anterior do mesmo interessado.
ANO002116,EXP002547,PGR-00074740/2026,DOCUMENTO,CIVINT/STIC,CIVINT-STIC-U02,Heitor Protótipo,2026-10-01T00:21:25-03:00,Conferir anexos antes de movimentar.
ANO002117,EXP002548,PGR-00094863/2026,DOCUMENTO,CIVINT/STIC,CIVINT-STIC-U07,Marina Maquete,2026-10-07T10:45:50-03:00,Aguardando manifestação da área técnica.
ANO002118,EXP002550,PGR-00075930/2026,DOCUMENTO,CIVINT/STIC,CIVINT-STIC-U02,Heitor Protótipo,2026-09-29T20:54:50-03:00,Aguardando manifestação da área técnica.
ANO002119,EXP002550,PGR-00075930/2026,DOCUMENTO,CIVINT/STIC,CIVINT-STIC-U07,Marina Maquete,2026-09-24T22:26:19-03:00,Aguardando manifestação da área técnica.
ANO002120,EXP002551,PGR-00085405/2026,DOCUMENTO,CIVINT/STIC,CIVINT-STIC-U08,Nelson Mock,2026-09-19T11:37:29-03:00,Aguardando retorno de diligência.
ANO002121,EXP002552,PGR-00078346/2026,DOCUMENTO,CIVINT/STIC,CIVINT-STIC-U07,Marina Maquete,2026-10-04T22:52:43-03:00,Prioridade definida em reunião de equipe.
ANO002122,EXP002552,PGR-00078346/2026,DOCUMENTO,CIVINT/STIC,CIVINT-STIC-U04,João Rascunho,2026-10-01T15:16:41-03:00,Conferir anexos antes de movimentar.
ANO002123,EXP002552,PGR-00078346/2026,DOCUMENTO,CIVINT/STIC,CIVINT-STIC-U05,Karina Ensaio,2026-10-02T15:41:11-03:00,Prioridade definida em reunião de equipe.
ANO002124,EXP002553,PGR-00056081/2026,DOCUMENTO,CIVINT/STIC,CIVINT-STIC-U03,Isabela Piloto,2026-10-05T01:27:01-03:00,Conferir anexos antes de movimentar.
ANO002125,EXP002553,PGR-00056081/2026,DOCUMENTO,CIVINT/STIC,CIVINT-STIC-U04,João Rascunho,2026-09-25T13:48:34-03:00,Conferir anexos antes de movimentar.
ANO002126,EXP002553,PGR-00056081/2026,DOCUMENTO,CIVINT/STIC,CIVINT-STIC-U05,Karina Ensaio,2026-10-05T12:06:32-03:00,Solicitadas informações complementares ao remetente.
ANO002127,EXP002554,PGR-00046653/2026,DOCUMENTO,CIVINT/STIC,CIVINT-STIC-U06,Lucas Esboço,2026-06-27T01:39:41-03:00,Verificar prazo com a chefia.
ANO002128,EXP002555,PGR-00039064/2026,DOCUMENTO,CIVINT/STIC,CIVINT-STIC-U04,João Rascunho,2026-09-24T11:56:21-03:00,"Minuta revisada, pendente de assinatura."
ANO002129,EXP002555,PGR-00039064/2026,DOCUMENTO,CIVINT/STIC,CIVINT-STIC-U03,Isabela Piloto,2026-09-28T11:49:19-03:00,Solicitadas informações complementares ao remetente.
ANO002130,EXP002555,PGR-00039064/2026,DOCUMENTO,CIVINT/STIC,CIVINT-STIC-U08,Nelson Mock,2026-09-24T03:03:47-03:00,Verificar prazo com a chefia.
ANO002131,EXP002556,PGR-00099047/2026,DOCUMENTO,CIVINT/STIC,CIVINT-STIC-U08,Nelson Mock,2026-09-09T01:01:48-03:00,Verificar prazo com a chefia.
ANO002132,EXP002556,PGR-00099047/2026,DOCUMENTO,CIVINT/STIC,CIVINT-STIC-U03,Isabela Piloto,2026-10-04T16:23:01-03:00,Solicitadas informações complementares ao remetente.
ANO002133,EXP002557,PGR-00050938/2026,DOCUMENTO,CIVINT/STIC,CIVINT-STIC-U06,Lucas Esboço,2026-09-28T00:31:15-03:00,"Minuta revisada, pendente de assinatura."
ANO002134,EXP002558,PGR-00017109/2026,DOCUMENTO,CIVINT/STIC,CIVINT-STIC-U07,Marina Maquete,2026-10-07T16:22:58-03:00,Aguardando retorno de diligência.
ANO002135,EXP002559,PGR-00050777/2026,DOCUMENTO,CIVINT/STIC,CIVINT-STIC-U02,Heitor Protótipo,2026-09-23T08:14:04-03:00,Conferir anexos antes de movimentar.
ANO002136,EXP002559,PGR-00050777/2026,DOCUMENTO,CIVINT/STIC,CIVINT-STIC-U06,Lucas Esboço,2026-09-30T02:42:02-03:00,Verificar prazo com a chefia.
ANO002137,EXP002560,PGR-00078234/2026,DOCUMENTO,CIVINT/STIC,CIVINT-STIC-U05,Karina Ensaio,2026-09-23T03:47:44-03:00,Solicitadas informações complementares ao remetente.
ANO002138,EXP002561,PGR-00042599/2026,DOCUMENTO,CIVINT/STIC,CIVINT-STIC-U07,Marina Maquete,2026-08-27T14:44:28-03:00,Verificar prazo com a chefia.
ANO002139,EXP002562,PGR-00041482/2026,DOCUMENTO,CIVINT/STIC,CIVINT-STIC-U04,João Rascunho,2026-10-01T17:13:31-03:00,Aguardando manifestação da área técnica.
ANO002140,EXP002563,PGR-00045835/2026,DOCUMENTO,CIVINT/STIC,CIVINT-STIC-U06,Lucas Esboço,2026-09-24T23:47:48-03:00,Aguardando retorno de diligência.
ANO002141,EXP002567,PGR-00048212/2026,DOCUMENTO,CIVINT/STIC,CIVINT-STIC-U03,Isabela Piloto,2026-10-05T14:21:18-03:00,Aguardando manifestação da área técnica.
ANO002142,EXP002568,PGR-00035074/2026,DOCUMENTO,CIVINT/STIC,CIVINT-STIC-U02,Heitor Protótipo,2026-09-20T02:31:58-03:00,"Minuta revisada, pendente de assinatura."
ANO002143,EXP002572,PGR-00030231/2026,DOCUMENTO,CIVINT/STIC,CIVINT-STIC-U06,Lucas Esboço,2026-09-28T19:42:24-03:00,Relacionado a expediente anterior do mesmo interessado.
ANO002144,EXP002572,PGR-00030231/2026,DOCUMENTO,CIVINT/STIC,CIVINT-STIC-U02,Heitor Protótipo,2026-07-14T17:52:01-03:00,"Minuta revisada, pendente de assinatura."
ANO002145,EXP002573,PGR-00020863/2026,DOCUMENTO,CIVINT/STIC,CIVINT-STIC-U04,João Rascunho,2026-10-06T18:54:23-03:00,Solicitadas informações complementares ao remetente.
ANO002146,EXP002574,PGR-00033984/2026,DOCUMENTO,CIVINT/STIC,CIVINT-STIC-U06,Lucas Esboço,2026-10-02T01:59:08-03:00,Verificar prazo com a chefia.
ANO002147,EXP002574,PGR-00033984/2026,DOCUMENTO,CIVINT/STIC,CIVINT-STIC-U07,Marina Maquete,2026-09-22T14:33:33-03:00,Verificar prazo com a chefia.
ANO002148,EXP002574,PGR-00033984/2026,DOCUMENTO,CIVINT/STIC,CIVINT-STIC-U01,Gabriela Simulada,2026-09-27T14:34:30-03:00,Aguardando manifestação da área técnica.
ANO002149,EXP002575,PGR-00015602/2026,DOCUMENTO,CIVINT/STIC,CIVINT-STIC-U03,Isabela Piloto,2026-09-18T07:14:49-03:00,"Minuta revisada, pendente de assinatura."
ANO002150,EXP002576,PGR-00098049/2026,DOCUMENTO,CIVINT/STIC,CIVINT-STIC-U04,João Rascunho,2026-09-29T06:56:37-03:00,Solicitadas informações complementares ao remetente.
ANO002151,EXP002577,PGR-00081555/2026,DOCUMENTO,CIVINT/STIC,CIVINT-STIC-U05,Karina Ensaio,2026-10-02T13:15:26-03:00,Aguardando retorno de diligência.
ANO002152,EXP002578,PGR-00012846/2026,DOCUMENTO,CIVINT/STIC,CIVINT-STIC-U07,Marina Maquete,2026-09-18T12:07:12-03:00,Prioridade definida em reunião de equipe.
ANO002153,EXP002579,PGR-00024909/2026,DOCUMENTO,CIVINT/STIC,CIVINT-STIC-U06,Lucas Esboço,2026-10-06T00:16:36-03:00,"Minuta revisada, pendente de assinatura."
ANO002154,EXP002580,PGR-00086203/2026,DOCUMENTO,CIVINT/STIC,CIVINT-STIC-U06,Lucas Esboço,2026-09-26T23:57:22-03:00,Aguardando manifestação da área técnica.
ANO002155,EXP002581,PGR-00001442/2026,DOCUMENTO,CIVINT/STIC,CIVINT-STIC-U04,João Rascunho,2026-09-06T14:28:47-03:00,Conferir anexos antes de movimentar.
ANO002156,EXP002582,PGR-00045095/2026,DOCUMENTO,CIVINT/STIC,CIVINT-STIC-U02,Heitor Protótipo,2026-08-12T01:59:09-03:00,Aguardando retorno de diligência.
ANO002157,EXP002582,PGR-00045095/2026,DOCUMENTO,CIVINT/STIC,CIVINT-STIC-U07,Marina Maquete,2026-07-01T12:49:53-03:00,Relacionado a expediente anterior do mesmo interessado.
ANO002158,EXP002584,PGR-00092966/2026,DOCUMENTO,CIVINT/STIC,CIVINT-STIC-U02,Heitor Protótipo,2026-09-18T01:53:11-03:00,Aguardando retorno de diligência.
ANO002159,EXP002584,PGR-00092966/2026,DOCUMENTO,CIVINT/STIC,CIVINT-STIC-U05,Karina Ensaio,2026-08-27T19:58:25-03:00,Prioridade definida em reunião de equipe.
ANO002160,EXP002585,PGR-00093510/2026,DOCUMENTO,CIVINT/STIC,CIVINT-STIC-U03,Isabela Piloto,2026-09-22T04:44:37-03:00,"Minuta revisada, pendente de assinatura."
ANO002161,EXP002585,PGR-00093510/2026,DOCUMENTO,CIVINT/STIC,CIVINT-STIC-U05,Karina Ensaio,2026-09-30T06:15:03-03:00,Conferir anexos antes de movimentar.
ANO002162,EXP002586,PGR-00096356/2026,DOCUMENTO,CIVINT/STIC,CIVINT-STIC-U06,Lucas Esboço,2026-10-07T09:52:41-03:00,Aguardando retorno de diligência.
ANO002163,EXP002587,PGR-00031451/2026,DOCUMENTO,CIVINT/STIC,CIVINT-STIC-U05,Karina Ensaio,2026-07-23T03:12:58-03:00,Aguardando manifestação da área técnica.
ANO002164,EXP002587,PGR-00031451/2026,DOCUMENTO,CIVINT/STIC,CIVINT-STIC-U02,Heitor Protótipo,2026-07-18T16:37:37-03:00,Verificar prazo com a chefia.
ANO002165,EXP002587,PGR-00031451/2026,DOCUMENTO,CIVINT/STIC,CIVINT-STIC-U08,Nelson Mock,2026-07-16T12:57:02-03:00,"Minuta revisada, pendente de assinatura."
ANO002166,EXP002588,PGR-00012054/2026,DOCUMENTO,CIVINT/STIC,CIVINT-STIC-U04,João Rascunho,2026-10-03T09:31:24-03:00,Verificar prazo com a chefia.
ANO002167,EXP002588,PGR-00012054/2026,DOCUMENTO,CIVINT/STIC,CIVINT-STIC-U08,Nelson Mock,2026-10-04T07:42:21-03:00,Prioridade definida em reunião de equipe.
ANO002168,EXP002589,PGR-00046110/2026,DOCUMENTO,CIVINT/STIC,CIVINT-STIC-U04,João Rascunho,2026-07-15T16:48:06-03:00,Prioridade definida em reunião de equipe.
ANO002169,EXP002590,PGR-00051626/2026,DOCUMENTO,CIVINT/STIC,CIVINT-STIC-U07,Marina Maquete,2026-09-18T14:32:29-03:00,Relacionado a expediente anterior do mesmo interessado.
ANO002170,EXP002590,PGR-00051626/2026,DOCUMENTO,CIVINT/STIC,CIVINT-STIC-U05,Karina Ensaio,2026-09-24T22:16:56-03:00,Prioridade definida em reunião de equipe.
ANO002171,EXP002590,PGR-00051626/2026,DOCUMENTO,CIVINT/STIC,CIVINT-STIC-U06,Lucas Esboço,2026-09-09T02:57:50-03:00,Relacionado a expediente anterior do mesmo interessado.
ANO002172,EXP002591,PGR-00051205/2026,DOCUMENTO,CIVINT/STIC,CIVINT-STIC-U01,Gabriela Simulada,2026-09-26T05:19:49-03:00,Prioridade definida em reunião de equipe.
ANO002173,EXP002593,PGR-00025920/2026,DOCUMENTO,CIVINT/STIC,CIVINT-STIC-U04,João Rascunho,2026-09-21T02:47:00-03:00,"Minuta revisada, pendente de assinatura."
ANO002174,EXP002594,PGR-00051418/2026,DOCUMENTO,CIVINT/STIC,CIVINT-STIC-U01,Gabriela Simulada,2026-09-26T19:20:56-03:00,Conferir anexos antes de movimentar.
ANO002175,EXP002595,PGR-00018406/2026,DOCUMENTO,CIVINT/STIC,CIVINT-STIC-U05,Karina Ensaio,2026-10-02T05:30:49-03:00,Solicitadas informações complementares ao remetente.
ANO002176,EXP002596,PGR-00041491/2026,DOCUMENTO,CIVINT/STIC,CIVINT-STIC-U03,Isabela Piloto,2026-09-22T23:43:49-03:00,Conferir anexos antes de movimentar.
ANO002177,EXP002596,PGR-00041491/2026,DOCUMENTO,CIVINT/STIC,CIVINT-STIC-U01,Gabriela Simulada,2026-10-04T06:55:19-03:00,Verificar prazo com a chefia.
ANO002178,EXP002599,PGR-00033624/2026,DOCUMENTO,CIVINT/STIC,CIVINT-STIC-U02,Heitor Protótipo,2026-10-06T04:11:44-03:00,"Minuta revisada, pendente de assinatura."
ANO002179,EXP002599,PGR-00033624/2026,DOCUMENTO,CIVINT/STIC,CIVINT-STIC-U08,Nelson Mock,2026-09-27T21:18:33-03:00,Conferir anexos antes de movimentar.
ANO002180,EXP002599,PGR-00033624/2026,DOCUMENTO,CIVINT/STIC,CIVINT-STIC-U01,Gabriela Simulada,2026-09-26T02:44:34-03:00,Conferir anexos antes de movimentar.
ANO002181,EXP002600,PGR-00081161/2026,DOCUMENTO,CIVINT/STIC,CIVINT-STIC-U03,Isabela Piloto,2026-05-13T18:38:13-03:00,Prioridade definida em reunião de equipe.
ANO002182,EXP002600,PGR-00081161/2026,DOCUMENTO,CIVINT/STIC,CIVINT-STIC-U01,Gabriela Simulada,2026-09-03T17:00:31-03:00,Prioridade definida em reunião de equipe.
ANO002183,EXP002602,PGR-00054314/2026,DOCUMENTO,CIVINT/STIC,CIVINT-STIC-U07,Marina Maquete,2026-10-04T16:41:20-03:00,Aguardando retorno de diligência.
ANO002184,EXP002605,PGR-00066844/2026,DOCUMENTO,CIVINT/STIC,CIVINT-STIC-U06,Lucas Esboço,2026-10-07T02:04:19-03:00,Verificar prazo com a chefia.
ANO002185,EXP002605,PGR-00066844/2026,DOCUMENTO,CIVINT/STIC,CIVINT-STIC-U08,Nelson Mock,2026-10-07T10:02:54-03:00,Solicitadas informações complementares ao remetente.
ANO002186,EXP002605,PGR-00066844/2026,DOCUMENTO,CIVINT/STIC,CIVINT-STIC-U04,João Rascunho,2026-10-05T03:05:55-03:00,Verificar prazo com a chefia.
ANO002187,EXP002606,PGR-00058453/2026,DOCUMENTO,CIVINT/STIC,CIVINT-STIC-U03,Isabela Piloto,2026-06-18T17:36:57-03:00,"Minuta revisada, pendente de assinatura."
ANO002188,EXP002606,PGR-00058453/2026,DOCUMENTO,CIVINT/STIC,CIVINT-STIC-U05,Karina Ensaio,2026-07-19T05:41:08-03:00,Solicitadas informações complementares ao remetente.
ANO002189,EXP002606,PGR-00058453/2026,DOCUMENTO,CIVINT/STIC,CIVINT-STIC-U02,Heitor Protótipo,2026-09-02T14:20:07-03:00,Conferir anexos antes de movimentar.
ANO002190,EXP002607,PGR-00065419/2026,DOCUMENTO,CIVINT/STIC,CIVINT-STIC-U07,Marina Maquete,2026-10-06T06:55:52-03:00,Verificar prazo com a chefia.
ANO002191,EXP002608,PGR-00098773/2026,DOCUMENTO,CIVINT/STIC,CIVINT-STIC-U06,Lucas Esboço,2026-09-16T10:13:44-03:00,Conferir anexos antes de movimentar.
ANO002192,EXP002609,PGR-00066755/2026,DOCUMENTO,CIVINT/STIC,CIVINT-STIC-U06,Lucas Esboço,2026-10-01T10:07:40-03:00,Verificar prazo com a chefia.
ANO002193,EXP002610,PGR-00054905/2026,DOCUMENTO,CIVINT/STIC,CIVINT-STIC-U05,Karina Ensaio,2026-09-11T01:22:56-03:00,"Minuta revisada, pendente de assinatura."
ANO002194,EXP002612,PGR-00075974/2026,DOCUMENTO,CIVINT/STIC,CIVINT-STIC-U03,Isabela Piloto,2026-10-04T18:38:49-03:00,"Minuta revisada, pendente de assinatura."
ANO002195,EXP002613,PGR-00054653/2026,DOCUMENTO,CIVINT/STIC,CIVINT-STIC-U06,Lucas Esboço,2026-10-04T11:58:55-03:00,Aguardando manifestação da área técnica.
ANO002196,EXP002614,PGR-00093990/2026,DOCUMENTO,CIVINT/STIC,CIVINT-STIC-U02,Heitor Protótipo,2026-10-02T15:34:00-03:00,Aguardando manifestação da área técnica.
ANO002197,EXP002615,PGR-00094900/2026,DOCUMENTO,CIVINT/STIC,CIVINT-STIC-U03,Isabela Piloto,2026-10-04T08:02:39-03:00,Aguardando retorno de diligência.
ANO002198,EXP002615,PGR-00094900/2026,DOCUMENTO,CIVINT/STIC,CIVINT-STIC-U08,Nelson Mock,2026-10-03T01:20:05-03:00,Aguardando retorno de diligência.
ANO002199,EXP002616,PGR-00025149/2026,DOCUMENTO,CIVINT/STIC,CIVINT-STIC-U05,Karina Ensaio,2026-10-04T22:53:52-03:00,Aguardando manifestação da área técnica.
ANO002200,EXP002616,PGR-00025149/2026,DOCUMENTO,CIVINT/STIC,CIVINT-STIC-U01,Gabriela Simulada,2026-09-29T09:58:36-03:00,"Minuta revisada, pendente de assinatura."
ANO002201,EXP002616,PGR-00025149/2026,DOCUMENTO,CIVINT/STIC,CIVINT-STIC-U06,Lucas Esboço,2026-10-05T02:27:15-03:00,Prioridade definida em reunião de equipe.
ANO002202,EXP002617,PGR-00086532/2026,DOCUMENTO,CIVINT/STIC,CIVINT-STIC-U06,Lucas Esboço,2026-10-06T22:14:50-03:00,"Minuta revisada, pendente de assinatura."
ANO002203,EXP002618,PGR-00046724/2026,DOCUMENTO,CIVINT/STIC,CIVINT-STIC-U08,Nelson Mock,2026-08-08T00:57:50-03:00,"Minuta revisada, pendente de assinatura."
ANO002204,EXP002618,PGR-00046724/2026,DOCUMENTO,CIVINT/STIC,CIVINT-STIC-U07,Marina Maquete,2026-08-14T18:00:54-03:00,Prioridade definida em reunião de equipe.
ANO002205,EXP002620,PGR-00059795/2026,DOCUMENTO,CIVINT/STIC,CIVINT-STIC-U01,Gabriela Simulada,2026-09-24T14:23:50-03:00,Conferir anexos antes de movimentar.
ANO002206,EXP002621,PGR-00062151/2026,DOCUMENTO,CIVINT/STIC,CIVINT-STIC-U06,Lucas Esboço,2026-10-01T21:31:09-03:00,Verificar prazo com a chefia.
ANO002207,EXP002622,PGR-00021450/2026,DOCUMENTO,CIVINT/STIC,CIVINT-STIC-U03,Isabela Piloto,2026-10-07T13:45:22-03:00,Aguardando manifestação da área técnica.
ANO002208,EXP002623,PGR-00011486/2026,DOCUMENTO,CIVINT/STIC,CIVINT-STIC-U06,Lucas Esboço,2026-10-03T00:53:48-03:00,Prioridade definida em reunião de equipe.
ANO002209,EXP002623,PGR-00011486/2026,DOCUMENTO,CIVINT/STIC,CIVINT-STIC-U02,Heitor Protótipo,2026-10-04T06:54:48-03:00,Solicitadas informações complementares ao remetente.
ANO002210,EXP002624,PGR-00015225/2026,DOCUMENTO,CIVINT/STIC,CIVINT-STIC-U08,Nelson Mock,2026-10-03T11:54:29-03:00,Prioridade definida em reunião de equipe.
ANO002211,EXP002625,PGR-00081801/2026,DOCUMENTO,CIVINT/STIC,CIVINT-STIC-U05,Karina Ensaio,2026-10-03T15:07:27-03:00,Solicitadas informações complementares ao remetente.
ANO002212,EXP002625,PGR-00081801/2026,DOCUMENTO,CIVINT/STIC,CIVINT-STIC-U03,Isabela Piloto,2026-10-01T22:40:03-03:00,Prioridade definida em reunião de equipe.
ANO002213,EXP002626,PGR-00004235/2026,DOCUMENTO,CIVINT/STIC,CIVINT-STIC-U05,Karina Ensaio,2026-09-27T02:05:52-03:00,Aguardando manifestação da área técnica.
ANO002214,EXP002626,PGR-00004235/2026,DOCUMENTO,CIVINT/STIC,CIVINT-STIC-U01,Gabriela Simulada,2026-10-06T23:01:03-03:00,Relacionado a expediente anterior do mesmo interessado.
ANO002215,EXP002626,PGR-00004235/2026,DOCUMENTO,CIVINT/STIC,CIVINT-STIC-U01,Gabriela Simulada,2026-10-02T22:17:40-03:00,Aguardando manifestação da área técnica.
ANO002216,EXP002628,PGR-00013066/2026,DOCUMENTO,CIVINT/STIC,CIVINT-STIC-U01,Gabriela Simulada,2026-07-21T15:27:07-03:00,Verificar prazo com a chefia.
ANO002217,EXP002628,PGR-00013066/2026,DOCUMENTO,CIVINT/STIC,CIVINT-STIC-U02,Heitor Protótipo,2026-09-28T01:21:05-03:00,Aguardando manifestação da área técnica.
ANO002218,EXP002628,PGR-00013066/2026,DOCUMENTO,CIVINT/STIC,CIVINT-STIC-U04,João Rascunho,2026-07-23T22:13:40-03:00,Aguardando manifestação da área técnica.
ANO002219,EXP002630,PGR-00076521/2026,DOCUMENTO,CIVINT/STIC,CIVINT-STIC-U07,Marina Maquete,2026-09-30T18:43:36-03:00,Conferir anexos antes de movimentar.
ANO002220,EXP002630,PGR-00076521/2026,DOCUMENTO,CIVINT/STIC,CIVINT-STIC-U03,Isabela Piloto,2026-10-06T05:50:30-03:00,Verificar prazo com a chefia.
ANO002221,EXP002632,PGR-00085476/2026,DOCUMENTO,CIVINT/STIC,CIVINT-STIC-U06,Lucas Esboço,2026-09-29T01:14:04-03:00,Solicitadas informações complementares ao remetente.
ANO002222,EXP002634,PGR-00077121/2026,DOCUMENTO,CIVINT/STIC,CIVINT-STIC-U04,João Rascunho,2026-09-13T20:20:30-03:00,Solicitadas informações complementares ao remetente.
ANO002223,EXP002634,PGR-00077121/2026,DOCUMENTO,CIVINT/STIC,CIVINT-STIC-U05,Karina Ensaio,2026-07-31T11:53:29-03:00,Aguardando retorno de diligência.
ANO002224,EXP002636,PGR-00091070/2026,DOCUMENTO,CIVINT/STIC,CIVINT-STIC-U01,Gabriela Simulada,2026-10-01T16:41:54-03:00,"Minuta revisada, pendente de assinatura."
ANO002225,EXP002638,PGR-00043171/2026,DOCUMENTO,CIVINT/STIC,CIVINT-STIC-U06,Lucas Esboço,2026-10-01T02:34:22-03:00,Verificar prazo com a chefia.
ANO002226,EXP002638,PGR-00043171/2026,DOCUMENTO,CIVINT/STIC,CIVINT-STIC-U02,Heitor Protótipo,2026-10-02T01:13:29-03:00,Prioridade definida em reunião de equipe.
ANO002227,EXP002639,PGR-00074910/2026,DOCUMENTO,CIVINT/STIC,CIVINT-STIC-U03,Isabela Piloto,2026-10-01T13:38:28-03:00,Verificar prazo com a chefia.
ANO002228,EXP002639,PGR-00074910/2026,DOCUMENTO,CIVINT/STIC,CIVINT-STIC-U01,Gabriela Simulada,2026-09-27T06:13:03-03:00,Relacionado a expediente anterior do mesmo interessado.
ANO002229,EXP002640,PGR-00067544/2026,DOCUMENTO,CIVINT/STIC,CIVINT-STIC-U08,Nelson Mock,2026-06-07T15:32:42-03:00,"Minuta revisada, pendente de assinatura."
ANO002230,EXP002641,PGR-00065415/2026,DOCUMENTO,CIVINT/STIC,CIVINT-STIC-U07,Marina Maquete,2026-09-04T16:59:25-03:00,Prioridade definida em reunião de equipe.
ANO002231,EXP002642,PGR-00097088/2026,DOCUMENTO,CIVINT/STIC,CIVINT-STIC-U05,Karina Ensaio,2026-10-02T08:10:59-03:00,Relacionado a expediente anterior do mesmo interessado.
ANO002232,EXP002642,PGR-00097088/2026,DOCUMENTO,CIVINT/STIC,CIVINT-STIC-U06,Lucas Esboço,2026-10-01T11:43:17-03:00,"Minuta revisada, pendente de assinatura."
ANO002233,EXP002644,PGR-00000670/2026,DOCUMENTO,CIVINT/STIC,CIVINT-STIC-U07,Marina Maquete,2026-10-07T17:00:00-03:00,Solicitadas informações complementares ao remetente.
ANO002234,EXP002646,PGR-00031403/2026,DOCUMENTO,CIVINT/STIC,CIVINT-STIC-U01,Gabriela Simulada,2026-10-07T12:32:41-03:00,Aguardando retorno de diligência.
ANO002235,EXP002647,PGR-00062553/2026,DOCUMENTO,CIVINT/STIC,CIVINT-STIC-U07,Marina Maquete,2026-10-02T20:49:36-03:00,Relacionado a expediente anterior do mesmo interessado.
ANO002236,EXP002647,PGR-00062553/2026,DOCUMENTO,CIVINT/STIC,CIVINT-STIC-U02,Heitor Protótipo,2026-09-19T00:27:57-03:00,"Minuta revisada, pendente de assinatura."
ANO002237,EXP002647,PGR-00062553/2026,DOCUMENTO,CIVINT/STIC,CIVINT-STIC-U03,Isabela Piloto,2026-09-11T20:53:25-03:00,Prioridade definida em reunião de equipe.
ANO002238,EXP002648,PGR-00009557/2026,DOCUMENTO,CIVINT/STIC,CIVINT-STIC-U02,Heitor Protótipo,2026-09-26T18:24:30-03:00,Solicitadas informações complementares ao remetente.
ANO002239,EXP002649,PGR-00005627/2026,DOCUMENTO,CIVINT/STIC,CIVINT-STIC-U06,Lucas Esboço,2026-10-06T18:03:42-03:00,"Minuta revisada, pendente de assinatura."
ANO002240,EXP002649,PGR-00005627/2026,DOCUMENTO,CIVINT/STIC,CIVINT-STIC-U05,Karina Ensaio,2026-10-07T12:04:31-03:00,Verificar prazo com a chefia.
ANO002241,EXP002650,PGR-00003363/2026,DOCUMENTO,CIVINT/STIC,CIVINT-STIC-U06,Lucas Esboço,2026-08-15T22:50:34-03:00,Aguardando manifestação da área técnica.
ANO002242,EXP002651,PGR-00039635/2026,DOCUMENTO,CIVINT/STIC,CIVINT-STIC-U05,Karina Ensaio,2026-09-10T23:12:42-03:00,Aguardando retorno de diligência.
ANO002243,EXP002652,PGR-00080887/2026,DOCUMENTO,CIVINT/STIC,CIVINT-STIC-U01,Gabriela Simulada,2026-08-08T00:01:40-03:00,Verificar prazo com a chefia.
ANO002244,EXP002653,PGR-00063591/2026,DOCUMENTO,CIVINT/STIC,CIVINT-STIC-U04,João Rascunho,2026-10-05T07:03:07-03:00,"Minuta revisada, pendente de assinatura."
ANO002245,EXP002655,PGR-00028856/2026,DOCUMENTO,CIVINT/STIC,CIVINT-STIC-U04,João Rascunho,2026-10-04T15:09:30-03:00,Prioridade definida em reunião de equipe.
ANO002246,EXP002655,PGR-00028856/2026,DOCUMENTO,CIVINT/STIC,CIVINT-STIC-U04,João Rascunho,2026-10-06T07:28:29-03:00,Prioridade definida em reunião de equipe.
ANO002247,EXP002656,PGR-00078271/2026,DOCUMENTO,CIVINT/STIC,CIVINT-STIC-U06,Lucas Esboço,2026-09-25T22:46:34-03:00,Verificar prazo com a chefia.
ANO002248,EXP002656,PGR-00078271/2026,DOCUMENTO,CIVINT/STIC,CIVINT-STIC-U05,Karina Ensaio,2026-09-21T10:54:09-03:00,Prioridade definida em reunião de equipe.
ANO002249,EXP002657,PGR-00053420/2026,DOCUMENTO,CIVINT/STIC,CIVINT-STIC-U01,Gabriela Simulada,2026-10-07T06:57:13-03:00,Relacionado a expediente anterior do mesmo interessado.
ANO002250,EXP002657,PGR-00053420/2026,DOCUMENTO,CIVINT/STIC,CIVINT-STIC-U06,Lucas Esboço,2026-10-07T10:47:56-03:00,Aguardando retorno de diligência.
ANO002251,EXP002657,PGR-00053420/2026,DOCUMENTO,CIVINT/STIC,CIVINT-STIC-U01,Gabriela Simulada,2026-10-07T05:38:07-03:00,"Minuta revisada, pendente de assinatura."
ANO002252,EXP002659,PGR-00059878/2026,DOCUMENTO,CIVINT/STIC,CIVINT-STIC-U07,Marina Maquete,2026-10-07T15:08:51-03:00,Relacionado a expediente anterior do mesmo interessado.
ANO002253,EXP002659,PGR-00059878/2026,DOCUMENTO,CIVINT/STIC,CIVINT-STIC-U04,João Rascunho,2026-10-03T06:06:19-03:00,Verificar prazo com a chefia.
ANO002254,EXP002660,PGR-00064563/2026,DOCUMENTO,CIVINT/STIC,CIVINT-STIC-U07,Marina Maquete,2026-10-04T15:38:33-03:00,Verificar prazo com a chefia.
ANO002255,EXP002660,PGR-00064563/2026,DOCUMENTO,CIVINT/STIC,CIVINT-STIC-U08,Nelson Mock,2026-10-01T19:48:54-03:00,Aguardando manifestação da área técnica.
ANO002256,EXP002661,PGR-00024375/2026,DOCUMENTO,CIVINT/STIC,CIVINT-STIC-U01,Gabriela Simulada,2026-10-07T02:36:04-03:00,Verificar prazo com a chefia.
ANO002257,EXP002662,PGR-00030683/2026,DOCUMENTO,CIVINT/STIC,CIVINT-STIC-U04,João Rascunho,2026-09-18T02:18:48-03:00,Relacionado a expediente anterior do mesmo interessado.
ANO002258,EXP002664,PGR-00052610/2026,DOCUMENTO,CIVINT/STIC,CIVINT-STIC-U05,Karina Ensaio,2026-09-28T18:28:18-03:00,Verificar prazo com a chefia.
ANO002259,EXP002665,PGR-00075735/2026,DOCUMENTO,CIVINT/STIC,CIVINT-STIC-U02,Heitor Protótipo,2026-10-06T17:08:30-03:00,Relacionado a expediente anterior do mesmo interessado.
ANO002260,EXP002666,PGR-00083329/2026,DOCUMENTO,CIVINT/STIC,CIVINT-STIC-U04,João Rascunho,2026-10-07T15:51:19-03:00,"Minuta revisada, pendente de assinatura."
ANO002261,EXP002667,PGR-00010567/2026,DOCUMENTO,CIVINT/STIC,CIVINT-STIC-U07,Marina Maquete,2026-10-02T01:28:00-03:00,Verificar prazo com a chefia.
ANO002262,EXP002667,PGR-00010567/2026,DOCUMENTO,CIVINT/STIC,CIVINT-STIC-U03,Isabela Piloto,2026-10-04T15:48:34-03:00,Verificar prazo com a chefia.
ANO002263,EXP002667,PGR-00010567/2026,DOCUMENTO,CIVINT/STIC,CIVINT-STIC-U06,Lucas Esboço,2026-10-02T19:38:57-03:00,Verificar prazo com a chefia.
ANO002264,EXP002668,PGR-00006995/2026,DOCUMENTO,CIVINT/STIC,CIVINT-STIC-U05,Karina Ensaio,2026-10-05T00:37:02-03:00,"Minuta revisada, pendente de assinatura."
ANO002265,EXP002668,PGR-00006995/2026,DOCUMENTO,CIVINT/STIC,CIVINT-STIC-U01,Gabriela Simulada,2026-10-05T16:27:55-03:00,"Minuta revisada, pendente de assinatura."
ANO002266,EXP002668,PGR-00006995/2026,DOCUMENTO,CIVINT/STIC,CIVINT-STIC-U06,Lucas Esboço,2026-10-06T11:26:11-03:00,Prioridade definida em reunião de equipe.
ANO002267,EXP002671,PGR-00063423/2026,DOCUMENTO,CIVINT/STIC,CIVINT-STIC-U01,Gabriela Simulada,2026-10-07T15:04:26-03:00,Solicitadas informações complementares ao remetente.
ANO002268,EXP002672,PGR-00095912/2026,DOCUMENTO,CIVINT/STIC,CIVINT-STIC-U02,Heitor Protótipo,2026-09-27T11:48:55-03:00,Verificar prazo com a chefia.
ANO002269,EXP002672,PGR-00095912/2026,DOCUMENTO,CIVINT/STIC,CIVINT-STIC-U05,Karina Ensaio,2026-09-12T11:21:42-03:00,Solicitadas informações complementares ao remetente.
ANO002270,EXP002674,PGR-00078934/2026,DOCUMENTO,CIVINT/STIC,CIVINT-STIC-U01,Gabriela Simulada,2026-09-29T09:43:05-03:00,Prioridade definida em reunião de equipe.
ANO002271,EXP002675,PGR-00097871/2026,DOCUMENTO,CIVINT/STIC,CIVINT-STIC-U05,Karina Ensaio,2026-09-24T19:25:07-03:00,Solicitadas informações complementares ao remetente.
ANO002272,EXP002676,PGR-00013666/2026,DOCUMENTO,CIVINT/STIC,CIVINT-STIC-U06,Lucas Esboço,2026-09-29T22:58:58-03:00,Verificar prazo com a chefia.
ANO002273,EXP002676,PGR-00013666/2026,DOCUMENTO,CIVINT/STIC,CIVINT-STIC-U01,Gabriela Simulada,2026-09-30T06:26:22-03:00,Aguardando manifestação da área técnica.
ANO002274,EXP002676,PGR-00013666/2026,DOCUMENTO,CIVINT/STIC,CIVINT-STIC-U07,Marina Maquete,2026-09-21T08:37:35-03:00,Verificar prazo com a chefia.
ANO002275,EXP002681,PGR-00011094/2026,DOCUMENTO,CIVINT/STIC,CIVINT-STIC-U03,Isabela Piloto,2026-10-06T10:28:36-03:00,"Minuta revisada, pendente de assinatura."
ANO002276,EXP002687,PGR-00074848/2026,DOCUMENTO,CIVINT/STIC,CIVINT-STIC-U03,Isabela Piloto,2026-10-03T06:22:28-03:00,Aguardando manifestação da área técnica.
ANO002277,EXP002687,PGR-00074848/2026,DOCUMENTO,CIVINT/STIC,CIVINT-STIC-U08,Nelson Mock,2026-09-25T18:39:25-03:00,Solicitadas informações complementares ao remetente.
ANO002278,EXP002688,PGR-00076399/2026,DOCUMENTO,CIVINT/STIC,CIVINT-STIC-U04,João Rascunho,2026-09-20T01:44:27-03:00,"Minuta revisada, pendente de assinatura."
ANO002279,EXP002689,PGR-00031117/2026,DOCUMENTO,CIVINT/STIC,CIVINT-STIC-U03,Isabela Piloto,2026-10-06T09:40:24-03:00,Prioridade definida em reunião de equipe.
ANO002280,EXP002692,PGR-00000601/2026,DOCUMENTO,CIVINT/STIC,CIVINT-STIC-U02,Heitor Protótipo,2026-10-05T17:23:43-03:00,Aguardando manifestação da área técnica.
ANO002281,EXP002694,PGR-00027688/2026,DOCUMENTO,CIVINT/STIC,CIVINT-STIC-U06,Lucas Esboço,2026-10-03T05:11:35-03:00,"Minuta revisada, pendente de assinatura."
ANO002282,EXP002694,PGR-00027688/2026,DOCUMENTO,CIVINT/STIC,CIVINT-STIC-U02,Heitor Protótipo,2026-09-30T12:03:54-03:00,Relacionado a expediente anterior do mesmo interessado.
ANO002283,EXP002694,PGR-00027688/2026,DOCUMENTO,CIVINT/STIC,CIVINT-STIC-U08,Nelson Mock,2026-10-06T14:22:56-03:00,Prioridade definida em reunião de equipe.
ANO002284,EXP002695,PGR-00035207/2025,DOCUMENTO,CIVINT/STIC,CIVINT-STIC-U07,Marina Maquete,2026-01-04T09:34:47-03:00,Aguardando manifestação da área técnica.
ANO002285,EXP002696,PGR-00024559/2026,DOCUMENTO,CIVINT/STIC,CIVINT-STIC-U03,Isabela Piloto,2026-10-07T04:36:37-03:00,Aguardando manifestação da área técnica.
ANO002286,EXP002697,PGR-00017824/2026,DOCUMENTO,CIVINT/STIC,CIVINT-STIC-U02,Heitor Protótipo,2026-09-23T12:29:05-03:00,Aguardando retorno de diligência.
ANO002287,EXP002698,PGR-00057479/2026,DOCUMENTO,CIVINT/STIC,CIVINT-STIC-U07,Marina Maquete,2026-09-30T03:25:31-03:00,Aguardando retorno de diligência.
ANO002288,EXP002701,PGR-00083510/2026,DOCUMENTO,CIVINT/STIC,CIVINT-STIC-U05,Karina Ensaio,2026-10-03T06:35:07-03:00,Aguardando manifestação da área técnica.
ANO002289,EXP002702,PGR-00031242/2026,DOCUMENTO,CIVINT/STIC,CIVINT-STIC-U03,Isabela Piloto,2026-10-07T11:32:00-03:00,Aguardando manifestação da área técnica.
ANO002290,EXP002703,PGR-00003491/2026,DOCUMENTO,CIVINT/STIC,CIVINT-STIC-U08,Nelson Mock,2026-10-01T03:45:22-03:00,"Minuta revisada, pendente de assinatura."
ANO002291,EXP002703,PGR-00003491/2026,DOCUMENTO,CIVINT/STIC,CIVINT-STIC-U08,Nelson Mock,2026-10-04T20:13:52-03:00,Conferir anexos antes de movimentar.
ANO002292,EXP002704,PGR-00097487/2026,DOCUMENTO,CIVINT/STIC,CIVINT-STIC-U03,Isabela Piloto,2026-09-08T01:03:43-03:00,Verificar prazo com a chefia.
ANO002293,EXP002705,PGR-00026058/2026,DOCUMENTO,CIVINT/STIC,CIVINT-STIC-U01,Gabriela Simulada,2026-10-04T11:33:53-03:00,Relacionado a expediente anterior do mesmo interessado.
ANO002294,EXP002706,PGR-00091675/2026,DOCUMENTO,CIVINT/STIC,CIVINT-STIC-U06,Lucas Esboço,2026-10-01T03:40:58-03:00,Conferir anexos antes de movimentar.
ANO002295,EXP002709,PGR-00000598/2026,DOCUMENTO,CIVINT/STIC,CIVINT-STIC-U01,Gabriela Simulada,2026-09-10T10:16:49-03:00,Verificar prazo com a chefia.
ANO002296,EXP002709,PGR-00000598/2026,DOCUMENTO,CIVINT/STIC,CIVINT-STIC-U05,Karina Ensaio,2026-09-08T08:29:00-03:00,Prioridade definida em reunião de equipe.
ANO002297,EXP002710,PGR-00007572/2026,DOCUMENTO,CIVINT/STIC,CIVINT-STIC-U08,Nelson Mock,2026-10-07T17:00:00-03:00,Solicitadas informações complementares ao remetente.
ANO002298,EXP002712,PGR-00071221/2026,DOCUMENTO,CIVINT/STIC,CIVINT-STIC-U02,Heitor Protótipo,2026-07-22T12:11:04-03:00,Relacionado a expediente anterior do mesmo interessado.
ANO002299,EXP002714,PGR-00085102/2026,DOCUMENTO,CIVINT/STIC,CIVINT-STIC-U08,Nelson Mock,2026-09-29T20:38:00-03:00,Conferir anexos antes de movimentar.
ANO002300,EXP002716,PGR-00006865/2026,DOCUMENTO,CIVINT/STIC,CIVINT-STIC-U04,João Rascunho,2026-10-03T10:40:23-03:00,Prioridade definida em reunião de equipe.
ANO002301,EXP002717,PGR-00034701/2026,DOCUMENTO,CIVINT/STIC,CIVINT-STIC-U04,João Rascunho,2026-10-04T17:40:52-03:00,Solicitadas informações complementares ao remetente.
ANO002302,EXP002718,PGR-00089153/2026,DOCUMENTO,CIVINT/STIC,CIVINT-STIC-U01,Gabriela Simulada,2026-10-07T16:34:48-03:00,Verificar prazo com a chefia.
ANO002303,EXP002718,PGR-00089153/2026,DOCUMENTO,CIVINT/STIC,CIVINT-STIC-U06,Lucas Esboço,2026-10-07T15:31:05-03:00,Aguardando manifestação da área técnica.
ANO002304,EXP002720,PGR-00097315/2026,DOCUMENTO,CIVINT/STIC,CIVINT-STIC-U01,Gabriela Simulada,2026-09-25T19:20:48-03:00,Aguardando manifestação da área técnica.
ANO002305,EXP002723,PGR-00029110/2026,DOCUMENTO,CIVINT/STIC,CIVINT-STIC-U03,Isabela Piloto,2026-09-25T08:50:23-03:00,Verificar prazo com a chefia.
ANO002306,EXP002724,PGR-00087666/2026,DOCUMENTO,CIVINT/STIC,CIVINT-STIC-U07,Marina Maquete,2026-10-05T07:25:54-03:00,Prioridade definida em reunião de equipe.
ANO002307,EXP002726,PGR-00020581/2026,DOCUMENTO,CIVINT/STIC,CIVINT-STIC-U06,Lucas Esboço,2026-10-03T10:04:24-03:00,Aguardando retorno de diligência.
ANO002308,EXP002731,PGR-00001327/2026,DOCUMENTO,CIVINT/STIC,CIVINT-STIC-U01,Gabriela Simulada,2026-10-06T11:40:44-03:00,"Minuta revisada, pendente de assinatura."
ANO002309,EXP002731,PGR-00001327/2026,DOCUMENTO,CIVINT/STIC,CIVINT-STIC-U04,João Rascunho,2026-10-06T07:52:53-03:00,Verificar prazo com a chefia.
ANO002310,EXP002731,PGR-00001327/2026,DOCUMENTO,CIVINT/STIC,CIVINT-STIC-U01,Gabriela Simulada,2026-10-05T15:40:42-03:00,Conferir anexos antes de movimentar.
ANO002311,EXP002734,PGR-00066788/2026,DOCUMENTO,CIVINT/STIC,CIVINT-STIC-U08,Nelson Mock,2026-09-21T07:35:45-03:00,Solicitadas informações complementares ao remetente.
ANO002312,EXP002735,PGR-00005973/2026,DOCUMENTO,CIVINT/STIC,CIVINT-STIC-U02,Heitor Protótipo,2026-09-29T23:51:56-03:00,Relacionado a expediente anterior do mesmo interessado.
ANO002313,EXP002736,PGR-00050540/2026,DOCUMENTO,CIVINT/STIC,CIVINT-STIC-U05,Karina Ensaio,2026-03-28T06:04:25-03:00,Aguardando retorno de diligência.
ANO002314,EXP002738,PGR-00079543/2026,DOCUMENTO,CIVINT/STIC,CIVINT-STIC-U07,Marina Maquete,2026-09-17T08:18:50-03:00,Aguardando manifestação da área técnica.
ANO002315,EXP002738,PGR-00079543/2026,DOCUMENTO,CIVINT/STIC,CIVINT-STIC-U04,João Rascunho,2026-08-26T23:39:48-03:00,Aguardando manifestação da área técnica.
ANO002316,EXP002739,PGR-00079965/2026,DOCUMENTO,CIVINT/STIC,CIVINT-STIC-U07,Marina Maquete,2026-10-07T05:38:39-03:00,Verificar prazo com a chefia.
ANO002317,EXP002741,PGR-00083636/2026,DOCUMENTO,CIVINT/STIC,CIVINT-STIC-U02,Heitor Protótipo,2026-09-30T08:49:35-03:00,Conferir anexos antes de movimentar.
ANO002318,EXP002743,PGR-00040281/2026,DOCUMENTO,CIVINT/STIC,CIVINT-STIC-U04,João Rascunho,2026-09-21T23:43:09-03:00,"Minuta revisada, pendente de assinatura."
ANO002319,EXP002744,PGR-00083977/2026,DOCUMENTO,CIVINT/STIC,CIVINT-STIC-U03,Isabela Piloto,2026-06-05T22:46:32-03:00,Relacionado a expediente anterior do mesmo interessado.
ANO002320,EXP002744,PGR-00083977/2026,DOCUMENTO,CIVINT/STIC,CIVINT-STIC-U02,Heitor Protótipo,2026-08-05T07:18:52-03:00,Aguardando retorno de diligência.
ANO002321,EXP002745,PGR-00029162/2026,DOCUMENTO,CIVINT/STIC,CIVINT-STIC-U05,Karina Ensaio,2026-09-24T13:16:03-03:00,Aguardando manifestação da área técnica.
ANO002322,EXP002746,PGR-00098704/2026,DOCUMENTO,CIVINT/STIC,CIVINT-STIC-U08,Nelson Mock,2026-09-27T01:13:56-03:00,Conferir anexos antes de movimentar.
ANO002323,EXP002746,PGR-00098704/2026,DOCUMENTO,CIVINT/STIC,CIVINT-STIC-U08,Nelson Mock,2026-10-02T19:05:19-03:00,Relacionado a expediente anterior do mesmo interessado.
ANO002324,EXP002746,PGR-00098704/2026,DOCUMENTO,CIVINT/STIC,CIVINT-STIC-U04,João Rascunho,2026-10-01T06:44:32-03:00,Conferir anexos antes de movimentar.
ANO002325,EXP002747,PGR-00044312/2026,DOCUMENTO,CIVINT/STIC,CIVINT-STIC-U04,João Rascunho,2026-08-23T15:48:34-03:00,"Minuta revisada, pendente de assinatura."
ANO002326,EXP002747,PGR-00044312/2026,DOCUMENTO,CIVINT/STIC,CIVINT-STIC-U01,Gabriela Simulada,2026-07-20T01:47:04-03:00,Verificar prazo com a chefia.
ANO002327,EXP002748,PGR-00063795/2026,DOCUMENTO,CIVINT/STIC,CIVINT-STIC-U03,Isabela Piloto,2026-09-27T07:56:58-03:00,Solicitadas informações complementares ao remetente.
ANO002328,EXP002749,PGR-00015538/2026,DOCUMENTO,CIVINT/STIC,CIVINT-STIC-U07,Marina Maquete,2026-10-05T13:45:02-03:00,"Minuta revisada, pendente de assinatura."
ANO002329,EXP002750,PGR-00044098/2026,DOCUMENTO,CIVINT/STIC,CIVINT-STIC-U06,Lucas Esboço,2026-10-05T07:15:55-03:00,Verificar prazo com a chefia.
ANO002330,EXP002751,PGR-00079129/2026,DOCUMENTO,CIVINT/STIC,CIVINT-STIC-U03,Isabela Piloto,2026-10-02T11:14:28-03:00,Aguardando retorno de diligência.
ANO002331,EXP002751,PGR-00079129/2026,DOCUMENTO,CIVINT/STIC,CIVINT-STIC-U06,Lucas Esboço,2026-09-30T22:44:21-03:00,Verificar prazo com a chefia.
ANO002332,EXP002751,PGR-00079129/2026,DOCUMENTO,CIVINT/STIC,CIVINT-STIC-U08,Nelson Mock,2026-09-23T14:33:36-03:00,Solicitadas informações complementares ao remetente.
ANO002333,EXP002752,PGR-00091930/2026,DOCUMENTO,CIVINT/STIC,CIVINT-STIC-U04,João Rascunho,2026-10-03T15:45:35-03:00,Verificar prazo com a chefia.
ANO002334,EXP002756,PGR-00024780/2026,DOCUMENTO,CIVINT/STIC,CIVINT-STIC-U02,Heitor Protótipo,2026-08-29T03:46:59-03:00,"Minuta revisada, pendente de assinatura."
ANO002335,EXP002758,PGR-00075417/2026,DOCUMENTO,CIVINT/STIC,CIVINT-STIC-U03,Isabela Piloto,2026-09-29T06:51:00-03:00,Aguardando retorno de diligência.
ANO002336,EXP002760,PGR-00013496/2026,DOCUMENTO,CIVINT/STIC,CIVINT-STIC-U06,Lucas Esboço,2026-09-22T11:45:32-03:00,Conferir anexos antes de movimentar.
ANO002337,EXP002760,PGR-00013496/2026,DOCUMENTO,CIVINT/STIC,CIVINT-STIC-U03,Isabela Piloto,2026-10-05T10:21:10-03:00,Verificar prazo com a chefia.
ANO002338,EXP002761,PGR-00054244/2026,DOCUMENTO,CIVINT/STIC,CIVINT-STIC-U03,Isabela Piloto,2026-10-04T07:47:31-03:00,Conferir anexos antes de movimentar.
ANO002339,EXP002761,PGR-00054244/2026,DOCUMENTO,CIVINT/STIC,CIVINT-STIC-U03,Isabela Piloto,2026-10-04T16:03:01-03:00,Solicitadas informações complementares ao remetente.
ANO002340,EXP002763,PGR-00068933/2026,DOCUMENTO,CIVINT/STIC,CIVINT-STIC-U06,Lucas Esboço,2026-10-06T06:48:16-03:00,Aguardando manifestação da área técnica.
ANO002341,EXP002763,PGR-00068933/2026,DOCUMENTO,CIVINT/STIC,CIVINT-STIC-U01,Gabriela Simulada,2026-10-04T12:04:02-03:00,Conferir anexos antes de movimentar.
ANO002342,EXP002763,PGR-00068933/2026,DOCUMENTO,CIVINT/STIC,CIVINT-STIC-U03,Isabela Piloto,2026-10-06T11:31:11-03:00,Aguardando manifestação da área técnica.
ANO002343,EXP002766,PGR-00085677/2026,DOCUMENTO,CIVINT/STIC,CIVINT-STIC-U03,Isabela Piloto,2026-09-27T17:47:22-03:00,Aguardando retorno de diligência.
ANO002344,EXP002767,PGR-00017271/2026,DOCUMENTO,CIVINT/STIC,CIVINT-STIC-U03,Isabela Piloto,2026-10-07T01:54:45-03:00,Solicitadas informações complementares ao remetente.
ANO002345,EXP002770,PGR-00015572/2026,DOCUMENTO,CIVINT/STIC,CIVINT-STIC-U07,Marina Maquete,2026-10-04T17:44:20-03:00,Solicitadas informações complementares ao remetente.
ANO002346,EXP002771,PGR-00015787/2026,DOCUMENTO,CIVINT/STIC,CIVINT-STIC-U04,João Rascunho,2026-10-07T05:36:00-03:00,Aguardando retorno de diligência.
ANO002347,EXP002772,PGR-00095003/2026,DOCUMENTO,CIVINT/STIC,CIVINT-STIC-U07,Marina Maquete,2026-10-07T06:42:03-03:00,Conferir anexos antes de movimentar.
ANO002348,EXP002773,PGR-00094245/2026,DOCUMENTO,CIVINT/STIC,CIVINT-STIC-U08,Nelson Mock,2026-10-03T20:43:02-03:00,Prioridade definida em reunião de equipe.
ANO002349,EXP002774,PGR-00017047/2026,DOCUMENTO,CIVINT/STIC,CIVINT-STIC-U08,Nelson Mock,2026-10-07T15:30:08-03:00,"Minuta revisada, pendente de assinatura."
ANO002350,EXP002775,PGR-00034895/2026,DOCUMENTO,CIVINT/STIC,CIVINT-STIC-U08,Nelson Mock,2026-10-03T07:46:07-03:00,"Minuta revisada, pendente de assinatura."
ANO002351,EXP002776,PGR-00037882/2026,DOCUMENTO,CIVINT/STIC,CIVINT-STIC-U04,João Rascunho,2026-08-31T16:02:41-03:00,Solicitadas informações complementares ao remetente.
ANO002352,EXP002776,PGR-00037882/2026,DOCUMENTO,CIVINT/STIC,CIVINT-STIC-U03,Isabela Piloto,2026-08-11T00:02:45-03:00,Aguardando retorno de diligência.
ANO002353,EXP002777,PGR-00083963/2026,DOCUMENTO,CIVINT/STIC,CIVINT-STIC-U08,Nelson Mock,2026-10-07T13:02:54-03:00,Relacionado a expediente anterior do mesmo interessado.
ANO002354,EXP002780,PGR-00086462/2026,DOCUMENTO,CIVINT/STIC,CIVINT-STIC-U04,João Rascunho,2026-09-24T22:44:21-03:00,Aguardando retorno de diligência.
ANO002355,EXP002783,PGR-00025939/2026,DOCUMENTO,CIVINT/STIC,CIVINT-STIC-U05,Karina Ensaio,2026-10-03T23:58:36-03:00,Verificar prazo com a chefia.
ANO002356,EXP002783,PGR-00025939/2026,DOCUMENTO,CIVINT/STIC,CIVINT-STIC-U08,Nelson Mock,2026-09-28T12:10:41-03:00,Aguardando manifestação da área técnica.
ANO002357,EXP002784,PGR-00008816/2026,DOCUMENTO,CIVINT/STIC,CIVINT-STIC-U03,Isabela Piloto,2026-10-04T09:23:42-03:00,Solicitadas informações complementares ao remetente.
ANO002358,EXP002785,PGR-00030929/2026,DOCUMENTO,CIVINT/STIC,CIVINT-STIC-U08,Nelson Mock,2026-10-05T11:40:22-03:00,Solicitadas informações complementares ao remetente.
ANO002359,EXP002785,PGR-00030929/2026,DOCUMENTO,CIVINT/STIC,CIVINT-STIC-U08,Nelson Mock,2026-10-03T03:26:11-03:00,Relacionado a expediente anterior do mesmo interessado.
ANO002360,EXP002788,PGR-00065212/2026,DOCUMENTO,CIVINT/STIC,CIVINT-STIC-U05,Karina Ensaio,2026-10-07T17:00:00-03:00,Conferir anexos antes de movimentar.
ANO002361,EXP002792,PGR-00034762/2026,DOCUMENTO,CIVINT/STIC,CIVINT-STIC-U04,João Rascunho,2026-10-01T21:22:58-03:00,Solicitadas informações complementares ao remetente.
ANO002362,EXP002793,PGR-00018643/2026,DOCUMENTO,CIVINT/STIC,CIVINT-STIC-U04,João Rascunho,2026-10-06T19:55:57-03:00,"Minuta revisada, pendente de assinatura."
ANO002363,EXP002793,PGR-00018643/2026,DOCUMENTO,CIVINT/STIC,CIVINT-STIC-U02,Heitor Protótipo,2026-10-03T06:35:18-03:00,Verificar prazo com a chefia.
ANO002364,EXP002793,PGR-00018643/2026,DOCUMENTO,CIVINT/STIC,CIVINT-STIC-U01,Gabriela Simulada,2026-10-03T02:21:35-03:00,Relacionado a expediente anterior do mesmo interessado.
ANO002365,EXP002796,PGR-00077157/2026,DOCUMENTO,CIVINT/STIC,CIVINT-STIC-U01,Gabriela Simulada,2026-09-30T17:14:02-03:00,Conferir anexos antes de movimentar.
ANO002366,EXP002797,PGR-00050973/2026,DOCUMENTO,CIVINT/STIC,CIVINT-STIC-U02,Heitor Protótipo,2026-09-15T16:32:41-03:00,"Minuta revisada, pendente de assinatura."
ANO002367,EXP002798,PGR-00041962/2026,DOCUMENTO,CIVINT/STIC,CIVINT-STIC-U07,Marina Maquete,2026-09-25T09:31:15-03:00,Aguardando retorno de diligência.
ANO002368,EXP002798,PGR-00041962/2026,DOCUMENTO,CIVINT/STIC,CIVINT-STIC-U08,Nelson Mock,2026-09-29T11:03:14-03:00,Aguardando manifestação da área técnica.
ANO002369,EXP002798,PGR-00041962/2026,DOCUMENTO,CIVINT/STIC,CIVINT-STIC-U07,Marina Maquete,2026-09-14T06:12:13-03:00,"Minuta revisada, pendente de assinatura."
ANO002370,EXP002799,PGR-00088645/2026,DOCUMENTO,CIVINT/STIC,CIVINT-STIC-U02,Heitor Protótipo,2026-09-29T23:06:52-03:00,Verificar prazo com a chefia.
ANO002371,EXP002800,PGR-00018106/2026,DOCUMENTO,CIVINT/STIC,CIVINT-STIC-U01,Gabriela Simulada,2026-09-22T12:39:02-03:00,"Minuta revisada, pendente de assinatura."
ANO002372,EXP002800,PGR-00018106/2026,DOCUMENTO,CIVINT/STIC,CIVINT-STIC-U08,Nelson Mock,2026-09-29T03:04:45-03:00,Prioridade definida em reunião de equipe.
ANO002373,EXP002801,PGR-00034973/2026,DOCUMENTO,CIVINT/STIC,CIVINT-STIC-U02,Heitor Protótipo,2026-09-22T01:14:40-03:00,Aguardando retorno de diligência.
ANO002374,EXP002804,PGR-00031551/2026,DOCUMENTO,CIVINT/STIC,CIVINT-STIC-U02,Heitor Protótipo,2026-10-06T15:06:57-03:00,Relacionado a expediente anterior do mesmo interessado.
ANO002375,EXP002806,PGR-00091515/2026,DOCUMENTO,CIVINT/STIC,CIVINT-STIC-U03,Isabela Piloto,2026-09-27T12:41:01-03:00,Solicitadas informações complementares ao remetente.
ANO002376,EXP002807,PGR-00070578/2026,DOCUMENTO,CIVINT/STIC,CIVINT-STIC-U02,Heitor Protótipo,2026-10-06T22:31:09-03:00,Prioridade definida em reunião de equipe.
ANO002377,EXP002807,PGR-00070578/2026,DOCUMENTO,CIVINT/STIC,CIVINT-STIC-U04,João Rascunho,2026-10-05T23:55:53-03:00,Prioridade definida em reunião de equipe.
ANO002378,EXP002810,PGR-00099820/2026,DOCUMENTO,CIVINT/STIC,CIVINT-STIC-U01,Gabriela Simulada,2026-10-05T21:18:23-03:00,Aguardando manifestação da área técnica.
ANO002379,EXP002810,PGR-00099820/2026,DOCUMENTO,CIVINT/STIC,CIVINT-STIC-U02,Heitor Protótipo,2026-10-02T10:27:55-03:00,Relacionado a expediente anterior do mesmo interessado.
ANO002380,EXP002811,PGR-00020293/2026,DOCUMENTO,CIVINT/STIC,CIVINT-STIC-U08,Nelson Mock,2026-10-02T12:42:43-03:00,Aguardando retorno de diligência.
ANO002381,EXP002811,PGR-00020293/2026,DOCUMENTO,CIVINT/STIC,CIVINT-STIC-U07,Marina Maquete,2026-09-24T19:59:54-03:00,Aguardando retorno de diligência.
ANO002382,EXP002813,PGR-00003792/2026,DOCUMENTO,CIVINT/STIC,CIVINT-STIC-U07,Marina Maquete,2026-10-03T13:27:30-03:00,Relacionado a expediente anterior do mesmo interessado.
ANO002383,EXP002814,PGR-00092448/2026,DOCUMENTO,CIVINT/STIC,CIVINT-STIC-U04,João Rascunho,2026-10-06T05:04:35-03:00,Solicitadas informações complementares ao remetente.
ANO002384,EXP002814,PGR-00092448/2026,DOCUMENTO,CIVINT/STIC,CIVINT-STIC-U05,Karina Ensaio,2026-10-06T17:02:57-03:00,Conferir anexos antes de movimentar.
ANO002385,EXP002814,PGR-00092448/2026,DOCUMENTO,CIVINT/STIC,CIVINT-STIC-U01,Gabriela Simulada,2026-10-07T08:24:25-03:00,Verificar prazo com a chefia.
ANO002386,EXP002815,PGR-00036776/2026,DOCUMENTO,CIVINT/STIC,CIVINT-STIC-U01,Gabriela Simulada,2026-08-17T03:48:47-03:00,Solicitadas informações complementares ao remetente.
ANO002387,EXP002815,PGR-00036776/2026,DOCUMENTO,CIVINT/STIC,CIVINT-STIC-U02,Heitor Protótipo,2026-07-31T22:00:34-03:00,Aguardando manifestação da área técnica.
ANO002388,EXP002815,PGR-00036776/2026,DOCUMENTO,CIVINT/STIC,CIVINT-STIC-U07,Marina Maquete,2026-07-05T01:26:17-03:00,Relacionado a expediente anterior do mesmo interessado.
ANO002389,EXP002817,PGR-00055003/2026,DOCUMENTO,CIVINT/STIC,CIVINT-STIC-U02,Heitor Protótipo,2026-10-07T17:00:00-03:00,Aguardando retorno de diligência.
ANO002390,EXP002819,PGR-00018278/2026,DOCUMENTO,CIVINT/STIC,CIVINT-STIC-U02,Heitor Protótipo,2026-10-05T02:36:30-03:00,Conferir anexos antes de movimentar.
ANO002391,EXP002819,PGR-00018278/2026,DOCUMENTO,CIVINT/STIC,CIVINT-STIC-U02,Heitor Protótipo,2026-09-09T18:44:48-03:00,"Minuta revisada, pendente de assinatura."
ANO002392,EXP002819,PGR-00018278/2026,DOCUMENTO,CIVINT/STIC,CIVINT-STIC-U02,Heitor Protótipo,2026-10-01T22:06:42-03:00,Relacionado a expediente anterior do mesmo interessado.
ANO002393,EXP002822,PGR-00041451/2026,DOCUMENTO,CIVINT/STIC,CIVINT-STIC-U02,Heitor Protótipo,2026-10-02T22:19:28-03:00,Aguardando manifestação da área técnica.
ANO002394,EXP002823,PGR-00014183/2026,DOCUMENTO,CIVINT/STIC,CIVINT-STIC-U04,João Rascunho,2026-09-28T16:02:39-03:00,Prioridade definida em reunião de equipe.
ANO002395,EXP002824,PGR-00025595/2026,DOCUMENTO,CIVINT/STIC,CIVINT-STIC-U01,Gabriela Simulada,2026-09-28T14:23:15-03:00,Aguardando retorno de diligência.
ANO002396,EXP002824,PGR-00025595/2026,DOCUMENTO,CIVINT/STIC,CIVINT-STIC-U08,Nelson Mock,2026-10-05T18:17:23-03:00,Solicitadas informações complementares ao remetente.
ANO002397,EXP002826,PGR-00054248/2026,DOCUMENTO,CIVINT/STIC,CIVINT-STIC-U03,Isabela Piloto,2026-07-20T18:01:43-03:00,"Minuta revisada, pendente de assinatura."
ANO002398,EXP002828,PGR-00058896/2026,DOCUMENTO,CIVINT/STIC,CIVINT-STIC-U04,João Rascunho,2026-09-24T07:24:11-03:00,Aguardando retorno de diligência.
ANO002399,EXP002831,PGR-00009354/2026,DOCUMENTO,CIVINT/STIC,CIVINT-STIC-U08,Nelson Mock,2026-09-05T05:48:35-03:00,Aguardando retorno de diligência.
ANO002400,EXP002832,PGR-00031201/2026,DOCUMENTO,CIVINT/STIC,CIVINT-STIC-U04,João Rascunho,2026-07-26T03:27:49-03:00,Aguardando manifestação da área técnica.
ANO002401,EXP002832,PGR-00031201/2026,DOCUMENTO,CIVINT/STIC,CIVINT-STIC-U05,Karina Ensaio,2026-07-13T10:58:05-03:00,Conferir anexos antes de movimentar.
ANO002402,EXP002832,PGR-00031201/2026,DOCUMENTO,CIVINT/STIC,CIVINT-STIC-U04,João Rascunho,2026-09-21T04:10:49-03:00,"Minuta revisada, pendente de assinatura."
ANO002403,EXP002833,PGR-00014326/2026,DOCUMENTO,CIVINT/STIC,CIVINT-STIC-U08,Nelson Mock,2026-09-24T20:29:49-03:00,Verificar prazo com a chefia.
ANO002404,EXP002833,PGR-00014326/2026,DOCUMENTO,CIVINT/STIC,CIVINT-STIC-U07,Marina Maquete,2026-08-21T18:21:32-03:00,Conferir anexos antes de movimentar.
ANO002405,EXP002833,PGR-00014326/2026,DOCUMENTO,CIVINT/STIC,CIVINT-STIC-U07,Marina Maquete,2026-09-21T11:51:13-03:00,Verificar prazo com a chefia.
ANO002406,EXP002834,PGR-00072159/2026,DOCUMENTO,CIVINT/STIC,CIVINT-STIC-U01,Gabriela Simulada,2026-10-03T03:51:29-03:00,Conferir anexos antes de movimentar.
ANO002407,EXP002834,PGR-00072159/2026,DOCUMENTO,CIVINT/STIC,CIVINT-STIC-U03,Isabela Piloto,2026-09-29T13:37:14-03:00,Solicitadas informações complementares ao remetente.
ANO002408,EXP002835,PGR-00047709/2026,DOCUMENTO,CIVINT/STIC,CIVINT-STIC-U02,Heitor Protótipo,2026-09-19T00:41:44-03:00,Conferir anexos antes de movimentar.
ANO002409,EXP002836,PGR-00030210/2026,DOCUMENTO,CIVINT/STIC,CIVINT-STIC-U02,Heitor Protótipo,2026-09-21T18:17:12-03:00,Aguardando retorno de diligência.
ANO002410,EXP002836,PGR-00030210/2026,DOCUMENTO,CIVINT/STIC,CIVINT-STIC-U04,João Rascunho,2026-09-05T03:38:48-03:00,Conferir anexos antes de movimentar.
ANO002411,EXP002837,PGR-00079142/2026,DOCUMENTO,CIVINT/STIC,CIVINT-STIC-U08,Nelson Mock,2026-08-08T04:11:16-03:00,"Minuta revisada, pendente de assinatura."
ANO002412,EXP002840,PGR-00056570/2026,DOCUMENTO,CIVINT/STIC,CIVINT-STIC-U04,João Rascunho,2026-10-02T00:44:33-03:00,Conferir anexos antes de movimentar.
ANO002413,EXP002840,PGR-00056570/2026,DOCUMENTO,CIVINT/STIC,CIVINT-STIC-U03,Isabela Piloto,2026-10-02T23:55:44-03:00,Aguardando retorno de diligência.
ANO002414,EXP002840,PGR-00056570/2026,DOCUMENTO,CIVINT/STIC,CIVINT-STIC-U06,Lucas Esboço,2026-09-30T12:11:32-03:00,Relacionado a expediente anterior do mesmo interessado.
ANO002415,EXP002841,PGR-00064172/2026,DOCUMENTO,CIVINT/STIC,CIVINT-STIC-U06,Lucas Esboço,2026-10-06T21:30:46-03:00,Aguardando retorno de diligência.
ANO002416,EXP002842,PGR-00073316/2026,DOCUMENTO,CIVINT/STIC,CIVINT-STIC-U06,Lucas Esboço,2026-08-04T20:03:21-03:00,Aguardando retorno de diligência.
ANO002417,EXP002842,PGR-00073316/2026,DOCUMENTO,CIVINT/STIC,CIVINT-STIC-U06,Lucas Esboço,2026-09-19T22:40:50-03:00,Conferir anexos antes de movimentar.
ANO002418,EXP002842,PGR-00073316/2026,DOCUMENTO,CIVINT/STIC,CIVINT-STIC-U05,Karina Ensaio,2026-09-01T21:58:18-03:00,Conferir anexos antes de movimentar.
ANO002419,EXP002843,PGR-00091189/2026,DOCUMENTO,CIVINT/STIC,CIVINT-STIC-U03,Isabela Piloto,2026-09-11T09:58:22-03:00,Conferir anexos antes de movimentar.
ANO002420,EXP002843,PGR-00091189/2026,DOCUMENTO,CIVINT/STIC,CIVINT-STIC-U06,Lucas Esboço,2026-09-24T12:46:41-03:00,Aguardando retorno de diligência.
ANO002421,EXP002844,PGR-00007864/2026,DOCUMENTO,CIVINT/STIC,CIVINT-STIC-U03,Isabela Piloto,2026-09-28T21:14:28-03:00,Verificar prazo com a chefia.
ANO002422,EXP002845,PGR-00054539/2026,DOCUMENTO,CIVINT/STIC,CIVINT-STIC-U02,Heitor Protótipo,2026-08-26T15:27:41-03:00,Aguardando manifestação da área técnica.
ANO002423,EXP002845,PGR-00054539/2026,DOCUMENTO,CIVINT/STIC,CIVINT-STIC-U05,Karina Ensaio,2026-08-08T03:03:34-03:00,Aguardando manifestação da área técnica.
ANO002424,EXP002846,PGR-00020055/2026,DOCUMENTO,CIVINT/STIC,CIVINT-STIC-U04,João Rascunho,2026-10-06T03:44:59-03:00,"Minuta revisada, pendente de assinatura."
ANO002425,EXP002848,PGR-00044925/2026,DOCUMENTO,CIVINT/STIC,CIVINT-STIC-U05,Karina Ensaio,2026-09-24T21:11:27-03:00,Relacionado a expediente anterior do mesmo interessado.
ANO002426,EXP002848,PGR-00044925/2026,DOCUMENTO,CIVINT/STIC,CIVINT-STIC-U03,Isabela Piloto,2026-09-01T06:06:10-03:00,Aguardando manifestação da área técnica.
ANO002427,EXP002852,PGR-00080924/2026,DOCUMENTO,CIVINT/STIC,CIVINT-STIC-U02,Heitor Protótipo,2026-09-18T02:38:56-03:00,Relacionado a expediente anterior do mesmo interessado.
ANO002428,EXP002852,PGR-00080924/2026,DOCUMENTO,CIVINT/STIC,CIVINT-STIC-U08,Nelson Mock,2026-09-29T04:32:49-03:00,Relacionado a expediente anterior do mesmo interessado.
ANO002429,EXP002852,PGR-00080924/2026,DOCUMENTO,CIVINT/STIC,CIVINT-STIC-U01,Gabriela Simulada,2026-10-02T13:19:04-03:00,Relacionado a expediente anterior do mesmo interessado.
ANO002430,EXP002853,PGR-00002665/2026,DOCUMENTO,CIVINT/STIC,CIVINT-STIC-U07,Marina Maquete,2026-10-06T15:00:04-03:00,Conferir anexos antes de movimentar.
ANO002431,EXP002854,PGR-00072834/2026,DOCUMENTO,CIVINT/STIC,CIVINT-STIC-U04,João Rascunho,2026-09-05T19:29:08-03:00,Verificar prazo com a chefia.
ANO002432,EXP002855,PGR-00037547/2026,DOCUMENTO,CIVINT/STIC,CIVINT-STIC-U05,Karina Ensaio,2026-09-30T09:29:44-03:00,Relacionado a expediente anterior do mesmo interessado.
ANO002433,EXP002856,PGR-00089178/2026,DOCUMENTO,CIVINT/STIC,CIVINT-STIC-U05,Karina Ensaio,2026-10-07T13:42:12-03:00,Verificar prazo com a chefia.
ANO002434,EXP002857,PGR-00037135/2026,DOCUMENTO,CIVINT/STIC,CIVINT-STIC-U04,João Rascunho,2026-07-06T07:20:03-03:00,Aguardando manifestação da área técnica.
ANO002435,EXP002859,PGR-00095886/2026,DOCUMENTO,CIVINT/STIC,CIVINT-STIC-U07,Marina Maquete,2026-10-05T11:41:57-03:00,Relacionado a expediente anterior do mesmo interessado.
ANO002436,EXP002862,PGR-00086210/2026,DOCUMENTO,CIVINT/STIC,CIVINT-STIC-U05,Karina Ensaio,2026-10-04T00:16:49-03:00,Aguardando manifestação da área técnica.
ANO002437,EXP002862,PGR-00086210/2026,DOCUMENTO,CIVINT/STIC,CIVINT-STIC-U01,Gabriela Simulada,2026-10-05T00:29:38-03:00,Solicitadas informações complementares ao remetente.
ANO002438,EXP002862,PGR-00086210/2026,DOCUMENTO,CIVINT/STIC,CIVINT-STIC-U07,Marina Maquete,2026-09-30T06:18:25-03:00,Aguardando retorno de diligência.
ANO002439,EXP002863,PGR-00008291/2026,DOCUMENTO,CIVINT/STIC,CIVINT-STIC-U07,Marina Maquete,2026-10-06T20:53:46-03:00,"Minuta revisada, pendente de assinatura."
ANO002440,EXP002863,PGR-00008291/2026,DOCUMENTO,CIVINT/STIC,CIVINT-STIC-U04,João Rascunho,2026-10-06T10:26:21-03:00,Aguardando retorno de diligência.
ANO002441,EXP002864,PGR-00024330/2026,DOCUMENTO,CIVINT/STIC,CIVINT-STIC-U08,Nelson Mock,2026-09-26T19:27:06-03:00,Conferir anexos antes de movimentar.
ANO002442,EXP002864,PGR-00024330/2026,DOCUMENTO,CIVINT/STIC,CIVINT-STIC-U05,Karina Ensaio,2026-10-02T16:47:51-03:00,Prioridade definida em reunião de equipe.
ANO002443,EXP002864,PGR-00024330/2026,DOCUMENTO,CIVINT/STIC,CIVINT-STIC-U04,João Rascunho,2026-10-05T06:22:18-03:00,Relacionado a expediente anterior do mesmo interessado.
ANO002444,EXP002865,PGR-00037794/2026,DOCUMENTO,CIVINT/STIC,CIVINT-STIC-U06,Lucas Esboço,2026-10-07T05:24:14-03:00,Relacionado a expediente anterior do mesmo interessado.
ANO002445,EXP002865,PGR-00037794/2026,DOCUMENTO,CIVINT/STIC,CIVINT-STIC-U04,João Rascunho,2026-09-26T07:17:18-03:00,Verificar prazo com a chefia.
ANO002446,EXP002867,PGR-00064674/2026,DOCUMENTO,CIVINT/STIC,CIVINT-STIC-U06,Lucas Esboço,2026-09-29T16:08:40-03:00,Verificar prazo com a chefia.
ANO002447,EXP002868,PGR-00084284/2026,DOCUMENTO,CIVINT/STIC,CIVINT-STIC-U08,Nelson Mock,2026-10-02T23:03:33-03:00,Verificar prazo com a chefia.
ANO002448,EXP002869,PGR-00094709/2026,DOCUMENTO,CIVINT/STIC,CIVINT-STIC-U06,Lucas Esboço,2026-10-03T00:24:32-03:00,"Minuta revisada, pendente de assinatura."
ANO002449,EXP002870,PGR-00075973/2026,DOCUMENTO,CIVINT/STIC,CIVINT-STIC-U01,Gabriela Simulada,2026-10-02T01:53:07-03:00,Solicitadas informações complementares ao remetente.
ANO002450,EXP002872,PGR-00004373/2026,DOCUMENTO,CIVINT/STIC,CIVINT-STIC-U05,Karina Ensaio,2026-06-26T12:07:30-03:00,Solicitadas informações complementares ao remetente.
ANO002451,EXP002873,PGR-00009649/2026,DOCUMENTO,CIVINT/STIC,CIVINT-STIC-U04,João Rascunho,2026-10-07T11:17:00-03:00,Verificar prazo com a chefia.
ANO002452,EXP002874,PGR-00015091/2026,DOCUMENTO,CIVINT/STIC,CIVINT-STIC-U02,Heitor Protótipo,2026-10-07T08:05:28-03:00,Relacionado a expediente anterior do mesmo interessado.
ANO002453,EXP002874,PGR-00015091/2026,DOCUMENTO,CIVINT/STIC,CIVINT-STIC-U04,João Rascunho,2026-10-06T01:40:36-03:00,Conferir anexos antes de movimentar.
ANO002454,EXP002874,PGR-00015091/2026,DOCUMENTO,CIVINT/STIC,CIVINT-STIC-U04,João Rascunho,2026-10-02T11:47:58-03:00,Solicitadas informações complementares ao remetente.
ANO002455,EXP002876,PGR-00041376/2026,DOCUMENTO,CIVINT/STIC,CIVINT-STIC-U05,Karina Ensaio,2026-09-28T08:57:10-03:00,Verificar prazo com a chefia.
ANO002456,EXP002877,PGR-00099218/2026,DOCUMENTO,CIVINT/STIC,CIVINT-STIC-U02,Heitor Protótipo,2026-09-23T10:26:57-03:00,Verificar prazo com a chefia.
ANO002457,EXP002878,PGR-00083489/2026,DOCUMENTO,CIVINT/STIC,CIVINT-STIC-U02,Heitor Protótipo,2026-10-07T00:51:44-03:00,Relacionado a expediente anterior do mesmo interessado.
ANO002458,EXP002879,PGR-00030576/2026,DOCUMENTO,CIVINT/STIC,CIVINT-STIC-U04,João Rascunho,2026-09-29T13:16:51-03:00,Aguardando retorno de diligência.
ANO002459,EXP002879,PGR-00030576/2026,DOCUMENTO,CIVINT/STIC,CIVINT-STIC-U02,Heitor Protótipo,2026-10-04T17:56:57-03:00,Conferir anexos antes de movimentar.
ANO002460,EXP002879,PGR-00030576/2026,DOCUMENTO,CIVINT/STIC,CIVINT-STIC-U05,Karina Ensaio,2026-09-17T22:14:57-03:00,Prioridade definida em reunião de equipe.
ANO002461,EXP002880,PGR-00070086/2026,DOCUMENTO,CIVINT/STIC,CIVINT-STIC-U04,João Rascunho,2026-10-07T04:40:41-03:00,Verificar prazo com a chefia.
ANO002462,EXP002882,PGR-00068881/2026,DOCUMENTO,CIVINT/STIC,CIVINT-STIC-U06,Lucas Esboço,2026-08-15T21:21:26-03:00,Aguardando manifestação da área técnica.
ANO002463,EXP002883,PGR-00013056/2026,DOCUMENTO,CIVINT/STIC,CIVINT-STIC-U05,Karina Ensaio,2026-09-24T14:15:25-03:00,Relacionado a expediente anterior do mesmo interessado.
ANO002464,EXP002884,PGR-00033075/2026,DOCUMENTO,CIVINT/STIC,CIVINT-STIC-U04,João Rascunho,2026-07-30T07:11:55-03:00,Solicitadas informações complementares ao remetente.
ANO002465,EXP002885,PGR-00054499/2026,DOCUMENTO,CIVINT/STIC,CIVINT-STIC-U04,João Rascunho,2026-10-06T05:53:25-03:00,Aguardando manifestação da área técnica.
ANO002466,EXP002886,PGR-00084667/2026,DOCUMENTO,CIVINT/STIC,CIVINT-STIC-U02,Heitor Protótipo,2026-07-31T10:58:06-03:00,"Minuta revisada, pendente de assinatura."
ANO002467,EXP002886,PGR-00084667/2026,DOCUMENTO,CIVINT/STIC,CIVINT-STIC-U07,Marina Maquete,2026-09-10T12:51:17-03:00,Prioridade definida em reunião de equipe.
ANO002468,EXP002887,PGR-00091940/2026,DOCUMENTO,CIVINT/STIC,CIVINT-STIC-U02,Heitor Protótipo,2026-09-01T23:17:24-03:00,Relacionado a expediente anterior do mesmo interessado.
ANO002469,EXP002888,PGR-00063064/2026,DOCUMENTO,CIVINT/STIC,CIVINT-STIC-U04,João Rascunho,2026-09-24T03:26:10-03:00,Solicitadas informações complementares ao remetente.
ANO002470,EXP002889,PGR-00055475/2026,DOCUMENTO,CIVINT/STIC,CIVINT-STIC-U03,Isabela Piloto,2026-10-07T04:19:09-03:00,Conferir anexos antes de movimentar.
ANO002471,EXP002889,PGR-00055475/2026,DOCUMENTO,CIVINT/STIC,CIVINT-STIC-U08,Nelson Mock,2026-10-06T20:28:53-03:00,Aguardando manifestação da área técnica.
ANO002472,EXP002891,PGR-00072224/2026,DOCUMENTO,CIVINT/STIC,CIVINT-STIC-U08,Nelson Mock,2026-10-06T02:41:02-03:00,"Minuta revisada, pendente de assinatura."
ANO002473,EXP002892,PGR-00023753/2026,DOCUMENTO,CIVINT/STIC,CIVINT-STIC-U08,Nelson Mock,2026-10-02T12:27:44-03:00,Aguardando manifestação da área técnica.
ANO002474,EXP002892,PGR-00023753/2026,DOCUMENTO,CIVINT/STIC,CIVINT-STIC-U08,Nelson Mock,2026-09-06T16:59:21-03:00,Conferir anexos antes de movimentar.
ANO002475,EXP002893,PGR-00024302/2026,DOCUMENTO,CIVINT/STIC,CIVINT-STIC-U06,Lucas Esboço,2026-09-29T00:19:19-03:00,Aguardando retorno de diligência.
ANO002476,EXP002893,PGR-00024302/2026,DOCUMENTO,CIVINT/STIC,CIVINT-STIC-U06,Lucas Esboço,2026-10-01T17:16:25-03:00,Conferir anexos antes de movimentar.
ANO002477,EXP002894,PGR-00078938/2026,DOCUMENTO,CIVINT/STIC,CIVINT-STIC-U04,João Rascunho,2026-10-04T03:56:01-03:00,Relacionado a expediente anterior do mesmo interessado.
ANO002478,EXP002894,PGR-00078938/2026,DOCUMENTO,CIVINT/STIC,CIVINT-STIC-U03,Isabela Piloto,2026-10-04T12:29:42-03:00,"Minuta revisada, pendente de assinatura."
ANO002479,EXP002895,PGR-00030812/2026,DOCUMENTO,CIVINT/STIC,CIVINT-STIC-U04,João Rascunho,2026-10-03T23:03:42-03:00,Relacionado a expediente anterior do mesmo interessado.
ANO002480,EXP002896,PGR-00094655/2026,DOCUMENTO,CIVINT/STIC,CIVINT-STIC-U08,Nelson Mock,2026-09-14T06:35:25-03:00,"Minuta revisada, pendente de assinatura."
ANO002481,EXP002897,PGR-00033490/2026,DOCUMENTO,CIVINT/STIC,CIVINT-STIC-U04,João Rascunho,2026-10-02T03:56:53-03:00,Aguardando manifestação da área técnica.
ANO002482,EXP002897,PGR-00033490/2026,DOCUMENTO,CIVINT/STIC,CIVINT-STIC-U06,Lucas Esboço,2026-10-07T13:51:00-03:00,"Minuta revisada, pendente de assinatura."
ANO002483,EXP002898,PGR-00013000/2026,DOCUMENTO,CIVINT/STIC,CIVINT-STIC-U05,Karina Ensaio,2026-09-27T20:27:19-03:00,Aguardando manifestação da área técnica.
ANO002484,EXP002899,PGR-00056153/2026,DOCUMENTO,CIVINT/STIC,CIVINT-STIC-U01,Gabriela Simulada,2026-09-29T14:26:17-03:00,Aguardando retorno de diligência.
ANO002485,EXP002899,PGR-00056153/2026,DOCUMENTO,CIVINT/STIC,CIVINT-STIC-U07,Marina Maquete,2026-10-07T15:10:58-03:00,Aguardando manifestação da área técnica.
ANO002486,EXP002899,PGR-00056153/2026,DOCUMENTO,CIVINT/STIC,CIVINT-STIC-U05,Karina Ensaio,2026-10-04T08:52:50-03:00,Verificar prazo com a chefia.
ANO002487,EXP002902,PGR-00026606/2026,DOCUMENTO,CIVINT/STIC,CIVINT-STIC-U04,João Rascunho,2026-07-14T10:30:21-03:00,Verificar prazo com a chefia.
ANO002488,EXP002902,PGR-00026606/2026,DOCUMENTO,CIVINT/STIC,CIVINT-STIC-U01,Gabriela Simulada,2026-08-25T03:21:21-03:00,Solicitadas informações complementares ao remetente.
ANO002489,EXP002902,PGR-00026606/2026,DOCUMENTO,CIVINT/STIC,CIVINT-STIC-U05,Karina Ensaio,2026-08-13T18:39:21-03:00,Conferir anexos antes de movimentar.
ANO002490,EXP002903,PGR-00060302/2026,DOCUMENTO,CIVINT/STIC,CIVINT-STIC-U02,Heitor Protótipo,2026-09-23T05:49:43-03:00,"Minuta revisada, pendente de assinatura."
ANO002491,EXP002904,PGR-00070728/2026,DOCUMENTO,CIVINT/STIC,CIVINT-STIC-U06,Lucas Esboço,2026-09-14T14:40:24-03:00,Solicitadas informações complementares ao remetente.
ANO002492,EXP002906,PGR-00054487/2026,DOCUMENTO,CIVINT/STIC,CIVINT-STIC-U03,Isabela Piloto,2026-08-13T12:56:14-03:00,"Minuta revisada, pendente de assinatura."
ANO002493,EXP002906,PGR-00054487/2026,DOCUMENTO,CIVINT/STIC,CIVINT-STIC-U01,Gabriela Simulada,2026-08-24T15:51:16-03:00,"Minuta revisada, pendente de assinatura."
ANO002494,EXP002907,PGR-00097270/2026,DOCUMENTO,CIVINT/STIC,CIVINT-STIC-U06,Lucas Esboço,2026-08-19T20:12:31-03:00,Verificar prazo com a chefia.
ANO002495,EXP002908,PGR-00021531/2026,DOCUMENTO,CIVINT/STIC,CIVINT-STIC-U07,Marina Maquete,2026-08-08T10:00:19-03:00,Aguardando manifestação da área técnica.
ANO002496,EXP002910,PGR-00019811/2026,DOCUMENTO,CIVINT/STIC,CIVINT-STIC-U08,Nelson Mock,2026-09-05T02:25:31-03:00,Prioridade definida em reunião de equipe.
ANO002497,EXP002911,PGR-00043114/2026,DOCUMENTO,CIVINT/STIC,CIVINT-STIC-U03,Isabela Piloto,2026-10-02T21:20:30-03:00,Conferir anexos antes de movimentar.
ANO002498,EXP002912,PGR-00082309/2026,DOCUMENTO,CIVINT/STIC,CIVINT-STIC-U02,Heitor Protótipo,2026-09-28T11:46:39-03:00,Prioridade definida em reunião de equipe.
ANO002499,EXP002913,PGR-00084014/2026,DOCUMENTO,CIVINT/STIC,CIVINT-STIC-U05,Karina Ensaio,2026-10-07T04:26:52-03:00,Prioridade definida em reunião de equipe.
ANO002500,EXP002915,PGR-00098851/2026,DOCUMENTO,CIVINT/STIC,CIVINT-STIC-U08,Nelson Mock,2026-10-06T01:45:20-03:00,Conferir anexos antes de movimentar.
ANO002501,EXP002916,PGR-00009998/2026,DOCUMENTO,CIVINT/STIC,CIVINT-STIC-U07,Marina Maquete,2026-10-06T09:10:41-03:00,Verificar prazo com a chefia.
ANO002502,EXP002917,PGR-00055816/2026,DOCUMENTO,CIVINT/STIC,CIVINT-STIC-U02,Heitor Protótipo,2026-09-10T15:32:55-03:00,Conferir anexos antes de movimentar.
ANO002503,EXP002919,PGR-00033769/2026,DOCUMENTO,CIVINT/STIC,CIVINT-STIC-U08,Nelson Mock,2026-10-07T16:42:26-03:00,"Minuta revisada, pendente de assinatura."
ANO002504,EXP002919,PGR-00033769/2026,DOCUMENTO,CIVINT/STIC,CIVINT-STIC-U04,João Rascunho,2026-10-07T08:09:08-03:00,Relacionado a expediente anterior do mesmo interessado.
ANO002505,EXP002919,PGR-00033769/2026,DOCUMENTO,CIVINT/STIC,CIVINT-STIC-U04,João Rascunho,2026-10-07T09:49:47-03:00,Aguardando retorno de diligência.
ANO002506,EXP002920,PGR-00038080/2026,DOCUMENTO,CIVINT/STIC,CIVINT-STIC-U04,João Rascunho,2026-10-04T21:01:07-03:00,Conferir anexos antes de movimentar.
ANO002507,EXP002922,PGR-00094306/2026,DOCUMENTO,CIVINT/STIC,CIVINT-STIC-U08,Nelson Mock,2026-08-15T01:22:24-03:00,Aguardando manifestação da área técnica.
ANO002508,EXP002922,PGR-00094306/2026,DOCUMENTO,CIVINT/STIC,CIVINT-STIC-U08,Nelson Mock,2026-08-13T03:08:53-03:00,Aguardando retorno de diligência.
ANO002509,EXP002923,PGR-00060031/2026,DOCUMENTO,CIVINT/STIC,CIVINT-STIC-U08,Nelson Mock,2026-09-27T13:53:17-03:00,Verificar prazo com a chefia.
ANO002510,EXP002923,PGR-00060031/2026,DOCUMENTO,CIVINT/STIC,CIVINT-STIC-U04,João Rascunho,2026-09-26T08:58:49-03:00,Solicitadas informações complementares ao remetente.
ANO002511,EXP002923,PGR-00060031/2026,DOCUMENTO,CIVINT/STIC,CIVINT-STIC-U05,Karina Ensaio,2026-10-05T22:20:51-03:00,Prioridade definida em reunião de equipe.
ANO002512,EXP002924,PGR-00013956/2026,DOCUMENTO,CIVINT/STIC,CIVINT-STIC-U07,Marina Maquete,2026-09-27T20:09:35-03:00,Prioridade definida em reunião de equipe.
ANO002513,EXP002924,PGR-00013956/2026,DOCUMENTO,CIVINT/STIC,CIVINT-STIC-U01,Gabriela Simulada,2026-09-22T06:32:51-03:00,Relacionado a expediente anterior do mesmo interessado.
ANO002514,EXP002924,PGR-00013956/2026,DOCUMENTO,CIVINT/STIC,CIVINT-STIC-U01,Gabriela Simulada,2026-09-25T18:02:28-03:00,"Minuta revisada, pendente de assinatura."
ANO002515,EXP002925,PGR-00069439/2026,DOCUMENTO,CIVINT/STIC,CIVINT-STIC-U08,Nelson Mock,2026-09-29T15:16:19-03:00,Solicitadas informações complementares ao remetente.
ANO002516,EXP002926,PGR-00016035/2026,DOCUMENTO,CIVINT/STIC,CIVINT-STIC-U08,Nelson Mock,2026-10-05T14:00:42-03:00,Solicitadas informações complementares ao remetente.
ANO002517,EXP002928,PGR-00042239/2026,DOCUMENTO,CIVINT/STIC,CIVINT-STIC-U08,Nelson Mock,2026-10-07T14:09:47-03:00,Aguardando manifestação da área técnica.
ANO002518,EXP002930,PGR-00047945/2026,DOCUMENTO,CIVINT/STIC,CIVINT-STIC-U01,Gabriela Simulada,2026-10-07T10:05:14-03:00,Aguardando retorno de diligência.
ANO002519,EXP002930,PGR-00047945/2026,DOCUMENTO,CIVINT/STIC,CIVINT-STIC-U01,Gabriela Simulada,2026-10-07T03:20:54-03:00,Prioridade definida em reunião de equipe.
ANO002520,EXP002930,PGR-00047945/2026,DOCUMENTO,CIVINT/STIC,CIVINT-STIC-U02,Heitor Protótipo,2026-10-07T16:44:45-03:00,Verificar prazo com a chefia.
ANO002521,EXP002931,PGR-00025016/2026,DOCUMENTO,CIVINT/STIC,CIVINT-STIC-U04,João Rascunho,2026-10-03T12:24:29-03:00,Prioridade definida em reunião de equipe.
ANO002522,EXP002932,PGR-00097085/2026,DOCUMENTO,CIVINT/STIC,CIVINT-STIC-U04,João Rascunho,2026-10-07T05:36:22-03:00,Solicitadas informações complementares ao remetente.
ANO002523,EXP002933,PGR-00084612/2026,DOCUMENTO,CIVINT/STIC,CIVINT-STIC-U04,João Rascunho,2026-10-07T06:50:52-03:00,Relacionado a expediente anterior do mesmo interessado.
ANO002524,EXP002933,PGR-00084612/2026,DOCUMENTO,CIVINT/STIC,CIVINT-STIC-U07,Marina Maquete,2026-10-07T16:56:16-03:00,Aguardando manifestação da área técnica.
ANO002525,EXP002934,PGR-00015711/2026,DOCUMENTO,CIVINT/STIC,CIVINT-STIC-U03,Isabela Piloto,2026-09-23T09:13:43-03:00,Conferir anexos antes de movimentar.
ANO002526,EXP002934,PGR-00015711/2026,DOCUMENTO,CIVINT/STIC,CIVINT-STIC-U05,Karina Ensaio,2026-08-28T06:40:28-03:00,Aguardando manifestação da área técnica.
ANO002527,EXP002934,PGR-00015711/2026,DOCUMENTO,CIVINT/STIC,CIVINT-STIC-U03,Isabela Piloto,2026-08-29T09:10:55-03:00,Aguardando manifestação da área técnica.
ANO002528,EXP002935,PGR-00089937/2026,DOCUMENTO,CIVINT/STIC,CIVINT-STIC-U03,Isabela Piloto,2026-10-03T01:52:00-03:00,Aguardando manifestação da área técnica.
ANO002529,EXP002936,PGR-00071705/2026,DOCUMENTO,CIVINT/STIC,CIVINT-STIC-U06,Lucas Esboço,2026-09-25T19:04:41-03:00,Prioridade definida em reunião de equipe.
ANO002530,EXP002936,PGR-00071705/2026,DOCUMENTO,CIVINT/STIC,CIVINT-STIC-U01,Gabriela Simulada,2026-08-27T10:25:31-03:00,Aguardando retorno de diligência.
ANO002531,EXP002937,PGR-00054046/2026,DOCUMENTO,CIVINT/STIC,CIVINT-STIC-U07,Marina Maquete,2026-10-05T18:42:37-03:00,Solicitadas informações complementares ao remetente.
ANO002532,EXP002938,PGR-00035178/2026,DOCUMENTO,CIVINT/STIC,CIVINT-STIC-U02,Heitor Protótipo,2026-10-06T18:55:13-03:00,Solicitadas informações complementares ao remetente.
ANO002533,EXP002939,PGR-00039934/2026,DOCUMENTO,CIVINT/STIC,CIVINT-STIC-U04,João Rascunho,2026-10-07T01:31:42-03:00,Aguardando manifestação da área técnica.
ANO002534,EXP002939,PGR-00039934/2026,DOCUMENTO,CIVINT/STIC,CIVINT-STIC-U01,Gabriela Simulada,2026-10-04T11:42:35-03:00,Verificar prazo com a chefia.
ANO002535,EXP002940,PGR-00035125/2026,DOCUMENTO,CIVINT/STIC,CIVINT-STIC-U04,João Rascunho,2026-09-07T07:06:54-03:00,Conferir anexos antes de movimentar.
ANO002536,EXP002941,PGR-00025089/2026,DOCUMENTO,CIVINT/STIC,CIVINT-STIC-U01,Gabriela Simulada,2026-09-26T13:07:20-03:00,Aguardando retorno de diligência.
ANO002537,EXP002941,PGR-00025089/2026,DOCUMENTO,CIVINT/STIC,CIVINT-STIC-U08,Nelson Mock,2026-09-12T17:07:36-03:00,Aguardando retorno de diligência.
ANO002538,EXP002941,PGR-00025089/2026,DOCUMENTO,CIVINT/STIC,CIVINT-STIC-U06,Lucas Esboço,2026-10-06T13:32:43-03:00,Solicitadas informações complementares ao remetente.
ANO002539,EXP002942,PGR-00024868/2026,DOCUMENTO,CIVINT/STIC,CIVINT-STIC-U06,Lucas Esboço,2026-09-21T03:30:36-03:00,Prioridade definida em reunião de equipe.
ANO002540,EXP002943,PGR-00089347/2026,DOCUMENTO,CIVINT/STIC,CIVINT-STIC-U07,Marina Maquete,2026-10-05T08:32:42-03:00,Aguardando manifestação da área técnica.
ANO002541,EXP002943,PGR-00089347/2026,DOCUMENTO,CIVINT/STIC,CIVINT-STIC-U06,Lucas Esboço,2026-09-22T15:26:29-03:00,Aguardando manifestação da área técnica.
ANO002542,EXP002945,PGR-00060590/2026,DOCUMENTO,CIVINT/STIC,CIVINT-STIC-U05,Karina Ensaio,2026-08-20T20:18:08-03:00,Relacionado a expediente anterior do mesmo interessado.
ANO002543,EXP002945,PGR-00060590/2026,DOCUMENTO,CIVINT/STIC,CIVINT-STIC-U02,Heitor Protótipo,2026-09-03T23:55:32-03:00,Prioridade definida em reunião de equipe.
ANO002544,EXP002945,PGR-00060590/2026,DOCUMENTO,CIVINT/STIC,CIVINT-STIC-U07,Marina Maquete,2026-09-14T09:05:46-03:00,Relacionado a expediente anterior do mesmo interessado.
ANO002545,EXP002946,PGR-00096730/2026,DOCUMENTO,CIVINT/STIC,CIVINT-STIC-U01,Gabriela Simulada,2026-10-06T22:36:48-03:00,"Minuta revisada, pendente de assinatura."
ANO002546,EXP002947,PGR-00037890/2026,DOCUMENTO,CIVINT/STIC,CIVINT-STIC-U03,Isabela Piloto,2026-08-30T22:12:56-03:00,Solicitadas informações complementares ao remetente.
ANO002547,EXP002948,PGR-00055102/2026,DOCUMENTO,CIVINT/STIC,CIVINT-STIC-U05,Karina Ensaio,2026-10-07T15:48:17-03:00,"Minuta revisada, pendente de assinatura."
ANO002548,EXP002951,PGR-00049573/2026,DOCUMENTO,CIVINT/STIC,CIVINT-STIC-U06,Lucas Esboço,2026-10-07T17:00:00-03:00,Verificar prazo com a chefia.
ANO002549,EXP002952,PGR-00097106/2026,DOCUMENTO,CIVINT/STIC,CIVINT-STIC-U06,Lucas Esboço,2026-09-23T07:15:59-03:00,Verificar prazo com a chefia.
ANO002550,EXP002953,PGR-00015452/2026,DOCUMENTO,CIVINT/STIC,CIVINT-STIC-U03,Isabela Piloto,2026-09-25T13:18:16-03:00,"Minuta revisada, pendente de assinatura."
ANO002551,EXP002955,PGR-00095091/2026,DOCUMENTO,CIVINT/STIC,CIVINT-STIC-U07,Marina Maquete,2026-09-26T02:03:07-03:00,Verificar prazo com a chefia.
ANO002552,EXP002955,PGR-00095091/2026,DOCUMENTO,CIVINT/STIC,CIVINT-STIC-U05,Karina Ensaio,2026-10-07T03:35:00-03:00,Prioridade definida em reunião de equipe.
ANO002553,EXP002955,PGR-00095091/2026,DOCUMENTO,CIVINT/STIC,CIVINT-STIC-U08,Nelson Mock,2026-09-27T02:16:11-03:00,Relacionado a expediente anterior do mesmo interessado.
ANO002554,EXP002956,PGR-00011916/2026,DOCUMENTO,CIVINT/STIC,CIVINT-STIC-U05,Karina Ensaio,2026-10-04T12:38:32-03:00,Aguardando manifestação da área técnica.
ANO002555,EXP002957,PGR-00040108/2026,DOCUMENTO,CIVINT/STIC,CIVINT-STIC-U05,Karina Ensaio,2026-10-02T10:38:21-03:00,"Minuta revisada, pendente de assinatura."
ANO002556,EXP002958,PGR-00017308/2026,DOCUMENTO,CIVINT/STIC,CIVINT-STIC-U07,Marina Maquete,2026-10-06T07:08:54-03:00,"Minuta revisada, pendente de assinatura."
ANO002557,EXP002958,PGR-00017308/2026,DOCUMENTO,CIVINT/STIC,CIVINT-STIC-U01,Gabriela Simulada,2026-10-07T06:58:01-03:00,Relacionado a expediente anterior do mesmo interessado.
ANO002558,EXP002958,PGR-00017308/2026,DOCUMENTO,CIVINT/STIC,CIVINT-STIC-U07,Marina Maquete,2026-10-06T06:22:09-03:00,Solicitadas informações complementares ao remetente.
ANO002559,EXP002960,PGR-00022728/2026,DOCUMENTO,CIVINT/STIC,CIVINT-STIC-U03,Isabela Piloto,2026-10-06T22:02:39-03:00,Aguardando retorno de diligência.
ANO002560,EXP002960,PGR-00022728/2026,DOCUMENTO,CIVINT/STIC,CIVINT-STIC-U05,Karina Ensaio,2026-09-25T01:29:28-03:00,Aguardando retorno de diligência.
ANO002561,EXP002960,PGR-00022728/2026,DOCUMENTO,CIVINT/STIC,CIVINT-STIC-U08,Nelson Mock,2026-09-24T08:26:07-03:00,Prioridade definida em reunião de equipe.
ANO002562,EXP002961,PGR-00090514/2026,DOCUMENTO,CIVINT/STIC,CIVINT-STIC-U06,Lucas Esboço,2026-09-27T07:15:40-03:00,Prioridade definida em reunião de equipe.
ANO002563,EXP002962,PGR-00042415/2026,DOCUMENTO,CIVINT/STIC,CIVINT-STIC-U04,João Rascunho,2026-10-07T14:35:59-03:00,Conferir anexos antes de movimentar.
ANO002564,EXP002962,PGR-00042415/2026,DOCUMENTO,CIVINT/STIC,CIVINT-STIC-U08,Nelson Mock,2026-10-07T16:06:32-03:00,Solicitadas informações complementares ao remetente.
ANO002565,EXP002963,PGR-00078647/2026,DOCUMENTO,CIVINT/STIC,CIVINT-STIC-U05,Karina Ensaio,2026-10-03T12:18:59-03:00,Relacionado a expediente anterior do mesmo interessado.
ANO002566,EXP002963,PGR-00078647/2026,DOCUMENTO,CIVINT/STIC,CIVINT-STIC-U04,João Rascunho,2026-09-30T23:36:08-03:00,Relacionado a expediente anterior do mesmo interessado.
ANO002567,EXP002965,PGR-00070661/2026,DOCUMENTO,CIVINT/STIC,CIVINT-STIC-U03,Isabela Piloto,2026-10-04T16:39:16-03:00,"Minuta revisada, pendente de assinatura."
ANO002568,EXP002965,PGR-00070661/2026,DOCUMENTO,CIVINT/STIC,CIVINT-STIC-U07,Marina Maquete,2026-10-06T11:39:25-03:00,Aguardando retorno de diligência.
ANO002569,EXP002966,PGR-00019787/2026,DOCUMENTO,CIVINT/STIC,CIVINT-STIC-U01,Gabriela Simulada,2026-10-07T08:34:27-03:00,Conferir anexos antes de movimentar.
ANO002570,EXP002966,PGR-00019787/2026,DOCUMENTO,CIVINT/STIC,CIVINT-STIC-U02,Heitor Protótipo,2026-10-02T08:12:38-03:00,Prioridade definida em reunião de equipe.
ANO002571,EXP002967,PGR-00061254/2026,DOCUMENTO,CIVINT/STIC,CIVINT-STIC-U06,Lucas Esboço,2026-08-06T11:08:54-03:00,Aguardando manifestação da área técnica.
ANO002572,EXP002969,PGR-00088560/2026,DOCUMENTO,CIVINT/STIC,CIVINT-STIC-U05,Karina Ensaio,2026-09-26T06:52:37-03:00,Conferir anexos antes de movimentar.
ANO002573,EXP002969,PGR-00088560/2026,DOCUMENTO,CIVINT/STIC,CIVINT-STIC-U07,Marina Maquete,2026-09-29T05:43:33-03:00,Relacionado a expediente anterior do mesmo interessado.
ANO002574,EXP002971,PGR-00084643/2026,DOCUMENTO,CIVINT/STIC,CIVINT-STIC-U05,Karina Ensaio,2026-09-29T07:13:57-03:00,Verificar prazo com a chefia.
ANO002575,EXP002972,PGR-00005839/2026,DOCUMENTO,CIVINT/STIC,CIVINT-STIC-U07,Marina Maquete,2026-09-29T08:25:19-03:00,Aguardando retorno de diligência.
ANO002576,EXP002973,PGR-00027272/2026,DOCUMENTO,CIVINT/STIC,CIVINT-STIC-U02,Heitor Protótipo,2026-10-06T03:51:07-03:00,Conferir anexos antes de movimentar.
ANO002577,EXP002975,PGR-00057470/2026,DOCUMENTO,CIVINT/STIC,CIVINT-STIC-U04,João Rascunho,2026-08-19T09:33:40-03:00,Solicitadas informações complementares ao remetente.
ANO002578,EXP002976,PGR-00067659/2026,DOCUMENTO,CIVINT/STIC,CIVINT-STIC-U08,Nelson Mock,2026-09-19T01:38:03-03:00,Conferir anexos antes de movimentar.
ANO002579,EXP002978,PGR-00005977/2026,DOCUMENTO,CIVINT/STIC,CIVINT-STIC-U01,Gabriela Simulada,2026-10-04T11:04:46-03:00,Verificar prazo com a chefia.
ANO002580,EXP002980,PGR-00077795/2026,DOCUMENTO,CIVINT/STIC,CIVINT-STIC-U07,Marina Maquete,2026-09-28T01:09:25-03:00,Conferir anexos antes de movimentar.
ANO002581,EXP002980,PGR-00077795/2026,DOCUMENTO,CIVINT/STIC,CIVINT-STIC-U06,Lucas Esboço,2026-09-02T13:01:25-03:00,Conferir anexos antes de movimentar.
ANO002582,EXP002981,PGR-00084153/2026,DOCUMENTO,CIVINT/STIC,CIVINT-STIC-U07,Marina Maquete,2026-10-04T19:22:24-03:00,Aguardando manifestação da área técnica.
ANO002583,EXP002982,PGR-00040215/2026,DOCUMENTO,CIVINT/STIC,CIVINT-STIC-U04,João Rascunho,2026-09-19T22:38:50-03:00,"Minuta revisada, pendente de assinatura."
ANO002584,EXP002983,PGR-00011728/2026,DOCUMENTO,CIVINT/STIC,CIVINT-STIC-U08,Nelson Mock,2026-09-07T13:32:27-03:00,Aguardando manifestação da área técnica.
ANO002585,EXP002984,PGR-00020670/2026,DOCUMENTO,CIVINT/STIC,CIVINT-STIC-U06,Lucas Esboço,2026-09-29T21:16:53-03:00,Solicitadas informações complementares ao remetente.
ANO002586,EXP002986,PGR-00082459/2026,DOCUMENTO,CIVINT/STIC,CIVINT-STIC-U07,Marina Maquete,2026-09-07T22:30:38-03:00,Prioridade definida em reunião de equipe.
ANO002587,EXP002986,PGR-00082459/2026,DOCUMENTO,CIVINT/STIC,CIVINT-STIC-U06,Lucas Esboço,2026-08-12T07:06:18-03:00,Solicitadas informações complementares ao remetente.
ANO002588,EXP002986,PGR-00082459/2026,DOCUMENTO,CIVINT/STIC,CIVINT-STIC-U05,Karina Ensaio,2026-09-23T05:23:01-03:00,Solicitadas informações complementares ao remetente.
ANO002589,EXP002987,PGR-00047360/2026,DOCUMENTO,CIVINT/STIC,CIVINT-STIC-U02,Heitor Protótipo,2026-10-02T20:58:02-03:00,Solicitadas informações complementares ao remetente.
ANO002590,EXP002987,PGR-00047360/2026,DOCUMENTO,CIVINT/STIC,CIVINT-STIC-U08,Nelson Mock,2026-10-06T18:55:21-03:00,Prioridade definida em reunião de equipe.
ANO002591,EXP002987,PGR-00047360/2026,DOCUMENTO,CIVINT/STIC,CIVINT-STIC-U06,Lucas Esboço,2026-10-04T05:32:02-03:00,Solicitadas informações complementares ao remetente.
ANO002592,EXP002988,PGR-00021513/2026,DOCUMENTO,CIVINT/STIC,CIVINT-STIC-U03,Isabela Piloto,2026-10-04T16:19:49-03:00,Aguardando retorno de diligência.
ANO002593,EXP002989,PGR-00092525/2026,DOCUMENTO,CIVINT/STIC,CIVINT-STIC-U05,Karina Ensaio,2026-09-21T19:16:12-03:00,Verificar prazo com a chefia.
ANO002594,EXP002991,PGR-00062700/2026,DOCUMENTO,CIVINT/STIC,CIVINT-STIC-U01,Gabriela Simulada,2026-09-25T00:27:07-03:00,"Minuta revisada, pendente de assinatura."
ANO002595,EXP002992,PGR-00068911/2026,DOCUMENTO,CIVINT/STIC,CIVINT-STIC-U03,Isabela Piloto,2026-10-02T12:51:19-03:00,"Minuta revisada, pendente de assinatura."
ANO002596,EXP002992,PGR-00068911/2026,DOCUMENTO,CIVINT/STIC,CIVINT-STIC-U08,Nelson Mock,2026-10-06T13:25:54-03:00,Solicitadas informações complementares ao remetente.
ANO002597,EXP002992,PGR-00068911/2026,DOCUMENTO,CIVINT/STIC,CIVINT-STIC-U08,Nelson Mock,2026-10-03T06:27:34-03:00,Aguardando retorno de diligência.
ANO002598,EXP002993,PGR-00013501/2026,DOCUMENTO,CIVINT/STIC,CIVINT-STIC-U04,João Rascunho,2026-07-11T03:11:17-03:00,Aguardando retorno de diligência.
ANO002599,EXP002995,PGR-00043043/2026,DOCUMENTO,CIVINT/STIC,CIVINT-STIC-U04,João Rascunho,2026-10-05T08:55:01-03:00,Relacionado a expediente anterior do mesmo interessado.
ANO002600,EXP002995,PGR-00043043/2026,DOCUMENTO,CIVINT/STIC,CIVINT-STIC-U05,Karina Ensaio,2026-09-03T09:28:34-03:00,"Minuta revisada, pendente de assinatura."
ANO002601,EXP002995,PGR-00043043/2026,DOCUMENTO,CIVINT/STIC,CIVINT-STIC-U02,Heitor Protótipo,2026-09-22T23:03:38-03:00,Aguardando manifestação da área técnica.
ANO002602,EXP002996,PGR-00033818/2026,DOCUMENTO,CIVINT/STIC,CIVINT-STIC-U02,Heitor Protótipo,2026-10-06T05:48:39-03:00,"Minuta revisada, pendente de assinatura."
ANO002603,EXP002997,PGR-00079898/2026,DOCUMENTO,CIVINT/STIC,CIVINT-STIC-U01,Gabriela Simulada,2026-09-26T22:03:55-03:00,Aguardando retorno de diligência.
ANO002604,EXP002997,PGR-00079898/2026,DOCUMENTO,CIVINT/STIC,CIVINT-STIC-U05,Karina Ensaio,2026-09-16T18:51:26-03:00,Verificar prazo com a chefia.
ANO002605,EXP002998,PGR-00098048/2026,DOCUMENTO,CIVINT/STIC,CIVINT-STIC-U01,Gabriela Simulada,2026-08-31T11:54:34-03:00,Verificar prazo com a chefia.
ANO002606,EXP002998,PGR-00098048/2026,DOCUMENTO,CIVINT/STIC,CIVINT-STIC-U05,Karina Ensaio,2026-09-22T23:29:58-03:00,Prioridade definida em reunião de equipe.
ANO002607,EXP002998,PGR-00098048/2026,DOCUMENTO,CIVINT/STIC,CIVINT-STIC-U05,Karina Ensaio,2026-09-16T07:04:25-03:00,Relacionado a expediente anterior do mesmo interessado.
ANO002608,EXP002999,PGR-00080455/2026,DOCUMENTO,CIVINT/STIC,CIVINT-STIC-U08,Nelson Mock,2026-09-21T00:55:09-03:00,"Minuta revisada, pendente de assinatura."
ANO002609,EXP003000,PGR-00034627/2026,DOCUMENTO,CIVINT/STIC,CIVINT-STIC-U08,Nelson Mock,2026-09-27T16:28:59-03:00,Prioridade definida em reunião de equipe.
ANO002610,EXP003000,PGR-00034627/2026,DOCUMENTO,CIVINT/STIC,CIVINT-STIC-U02,Heitor Protótipo,2026-10-07T09:02:51-03:00,Aguardando retorno de diligência.
ANO002611,EXP003000,PGR-00034627/2026,DOCUMENTO,CIVINT/STIC,CIVINT-STIC-U01,Gabriela Simulada,2026-10-05T00:43:09-03:00,Solicitadas informações complementares ao remetente.
ANO002612,EXP003003,PGR-00019020/2026,DOCUMENTO,CIVINT/STIC,CIVINT-STIC-U03,Isabela Piloto,2026-09-21T11:28:47-03:00,Prioridade definida em reunião de equipe.
ANO002613,EXP003004,PGR-00023275/2026,DOCUMENTO,CIVINT/STIC,CIVINT-STIC-U03,Isabela Piloto,2026-10-01T03:15:08-03:00,"Minuta revisada, pendente de assinatura."
ANO002614,EXP003004,PGR-00023275/2026,DOCUMENTO,CIVINT/STIC,CIVINT-STIC-U03,Isabela Piloto,2026-09-30T02:15:53-03:00,Prioridade definida em reunião de equipe.
ANO002615,EXP003004,PGR-00023275/2026,DOCUMENTO,CIVINT/STIC,CIVINT-STIC-U02,Heitor Protótipo,2026-10-02T22:04:35-03:00,Aguardando retorno de diligência.
ANO002616,EXP003006,PGR-00091293/2026,DOCUMENTO,CIVINT/STIC,CIVINT-STIC-U04,João Rascunho,2026-09-28T23:36:13-03:00,Conferir anexos antes de movimentar.
ANO002617,EXP003007,PGR-00058983/2026,DOCUMENTO,CIVINT/STIC,CIVINT-STIC-U05,Karina Ensaio,2026-10-05T01:10:56-03:00,"Minuta revisada, pendente de assinatura."
ANO002618,EXP003008,PGR-00045931/2026,DOCUMENTO,CIVINT/STIC,CIVINT-STIC-U08,Nelson Mock,2026-10-07T10:17:41-03:00,Solicitadas informações complementares ao remetente.
ANO002619,EXP003009,PGR-00065750/2026,DOCUMENTO,CIVINT/STIC,CIVINT-STIC-U02,Heitor Protótipo,2026-09-19T17:40:24-03:00,Aguardando manifestação da área técnica.
ANO002620,EXP003009,PGR-00065750/2026,DOCUMENTO,CIVINT/STIC,CIVINT-STIC-U07,Marina Maquete,2026-10-04T01:14:04-03:00,"Minuta revisada, pendente de assinatura."
ANO002621,EXP003010,PGR-00048917/2026,DOCUMENTO,CIVINT/STIC,CIVINT-STIC-U03,Isabela Piloto,2026-09-27T00:47:28-03:00,Relacionado a expediente anterior do mesmo interessado.
ANO002622,EXP003010,PGR-00048917/2026,DOCUMENTO,CIVINT/STIC,CIVINT-STIC-U06,Lucas Esboço,2026-09-24T14:05:20-03:00,Conferir anexos antes de movimentar.
ANO002623,EXP003011,PGR-00077450/2026,DOCUMENTO,CIVINT/STIC,CIVINT-STIC-U02,Heitor Protótipo,2026-10-05T05:38:30-03:00,Aguardando manifestação da área técnica.
ANO002624,EXP003012,PGR-00017359/2026,DOCUMENTO,CIVINT/STIC,CIVINT-STIC-U04,João Rascunho,2026-09-29T12:05:34-03:00,Solicitadas informações complementares ao remetente.
ANO002625,EXP003013,PGR-00073854/2026,DOCUMENTO,CIVINT/STIC,CIVINT-STIC-U06,Lucas Esboço,2026-09-17T09:55:23-03:00,Aguardando retorno de diligência.
ANO002626,EXP003014,PGR-00080092/2026,DOCUMENTO,CIVINT/STIC,CIVINT-STIC-U02,Heitor Protótipo,2026-09-05T17:57:56-03:00,Aguardando manifestação da área técnica.
ANO002627,EXP003015,PGR-00043401/2026,DOCUMENTO,CIVINT/STIC,CIVINT-STIC-U05,Karina Ensaio,2026-09-29T11:36:31-03:00,Aguardando manifestação da área técnica.
ANO002628,EXP003015,PGR-00043401/2026,DOCUMENTO,CIVINT/STIC,CIVINT-STIC-U05,Karina Ensaio,2026-09-18T17:29:13-03:00,Aguardando manifestação da área técnica.
ANO002629,EXP003016,PGR-00035032/2026,DOCUMENTO,CIVINT/STIC,CIVINT-STIC-U05,Karina Ensaio,2026-10-05T03:42:07-03:00,Aguardando retorno de diligência.
ANO002630,EXP003017,PGR-00093767/2026,DOCUMENTO,CIVINT/STIC,CIVINT-STIC-U01,Gabriela Simulada,2026-10-05T17:23:14-03:00,"Minuta revisada, pendente de assinatura."
ANO002631,EXP003018,PGR-00014147/2026,DOCUMENTO,CIVINT/STIC,CIVINT-STIC-U04,João Rascunho,2026-09-30T11:59:22-03:00,"Minuta revisada, pendente de assinatura."
ANO002632,EXP003018,PGR-00014147/2026,DOCUMENTO,CIVINT/STIC,CIVINT-STIC-U06,Lucas Esboço,2026-10-07T06:28:00-03:00,Relacionado a expediente anterior do mesmo interessado.
ANO002633,EXP003018,PGR-00014147/2026,DOCUMENTO,CIVINT/STIC,CIVINT-STIC-U02,Heitor Protótipo,2026-09-26T18:06:22-03:00,"Minuta revisada, pendente de assinatura."
ANO002634,EXP003019,PGR-00002354/2026,DOCUMENTO,CIVINT/STIC,CIVINT-STIC-U08,Nelson Mock,2026-09-10T12:26:54-03:00,Prioridade definida em reunião de equipe.
ANO002635,EXP003019,PGR-00002354/2026,DOCUMENTO,CIVINT/STIC,CIVINT-STIC-U05,Karina Ensaio,2026-09-13T12:27:01-03:00,Prioridade definida em reunião de equipe.
ANO002636,EXP003019,PGR-00002354/2026,DOCUMENTO,CIVINT/STIC,CIVINT-STIC-U03,Isabela Piloto,2026-09-16T14:58:43-03:00,Prioridade definida em reunião de equipe.
ANO002637,EXP003020,PGR-00015247/2026,DOCUMENTO,CIVINT/STIC,CIVINT-STIC-U06,Lucas Esboço,2026-08-29T06:59:14-03:00,Prioridade definida em reunião de equipe.
ANO002638,EXP003020,PGR-00015247/2026,DOCUMENTO,CIVINT/STIC,CIVINT-STIC-U04,João Rascunho,2026-09-18T10:20:58-03:00,Solicitadas informações complementares ao remetente.
ANO002639,EXP003020,PGR-00015247/2026,DOCUMENTO,CIVINT/STIC,CIVINT-STIC-U06,Lucas Esboço,2026-09-18T14:16:44-03:00,Conferir anexos antes de movimentar.
ANO002640,EXP003021,PGR-00026106/2026,DOCUMENTO,CIVINT/STIC,CIVINT-STIC-U05,Karina Ensaio,2026-10-02T03:04:25-03:00,Verificar prazo com a chefia.
ANO002641,EXP003022,PGR-00091837/2026,DOCUMENTO,CIVINT/STIC,CIVINT-STIC-U01,Gabriela Simulada,2026-09-20T19:29:08-03:00,Aguardando retorno de diligência.
ANO002642,EXP003022,PGR-00091837/2026,DOCUMENTO,CIVINT/STIC,CIVINT-STIC-U04,João Rascunho,2026-09-26T09:01:07-03:00,Prioridade definida em reunião de equipe.
ANO002643,EXP003022,PGR-00091837/2026,DOCUMENTO,CIVINT/STIC,CIVINT-STIC-U01,Gabriela Simulada,2026-09-27T07:29:22-03:00,Solicitadas informações complementares ao remetente.
ANO002644,EXP003025,PGR-00094251/2026,DOCUMENTO,CIVINT/STIC,CIVINT-STIC-U08,Nelson Mock,2026-08-01T09:05:02-03:00,Aguardando retorno de diligência.
ANO002645,EXP003026,PGR-00082123/2026,DOCUMENTO,CIVINT/STIC,CIVINT-STIC-U01,Gabriela Simulada,2026-09-22T07:40:54-03:00,Conferir anexos antes de movimentar.
ANO002646,EXP003026,PGR-00082123/2026,DOCUMENTO,CIVINT/STIC,CIVINT-STIC-U03,Isabela Piloto,2026-10-06T05:47:20-03:00,Prioridade definida em reunião de equipe.
ANO002647,EXP003026,PGR-00082123/2026,DOCUMENTO,CIVINT/STIC,CIVINT-STIC-U05,Karina Ensaio,2026-09-26T04:07:42-03:00,Relacionado a expediente anterior do mesmo interessado.
ANO002648,EXP003029,PGR-00097655/2026,DOCUMENTO,CIVINT/STIC,CIVINT-STIC-U03,Isabela Piloto,2026-09-05T04:29:14-03:00,"Minuta revisada, pendente de assinatura."
ANO002649,EXP003031,PGR-00089622/2026,DOCUMENTO,CIVINT/STIC,CIVINT-STIC-U06,Lucas Esboço,2026-09-30T02:35:48-03:00,Relacionado a expediente anterior do mesmo interessado.
ANO002650,EXP003032,PGR-00023557/2026,DOCUMENTO,CIVINT/STIC,CIVINT-STIC-U02,Heitor Protótipo,2026-09-25T06:37:56-03:00,Aguardando retorno de diligência.
ANO002651,EXP003032,PGR-00023557/2026,DOCUMENTO,CIVINT/STIC,CIVINT-STIC-U01,Gabriela Simulada,2026-08-31T06:55:29-03:00,Aguardando retorno de diligência.
ANO002652,EXP003033,PGR-00066734/2026,DOCUMENTO,CIVINT/STIC,CIVINT-STIC-U08,Nelson Mock,2026-10-07T15:56:19-03:00,Verificar prazo com a chefia.
ANO002653,EXP003034,PGR-00059937/2026,DOCUMENTO,CIVINT/STIC,CIVINT-STIC-U08,Nelson Mock,2026-09-03T12:52:04-03:00,Conferir anexos antes de movimentar.
ANO002654,EXP003034,PGR-00059937/2026,DOCUMENTO,CIVINT/STIC,CIVINT-STIC-U01,Gabriela Simulada,2026-08-14T21:09:34-03:00,Verificar prazo com a chefia.
ANO002655,EXP003034,PGR-00059937/2026,DOCUMENTO,CIVINT/STIC,CIVINT-STIC-U05,Karina Ensaio,2026-09-14T01:48:12-03:00,"Minuta revisada, pendente de assinatura."
ANO002656,EXP003036,PGR-00075772/2026,DOCUMENTO,CIVINT/STIC,CIVINT-STIC-U03,Isabela Piloto,2026-09-05T21:45:04-03:00,Conferir anexos antes de movimentar.
ANO002657,EXP003037,PGR-00037520/2026,DOCUMENTO,CIVINT/STIC,CIVINT-STIC-U07,Marina Maquete,2026-10-03T23:03:53-03:00,Solicitadas informações complementares ao remetente.
ANO002658,EXP003038,PGR-00083326/2026,DOCUMENTO,CIVINT/STIC,CIVINT-STIC-U02,Heitor Protótipo,2026-08-24T03:49:01-03:00,Relacionado a expediente anterior do mesmo interessado.
ANO002659,EXP003038,PGR-00083326/2026,DOCUMENTO,CIVINT/STIC,CIVINT-STIC-U07,Marina Maquete,2026-09-08T14:38:01-03:00,Relacionado a expediente anterior do mesmo interessado.
ANO002660,EXP003038,PGR-00083326/2026,DOCUMENTO,CIVINT/STIC,CIVINT-STIC-U08,Nelson Mock,2026-07-31T22:25:36-03:00,Conferir anexos antes de movimentar.
ANO002661,EXP003039,PGR-00002740/2026,DOCUMENTO,CIVINT/STIC,CIVINT-STIC-U02,Heitor Protótipo,2026-10-05T15:15:47-03:00,"Minuta revisada, pendente de assinatura."
ANO002662,EXP003041,PGR-00092446/2026,DOCUMENTO,CIVINT/STIC,CIVINT-STIC-U03,Isabela Piloto,2026-10-02T00:11:33-03:00,Solicitadas informações complementares ao remetente.
ANO002663,EXP003042,PGR-00008508/2026,DOCUMENTO,CIVINT/STIC,CIVINT-STIC-U05,Karina Ensaio,2026-10-06T16:11:41-03:00,"Minuta revisada, pendente de assinatura."
ANO002664,EXP003043,PGR-00003757/2026,DOCUMENTO,CIVINT/STIC,CIVINT-STIC-U02,Heitor Protótipo,2026-08-11T06:16:36-03:00,Relacionado a expediente anterior do mesmo interessado.
ANO002665,EXP003043,PGR-00003757/2026,DOCUMENTO,CIVINT/STIC,CIVINT-STIC-U05,Karina Ensaio,2026-08-07T11:47:52-03:00,Conferir anexos antes de movimentar.
ANO002666,EXP003043,PGR-00003757/2026,DOCUMENTO,CIVINT/STIC,CIVINT-STIC-U03,Isabela Piloto,2026-09-16T06:13:45-03:00,Aguardando retorno de diligência.
ANO002667,EXP003044,PGR-00021640/2026,DOCUMENTO,CIVINT/STIC,CIVINT-STIC-U06,Lucas Esboço,2026-10-07T13:00:06-03:00,Conferir anexos antes de movimentar.
ANO002668,EXP003044,PGR-00021640/2026,DOCUMENTO,CIVINT/STIC,CIVINT-STIC-U03,Isabela Piloto,2026-10-03T04:54:02-03:00,Prioridade definida em reunião de equipe.
ANO002669,EXP003045,PGR-00078743/2026,DOCUMENTO,CIVINT/STIC,CIVINT-STIC-U08,Nelson Mock,2026-08-08T21:47:28-03:00,"Minuta revisada, pendente de assinatura."
ANO002670,EXP003045,PGR-00078743/2026,DOCUMENTO,CIVINT/STIC,CIVINT-STIC-U01,Gabriela Simulada,2026-09-26T01:10:15-03:00,Solicitadas informações complementares ao remetente.
ANO002671,EXP003046,PGR-00027944/2026,DOCUMENTO,CIVINT/STIC,CIVINT-STIC-U05,Karina Ensaio,2026-08-16T15:00:13-03:00,"Minuta revisada, pendente de assinatura."
ANO002672,EXP003048,PGR-00065690/2026,DOCUMENTO,CIVINT/STIC,CIVINT-STIC-U08,Nelson Mock,2026-10-05T08:56:40-03:00,Verificar prazo com a chefia.
ANO002673,EXP003048,PGR-00065690/2026,DOCUMENTO,CIVINT/STIC,CIVINT-STIC-U01,Gabriela Simulada,2026-09-30T14:49:32-03:00,Relacionado a expediente anterior do mesmo interessado.
ANO002674,EXP003049,PGR-00040624/2026,DOCUMENTO,CIVINT/STIC,CIVINT-STIC-U07,Marina Maquete,2026-09-07T14:16:46-03:00,"Minuta revisada, pendente de assinatura."
ANO002675,EXP003049,PGR-00040624/2026,DOCUMENTO,CIVINT/STIC,CIVINT-STIC-U02,Heitor Protótipo,2026-09-05T01:24:07-03:00,Prioridade definida em reunião de equipe.
ANO002676,EXP003049,PGR-00040624/2026,DOCUMENTO,CIVINT/STIC,CIVINT-STIC-U01,Gabriela Simulada,2026-10-06T07:41:26-03:00,Prioridade definida em reunião de equipe.
ANO002677,EXP003050,PGR-00051210/2026,DOCUMENTO,CIVINT/STIC,CIVINT-STIC-U03,Isabela Piloto,2026-09-11T20:29:49-03:00,Prioridade definida em reunião de equipe.
ANO002678,EXP003052,PGR-00028784/2026,DOCUMENTO,CIVINT/STIC,CIVINT-STIC-U05,Karina Ensaio,2026-09-25T22:22:44-03:00,Relacionado a expediente anterior do mesmo interessado.
ANO002679,EXP003053,PGR-00089768/2026,DOCUMENTO,CIVINT/STIC,CIVINT-STIC-U08,Nelson Mock,2026-10-01T22:31:11-03:00,Aguardando manifestação da área técnica.
ANO002680,EXP003055,PGR-00011353/2026,DOCUMENTO,CIVINT/STIC,CIVINT-STIC-U02,Heitor Protótipo,2026-10-02T19:27:09-03:00,Prioridade definida em reunião de equipe.
ANO002681,EXP003056,PGR-00009034/2026,DOCUMENTO,CIVINT/STIC,CIVINT-STIC-U07,Marina Maquete,2026-10-07T07:08:18-03:00,Relacionado a expediente anterior do mesmo interessado.
ANO002682,EXP003057,PGR-00090743/2026,DOCUMENTO,CIVINT/STIC,CIVINT-STIC-U08,Nelson Mock,2026-08-28T03:54:15-03:00,Aguardando manifestação da área técnica.
ANO002683,EXP003058,PGR-00000939/2026,DOCUMENTO,CIVINT/STIC,CIVINT-STIC-U01,Gabriela Simulada,2026-09-12T14:25:57-03:00,"Minuta revisada, pendente de assinatura."
ANO002684,EXP003059,PGR-00090122/2026,DOCUMENTO,CIVINT/STIC,CIVINT-STIC-U04,João Rascunho,2026-09-30T15:40:58-03:00,Aguardando retorno de diligência.
ANO002685,EXP003059,PGR-00090122/2026,DOCUMENTO,CIVINT/STIC,CIVINT-STIC-U01,Gabriela Simulada,2026-09-11T10:44:07-03:00,Aguardando retorno de diligência.
ANO002686,EXP003059,PGR-00090122/2026,DOCUMENTO,CIVINT/STIC,CIVINT-STIC-U06,Lucas Esboço,2026-09-08T19:33:35-03:00,Conferir anexos antes de movimentar.
ANO002687,EXP003061,PGR-00090391/2026,DOCUMENTO,CIVINT/STIC,CIVINT-STIC-U04,João Rascunho,2026-09-20T15:41:49-03:00,Aguardando manifestação da área técnica.
ANO002688,EXP003062,PGR-00027531/2026,DOCUMENTO,CIVINT/STIC,CIVINT-STIC-U02,Heitor Protótipo,2026-10-06T21:23:57-03:00,Solicitadas informações complementares ao remetente.
ANO002689,EXP003062,PGR-00027531/2026,DOCUMENTO,CIVINT/STIC,CIVINT-STIC-U03,Isabela Piloto,2026-10-06T23:10:09-03:00,"Minuta revisada, pendente de assinatura."
ANO002690,EXP003063,PGR-00038733/2026,DOCUMENTO,CIVINT/STIC,CIVINT-STIC-U04,João Rascunho,2026-10-05T13:57:14-03:00,Verificar prazo com a chefia.
ANO002691,EXP003064,PGR-00010921/2026,DOCUMENTO,CIVINT/STIC,CIVINT-STIC-U03,Isabela Piloto,2026-08-21T10:34:37-03:00,Solicitadas informações complementares ao remetente.
ANO002692,EXP003066,PGR-00062706/2026,DOCUMENTO,CIVINT/STIC,CIVINT-STIC-U08,Nelson Mock,2026-09-24T22:50:45-03:00,Aguardando manifestação da área técnica.
ANO002693,EXP003066,PGR-00062706/2026,DOCUMENTO,CIVINT/STIC,CIVINT-STIC-U08,Nelson Mock,2026-09-23T04:58:11-03:00,Prioridade definida em reunião de equipe.
ANO002694,EXP003066,PGR-00062706/2026,DOCUMENTO,CIVINT/STIC,CIVINT-STIC-U02,Heitor Protótipo,2026-09-20T20:44:06-03:00,Conferir anexos antes de movimentar.
ANO002695,EXP003068,PGR-00087737/2026,DOCUMENTO,CIVINT/STIC,CIVINT-STIC-U02,Heitor Protótipo,2026-09-29T16:12:14-03:00,Prioridade definida em reunião de equipe.
ANO002696,EXP003068,PGR-00087737/2026,DOCUMENTO,CIVINT/STIC,CIVINT-STIC-U02,Heitor Protótipo,2026-10-04T18:39:43-03:00,Conferir anexos antes de movimentar.
ANO002697,EXP003068,PGR-00087737/2026,DOCUMENTO,CIVINT/STIC,CIVINT-STIC-U03,Isabela Piloto,2026-10-05T21:10:52-03:00,Relacionado a expediente anterior do mesmo interessado.
ANO002698,EXP003069,PGR-00096412/2026,DOCUMENTO,CIVINT/STIC,CIVINT-STIC-U02,Heitor Protótipo,2026-08-20T22:47:49-03:00,Aguardando manifestação da área técnica.
ANO002699,EXP003070,PGR-00023242/2026,DOCUMENTO,CIVINT/STIC,CIVINT-STIC-U04,João Rascunho,2026-09-03T04:55:11-03:00,"Minuta revisada, pendente de assinatura."
ANO002700,EXP003071,PGR-00083852/2026,DOCUMENTO,CIVINT/STIC,CIVINT-STIC-U04,João Rascunho,2026-07-21T09:51:03-03:00,Aguardando retorno de diligência.
ANO002701,EXP003073,PGR-00024775/2026,DOCUMENTO,CIVINT/STIC,CIVINT-STIC-U03,Isabela Piloto,2026-09-21T02:40:54-03:00,Aguardando manifestação da área técnica.
ANO002702,EXP003074,PGR-00040149/2026,DOCUMENTO,CIVINT/STIC,CIVINT-STIC-U08,Nelson Mock,2026-10-02T11:46:53-03:00,Aguardando retorno de diligência.
ANO002703,EXP003075,PGR-00011383/2026,DOCUMENTO,CIVINT/STIC,CIVINT-STIC-U03,Isabela Piloto,2026-09-30T03:27:21-03:00,"Minuta revisada, pendente de assinatura."
ANO002704,EXP003075,PGR-00011383/2026,DOCUMENTO,CIVINT/STIC,CIVINT-STIC-U01,Gabriela Simulada,2026-09-09T16:07:16-03:00,Aguardando retorno de diligência.
ANO002705,EXP003075,PGR-00011383/2026,DOCUMENTO,CIVINT/STIC,CIVINT-STIC-U05,Karina Ensaio,2026-09-13T03:43:46-03:00,Aguardando manifestação da área técnica.
ANO002706,EXP003076,PGR-00004764/2026,DOCUMENTO,CIVINT/STIC,CIVINT-STIC-U08,Nelson Mock,2026-10-07T17:00:00-03:00,Solicitadas informações complementares ao remetente.
ANO002707,EXP003078,PGR-00093559/2026,DOCUMENTO,CIVINT/STIC,CIVINT-STIC-U01,Gabriela Simulada,2026-10-04T22:35:55-03:00,Conferir anexos antes de movimentar.
ANO002708,EXP003078,PGR-00093559/2026,DOCUMENTO,CIVINT/STIC,CIVINT-STIC-U02,Heitor Protótipo,2026-10-05T20:02:55-03:00,Solicitadas informações complementares ao remetente.
ANO002709,EXP003079,PGR-00044709/2026,DOCUMENTO,CIVINT/STIC,CIVINT-STIC-U04,João Rascunho,2026-08-28T19:14:08-03:00,Aguardando manifestação da área técnica.
ANO002710,EXP003079,PGR-00044709/2026,DOCUMENTO,CIVINT/STIC,CIVINT-STIC-U02,Heitor Protótipo,2026-08-25T18:53:41-03:00,Prioridade definida em reunião de equipe.
ANO002711,EXP003080,PGR-00029770/2026,DOCUMENTO,CIVINT/STIC,CIVINT-STIC-U05,Karina Ensaio,2026-10-02T02:06:18-03:00,Aguardando retorno de diligência.
ANO002712,EXP003081,PGR-00045541/2026,DOCUMENTO,CIVINT/STIC,CIVINT-STIC-U08,Nelson Mock,2026-09-28T07:04:31-03:00,Solicitadas informações complementares ao remetente.
ANO002713,EXP003081,PGR-00045541/2026,DOCUMENTO,CIVINT/STIC,CIVINT-STIC-U05,Karina Ensaio,2026-09-23T20:55:58-03:00,Verificar prazo com a chefia.
ANO002714,EXP003081,PGR-00045541/2026,DOCUMENTO,CIVINT/STIC,CIVINT-STIC-U06,Lucas Esboço,2026-10-07T03:23:47-03:00,Aguardando retorno de diligência.
ANO002715,EXP003083,PGR-00061131/2026,DOCUMENTO,CIVINT/STIC,CIVINT-STIC-U07,Marina Maquete,2026-09-28T20:40:15-03:00,Aguardando manifestação da área técnica.
ANO002716,EXP003085,PGR-00058627/2026,DOCUMENTO,CIVINT/STIC,CIVINT-STIC-U02,Heitor Protótipo,2026-10-07T14:07:34-03:00,Relacionado a expediente anterior do mesmo interessado.
ANO002717,EXP003085,PGR-00058627/2026,DOCUMENTO,CIVINT/STIC,CIVINT-STIC-U02,Heitor Protótipo,2026-10-07T15:42:54-03:00,Aguardando manifestação da área técnica.
ANO002718,EXP003085,PGR-00058627/2026,DOCUMENTO,CIVINT/STIC,CIVINT-STIC-U08,Nelson Mock,2026-10-07T14:25:30-03:00,Aguardando manifestação da área técnica.
ANO002719,EXP003086,PGR-00099580/2026,DOCUMENTO,CIVINT/STIC,CIVINT-STIC-U06,Lucas Esboço,2026-07-03T17:50:34-03:00,Verificar prazo com a chefia.
ANO002720,EXP003086,PGR-00099580/2026,DOCUMENTO,CIVINT/STIC,CIVINT-STIC-U06,Lucas Esboço,2026-10-03T12:08:30-03:00,"Minuta revisada, pendente de assinatura."
ANO002721,EXP003087,PGR-00015801/2026,DOCUMENTO,CIVINT/STIC,CIVINT-STIC-U07,Marina Maquete,2026-10-06T08:40:51-03:00,Conferir anexos antes de movimentar.
ANO002722,EXP003088,PGR-00027192/2026,DOCUMENTO,CIVINT/STIC,CIVINT-STIC-U02,Heitor Protótipo,2026-09-25T16:10:47-03:00,"Minuta revisada, pendente de assinatura."
ANO002723,EXP003089,PGR-00093133/2026,DOCUMENTO,CIVINT/STIC,CIVINT-STIC-U07,Marina Maquete,2026-10-01T19:41:58-03:00,Aguardando retorno de diligência.
ANO002724,EXP003090,PGR-00088377/2026,DOCUMENTO,CIVINT/STIC,CIVINT-STIC-U07,Marina Maquete,2026-10-05T01:22:11-03:00,Relacionado a expediente anterior do mesmo interessado.
ANO002725,EXP003093,PGR-00088321/2026,DOCUMENTO,CIVINT/STIC,CIVINT-STIC-U06,Lucas Esboço,2026-10-07T01:02:00-03:00,Aguardando manifestação da área técnica.
ANO002726,EXP003095,PGR-00062463/2026,DOCUMENTO,CIVINT/STIC,CIVINT-STIC-U04,João Rascunho,2026-10-01T07:32:11-03:00,Prioridade definida em reunião de equipe.
ANO002727,EXP003095,PGR-00062463/2026,DOCUMENTO,CIVINT/STIC,CIVINT-STIC-U04,João Rascunho,2026-10-01T15:33:17-03:00,Relacionado a expediente anterior do mesmo interessado.
ANO002728,EXP003095,PGR-00062463/2026,DOCUMENTO,CIVINT/STIC,CIVINT-STIC-U01,Gabriela Simulada,2026-10-04T00:40:42-03:00,Prioridade definida em reunião de equipe.
ANO002729,EXP003096,PGR-00092976/2026,DOCUMENTO,CIVINT/STIC,CIVINT-STIC-U07,Marina Maquete,2026-09-19T03:41:30-03:00,"Minuta revisada, pendente de assinatura."
ANO002730,EXP003096,PGR-00092976/2026,DOCUMENTO,CIVINT/STIC,CIVINT-STIC-U07,Marina Maquete,2026-09-17T16:58:28-03:00,Relacionado a expediente anterior do mesmo interessado.
ANO002731,EXP003098,PGR-00078829/2026,DOCUMENTO,CIVINT/STIC,CIVINT-STIC-U01,Gabriela Simulada,2026-09-27T16:23:11-03:00,Prioridade definida em reunião de equipe.
ANO002732,EXP003099,PGR-00013691/2026,DOCUMENTO,CIVINT/STIC,CIVINT-STIC-U03,Isabela Piloto,2026-09-13T22:27:49-03:00,Aguardando retorno de diligência.
ANO002733,EXP003099,PGR-00013691/2026,DOCUMENTO,CIVINT/STIC,CIVINT-STIC-U07,Marina Maquete,2026-09-26T21:21:57-03:00,"Minuta revisada, pendente de assinatura."
ANO002734,EXP003099,PGR-00013691/2026,DOCUMENTO,CIVINT/STIC,CIVINT-STIC-U06,Lucas Esboço,2026-09-25T18:52:02-03:00,Prioridade definida em reunião de equipe.
ANO002735,EXP003100,PGR-00087055/2026,DOCUMENTO,CIVINT/STIC,CIVINT-STIC-U06,Lucas Esboço,2026-10-07T02:16:37-03:00,Relacionado a expediente anterior do mesmo interessado.
ANO002736,EXP003101,PGR-00006184/2026,DOCUMENTO,CIVINT/STIC,CIVINT-STIC-U02,Heitor Protótipo,2026-09-29T23:46:39-03:00,Aguardando retorno de diligência.
ANO002737,EXP003102,PGR-00043120/2026,DOCUMENTO,CIVINT/STIC,CIVINT-STIC-U05,Karina Ensaio,2026-09-26T23:18:03-03:00,Aguardando retorno de diligência.
ANO002738,EXP003102,PGR-00043120/2026,DOCUMENTO,CIVINT/STIC,CIVINT-STIC-U06,Lucas Esboço,2026-09-18T09:37:52-03:00,Aguardando manifestação da área técnica.
ANO002739,EXP003102,PGR-00043120/2026,DOCUMENTO,CIVINT/STIC,CIVINT-STIC-U08,Nelson Mock,2026-10-02T06:44:22-03:00,Prioridade definida em reunião de equipe.
ANO002740,EXP003103,PGR-00011224/2026,DOCUMENTO,CIVINT/STIC,CIVINT-STIC-U01,Gabriela Simulada,2026-08-06T22:29:32-03:00,Aguardando retorno de diligência.
ANO002741,EXP003104,PGR-00064433/2026,DOCUMENTO,CIVINT/STIC,CIVINT-STIC-U06,Lucas Esboço,2026-10-06T00:17:40-03:00,Prioridade definida em reunião de equipe.
ANO002742,EXP003104,PGR-00064433/2026,DOCUMENTO,CIVINT/STIC,CIVINT-STIC-U03,Isabela Piloto,2026-10-05T12:18:31-03:00,Relacionado a expediente anterior do mesmo interessado.
ANO002743,EXP003104,PGR-00064433/2026,DOCUMENTO,CIVINT/STIC,CIVINT-STIC-U04,João Rascunho,2026-09-26T23:20:51-03:00,Relacionado a expediente anterior do mesmo interessado.
ANO002744,EXP003107,PGR-00093224/2026,DOCUMENTO,CIVINT/STIC,CIVINT-STIC-U06,Lucas Esboço,2026-10-06T12:54:03-03:00,Solicitadas informações complementares ao remetente.
ANO002745,EXP003107,PGR-00093224/2026,DOCUMENTO,CIVINT/STIC,CIVINT-STIC-U08,Nelson Mock,2026-09-30T19:00:52-03:00,Verificar prazo com a chefia.
ANO002746,EXP003108,PGR-00042907/2026,DOCUMENTO,CIVINT/STIC,CIVINT-STIC-U08,Nelson Mock,2026-09-13T10:20:02-03:00,"Minuta revisada, pendente de assinatura."
ANO002747,EXP003109,PGR-00001356/2026,DOCUMENTO,CIVINT/STIC,CIVINT-STIC-U03,Isabela Piloto,2026-08-10T04:35:26-03:00,Aguardando manifestação da área técnica.
ANO002748,EXP003110,PGR-00093641/2026,DOCUMENTO,CIVINT/STIC,CIVINT-STIC-U06,Lucas Esboço,2026-09-16T14:57:53-03:00,Aguardando retorno de diligência.
ANO002749,EXP003110,PGR-00093641/2026,DOCUMENTO,CIVINT/STIC,CIVINT-STIC-U07,Marina Maquete,2026-09-04T21:47:20-03:00,Aguardando manifestação da área técnica.
ANO002750,EXP003110,PGR-00093641/2026,DOCUMENTO,CIVINT/STIC,CIVINT-STIC-U07,Marina Maquete,2026-09-10T01:27:13-03:00,Prioridade definida em reunião de equipe.
ANO002751,EXP003111,PGR-00064878/2026,DOCUMENTO,CIVINT/STIC,CIVINT-STIC-U06,Lucas Esboço,2026-08-18T10:28:06-03:00,Verificar prazo com a chefia.
ANO002752,EXP003112,PGR-00057582/2026,DOCUMENTO,CIVINT/STIC,CIVINT-STIC-U01,Gabriela Simulada,2026-10-01T22:19:50-03:00,Aguardando manifestação da área técnica.
ANO002753,EXP003113,PGR-00094825/2026,DOCUMENTO,CIVINT/STIC,CIVINT-STIC-U04,João Rascunho,2026-09-15T10:00:40-03:00,Aguardando retorno de diligência.
ANO002754,EXP003113,PGR-00094825/2026,DOCUMENTO,CIVINT/STIC,CIVINT-STIC-U05,Karina Ensaio,2026-08-04T09:45:07-03:00,"Minuta revisada, pendente de assinatura."
ANO002755,EXP003113,PGR-00094825/2026,DOCUMENTO,CIVINT/STIC,CIVINT-STIC-U06,Lucas Esboço,2026-09-03T11:27:26-03:00,Aguardando retorno de diligência.
ANO002756,EXP003114,PGR-00037419/2026,DOCUMENTO,CIVINT/STIC,CIVINT-STIC-U03,Isabela Piloto,2026-09-12T17:47:19-03:00,Conferir anexos antes de movimentar.
ANO002757,EXP003114,PGR-00037419/2026,DOCUMENTO,CIVINT/STIC,CIVINT-STIC-U08,Nelson Mock,2026-09-14T12:14:27-03:00,Solicitadas informações complementares ao remetente.
ANO002758,EXP003115,PGR-00086261/2026,DOCUMENTO,CIVINT/STIC,CIVINT-STIC-U05,Karina Ensaio,2026-10-01T16:24:53-03:00,Prioridade definida em reunião de equipe.
ANO002759,EXP003115,PGR-00086261/2026,DOCUMENTO,CIVINT/STIC,CIVINT-STIC-U07,Marina Maquete,2026-09-25T14:39:27-03:00,Prioridade definida em reunião de equipe.
ANO002760,EXP003116,PGR-00010690/2026,DOCUMENTO,CIVINT/STIC,CIVINT-STIC-U01,Gabriela Simulada,2026-10-02T04:29:42-03:00,Aguardando retorno de diligência.
ANO002761,EXP003117,PGR-00027555/2026,DOCUMENTO,CIVINT/STIC,CIVINT-STIC-U02,Heitor Protótipo,2026-10-04T03:33:02-03:00,Aguardando manifestação da área técnica.
ANO002762,EXP003118,PGR-00012380/2026,DOCUMENTO,CIVINT/STIC,CIVINT-STIC-U04,João Rascunho,2026-09-24T04:59:01-03:00,Aguardando retorno de diligência.
ANO002763,EXP003122,PGR-00050877/2026,DOCUMENTO,CIVINT/STIC,CIVINT-STIC-U02,Heitor Protótipo,2026-10-07T02:04:30-03:00,Prioridade definida em reunião de equipe.
ANO002764,EXP003123,PGR-00061836/2026,DOCUMENTO,CIVINT/STIC,CIVINT-STIC-U08,Nelson Mock,2026-10-07T15:57:35-03:00,Solicitadas informações complementares ao remetente.
ANO002765,EXP003124,PGR-00009842/2026,DOCUMENTO,CIVINT/STIC,CIVINT-STIC-U08,Nelson Mock,2026-09-05T13:20:46-03:00,Solicitadas informações complementares ao remetente.
ANO002766,EXP003125,PGR-00068757/2026,DOCUMENTO,CIVINT/STIC,CIVINT-STIC-U06,Lucas Esboço,2026-09-11T05:03:04-03:00,Solicitadas informações complementares ao remetente.
ANO002767,EXP003125,PGR-00068757/2026,DOCUMENTO,CIVINT/STIC,CIVINT-STIC-U04,João Rascunho,2026-09-06T03:02:41-03:00,Verificar prazo com a chefia.
ANO002768,EXP003126,PGR-00070419/2026,DOCUMENTO,CIVINT/STIC,CIVINT-STIC-U05,Karina Ensaio,2026-09-09T14:17:14-03:00,Verificar prazo com a chefia.
ANO002769,EXP003127,PGR-00053057/2026,DOCUMENTO,CIVINT/STIC,CIVINT-STIC-U02,Heitor Protótipo,2026-09-27T08:26:58-03:00,Prioridade definida em reunião de equipe.
ANO002770,EXP003129,PGR-00066643/2026,DOCUMENTO,CIVINT/STIC,CIVINT-STIC-U06,Lucas Esboço,2026-09-30T02:32:44-03:00,"Minuta revisada, pendente de assinatura."
ANO002771,EXP003132,PGR-00047130/2026,DOCUMENTO,CIVINT/STIC,CIVINT-STIC-U02,Heitor Protótipo,2026-10-01T05:38:49-03:00,Aguardando manifestação da área técnica.
ANO002772,EXP003133,PGR-00006070/2026,DOCUMENTO,CIVINT/STIC,CIVINT-STIC-U02,Heitor Protótipo,2026-10-06T07:30:14-03:00,Conferir anexos antes de movimentar.
ANO002773,EXP003135,PGR-00000280/2026,DOCUMENTO,CIVINT/STIC,CIVINT-STIC-U02,Heitor Protótipo,2026-10-07T07:16:05-03:00,Aguardando retorno de diligência.
ANO002774,EXP003137,PGR-00072750/2026,DOCUMENTO,CIVINT/STIC,CIVINT-STIC-U02,Heitor Protótipo,2026-09-16T15:00:26-03:00,Conferir anexos antes de movimentar.
ANO002775,EXP003138,PGR-00021292/2026,DOCUMENTO,CIVINT/STIC,CIVINT-STIC-U03,Isabela Piloto,2026-09-02T21:31:30-03:00,"Minuta revisada, pendente de assinatura."
ANO002776,EXP003139,PGR-00029960/2026,DOCUMENTO,CIVINT/STIC,CIVINT-STIC-U08,Nelson Mock,2026-10-04T12:07:26-03:00,"Minuta revisada, pendente de assinatura."
ANO002777,EXP003141,PGR-00064924/2026,DOCUMENTO,CIVINT/STIC,CIVINT-STIC-U07,Marina Maquete,2026-09-19T05:27:54-03:00,Prioridade definida em reunião de equipe.
ANO002778,EXP003141,PGR-00064924/2026,DOCUMENTO,CIVINT/STIC,CIVINT-STIC-U04,João Rascunho,2026-09-05T21:15:24-03:00,Aguardando manifestação da área técnica.
ANO002779,EXP003142,PGR-00087488/2026,DOCUMENTO,CIVINT/STIC,CIVINT-STIC-U04,João Rascunho,2026-10-07T01:53:19-03:00,Solicitadas informações complementares ao remetente.
ANO002780,EXP003142,PGR-00087488/2026,DOCUMENTO,CIVINT/STIC,CIVINT-STIC-U05,Karina Ensaio,2026-09-28T03:20:31-03:00,Prioridade definida em reunião de equipe.
ANO002781,EXP003142,PGR-00087488/2026,DOCUMENTO,CIVINT/STIC,CIVINT-STIC-U06,Lucas Esboço,2026-09-07T08:46:19-03:00,Aguardando manifestação da área técnica.
ANO002782,EXP003143,PGR-00012218/2026,DOCUMENTO,CIVINT/STIC,CIVINT-STIC-U04,João Rascunho,2026-08-27T22:17:58-03:00,Aguardando manifestação da área técnica.
ANO002783,EXP003146,PGR-00040698/2026,DOCUMENTO,CIVINT/STIC,CIVINT-STIC-U06,Lucas Esboço,2026-10-04T19:25:58-03:00,Prioridade definida em reunião de equipe.
ANO002784,EXP003147,PGR-00072946/2026,DOCUMENTO,CIVINT/STIC,CIVINT-STIC-U04,João Rascunho,2026-09-09T16:08:36-03:00,Relacionado a expediente anterior do mesmo interessado.
ANO002785,EXP003148,PGR-00070274/2026,DOCUMENTO,CIVINT/STIC,CIVINT-STIC-U05,Karina Ensaio,2026-10-01T23:59:34-03:00,Verificar prazo com a chefia.
ANO002786,EXP003148,PGR-00070274/2026,DOCUMENTO,CIVINT/STIC,CIVINT-STIC-U07,Marina Maquete,2026-10-05T21:36:14-03:00,Solicitadas informações complementares ao remetente.
ANO002787,EXP003149,PGR-00043258/2026,DOCUMENTO,CIVINT/STIC,CIVINT-STIC-U06,Lucas Esboço,2026-09-29T08:35:49-03:00,Verificar prazo com a chefia.
ANO002788,EXP003150,PGR-00081450/2026,DOCUMENTO,CIVINT/STIC,CIVINT-STIC-U06,Lucas Esboço,2026-09-14T18:31:49-03:00,Aguardando retorno de diligência.
ANO002789,EXP003150,PGR-00081450/2026,DOCUMENTO,CIVINT/STIC,CIVINT-STIC-U01,Gabriela Simulada,2026-10-03T00:46:20-03:00,Prioridade definida em reunião de equipe.
ANO002790,EXP003150,PGR-00081450/2026,DOCUMENTO,CIVINT/STIC,CIVINT-STIC-U03,Isabela Piloto,2026-09-04T15:56:21-03:00,Conferir anexos antes de movimentar.
ANO002791,EXP003151,PGR-00015288/2026,DOCUMENTO,CIVINT/STIC,CIVINT-STIC-U07,Marina Maquete,2026-09-27T15:51:01-03:00,Aguardando manifestação da área técnica.
ANO002792,EXP003151,PGR-00015288/2026,DOCUMENTO,CIVINT/STIC,CIVINT-STIC-U04,João Rascunho,2026-10-04T16:35:05-03:00,Aguardando retorno de diligência.
ANO002793,EXP003153,PGR-00007113/2026,DOCUMENTO,CIVINT/STIC,CIVINT-STIC-U02,Heitor Protótipo,2026-10-02T04:29:40-03:00,Relacionado a expediente anterior do mesmo interessado.
ANO002794,EXP003154,PGR-00021394/2026,DOCUMENTO,CIVINT/STIC,CIVINT-STIC-U05,Karina Ensaio,2026-10-07T08:55:16-03:00,Verificar prazo com a chefia.
ANO002795,EXP003155,PGR-00088919/2026,DOCUMENTO,CIVINT/STIC,CIVINT-STIC-U02,Heitor Protótipo,2026-08-06T16:02:59-03:00,Aguardando manifestação da área técnica.
ANO002796,EXP003155,PGR-00088919/2026,DOCUMENTO,CIVINT/STIC,CIVINT-STIC-U01,Gabriela Simulada,2026-08-24T03:01:18-03:00,Aguardando manifestação da área técnica.
ANO002797,EXP003157,PGR-00019055/2026,DOCUMENTO,CIVINT/STIC,CIVINT-STIC-U03,Isabela Piloto,2026-09-29T03:28:33-03:00,Aguardando manifestação da área técnica.
ANO002798,EXP003157,PGR-00019055/2026,DOCUMENTO,CIVINT/STIC,CIVINT-STIC-U02,Heitor Protótipo,2026-10-01T05:35:19-03:00,Verificar prazo com a chefia.
ANO002799,EXP003158,PGR-00070469/2026,DOCUMENTO,CIVINT/STIC,CIVINT-STIC-U04,João Rascunho,2026-09-30T08:02:26-03:00,Aguardando retorno de diligência.
ANO002800,EXP003159,PGR-00067057/2026,DOCUMENTO,CIVINT/STIC,CIVINT-STIC-U01,Gabriela Simulada,2026-10-01T14:33:17-03:00,Prioridade definida em reunião de equipe.
ANO002801,EXP003160,PGR-00081179/2026,DOCUMENTO,CIVINT/STIC,CIVINT-STIC-U03,Isabela Piloto,2026-10-06T10:41:13-03:00,Verificar prazo com a chefia.
ANO002802,EXP003160,PGR-00081179/2026,DOCUMENTO,CIVINT/STIC,CIVINT-STIC-U08,Nelson Mock,2026-10-06T06:43:38-03:00,Verificar prazo com a chefia.
ANO002803,EXP003161,PGR-00027630/2026,DOCUMENTO,CIVINT/STIC,CIVINT-STIC-U05,Karina Ensaio,2026-10-07T12:20:15-03:00,Prioridade definida em reunião de equipe.
ANO002804,EXP003161,PGR-00027630/2026,DOCUMENTO,CIVINT/STIC,CIVINT-STIC-U06,Lucas Esboço,2026-10-05T17:54:05-03:00,"Minuta revisada, pendente de assinatura."
ANO002805,EXP003162,PGR-00057255/2026,DOCUMENTO,CIVINT/STIC,CIVINT-STIC-U03,Isabela Piloto,2026-10-05T03:06:47-03:00,Solicitadas informações complementares ao remetente.
ANO002806,EXP003163,PGR-00011539/2026,DOCUMENTO,CIVINT/STIC,CIVINT-STIC-U08,Nelson Mock,2026-09-25T03:09:09-03:00,Conferir anexos antes de movimentar.
ANO002807,EXP003164,PGR-00018855/2026,DOCUMENTO,CIVINT/STIC,CIVINT-STIC-U05,Karina Ensaio,2026-09-16T05:13:38-03:00,Relacionado a expediente anterior do mesmo interessado.
ANO002808,EXP003165,PGR-00059539/2026,DOCUMENTO,CIVINT/STIC,CIVINT-STIC-U07,Marina Maquete,2026-10-01T07:23:03-03:00,Aguardando retorno de diligência.
ANO002809,EXP003166,PGR-00079730/2026,DOCUMENTO,CIVINT/STIC,CIVINT-STIC-U07,Marina Maquete,2026-09-19T23:49:51-03:00,Relacionado a expediente anterior do mesmo interessado.
ANO002810,EXP003168,PGR-00085212/2026,DOCUMENTO,CIVINT/STIC,CIVINT-STIC-U04,João Rascunho,2026-10-05T00:04:45-03:00,Verificar prazo com a chefia.
ANO002811,EXP003169,PGR-00052976/2026,DOCUMENTO,CIVINT/STIC,CIVINT-STIC-U01,Gabriela Simulada,2026-06-20T21:42:44-03:00,Prioridade definida em reunião de equipe.
ANO002812,EXP003172,PGR-00044010/2026,DOCUMENTO,CIVINT/STIC,CIVINT-STIC-U07,Marina Maquete,2026-09-19T21:31:06-03:00,Conferir anexos antes de movimentar.
ANO002813,EXP003173,PGR-00085381/2026,DOCUMENTO,CIVINT/STIC,CIVINT-STIC-U03,Isabela Piloto,2026-09-18T07:20:24-03:00,Aguardando retorno de diligência.
ANO002814,EXP003174,PGR-00034869/2026,DOCUMENTO,CIVINT/STIC,CIVINT-STIC-U08,Nelson Mock,2026-09-28T03:37:19-03:00,Conferir anexos antes de movimentar.
ANO002815,EXP003175,PGR-00080530/2026,DOCUMENTO,CIVINT/STIC,CIVINT-STIC-U06,Lucas Esboço,2026-10-03T09:32:02-03:00,Verificar prazo com a chefia.
ANO002816,EXP003175,PGR-00080530/2026,DOCUMENTO,CIVINT/STIC,CIVINT-STIC-U06,Lucas Esboço,2026-09-27T07:26:27-03:00,Relacionado a expediente anterior do mesmo interessado.
ANO002817,EXP003176,PGR-00044616/2026,DOCUMENTO,CIVINT/STIC,CIVINT-STIC-U01,Gabriela Simulada,2026-10-02T01:28:57-03:00,"Minuta revisada, pendente de assinatura."
ANO002818,EXP003178,PGR-00015876/2026,DOCUMENTO,CIVINT/STIC,CIVINT-STIC-U07,Marina Maquete,2026-10-04T19:31:03-03:00,"Minuta revisada, pendente de assinatura."
ANO002819,EXP003178,PGR-00015876/2026,DOCUMENTO,CIVINT/STIC,CIVINT-STIC-U03,Isabela Piloto,2026-10-06T00:11:51-03:00,Solicitadas informações complementares ao remetente.
ANO002820,EXP003179,PGR-00097857/2026,DOCUMENTO,CIVINT/STIC,CIVINT-STIC-U08,Nelson Mock,2026-08-09T07:47:21-03:00,Solicitadas informações complementares ao remetente.
ANO002821,EXP003181,PGR-00089079/2026,DOCUMENTO,CIVINT/STIC,CIVINT-STIC-U08,Nelson Mock,2026-10-07T11:26:40-03:00,Aguardando manifestação da área técnica.
ANO002822,EXP003182,1.15.659.461108/2023-65,EXTRAJUDICIAL,CIVINT/STIC,CIVINT-STIC-U07,Marina Maquete,2026-09-21T01:57:34-03:00,Conferir anexos antes de movimentar.
ANO002823,EXP003182,1.15.659.461108/2023-65,EXTRAJUDICIAL,CIVINT/STIC,CIVINT-STIC-U03,Isabela Piloto,2026-09-24T12:11:53-03:00,Aguardando manifestação da área técnica.
ANO002824,EXP003185,1.13.369.753793/2023-19,EXTRAJUDICIAL,CIVINT/STIC,CIVINT-STIC-U05,Karina Ensaio,2026-10-06T12:09:29-03:00,Relacionado a expediente anterior do mesmo interessado.
ANO002825,EXP003185,1.13.369.753793/2023-19,EXTRAJUDICIAL,CIVINT/STIC,CIVINT-STIC-U03,Isabela Piloto,2026-10-06T18:53:44-03:00,Relacionado a expediente anterior do mesmo interessado.
ANO002826,EXP003186,1.30.042.397889/2021-18,EXTRAJUDICIAL,CIVINT/STIC,CIVINT-STIC-U08,Nelson Mock,2026-10-06T13:34:53-03:00,Prioridade definida em reunião de equipe.
ANO002827,EXP003187,1.11.719.919460/2024-23,EXTRAJUDICIAL,CIVINT/STIC,CIVINT-STIC-U04,João Rascunho,2026-09-22T12:11:02-03:00,Solicitadas informações complementares ao remetente.
ANO002828,EXP003187,1.11.719.919460/2024-23,EXTRAJUDICIAL,CIVINT/STIC,CIVINT-STIC-U03,Isabela Piloto,2026-08-30T02:14:50-03:00,Verificar prazo com a chefia.
ANO002829,EXP003189,1.24.821.302341/2023-96,EXTRAJUDICIAL,CIVINT/STIC,CIVINT-STIC-U08,Nelson Mock,2026-10-03T05:25:04-03:00,Prioridade definida em reunião de equipe.
ANO002830,EXP003189,1.24.821.302341/2023-96,EXTRAJUDICIAL,CIVINT/STIC,CIVINT-STIC-U03,Isabela Piloto,2026-10-06T03:52:43-03:00,Aguardando retorno de diligência.
ANO002831,EXP003192,PGR-00005529/2026,DOCUMENTO,CIVINT/STIC,CIVINT-STIC-U04,João Rascunho,2026-09-22T22:08:00-03:00,"Minuta revisada, pendente de assinatura."
ANO002832,EXP003193,PGR-00035091/2026,DOCUMENTO,CIVINT/STIC,CIVINT-STIC-U03,Isabela Piloto,2026-09-14T00:06:34-03:00,Aguardando retorno de diligência.
ANO002833,EXP003193,PGR-00035091/2026,DOCUMENTO,CIVINT/STIC,CIVINT-STIC-U07,Marina Maquete,2026-09-22T16:56:41-03:00,Aguardando manifestação da área técnica.
ANO002834,EXP003193,PGR-00035091/2026,DOCUMENTO,CIVINT/STIC,CIVINT-STIC-U03,Isabela Piloto,2026-09-22T06:54:38-03:00,Aguardando manifestação da área técnica.
ANO002835,EXP003194,PGR-00040378/2026,DOCUMENTO,CIVINT/STIC,CIVINT-STIC-U04,João Rascunho,2026-07-18T14:59:11-03:00,Aguardando retorno de diligência.
ANO002836,EXP003195,PGR-00046578/2026,DOCUMENTO,CIVINT/STIC,CIVINT-STIC-U03,Isabela Piloto,2026-09-16T14:46:04-03:00,Aguardando manifestação da área técnica.
ANO002837,EXP003195,PGR-00046578/2026,DOCUMENTO,CIVINT/STIC,CIVINT-STIC-U07,Marina Maquete,2026-09-21T00:18:10-03:00,Relacionado a expediente anterior do mesmo interessado.
ANO002838,EXP003195,PGR-00046578/2026,DOCUMENTO,CIVINT/STIC,CIVINT-STIC-U05,Karina Ensaio,2026-09-13T21:27:36-03:00,Aguardando retorno de diligência.
ANO002839,EXP003196,PGR-00064148/2026,DOCUMENTO,CIVINT/STIC,CIVINT-STIC-U05,Karina Ensaio,2026-09-26T03:29:39-03:00,Relacionado a expediente anterior do mesmo interessado.
ANO002840,EXP003196,PGR-00064148/2026,DOCUMENTO,CIVINT/STIC,CIVINT-STIC-U03,Isabela Piloto,2026-09-12T08:29:34-03:00,Prioridade definida em reunião de equipe.
ANO002841,EXP003197,PGR-00051724/2026,DOCUMENTO,CIVINT/STIC,CIVINT-STIC-U05,Karina Ensaio,2026-08-08T03:49:26-03:00,Aguardando manifestação da área técnica.
ANO002842,EXP003199,PGR-00074417/2026,DOCUMENTO,CIVINT/STIC,CIVINT-STIC-U08,Nelson Mock,2026-10-03T01:57:50-03:00,Verificar prazo com a chefia.
ANO002843,EXP003199,PGR-00074417/2026,DOCUMENTO,CIVINT/STIC,CIVINT-STIC-U06,Lucas Esboço,2026-09-23T10:36:39-03:00,Prioridade definida em reunião de equipe.
ANO002844,EXP003199,PGR-00074417/2026,DOCUMENTO,CIVINT/STIC,CIVINT-STIC-U02,Heitor Protótipo,2026-10-01T23:02:46-03:00,"Minuta revisada, pendente de assinatura."
ANO002845,EXP003200,PGR-00089319/2026,DOCUMENTO,CIVINT/STIC,CIVINT-STIC-U01,Gabriela Simulada,2026-09-30T10:50:25-03:00,Solicitadas informações complementares ao remetente.
ANO002846,EXP003200,PGR-00089319/2026,DOCUMENTO,CIVINT/STIC,CIVINT-STIC-U03,Isabela Piloto,2026-09-27T05:29:50-03:00,Aguardando retorno de diligência.
ANO002847,EXP003203,PGR-00093305/2026,DOCUMENTO,CIVINT/STIC,CIVINT-STIC-U04,João Rascunho,2026-06-26T19:34:19-03:00,Aguardando manifestação da área técnica.
ANO002848,EXP003203,PGR-00093305/2026,DOCUMENTO,CIVINT/STIC,CIVINT-STIC-U06,Lucas Esboço,2026-06-18T11:27:25-03:00,Aguardando retorno de diligência.
ANO002849,EXP003204,PGR-00019519/2026,DOCUMENTO,CIVINT/STIC,CIVINT-STIC-U02,Heitor Protótipo,2026-09-13T08:42:21-03:00,Verificar prazo com a chefia.
ANO002850,EXP003204,PGR-00019519/2026,DOCUMENTO,CIVINT/STIC,CIVINT-STIC-U08,Nelson Mock,2026-09-17T23:47:33-03:00,Solicitadas informações complementares ao remetente.
ANO002851,EXP003205,PGR-00041495/2026,DOCUMENTO,CIVINT/STIC,CIVINT-STIC-U03,Isabela Piloto,2026-09-19T07:37:18-03:00,Conferir anexos antes de movimentar.
ANO002852,EXP003205,PGR-00041495/2026,DOCUMENTO,CIVINT/STIC,CIVINT-STIC-U02,Heitor Protótipo,2026-09-29T06:21:30-03:00,Aguardando manifestação da área técnica.
ANO002853,EXP003205,PGR-00041495/2026,DOCUMENTO,CIVINT/STIC,CIVINT-STIC-U05,Karina Ensaio,2026-09-16T02:38:38-03:00,Aguardando retorno de diligência.
ANO002854,EXP003206,PGR-00095607/2026,DOCUMENTO,CIVINT/STIC,CIVINT-STIC-U03,Isabela Piloto,2026-09-25T10:36:07-03:00,"Minuta revisada, pendente de assinatura."
ANO002855,EXP003207,PGR-00089599/2026,DOCUMENTO,CIVINT/STIC,CIVINT-STIC-U02,Heitor Protótipo,2026-09-04T07:25:37-03:00,Conferir anexos antes de movimentar.
ANO002856,EXP003207,PGR-00089599/2026,DOCUMENTO,CIVINT/STIC,CIVINT-STIC-U03,Isabela Piloto,2026-09-01T17:10:43-03:00,Aguardando retorno de diligência.
ANO002857,EXP003207,PGR-00089599/2026,DOCUMENTO,CIVINT/STIC,CIVINT-STIC-U04,João Rascunho,2026-09-02T08:17:36-03:00,Prioridade definida em reunião de equipe.
ANO002858,EXP003208,PGR-00079629/2026,DOCUMENTO,CIVINT/STIC,CIVINT-STIC-U05,Karina Ensaio,2026-08-21T00:32:09-03:00,Relacionado a expediente anterior do mesmo interessado.
ANO002859,EXP003209,PGR-00024722/2026,DOCUMENTO,CIVINT/STIC,CIVINT-STIC-U08,Nelson Mock,2026-06-14T05:22:38-03:00,Aguardando manifestação da área técnica.
ANO002860,EXP003216,PGR-00002518/2026,DOCUMENTO,CIVINT/STIC,CIVINT-STIC-U01,Gabriela Simulada,2026-07-10T21:28:43-03:00,Prioridade definida em reunião de equipe.
ANO002861,EXP003217,PGR-00024511/2026,DOCUMENTO,CIVINT/STIC,CIVINT-STIC-U08,Nelson Mock,2026-09-29T19:40:42-03:00,Verificar prazo com a chefia.
ANO002862,EXP003218,PGR-00091612/2026,DOCUMENTO,CIVINT/STIC,CIVINT-STIC-U02,Heitor Protótipo,2026-06-14T07:06:51-03:00,Conferir anexos antes de movimentar.
ANO002863,EXP003218,PGR-00091612/2026,DOCUMENTO,CIVINT/STIC,CIVINT-STIC-U02,Heitor Protótipo,2026-06-13T22:53:04-03:00,Verificar prazo com a chefia.
ANO002864,EXP003218,PGR-00091612/2026,DOCUMENTO,CIVINT/STIC,CIVINT-STIC-U02,Heitor Protótipo,2026-06-12T10:54:07-03:00,Prioridade definida em reunião de equipe.
ANO002865,EXP003219,PGR-00064412/2026,DOCUMENTO,CIVINT/STIC,CIVINT-STIC-U06,Lucas Esboço,2026-06-17T07:02:43-03:00,Aguardando manifestação da área técnica.
ANO002866,EXP003220,PGR-00018322/2026,DOCUMENTO,CIVINT/STIC,CIVINT-STIC-U07,Marina Maquete,2026-09-13T19:09:25-03:00,Verificar prazo com a chefia.
ANO002867,EXP003220,PGR-00018322/2026,DOCUMENTO,CIVINT/STIC,CIVINT-STIC-U03,Isabela Piloto,2026-09-12T23:32:15-03:00,Aguardando manifestação da área técnica.
ANO002868,EXP003221,PGR-00060429/2026,DOCUMENTO,CIVINT/STIC,CIVINT-STIC-U02,Heitor Protótipo,2026-09-17T22:43:36-03:00,Aguardando retorno de diligência.
ANO002869,EXP003221,PGR-00060429/2026,DOCUMENTO,CIVINT/STIC,CIVINT-STIC-U06,Lucas Esboço,2026-09-20T23:28:21-03:00,Solicitadas informações complementares ao remetente.
ANO002870,EXP003221,PGR-00060429/2026,DOCUMENTO,CIVINT/STIC,CIVINT-STIC-U05,Karina Ensaio,2026-10-05T11:15:37-03:00,Aguardando manifestação da área técnica.
ANO002871,EXP003222,PGR-00059430/2026,DOCUMENTO,CIVINT/STIC,CIVINT-STIC-U03,Isabela Piloto,2026-06-20T23:51:05-03:00,Conferir anexos antes de movimentar.
ANO002872,EXP003223,PGR-00054825/2026,DOCUMENTO,CIVINT/STIC,CIVINT-STIC-U04,João Rascunho,2026-07-22T18:18:55-03:00,Aguardando retorno de diligência.
ANO002873,EXP003223,PGR-00054825/2026,DOCUMENTO,CIVINT/STIC,CIVINT-STIC-U05,Karina Ensaio,2026-07-21T07:03:42-03:00,Conferir anexos antes de movimentar.
ANO002874,EXP003223,PGR-00054825/2026,DOCUMENTO,CIVINT/STIC,CIVINT-STIC-U04,João Rascunho,2026-08-18T21:08:37-03:00,Relacionado a expediente anterior do mesmo interessado.
ANO002875,EXP003224,PGR-00069677/2026,DOCUMENTO,CIVINT/STIC,CIVINT-STIC-U04,João Rascunho,2026-09-09T03:58:24-03:00,Relacionado a expediente anterior do mesmo interessado.
ANO002876,EXP003224,PGR-00069677/2026,DOCUMENTO,CIVINT/STIC,CIVINT-STIC-U02,Heitor Protótipo,2026-08-30T03:39:16-03:00,Conferir anexos antes de movimentar.
ANO002877,EXP003225,PGR-00034518/2026,DOCUMENTO,CIVINT/STIC,CIVINT-STIC-U04,João Rascunho,2026-07-06T06:09:13-03:00,Conferir anexos antes de movimentar.
ANO002878,EXP003225,PGR-00034518/2026,DOCUMENTO,CIVINT/STIC,CIVINT-STIC-U01,Gabriela Simulada,2026-07-07T07:31:29-03:00,Verificar prazo com a chefia.
ANO002879,EXP003226,PGR-00011302/2026,DOCUMENTO,CIVINT/STIC,CIVINT-STIC-U06,Lucas Esboço,2026-10-03T20:00:45-03:00,Aguardando retorno de diligência.
ANO002880,EXP003226,PGR-00011302/2026,DOCUMENTO,CIVINT/STIC,CIVINT-STIC-U08,Nelson Mock,2026-09-27T16:58:58-03:00,Verificar prazo com a chefia.
ANO002881,EXP003228,PGR-00018193/2026,DOCUMENTO,CIVINT/STIC,CIVINT-STIC-U07,Marina Maquete,2026-08-17T05:36:16-03:00,Verificar prazo com a chefia.
ANO002882,EXP003229,PGR-00022752/2026,DOCUMENTO,CIVINT/STIC,CIVINT-STIC-U06,Lucas Esboço,2026-06-20T15:22:14-03:00,Prioridade definida em reunião de equipe.
ANO002883,EXP003230,PGR-00030604/2026,DOCUMENTO,CIVINT/STIC,CIVINT-STIC-U07,Marina Maquete,2026-08-18T08:08:41-03:00,"Minuta revisada, pendente de assinatura."
ANO002884,EXP003231,PGR-00029816/2026,DOCUMENTO,CIVINT/STIC,CIVINT-STIC-U04,João Rascunho,2026-08-25T19:11:02-03:00,Conferir anexos antes de movimentar.
ANO002885,EXP003231,PGR-00029816/2026,DOCUMENTO,CIVINT/STIC,CIVINT-STIC-U08,Nelson Mock,2026-08-01T08:29:36-03:00,Aguardando manifestação da área técnica.
ANO002886,EXP003231,PGR-00029816/2026,DOCUMENTO,CIVINT/STIC,CIVINT-STIC-U07,Marina Maquete,2026-08-06T23:29:57-03:00,Conferir anexos antes de movimentar.
ANO002887,EXP003232,PGR-00076654/2026,DOCUMENTO,CIVINT/STIC,CIVINT-STIC-U02,Heitor Protótipo,2026-09-30T14:37:00-03:00,Relacionado a expediente anterior do mesmo interessado.
ANO002888,EXP003233,PGR-00022285/2026,DOCUMENTO,CIVINT/STIC,CIVINT-STIC-U04,João Rascunho,2026-08-11T09:01:33-03:00,Prioridade definida em reunião de equipe.
ANO002889,EXP003234,PGR-00020993/2026,DOCUMENTO,CIVINT/STIC,CIVINT-STIC-U01,Gabriela Simulada,2026-08-06T14:07:56-03:00,Relacionado a expediente anterior do mesmo interessado.
ANO002890,EXP003234,PGR-00020993/2026,DOCUMENTO,CIVINT/STIC,CIVINT-STIC-U01,Gabriela Simulada,2026-08-07T17:47:50-03:00,Aguardando manifestação da área técnica.
ANO002891,EXP003235,PGR-00098473/2026,DOCUMENTO,CIVINT/STIC,CIVINT-STIC-U03,Isabela Piloto,2026-08-03T12:56:44-03:00,Relacionado a expediente anterior do mesmo interessado.
ANO002892,EXP003236,PGR-00092121/2026,DOCUMENTO,CIVINT/STIC,CIVINT-STIC-U04,João Rascunho,2026-06-14T08:50:06-03:00,Solicitadas informações complementares ao remetente.
ANO002893,EXP003239,PGR-00047388/2026,DOCUMENTO,CIVINT/STIC,CIVINT-STIC-U02,Heitor Protótipo,2026-09-03T19:18:49-03:00,Conferir anexos antes de movimentar.
ANO002894,EXP003240,PGR-00064152/2026,DOCUMENTO,CIVINT/STIC,CIVINT-STIC-U03,Isabela Piloto,2026-08-12T19:52:49-03:00,Aguardando manifestação da área técnica.
ANO002895,EXP003241,PGR-00031563/2026,DOCUMENTO,CIVINT/STIC,CIVINT-STIC-U06,Lucas Esboço,2026-06-26T12:55:45-03:00,Aguardando manifestação da área técnica.
ANO002896,EXP003241,PGR-00031563/2026,DOCUMENTO,CIVINT/STIC,CIVINT-STIC-U04,João Rascunho,2026-06-29T07:16:50-03:00,Prioridade definida em reunião de equipe.
ANO002897,EXP003241,PGR-00031563/2026,DOCUMENTO,CIVINT/STIC,CIVINT-STIC-U08,Nelson Mock,2026-06-23T12:54:49-03:00,Aguardando manifestação da área técnica.
ANO002898,EXP003243,PGR-00064216/2026,DOCUMENTO,CIVINT/STIC,CIVINT-STIC-U05,Karina Ensaio,2026-08-27T01:22:36-03:00,Solicitadas informações complementares ao remetente.
ANO002899,EXP003244,PGR-00014665/2026,DOCUMENTO,CIVINT/STIC,CIVINT-STIC-U03,Isabela Piloto,2026-08-07T22:50:35-03:00,Verificar prazo com a chefia.
ANO002900,EXP003248,PGR-00014684/2026,DOCUMENTO,CIVINT/STIC,CIVINT-STIC-U02,Heitor Protótipo,2026-08-06T23:06:11-03:00,Aguardando retorno de diligência.
ANO002901,EXP003249,PGR-00015115/2026,DOCUMENTO,CIVINT/STIC,CIVINT-STIC-U05,Karina Ensaio,2026-09-04T16:26:35-03:00,Aguardando retorno de diligência.
ANO002902,EXP003249,PGR-00015115/2026,DOCUMENTO,CIVINT/STIC,CIVINT-STIC-U07,Marina Maquete,2026-09-01T18:33:25-03:00,Verificar prazo com a chefia.
ANO002903,EXP003249,PGR-00015115/2026,DOCUMENTO,CIVINT/STIC,CIVINT-STIC-U05,Karina Ensaio,2026-08-28T01:54:36-03:00,Prioridade definida em reunião de equipe.
ANO002904,EXP003250,PGR-00019935/2026,DOCUMENTO,CIVINT/STIC,CIVINT-STIC-U06,Lucas Esboço,2026-06-22T14:02:35-03:00,Relacionado a expediente anterior do mesmo interessado.
ANO002905,EXP003251,PGR-00081222/2026,DOCUMENTO,CIVINT/STIC,CIVINT-STIC-U05,Karina Ensaio,2026-09-30T15:04:05-03:00,Solicitadas informações complementares ao remetente.
ANO002906,EXP003252,PGR-00033233/2026,DOCUMENTO,CIVINT/STIC,CIVINT-STIC-U03,Isabela Piloto,2026-08-30T13:49:26-03:00,Conferir anexos antes de movimentar.
ANO002907,EXP003252,PGR-00033233/2026,DOCUMENTO,CIVINT/STIC,CIVINT-STIC-U07,Marina Maquete,2026-08-08T03:02:02-03:00,"Minuta revisada, pendente de assinatura."
ANO002908,EXP003252,PGR-00033233/2026,DOCUMENTO,CIVINT/STIC,CIVINT-STIC-U06,Lucas Esboço,2026-09-03T13:27:08-03:00,Aguardando manifestação da área técnica.
ANO002909,EXP003253,PGR-00044259/2026,DOCUMENTO,CIVINT/STIC,CIVINT-STIC-U07,Marina Maquete,2026-08-31T06:53:46-03:00,Conferir anexos antes de movimentar.
ANO002910,EXP003254,PGR-00067025/2026,DOCUMENTO,CIVINT/STIC,CIVINT-STIC-U01,Gabriela Simulada,2026-08-29T20:10:22-03:00,Solicitadas informações complementares ao remetente.
ANO002911,EXP003255,PGR-00077325/2026,DOCUMENTO,CIVINT/STIC,CIVINT-STIC-U02,Heitor Protótipo,2026-07-10T06:54:17-03:00,Verificar prazo com a chefia.
ANO002912,EXP003255,PGR-00077325/2026,DOCUMENTO,CIVINT/STIC,CIVINT-STIC-U08,Nelson Mock,2026-06-28T20:03:02-03:00,Aguardando manifestação da área técnica.
ANO002913,EXP003256,PGR-00090872/2026,DOCUMENTO,CIVINT/STIC,CIVINT-STIC-U06,Lucas Esboço,2026-07-23T13:50:44-03:00,Aguardando retorno de diligência.
ANO002914,EXP003256,PGR-00090872/2026,DOCUMENTO,CIVINT/STIC,CIVINT-STIC-U04,João Rascunho,2026-07-08T15:00:47-03:00,Aguardando manifestação da área técnica.
ANO002915,EXP003257,PGR-00061933/2026,DOCUMENTO,CIVINT/STIC,CIVINT-STIC-U08,Nelson Mock,2026-07-31T01:22:03-03:00,Prioridade definida em reunião de equipe.
ANO002916,EXP003257,PGR-00061933/2026,DOCUMENTO,CIVINT/STIC,CIVINT-STIC-U02,Heitor Protótipo,2026-08-01T13:07:52-03:00,Aguardando retorno de diligência.
ANO002917,EXP003258,PGR-00043053/2026,DOCUMENTO,CIVINT/STIC,CIVINT-STIC-U05,Karina Ensaio,2026-09-11T07:05:04-03:00,Relacionado a expediente anterior do mesmo interessado.
ANO002918,EXP003258,PGR-00043053/2026,DOCUMENTO,CIVINT/STIC,CIVINT-STIC-U08,Nelson Mock,2026-08-31T22:31:29-03:00,Verificar prazo com a chefia.
ANO002919,EXP003259,PGR-00012963/2026,DOCUMENTO,CIVINT/STIC,CIVINT-STIC-U08,Nelson Mock,2026-09-22T04:00:47-03:00,"Minuta revisada, pendente de assinatura."
ANO002920,EXP003260,PGR-00090806/2026,DOCUMENTO,CIVINT/STIC,CIVINT-STIC-U07,Marina Maquete,2026-08-08T09:38:27-03:00,Solicitadas informações complementares ao remetente.
ANO002921,EXP003260,PGR-00090806/2026,DOCUMENTO,CIVINT/STIC,CIVINT-STIC-U02,Heitor Protótipo,2026-08-04T19:03:45-03:00,Relacionado a expediente anterior do mesmo interessado.
ANO002922,EXP003264,PGR-00058620/2026,DOCUMENTO,CIVINT/STIC,CIVINT-STIC-U06,Lucas Esboço,2026-10-02T02:21:30-03:00,Aguardando manifestação da área técnica.
ANO002923,EXP003264,PGR-00058620/2026,DOCUMENTO,CIVINT/STIC,CIVINT-STIC-U04,João Rascunho,2026-10-04T13:55:32-03:00,Aguardando retorno de diligência.
ANO002924,EXP003265,PGR-00085054/2026,DOCUMENTO,CIVINT/STIC,CIVINT-STIC-U07,Marina Maquete,2026-08-04T02:46:49-03:00,Prioridade definida em reunião de equipe.
ANO002925,EXP003266,PGR-00086347/2026,DOCUMENTO,CIVINT/STIC,CIVINT-STIC-U08,Nelson Mock,2026-08-14T04:22:48-03:00,Conferir anexos antes de movimentar.
ANO002926,EXP003267,PGR-00079604/2026,DOCUMENTO,CIVINT/STIC,CIVINT-STIC-U07,Marina Maquete,2026-09-26T01:22:37-03:00,Solicitadas informações complementares ao remetente.
ANO002927,EXP003267,PGR-00079604/2026,DOCUMENTO,CIVINT/STIC,CIVINT-STIC-U05,Karina Ensaio,2026-09-14T06:45:22-03:00,Verificar prazo com a chefia.
ANO002928,EXP003268,PGR-00041736/2026,DOCUMENTO,CIVINT/STIC,CIVINT-STIC-U03,Isabela Piloto,2026-07-08T19:27:28-03:00,Prioridade definida em reunião de equipe.
ANO002929,EXP003269,PGR-00069240/2026,DOCUMENTO,CIVINT/STIC,CIVINT-STIC-U03,Isabela Piloto,2026-08-04T01:39:20-03:00,Verificar prazo com a chefia.
ANO002930,EXP003270,PGR-00051226/2026,DOCUMENTO,CIVINT/STIC,CIVINT-STIC-U06,Lucas Esboço,2026-06-25T10:44:07-03:00,"Minuta revisada, pendente de assinatura."
ANO002931,EXP003272,PGR-00049376/2026,DOCUMENTO,CIVINT/STIC,CIVINT-STIC-U04,João Rascunho,2026-08-25T18:02:02-03:00,Aguardando manifestação da área técnica.
ANO002932,EXP003276,PGR-00036069/2026,DOCUMENTO,CIVINT/STIC,CIVINT-STIC-U05,Karina Ensaio,2026-06-16T09:33:28-03:00,Relacionado a expediente anterior do mesmo interessado.
ANO002933,EXP003277,PGR-00062476/2026,DOCUMENTO,CIVINT/STIC,CIVINT-STIC-U01,Gabriela Simulada,2026-07-10T04:41:13-03:00,Conferir anexos antes de movimentar.
ANO002934,EXP003278,PGR-00034947/2026,DOCUMENTO,CIVINT/STIC,CIVINT-STIC-U05,Karina Ensaio,2026-07-13T14:03:52-03:00,Prioridade definida em reunião de equipe.
ANO002935,EXP003279,PGR-00078778/2026,DOCUMENTO,CIVINT/STIC,CIVINT-STIC-U03,Isabela Piloto,2026-10-07T11:24:22-03:00,Solicitadas informações complementares ao remetente.
ANO002936,EXP003279,PGR-00078778/2026,DOCUMENTO,CIVINT/STIC,CIVINT-STIC-U01,Gabriela Simulada,2026-09-27T11:03:33-03:00,Prioridade definida em reunião de equipe.
ANO002937,EXP003279,PGR-00078778/2026,DOCUMENTO,CIVINT/STIC,CIVINT-STIC-U04,João Rascunho,2026-09-30T21:46:13-03:00,Relacionado a expediente anterior do mesmo interessado.
ANO002938,EXP003280,PGR-00013164/2026,DOCUMENTO,CIVINT/STIC,CIVINT-STIC-U08,Nelson Mock,2026-07-22T03:37:12-03:00,Conferir anexos antes de movimentar.
ANO002939,EXP003281,PGR-00043391/2026,DOCUMENTO,CIVINT/STIC,CIVINT-STIC-U04,João Rascunho,2026-07-05T20:45:15-03:00,"Minuta revisada, pendente de assinatura."
ANO002940,EXP003283,PGR-00033524/2026,DOCUMENTO,CIVINT/STIC,CIVINT-STIC-U04,João Rascunho,2026-09-22T00:56:23-03:00,Prioridade definida em reunião de equipe.
ANO002941,EXP003284,PGR-00030591/2026,DOCUMENTO,CIVINT/STIC,CIVINT-STIC-U03,Isabela Piloto,2026-10-06T20:50:34-03:00,"Minuta revisada, pendente de assinatura."
ANO002942,EXP003284,PGR-00030591/2026,DOCUMENTO,CIVINT/STIC,CIVINT-STIC-U06,Lucas Esboço,2026-09-23T17:46:28-03:00,Prioridade definida em reunião de equipe.
ANO002943,EXP003284,PGR-00030591/2026,DOCUMENTO,CIVINT/STIC,CIVINT-STIC-U05,Karina Ensaio,2026-10-03T00:39:30-03:00,"Minuta revisada, pendente de assinatura."
ANO002944,EXP003285,PGR-00046634/2026,DOCUMENTO,CIVINT/STIC,CIVINT-STIC-U02,Heitor Protótipo,2026-08-29T09:13:10-03:00,Solicitadas informações complementares ao remetente.
ANO002945,EXP003285,PGR-00046634/2026,DOCUMENTO,CIVINT/STIC,CIVINT-STIC-U02,Heitor Protótipo,2026-09-03T18:07:05-03:00,"Minuta revisada, pendente de assinatura."
ANO002946,EXP003285,PGR-00046634/2026,DOCUMENTO,CIVINT/STIC,CIVINT-STIC-U05,Karina Ensaio,2026-09-15T09:13:34-03:00,Prioridade definida em reunião de equipe.
ANO002947,EXP003286,PGR-00027714/2026,DOCUMENTO,CIVINT/STIC,CIVINT-STIC-U07,Marina Maquete,2026-07-21T19:45:56-03:00,"Minuta revisada, pendente de assinatura."
ANO002948,EXP003287,PGR-00011781/2026,DOCUMENTO,CIVINT/STIC,CIVINT-STIC-U05,Karina Ensaio,2026-06-19T17:30:58-03:00,Relacionado a expediente anterior do mesmo interessado.
ANO002949,EXP003291,PGR-00023852/2026,DOCUMENTO,CIVINT/STIC,CIVINT-STIC-U08,Nelson Mock,2026-08-30T13:55:24-03:00,Aguardando retorno de diligência.
ANO002950,EXP003291,PGR-00023852/2026,DOCUMENTO,CIVINT/STIC,CIVINT-STIC-U03,Isabela Piloto,2026-09-04T11:15:39-03:00,Prioridade definida em reunião de equipe.
ANO002951,EXP003292,PGR-00060795/2026,DOCUMENTO,CIVINT/STIC,CIVINT-STIC-U02,Heitor Protótipo,2026-09-07T19:58:20-03:00,Verificar prazo com a chefia.
ANO002952,EXP003292,PGR-00060795/2026,DOCUMENTO,CIVINT/STIC,CIVINT-STIC-U05,Karina Ensaio,2026-08-14T22:41:35-03:00,Relacionado a expediente anterior do mesmo interessado.
ANO002953,EXP003296,PGR-00046682/2026,DOCUMENTO,CIVINT/STIC,CIVINT-STIC-U03,Isabela Piloto,2026-08-13T07:50:02-03:00,Verificar prazo com a chefia.
ANO002954,EXP003298,PGR-00063137/2026,DOCUMENTO,CIVINT/STIC,CIVINT-STIC-U05,Karina Ensaio,2026-08-20T22:11:57-03:00,Prioridade definida em reunião de equipe.
ANO002955,EXP003298,PGR-00063137/2026,DOCUMENTO,CIVINT/STIC,CIVINT-STIC-U08,Nelson Mock,2026-08-18T01:59:22-03:00,Aguardando retorno de diligência.
ANO002956,EXP003298,PGR-00063137/2026,DOCUMENTO,CIVINT/STIC,CIVINT-STIC-U03,Isabela Piloto,2026-08-12T07:09:26-03:00,Verificar prazo com a chefia.
ANO002957,EXP003299,PGR-00096316/2026,DOCUMENTO,CIVINT/STIC,CIVINT-STIC-U03,Isabela Piloto,2026-08-16T15:39:49-03:00,Relacionado a expediente anterior do mesmo interessado.
ANO002958,EXP003299,PGR-00096316/2026,DOCUMENTO,CIVINT/STIC,CIVINT-STIC-U05,Karina Ensaio,2026-08-21T20:03:53-03:00,Relacionado a expediente anterior do mesmo interessado.
ANO002959,EXP003299,PGR-00096316/2026,DOCUMENTO,CIVINT/STIC,CIVINT-STIC-U02,Heitor Protótipo,2026-08-19T02:35:40-03:00,Conferir anexos antes de movimentar.
ANO002960,EXP003300,PGR-00025587/2026,DOCUMENTO,CIVINT/STIC,CIVINT-STIC-U08,Nelson Mock,2026-08-11T17:56:32-03:00,Solicitadas informações complementares ao remetente.
ANO002961,EXP003301,PGR-00008761/2026,DOCUMENTO,CIVINT/STIC,CIVINT-STIC-U03,Isabela Piloto,2026-09-07T22:14:35-03:00,Aguardando retorno de diligência.
ANO002962,EXP003301,PGR-00008761/2026,DOCUMENTO,CIVINT/STIC,CIVINT-STIC-U01,Gabriela Simulada,2026-09-22T21:08:25-03:00,Prioridade definida em reunião de equipe.
ANO002963,EXP003302,PGR-00023666/2026,DOCUMENTO,CIVINT/STIC,CIVINT-STIC-U01,Gabriela Simulada,2026-06-17T12:19:18-03:00,Verificar prazo com a chefia.
ANO002964,EXP003303,PGR-00089502/2026,DOCUMENTO,CIVINT/STIC,CIVINT-STIC-U04,João Rascunho,2026-07-26T04:46:41-03:00,Aguardando manifestação da área técnica.
ANO002965,EXP003304,PGR-00046494/2026,DOCUMENTO,CIVINT/STIC,CIVINT-STIC-U03,Isabela Piloto,2026-07-05T15:10:13-03:00,Aguardando manifestação da área técnica.
ANO002966,EXP003304,PGR-00046494/2026,DOCUMENTO,CIVINT/STIC,CIVINT-STIC-U03,Isabela Piloto,2026-06-24T12:52:07-03:00,Aguardando manifestação da área técnica.
ANO002967,EXP003305,PGR-00080223/2026,DOCUMENTO,CIVINT/STIC,CIVINT-STIC-U08,Nelson Mock,2026-06-13T05:30:51-03:00,Aguardando retorno de diligência.
ANO002968,EXP003305,PGR-00080223/2026,DOCUMENTO,CIVINT/STIC,CIVINT-STIC-U05,Karina Ensaio,2026-06-13T23:39:48-03:00,Solicitadas informações complementares ao remetente.
ANO002969,EXP003305,PGR-00080223/2026,DOCUMENTO,CIVINT/STIC,CIVINT-STIC-U04,João Rascunho,2026-06-11T18:28:26-03:00,Aguardando retorno de diligência.
ANO002970,EXP003306,PGR-00012855/2026,DOCUMENTO,CIVINT/STIC,CIVINT-STIC-U07,Marina Maquete,2026-09-19T08:20:35-03:00,Relacionado a expediente anterior do mesmo interessado.
ANO002971,EXP003306,PGR-00012855/2026,DOCUMENTO,CIVINT/STIC,CIVINT-STIC-U04,João Rascunho,2026-09-17T13:58:58-03:00,Conferir anexos antes de movimentar.
ANO002972,EXP003307,PGR-00021166/2026,DOCUMENTO,CIVINT/STIC,CIVINT-STIC-U08,Nelson Mock,2026-10-02T18:40:52-03:00,Aguardando manifestação da área técnica.
ANO002973,EXP003308,PGR-00042161/2026,DOCUMENTO,CIVINT/STIC,CIVINT-STIC-U08,Nelson Mock,2026-07-14T07:43:20-03:00,"Minuta revisada, pendente de assinatura."
ANO002974,EXP003309,PGR-00052141/2026,DOCUMENTO,CIVINT/STIC,CIVINT-STIC-U04,João Rascunho,2026-06-14T09:20:19-03:00,Solicitadas informações complementares ao remetente.
ANO002975,EXP003309,PGR-00052141/2026,DOCUMENTO,CIVINT/STIC,CIVINT-STIC-U01,Gabriela Simulada,2026-06-12T04:45:18-03:00,Verificar prazo com a chefia.
ANO002976,EXP003309,PGR-00052141/2026,DOCUMENTO,CIVINT/STIC,CIVINT-STIC-U06,Lucas Esboço,2026-06-14T11:47:40-03:00,Relacionado a expediente anterior do mesmo interessado.
ANO002977,EXP003310,PGR-00005717/2026,DOCUMENTO,CIVINT/STIC,CIVINT-STIC-U02,Heitor Protótipo,2026-07-08T08:26:52-03:00,Aguardando retorno de diligência.
ANO002978,EXP003313,PGR-00015549/2026,DOCUMENTO,CIVINT/STIC,CIVINT-STIC-U08,Nelson Mock,2026-10-05T12:56:36-03:00,Aguardando manifestação da área técnica.
ANO002979,EXP003313,PGR-00015549/2026,DOCUMENTO,CIVINT/STIC,CIVINT-STIC-U06,Lucas Esboço,2026-10-03T00:46:06-03:00,Aguardando manifestação da área técnica.
ANO002980,EXP003313,PGR-00015549/2026,DOCUMENTO,CIVINT/STIC,CIVINT-STIC-U02,Heitor Protótipo,2026-10-02T17:16:42-03:00,Prioridade definida em reunião de equipe.
ANO002981,EXP003314,PGR-00075987/2026,DOCUMENTO,CIVINT/STIC,CIVINT-STIC-U06,Lucas Esboço,2026-10-02T15:36:11-03:00,Solicitadas informações complementares ao remetente.
ANO002982,EXP003315,PGR-00010147/2026,DOCUMENTO,CIVINT/STIC,CIVINT-STIC-U07,Marina Maquete,2026-07-26T23:27:34-03:00,Relacionado a expediente anterior do mesmo interessado.
ANO002983,EXP003317,PGR-00084757/2026,DOCUMENTO,CIVINT/STIC,CIVINT-STIC-U08,Nelson Mock,2026-07-31T14:51:10-03:00,"Minuta revisada, pendente de assinatura."
ANO002984,EXP003318,PGR-00042083/2026,DOCUMENTO,CIVINT/STIC,CIVINT-STIC-U04,João Rascunho,2026-09-01T17:48:44-03:00,Solicitadas informações complementares ao remetente.
ANO002985,EXP003318,PGR-00042083/2026,DOCUMENTO,CIVINT/STIC,CIVINT-STIC-U03,Isabela Piloto,2026-09-04T13:58:28-03:00,Conferir anexos antes de movimentar.
ANO002986,EXP003319,PGR-00076533/2026,DOCUMENTO,CIVINT/STIC,CIVINT-STIC-U02,Heitor Protótipo,2026-09-22T11:22:02-03:00,Conferir anexos antes de movimentar.
ANO002987,EXP003320,PGR-00036234/2026,DOCUMENTO,CIVINT/STIC,CIVINT-STIC-U07,Marina Maquete,2026-08-23T06:21:43-03:00,Solicitadas informações complementares ao remetente.
ANO002988,EXP003320,PGR-00036234/2026,DOCUMENTO,CIVINT/STIC,CIVINT-STIC-U08,Nelson Mock,2026-08-13T19:35:07-03:00,Relacionado a expediente anterior do mesmo interessado.
ANO002989,EXP003322,PGR-00000105/2026,DOCUMENTO,CIVINT/STIC,CIVINT-STIC-U07,Marina Maquete,2026-07-18T23:27:58-03:00,Verificar prazo com a chefia.
ANO002990,EXP003323,PGR-00053376/2026,DOCUMENTO,CIVINT/STIC,CIVINT-STIC-U05,Karina Ensaio,2026-08-10T18:56:12-03:00,"Minuta revisada, pendente de assinatura."
ANO002991,EXP003323,PGR-00053376/2026,DOCUMENTO,CIVINT/STIC,CIVINT-STIC-U02,Heitor Protótipo,2026-08-11T20:04:50-03:00,"Minuta revisada, pendente de assinatura."
ANO002992,EXP003323,PGR-00053376/2026,DOCUMENTO,CIVINT/STIC,CIVINT-STIC-U07,Marina Maquete,2026-08-19T10:04:37-03:00,Aguardando retorno de diligência.
ANO002993,EXP003324,PGR-00007172/2026,DOCUMENTO,CIVINT/STIC,CIVINT-STIC-U02,Heitor Protótipo,2026-07-31T22:05:29-03:00,Aguardando manifestação da área técnica.
ANO002994,EXP003324,PGR-00007172/2026,DOCUMENTO,CIVINT/STIC,CIVINT-STIC-U05,Karina Ensaio,2026-08-06T05:19:18-03:00,Verificar prazo com a chefia.
ANO002995,EXP003324,PGR-00007172/2026,DOCUMENTO,CIVINT/STIC,CIVINT-STIC-U08,Nelson Mock,2026-08-10T12:25:09-03:00,Aguardando manifestação da área técnica.
ANO002996,EXP003326,PGR-00080601/2026,DOCUMENTO,CIVINT/STIC,CIVINT-STIC-U08,Nelson Mock,2026-07-10T10:03:30-03:00,Aguardando manifestação da área técnica.
ANO002997,EXP003330,PGR-00098964/2026,DOCUMENTO,CIVINT/STIC,CIVINT-STIC-U08,Nelson Mock,2026-10-04T18:55:17-03:00,Aguardando retorno de diligência.
ANO002998,EXP003330,PGR-00098964/2026,DOCUMENTO,CIVINT/STIC,CIVINT-STIC-U06,Lucas Esboço,2026-09-07T00:16:21-03:00,Relacionado a expediente anterior do mesmo interessado.
ANO002999,EXP003331,PGR-00013809/2026,DOCUMENTO,CIVINT/STIC,CIVINT-STIC-U05,Karina Ensaio,2026-09-08T12:02:38-03:00,Aguardando manifestação da área técnica.
ANO003000,EXP003332,PGR-00002684/2026,DOCUMENTO,CIVINT/STIC,CIVINT-STIC-U07,Marina Maquete,2026-09-15T05:10:39-03:00,Relacionado a expediente anterior do mesmo interessado.
ANO003001,EXP003332,PGR-00002684/2026,DOCUMENTO,CIVINT/STIC,CIVINT-STIC-U02,Heitor Protótipo,2026-09-15T12:46:23-03:00,Solicitadas informações complementares ao remetente.
ANO003002,EXP003332,PGR-00002684/2026,DOCUMENTO,CIVINT/STIC,CIVINT-STIC-U08,Nelson Mock,2026-09-13T22:29:39-03:00,Solicitadas informações complementares ao remetente.
ANO003003,EXP003333,PGR-00078427/2026,DOCUMENTO,CIVINT/STIC,CIVINT-STIC-U05,Karina Ensaio,2026-10-05T14:01:24-03:00,Verificar prazo com a chefia.
ANO003004,EXP003334,PGR-00019492/2026,DOCUMENTO,CIVINT/STIC,CIVINT-STIC-U08,Nelson Mock,2026-08-10T02:21:10-03:00,"Minuta revisada, pendente de assinatura."
ANO003005,EXP003334,PGR-00019492/2026,DOCUMENTO,CIVINT/STIC,CIVINT-STIC-U08,Nelson Mock,2026-08-07T20:00:22-03:00,Prioridade definida em reunião de equipe.
ANO003006,EXP003334,PGR-00019492/2026,DOCUMENTO,CIVINT/STIC,CIVINT-STIC-U01,Gabriela Simulada,2026-08-01T12:08:47-03:00,Prioridade definida em reunião de equipe.
ANO003007,EXP003337,PGR-00084447/2026,DOCUMENTO,CIVINT/STIC,CIVINT-STIC-U06,Lucas Esboço,2026-07-28T23:18:17-03:00,Verificar prazo com a chefia.
ANO003008,EXP003338,PGR-00082628/2026,DOCUMENTO,CIVINT/STIC,CIVINT-STIC-U05,Karina Ensaio,2026-07-23T21:28:19-03:00,Aguardando manifestação da área técnica.
ANO003009,EXP003341,PGR-00002954/2026,DOCUMENTO,CIVINT/STIC,CIVINT-STIC-U05,Karina Ensaio,2026-10-06T14:07:17-03:00,Aguardando manifestação da área técnica.
ANO003010,EXP003344,PGR-00042271/2026,DOCUMENTO,CIVINT/STIC,CIVINT-STIC-U02,Heitor Protótipo,2026-08-04T18:58:39-03:00,"Minuta revisada, pendente de assinatura."
ANO003011,EXP003344,PGR-00042271/2026,DOCUMENTO,CIVINT/STIC,CIVINT-STIC-U01,Gabriela Simulada,2026-08-15T09:54:57-03:00,Prioridade definida em reunião de equipe.
ANO003012,EXP003344,PGR-00042271/2026,DOCUMENTO,CIVINT/STIC,CIVINT-STIC-U02,Heitor Protótipo,2026-07-15T06:17:08-03:00,"Minuta revisada, pendente de assinatura."
ANO003013,EXP003345,PGR-00044845/2026,DOCUMENTO,CIVINT/STIC,CIVINT-STIC-U02,Heitor Protótipo,2026-07-05T19:50:43-03:00,Verificar prazo com a chefia.
ANO003014,EXP003345,PGR-00044845/2026,DOCUMENTO,CIVINT/STIC,CIVINT-STIC-U07,Marina Maquete,2026-07-22T10:58:07-03:00,Conferir anexos antes de movimentar.
ANO003015,EXP003345,PGR-00044845/2026,DOCUMENTO,CIVINT/STIC,CIVINT-STIC-U06,Lucas Esboço,2026-07-03T09:54:15-03:00,Solicitadas informações complementares ao remetente.
ANO003016,EXP003347,PGR-00064373/2026,DOCUMENTO,CIVINT/STIC,CIVINT-STIC-U04,João Rascunho,2026-08-31T08:18:50-03:00,"Minuta revisada, pendente de assinatura."
ANO003017,EXP003348,PGR-00047188/2026,DOCUMENTO,CIVINT/STIC,CIVINT-STIC-U05,Karina Ensaio,2026-09-26T09:22:24-03:00,Relacionado a expediente anterior do mesmo interessado.
ANO003018,EXP003348,PGR-00047188/2026,DOCUMENTO,CIVINT/STIC,CIVINT-STIC-U08,Nelson Mock,2026-09-30T17:52:30-03:00,Conferir anexos antes de movimentar.
ANO003019,EXP003349,PGR-00081226/2026,DOCUMENTO,CIVINT/STIC,CIVINT-STIC-U08,Nelson Mock,2026-09-06T15:03:33-03:00,Relacionado a expediente anterior do mesmo interessado.
ANO003020,EXP003350,PGR-00048474/2026,DOCUMENTO,CIVINT/STIC,CIVINT-STIC-U07,Marina Maquete,2026-07-31T06:56:08-03:00,Aguardando manifestação da área técnica.
ANO003021,EXP003350,PGR-00048474/2026,DOCUMENTO,CIVINT/STIC,CIVINT-STIC-U06,Lucas Esboço,2026-08-10T20:01:19-03:00,"Minuta revisada, pendente de assinatura."
ANO003022,EXP003352,PGR-00075826/2026,DOCUMENTO,CIVINT/STIC,CIVINT-STIC-U06,Lucas Esboço,2026-08-08T19:55:29-03:00,Solicitadas informações complementares ao remetente.
ANO003023,EXP003354,PGR-00021575/2026,DOCUMENTO,CIVINT/STIC,CIVINT-STIC-U02,Heitor Protótipo,2026-09-13T21:09:58-03:00,"Minuta revisada, pendente de assinatura."
ANO003024,EXP003355,PGR-00000849/2026,DOCUMENTO,CIVINT/STIC,CIVINT-STIC-U02,Heitor Protótipo,2026-09-25T10:47:00-03:00,Conferir anexos antes de movimentar.
ANO003025,EXP003356,PGR-00044966/2026,DOCUMENTO,CIVINT/STIC,CIVINT-STIC-U07,Marina Maquete,2026-07-20T01:26:26-03:00,Aguardando retorno de diligência.
ANO003026,EXP003356,PGR-00044966/2026,DOCUMENTO,CIVINT/STIC,CIVINT-STIC-U02,Heitor Protótipo,2026-07-20T17:53:28-03:00,Solicitadas informações complementares ao remetente.
ANO003027,EXP003357,PGR-00007733/2026,DOCUMENTO,CIVINT/STIC,CIVINT-STIC-U05,Karina Ensaio,2026-09-28T05:44:59-03:00,Aguardando manifestação da área técnica.
ANO003028,EXP003358,PGR-00037062/2026,DOCUMENTO,CIVINT/STIC,CIVINT-STIC-U05,Karina Ensaio,2026-09-28T12:46:22-03:00,Prioridade definida em reunião de equipe.
ANO003029,EXP003359,PGR-00069852/2026,DOCUMENTO,CIVINT/STIC,CIVINT-STIC-U02,Heitor Protótipo,2026-10-02T22:16:44-03:00,Solicitadas informações complementares ao remetente.
ANO003030,EXP003361,PGR-00045154/2026,DOCUMENTO,CIVINT/STIC,CIVINT-STIC-U06,Lucas Esboço,2026-09-10T16:51:22-03:00,"Minuta revisada, pendente de assinatura."
ANO003031,EXP003361,PGR-00045154/2026,DOCUMENTO,CIVINT/STIC,CIVINT-STIC-U02,Heitor Protótipo,2026-09-13T05:44:08-03:00,Aguardando manifestação da área técnica.
ANO003032,EXP003361,PGR-00045154/2026,DOCUMENTO,CIVINT/STIC,CIVINT-STIC-U01,Gabriela Simulada,2026-09-13T15:23:12-03:00,Aguardando retorno de diligência.
ANO003033,EXP003362,PGR-00044116/2026,DOCUMENTO,CIVINT/STIC,CIVINT-STIC-U07,Marina Maquete,2026-09-10T19:32:54-03:00,"Minuta revisada, pendente de assinatura."
ANO003034,EXP003363,PGR-00030245/2026,DOCUMENTO,CIVINT/STIC,CIVINT-STIC-U03,Isabela Piloto,2026-07-24T04:29:39-03:00,Relacionado a expediente anterior do mesmo interessado.
ANO003035,EXP003363,PGR-00030245/2026,DOCUMENTO,CIVINT/STIC,CIVINT-STIC-U04,João Rascunho,2026-07-13T05:28:44-03:00,Conferir anexos antes de movimentar.
ANO003036,EXP003364,PGR-00020149/2026,DOCUMENTO,CIVINT/STIC,CIVINT-STIC-U01,Gabriela Simulada,2026-07-29T00:08:53-03:00,Aguardando retorno de diligência.
ANO003037,EXP003365,PGR-00038237/2026,DOCUMENTO,CIVINT/STIC,CIVINT-STIC-U01,Gabriela Simulada,2026-09-06T08:28:13-03:00,Prioridade definida em reunião de equipe.
ANO003038,EXP003366,PGR-00027379/2026,DOCUMENTO,CIVINT/STIC,CIVINT-STIC-U06,Lucas Esboço,2026-07-24T11:31:59-03:00,Prioridade definida em reunião de equipe.
ANO003039,EXP003367,PGR-00029480/2026,DOCUMENTO,CIVINT/STIC,CIVINT-STIC-U05,Karina Ensaio,2026-09-01T22:44:28-03:00,Solicitadas informações complementares ao remetente.
ANO003040,EXP003368,PGR-00080375/2026,DOCUMENTO,CIVINT/STIC,CIVINT-STIC-U02,Heitor Protótipo,2026-08-17T18:39:08-03:00,"Minuta revisada, pendente de assinatura."
ANO003041,EXP003368,PGR-00080375/2026,DOCUMENTO,CIVINT/STIC,CIVINT-STIC-U05,Karina Ensaio,2026-08-15T15:16:40-03:00,Prioridade definida em reunião de equipe.
ANO003042,EXP003368,PGR-00080375/2026,DOCUMENTO,CIVINT/STIC,CIVINT-STIC-U01,Gabriela Simulada,2026-08-17T06:12:17-03:00,"Minuta revisada, pendente de assinatura."
ANO003043,EXP003369,PGR-00064124/2026,DOCUMENTO,CIVINT/STIC,CIVINT-STIC-U08,Nelson Mock,2026-08-21T16:31:12-03:00,Solicitadas informações complementares ao remetente.
ANO003044,EXP003369,PGR-00064124/2026,DOCUMENTO,CIVINT/STIC,CIVINT-STIC-U03,Isabela Piloto,2026-07-29T08:20:25-03:00,Conferir anexos antes de movimentar.
ANO003045,EXP003370,PGR-00055336/2026,DOCUMENTO,CIVINT/STIC,CIVINT-STIC-U03,Isabela Piloto,2026-09-10T09:23:21-03:00,Solicitadas informações complementares ao remetente.
ANO003046,EXP003370,PGR-00055336/2026,DOCUMENTO,CIVINT/STIC,CIVINT-STIC-U04,João Rascunho,2026-09-22T14:09:24-03:00,Relacionado a expediente anterior do mesmo interessado.
ANO003047,EXP003373,PGR-00090497/2026,DOCUMENTO,CIVINT/STIC,CIVINT-STIC-U03,Isabela Piloto,2026-08-09T13:01:08-03:00,Solicitadas informações complementares ao remetente.
ANO003048,EXP003376,PGR-00088507/2026,DOCUMENTO,CIVINT/STIC,CIVINT-STIC-U07,Marina Maquete,2026-09-01T16:15:17-03:00,Conferir anexos antes de movimentar.
ANO003049,EXP003376,PGR-00088507/2026,DOCUMENTO,CIVINT/STIC,CIVINT-STIC-U04,João Rascunho,2026-09-09T09:25:47-03:00,Aguardando manifestação da área técnica.
ANO003050,EXP003376,PGR-00088507/2026,DOCUMENTO,CIVINT/STIC,CIVINT-STIC-U07,Marina Maquete,2026-09-11T15:53:20-03:00,Aguardando manifestação da área técnica.
ANO003051,EXP003377,PGR-00024049/2026,DOCUMENTO,CIVINT/STIC,CIVINT-STIC-U07,Marina Maquete,2026-09-17T21:38:03-03:00,Prioridade definida em reunião de equipe.
ANO003052,EXP003378,PGR-00013144/2026,DOCUMENTO,CIVINT/STIC,CIVINT-STIC-U05,Karina Ensaio,2026-10-02T02:18:10-03:00,Aguardando retorno de diligência.
ANO003053,EXP003379,PGR-00038494/2026,DOCUMENTO,CIVINT/STIC,CIVINT-STIC-U02,Heitor Protótipo,2026-09-22T18:57:17-03:00,Verificar prazo com a chefia.
ANO003054,EXP003380,PGR-00074551/2026,DOCUMENTO,CIVINT/STIC,CIVINT-STIC-U04,João Rascunho,2026-09-18T00:56:07-03:00,Relacionado a expediente anterior do mesmo interessado.
ANO003055,EXP003380,PGR-00074551/2026,DOCUMENTO,CIVINT/STIC,CIVINT-STIC-U08,Nelson Mock,2026-09-12T03:49:06-03:00,Relacionado a expediente anterior do mesmo interessado.
ANO003056,EXP003380,PGR-00074551/2026,DOCUMENTO,CIVINT/STIC,CIVINT-STIC-U07,Marina Maquete,2026-09-23T15:07:10-03:00,Relacionado a expediente anterior do mesmo interessado.
ANO003057,EXP003381,PGR-00054284/2026,DOCUMENTO,CIVINT/STIC,CIVINT-STIC-U02,Heitor Protótipo,2026-07-11T08:57:39-03:00,Conferir anexos antes de movimentar.
ANO003058,EXP003383,PGR-00019693/2026,DOCUMENTO,CIVINT/STIC,CIVINT-STIC-U06,Lucas Esboço,2026-07-19T10:03:04-03:00,"Minuta revisada, pendente de assinatura."
ANO003059,EXP003383,PGR-00019693/2026,DOCUMENTO,CIVINT/STIC,CIVINT-STIC-U08,Nelson Mock,2026-07-20T09:43:42-03:00,Prioridade definida em reunião de equipe.
ANO003060,EXP003383,PGR-00019693/2026,DOCUMENTO,CIVINT/STIC,CIVINT-STIC-U01,Gabriela Simulada,2026-07-17T01:55:36-03:00,Solicitadas informações complementares ao remetente.
ANO003061,EXP003385,PGR-00010060/2026,DOCUMENTO,CIVINT/STIC,CIVINT-STIC-U03,Isabela Piloto,2026-09-17T15:32:07-03:00,Prioridade definida em reunião de equipe.
ANO003062,EXP003385,PGR-00010060/2026,DOCUMENTO,CIVINT/STIC,CIVINT-STIC-U04,João Rascunho,2026-09-13T09:51:18-03:00,Relacionado a expediente anterior do mesmo interessado.
ANO003063,EXP003386,PGR-00032595/2026,DOCUMENTO,CIVINT/STIC,CIVINT-STIC-U05,Karina Ensaio,2026-07-11T15:21:15-03:00,Prioridade definida em reunião de equipe.
ANO003064,EXP003388,PGR-00050525/2026,DOCUMENTO,CIVINT/STIC,CIVINT-STIC-U02,Heitor Protótipo,2026-10-04T21:02:08-03:00,Prioridade definida em reunião de equipe.
ANO003065,EXP003391,PGR-00094841/2026,DOCUMENTO,CIVINT/STIC,CIVINT-STIC-U06,Lucas Esboço,2026-09-13T00:05:51-03:00,Relacionado a expediente anterior do mesmo interessado.
ANO003066,EXP003392,PGR-00000701/2026,DOCUMENTO,CIVINT/STIC,CIVINT-STIC-U07,Marina Maquete,2026-06-27T15:53:38-03:00,"Minuta revisada, pendente de assinatura."
ANO003067,EXP003393,PGR-00057396/2026,DOCUMENTO,CIVINT/STIC,CIVINT-STIC-U08,Nelson Mock,2026-08-13T04:54:30-03:00,Conferir anexos antes de movimentar.
ANO003068,EXP003394,PGR-00034009/2026,DOCUMENTO,CIVINT/STIC,CIVINT-STIC-U02,Heitor Protótipo,2026-07-12T08:38:26-03:00,Conferir anexos antes de movimentar.
ANO003069,EXP003395,PGR-00052988/2026,DOCUMENTO,CIVINT/STIC,CIVINT-STIC-U01,Gabriela Simulada,2026-07-25T04:22:11-03:00,Aguardando manifestação da área técnica.
ANO003070,EXP003396,PGR-00084063/2026,DOCUMENTO,CIVINT/STIC,CIVINT-STIC-U05,Karina Ensaio,2026-06-20T13:56:27-03:00,Aguardando manifestação da área técnica.
ANO003071,EXP003396,PGR-00084063/2026,DOCUMENTO,CIVINT/STIC,CIVINT-STIC-U06,Lucas Esboço,2026-06-21T15:30:41-03:00,Conferir anexos antes de movimentar.
ANO003072,EXP003396,PGR-00084063/2026,DOCUMENTO,CIVINT/STIC,CIVINT-STIC-U01,Gabriela Simulada,2026-06-21T03:40:27-03:00,Aguardando manifestação da área técnica.
ANO003073,EXP003397,PGR-00008158/2026,DOCUMENTO,CIVINT/STIC,CIVINT-STIC-U02,Heitor Protótipo,2026-10-02T16:00:11-03:00,Relacionado a expediente anterior do mesmo interessado.
ANO003074,EXP003398,PGR-00017920/2026,DOCUMENTO,CIVINT/STIC,CIVINT-STIC-U02,Heitor Protótipo,2026-09-22T00:30:11-03:00,Aguardando manifestação da área técnica.
ANO003075,EXP003399,PGR-00002717/2026,DOCUMENTO,CIVINT/STIC,CIVINT-STIC-U06,Lucas Esboço,2026-09-10T08:55:18-03:00,Aguardando retorno de diligência.
ANO003076,EXP003400,PGR-00087823/2026,DOCUMENTO,CIVINT/STIC,CIVINT-STIC-U08,Nelson Mock,2026-07-25T12:54:39-03:00,Aguardando retorno de diligência.
ANO003077,EXP003400,PGR-00087823/2026,DOCUMENTO,CIVINT/STIC,CIVINT-STIC-U05,Karina Ensaio,2026-08-17T04:18:39-03:00,"Minuta revisada, pendente de assinatura."
ANO003078,EXP003400,PGR-00087823/2026,DOCUMENTO,CIVINT/STIC,CIVINT-STIC-U01,Gabriela Simulada,2026-08-09T23:31:51-03:00,"Minuta revisada, pendente de assinatura."
ANO003079,EXP003401,PGR-00077412/2026,DOCUMENTO,CIVINT/STIC,CIVINT-STIC-U01,Gabriela Simulada,2026-09-29T21:55:59-03:00,Prioridade definida em reunião de equipe.
ANO003080,EXP003401,PGR-00077412/2026,DOCUMENTO,CIVINT/STIC,CIVINT-STIC-U04,João Rascunho,2026-09-17T14:38:01-03:00,Conferir anexos antes de movimentar.
ANO003081,EXP003402,PGR-00057826/2026,DOCUMENTO,CIVINT/STIC,CIVINT-STIC-U02,Heitor Protótipo,2026-09-15T06:17:35-03:00,Aguardando retorno de diligência.
ANO003082,EXP003403,PGR-00013077/2026,DOCUMENTO,CIVINT/STIC,CIVINT-STIC-U05,Karina Ensaio,2026-08-07T11:37:15-03:00,Solicitadas informações complementares ao remetente.
ANO003083,EXP003403,PGR-00013077/2026,DOCUMENTO,CIVINT/STIC,CIVINT-STIC-U06,Lucas Esboço,2026-08-07T21:59:13-03:00,Relacionado a expediente anterior do mesmo interessado.
ANO003084,EXP003405,PGR-00074873/2026,DOCUMENTO,CIVINT/STIC,CIVINT-STIC-U03,Isabela Piloto,2026-09-06T05:19:52-03:00,Relacionado a expediente anterior do mesmo interessado.
ANO003085,EXP003407,PGR-00083930/2026,DOCUMENTO,CIVINT/STIC,CIVINT-STIC-U04,João Rascunho,2026-09-29T01:16:27-03:00,Aguardando retorno de diligência.
ANO003086,EXP003407,PGR-00083930/2026,DOCUMENTO,CIVINT/STIC,CIVINT-STIC-U01,Gabriela Simulada,2026-10-02T21:21:41-03:00,Aguardando retorno de diligência.
ANO003087,EXP003409,PGR-00092648/2026,DOCUMENTO,CIVINT/STIC,CIVINT-STIC-U01,Gabriela Simulada,2026-10-01T05:18:00-03:00,Aguardando manifestação da área técnica.
ANO003088,EXP003413,PGR-00093507/2026,DOCUMENTO,CIVINT/STIC,CIVINT-STIC-U03,Isabela Piloto,2026-07-29T13:03:33-03:00,Solicitadas informações complementares ao remetente.
ANO003089,EXP003416,PGR-00068817/2026,DOCUMENTO,CIVINT/STIC,CIVINT-STIC-U07,Marina Maquete,2026-07-17T13:42:36-03:00,Prioridade definida em reunião de equipe.
ANO003090,EXP003416,PGR-00068817/2026,DOCUMENTO,CIVINT/STIC,CIVINT-STIC-U07,Marina Maquete,2026-07-16T22:53:50-03:00,Verificar prazo com a chefia.
ANO003091,EXP003416,PGR-00068817/2026,DOCUMENTO,CIVINT/STIC,CIVINT-STIC-U05,Karina Ensaio,2026-07-16T12:27:57-03:00,Verificar prazo com a chefia.
ANO003092,EXP003417,PGR-00022820/2026,DOCUMENTO,CIVINT/STIC,CIVINT-STIC-U02,Heitor Protótipo,2026-09-10T15:34:10-03:00,Solicitadas informações complementares ao remetente.
ANO003093,EXP003417,PGR-00022820/2026,DOCUMENTO,CIVINT/STIC,CIVINT-STIC-U04,João Rascunho,2026-09-17T21:15:23-03:00,Verificar prazo com a chefia.
ANO003094,EXP003417,PGR-00022820/2026,DOCUMENTO,CIVINT/STIC,CIVINT-STIC-U05,Karina Ensaio,2026-09-10T03:37:31-03:00,Prioridade definida em reunião de equipe.
ANO003095,EXP003418,PGR-00086798/2026,DOCUMENTO,CIVINT/STIC,CIVINT-STIC-U03,Isabela Piloto,2026-09-18T08:21:29-03:00,Aguardando manifestação da área técnica.
ANO003096,EXP003420,PGR-00083836/2026,DOCUMENTO,CIVINT/STIC,CIVINT-STIC-U02,Heitor Protótipo,2026-08-29T18:24:07-03:00,Aguardando retorno de diligência.
ANO003097,EXP003421,PGR-00028155/2026,DOCUMENTO,CIVINT/STIC,CIVINT-STIC-U07,Marina Maquete,2026-08-20T10:02:34-03:00,Solicitadas informações complementares ao remetente.
ANO003098,EXP003423,PGR-00082072/2026,DOCUMENTO,CIVINT/STIC,CIVINT-STIC-U03,Isabela Piloto,2026-09-19T15:26:28-03:00,"Minuta revisada, pendente de assinatura."
ANO003099,EXP003425,PGR-00012529/2026,DOCUMENTO,CIVINT/STIC,CIVINT-STIC-U05,Karina Ensaio,2026-08-18T20:02:20-03:00,Prioridade definida em reunião de equipe.
ANO003100,EXP003425,PGR-00012529/2026,DOCUMENTO,CIVINT/STIC,CIVINT-STIC-U05,Karina Ensaio,2026-08-19T03:21:22-03:00,Conferir anexos antes de movimentar.
ANO003101,EXP003425,PGR-00012529/2026,DOCUMENTO,CIVINT/STIC,CIVINT-STIC-U07,Marina Maquete,2026-08-18T13:30:45-03:00,Relacionado a expediente anterior do mesmo interessado.
ANO003102,EXP003430,PGR-00065075/2026,DOCUMENTO,CIVINT/STIC,CIVINT-STIC-U08,Nelson Mock,2026-08-08T18:21:49-03:00,Verificar prazo com a chefia.
ANO003103,EXP003431,PGR-00025194/2026,DOCUMENTO,CIVINT/STIC,CIVINT-STIC-U08,Nelson Mock,2026-06-25T13:01:22-03:00,Relacionado a expediente anterior do mesmo interessado.
ANO003104,EXP003432,PGR-00072416/2026,DOCUMENTO,CIVINT/STIC,CIVINT-STIC-U06,Lucas Esboço,2026-08-30T11:07:53-03:00,"Minuta revisada, pendente de assinatura."
ANO003105,EXP003433,PGR-00095364/2026,DOCUMENTO,CIVINT/STIC,CIVINT-STIC-U08,Nelson Mock,2026-10-03T07:23:45-03:00,Aguardando retorno de diligência.
ANO003106,EXP003434,PGR-00080717/2026,DOCUMENTO,CIVINT/STIC,CIVINT-STIC-U06,Lucas Esboço,2026-08-13T14:47:19-03:00,"Minuta revisada, pendente de assinatura."
ANO003107,EXP003435,PGR-00053908/2026,DOCUMENTO,CIVINT/STIC,CIVINT-STIC-U03,Isabela Piloto,2026-08-11T12:17:03-03:00,Aguardando manifestação da área técnica.
ANO003108,EXP003436,PGR-00049107/2026,DOCUMENTO,CIVINT/STIC,CIVINT-STIC-U01,Gabriela Simulada,2026-07-22T22:30:57-03:00,Solicitadas informações complementares ao remetente.
ANO003109,EXP003436,PGR-00049107/2026,DOCUMENTO,CIVINT/STIC,CIVINT-STIC-U03,Isabela Piloto,2026-07-31T02:14:44-03:00,Verificar prazo com a chefia.
ANO003110,EXP003437,PGR-00058505/2026,DOCUMENTO,CIVINT/STIC,CIVINT-STIC-U07,Marina Maquete,2026-09-04T01:30:24-03:00,Aguardando retorno de diligência.
ANO003111,EXP003437,PGR-00058505/2026,DOCUMENTO,CIVINT/STIC,CIVINT-STIC-U02,Heitor Protótipo,2026-08-18T01:37:58-03:00,Verificar prazo com a chefia.
ANO003112,EXP003438,PGR-00056527/2026,DOCUMENTO,CIVINT/STIC,CIVINT-STIC-U04,João Rascunho,2026-07-07T03:27:57-03:00,Aguardando retorno de diligência.
ANO003113,EXP003438,PGR-00056527/2026,DOCUMENTO,CIVINT/STIC,CIVINT-STIC-U08,Nelson Mock,2026-07-12T21:36:05-03:00,Prioridade definida em reunião de equipe.
ANO003114,EXP003439,PGR-00026655/2026,DOCUMENTO,CIVINT/STIC,CIVINT-STIC-U02,Heitor Protótipo,2026-07-24T18:11:01-03:00,Verificar prazo com a chefia.
ANO003115,EXP003439,PGR-00026655/2026,DOCUMENTO,CIVINT/STIC,CIVINT-STIC-U08,Nelson Mock,2026-07-25T04:19:11-03:00,Verificar prazo com a chefia.
ANO003116,EXP003439,PGR-00026655/2026,DOCUMENTO,CIVINT/STIC,CIVINT-STIC-U01,Gabriela Simulada,2026-08-03T23:58:16-03:00,"Minuta revisada, pendente de assinatura."
ANO003117,EXP003440,PGR-00019828/2026,DOCUMENTO,CIVINT/STIC,CIVINT-STIC-U07,Marina Maquete,2026-08-05T06:24:34-03:00,Aguardando retorno de diligência.
ANO003118,EXP003441,PGR-00055753/2026,DOCUMENTO,CIVINT/STIC,CIVINT-STIC-U02,Heitor Protótipo,2026-07-26T16:54:13-03:00,"Minuta revisada, pendente de assinatura."
ANO003119,EXP003441,PGR-00055753/2026,DOCUMENTO,CIVINT/STIC,CIVINT-STIC-U02,Heitor Protótipo,2026-07-26T12:37:08-03:00,Relacionado a expediente anterior do mesmo interessado.
ANO003120,EXP003442,PGR-00012455/2026,DOCUMENTO,CIVINT/STIC,CIVINT-STIC-U06,Lucas Esboço,2026-07-19T18:38:24-03:00,Aguardando retorno de diligência.
ANO003121,EXP003442,PGR-00012455/2026,DOCUMENTO,CIVINT/STIC,CIVINT-STIC-U03,Isabela Piloto,2026-07-24T15:47:46-03:00,Prioridade definida em reunião de equipe.
ANO003122,EXP003443,PGR-00083650/2026,DOCUMENTO,CIVINT/STIC,CIVINT-STIC-U08,Nelson Mock,2026-10-04T09:51:03-03:00,Aguardando retorno de diligência.
ANO003123,EXP003444,PGR-00057753/2026,DOCUMENTO,CIVINT/STIC,CIVINT-STIC-U08,Nelson Mock,2026-08-05T16:20:14-03:00,Solicitadas informações complementares ao remetente.
ANO003124,EXP003444,PGR-00057753/2026,DOCUMENTO,CIVINT/STIC,CIVINT-STIC-U06,Lucas Esboço,2026-09-01T06:29:32-03:00,Conferir anexos antes de movimentar.
ANO003125,EXP003445,PGR-00015508/2026,DOCUMENTO,CIVINT/STIC,CIVINT-STIC-U02,Heitor Protótipo,2026-07-18T16:29:14-03:00,Aguardando retorno de diligência.
ANO003126,EXP003445,PGR-00015508/2026,DOCUMENTO,CIVINT/STIC,CIVINT-STIC-U02,Heitor Protótipo,2026-07-15T09:20:38-03:00,Solicitadas informações complementares ao remetente.
ANO003127,EXP003445,PGR-00015508/2026,DOCUMENTO,CIVINT/STIC,CIVINT-STIC-U05,Karina Ensaio,2026-07-13T19:39:34-03:00,Aguardando retorno de diligência.
ANO003128,EXP003446,PGR-00012468/2026,DOCUMENTO,CIVINT/STIC,CIVINT-STIC-U04,João Rascunho,2026-07-28T23:59:23-03:00,Aguardando manifestação da área técnica.
ANO003129,EXP003446,PGR-00012468/2026,DOCUMENTO,CIVINT/STIC,CIVINT-STIC-U02,Heitor Protótipo,2026-07-21T10:39:57-03:00,Prioridade definida em reunião de equipe.
ANO003130,EXP003446,PGR-00012468/2026,DOCUMENTO,CIVINT/STIC,CIVINT-STIC-U08,Nelson Mock,2026-07-21T03:34:43-03:00,Aguardando manifestação da área técnica.
ANO003131,EXP003447,PGR-00058110/2026,DOCUMENTO,CIVINT/STIC,CIVINT-STIC-U07,Marina Maquete,2026-10-02T22:30:53-03:00,"Minuta revisada, pendente de assinatura."
ANO003132,EXP003448,PGR-00034151/2026,DOCUMENTO,CIVINT/STIC,CIVINT-STIC-U04,João Rascunho,2026-08-13T12:15:42-03:00,Solicitadas informações complementares ao remetente.
ANO003133,EXP003449,PGR-00061476/2026,DOCUMENTO,CIVINT/STIC,CIVINT-STIC-U02,Heitor Protótipo,2026-06-22T21:33:52-03:00,"Minuta revisada, pendente de assinatura."
ANO003134,EXP003449,PGR-00061476/2026,DOCUMENTO,CIVINT/STIC,CIVINT-STIC-U07,Marina Maquete,2026-07-04T11:56:07-03:00,"Minuta revisada, pendente de assinatura."
ANO003135,EXP003449,PGR-00061476/2026,DOCUMENTO,CIVINT/STIC,CIVINT-STIC-U03,Isabela Piloto,2026-06-29T19:02:04-03:00,Relacionado a expediente anterior do mesmo interessado.
ANO003136,EXP003450,PGR-00022607/2026,DOCUMENTO,CIVINT/STIC,CIVINT-STIC-U05,Karina Ensaio,2026-07-31T06:05:22-03:00,"Minuta revisada, pendente de assinatura."
ANO003137,EXP003450,PGR-00022607/2026,DOCUMENTO,CIVINT/STIC,CIVINT-STIC-U04,João Rascunho,2026-08-10T23:21:43-03:00,Verificar prazo com a chefia.
ANO003138,EXP003451,PGR-00049066/2026,DOCUMENTO,CIVINT/STIC,CIVINT-STIC-U06,Lucas Esboço,2026-09-29T04:21:55-03:00,Relacionado a expediente anterior do mesmo interessado.
ANO003139,EXP003452,PGR-00008380/2026,DOCUMENTO,CIVINT/STIC,CIVINT-STIC-U07,Marina Maquete,2026-07-02T12:03:52-03:00,Aguardando manifestação da área técnica.
ANO003140,EXP003453,PGR-00066060/2026,DOCUMENTO,CIVINT/STIC,CIVINT-STIC-U04,João Rascunho,2026-07-20T07:03:43-03:00,"Minuta revisada, pendente de assinatura."
ANO003141,EXP003454,PGR-00057281/2026,DOCUMENTO,CIVINT/STIC,CIVINT-STIC-U08,Nelson Mock,2026-07-24T23:46:57-03:00,Conferir anexos antes de movimentar.
ANO003142,EXP003461,PGR-00020717/2026,DOCUMENTO,CIVINT/STIC,CIVINT-STIC-U01,Gabriela Simulada,2026-09-29T16:17:01-03:00,Conferir anexos antes de movimentar.
ANO003143,EXP003461,PGR-00020717/2026,DOCUMENTO,CIVINT/STIC,CIVINT-STIC-U03,Isabela Piloto,2026-09-24T06:03:22-03:00,Aguardando retorno de diligência.
ANO003144,EXP003462,PGR-00018622/2026,DOCUMENTO,CIVINT/STIC,CIVINT-STIC-U04,João Rascunho,2026-08-04T04:14:18-03:00,Conferir anexos antes de movimentar.
ANO003145,EXP003468,PGR-00024446/2026,DOCUMENTO,CIVINT/STIC,CIVINT-STIC-U02,Heitor Protótipo,2026-09-30T09:59:59-03:00,"Minuta revisada, pendente de assinatura."
ANO003146,EXP003468,PGR-00024446/2026,DOCUMENTO,CIVINT/STIC,CIVINT-STIC-U02,Heitor Protótipo,2026-09-20T13:06:02-03:00,Verificar prazo com a chefia.
ANO003147,EXP003469,PGR-00087486/2026,DOCUMENTO,CIVINT/STIC,CIVINT-STIC-U03,Isabela Piloto,2026-08-14T14:05:40-03:00,"Minuta revisada, pendente de assinatura."
ANO003148,EXP003469,PGR-00087486/2026,DOCUMENTO,CIVINT/STIC,CIVINT-STIC-U08,Nelson Mock,2026-08-19T08:01:15-03:00,Solicitadas informações complementares ao remetente.
ANO003149,EXP003469,PGR-00087486/2026,DOCUMENTO,CIVINT/STIC,CIVINT-STIC-U01,Gabriela Simulada,2026-08-20T11:24:12-03:00,Verificar prazo com a chefia.
ANO003150,EXP003471,PGR-00090668/2026,DOCUMENTO,CIVINT/STIC,CIVINT-STIC-U08,Nelson Mock,2026-09-22T06:33:24-03:00,Prioridade definida em reunião de equipe.
ANO003151,EXP003473,PGR-00006245/2026,DOCUMENTO,CIVINT/STIC,CIVINT-STIC-U05,Karina Ensaio,2026-07-02T04:42:43-03:00,Aguardando retorno de diligência.
ANO003152,EXP003473,PGR-00006245/2026,DOCUMENTO,CIVINT/STIC,CIVINT-STIC-U03,Isabela Piloto,2026-07-02T04:11:17-03:00,Verificar prazo com a chefia.
ANO003153,EXP003474,PGR-00030864/2026,DOCUMENTO,CIVINT/STIC,CIVINT-STIC-U04,João Rascunho,2026-09-19T18:57:35-03:00,"Minuta revisada, pendente de assinatura."
ANO003154,EXP003475,PGR-00014258/2026,DOCUMENTO,CIVINT/STIC,CIVINT-STIC-U03,Isabela Piloto,2026-07-12T14:20:57-03:00,Relacionado a expediente anterior do mesmo interessado.
ANO003155,EXP003477,PGR-00013586/2026,DOCUMENTO,CIVINT/STIC,CIVINT-STIC-U06,Lucas Esboço,2026-08-17T22:21:29-03:00,Aguardando retorno de diligência.
ANO003156,EXP003477,PGR-00013586/2026,DOCUMENTO,CIVINT/STIC,CIVINT-STIC-U07,Marina Maquete,2026-09-01T05:07:16-03:00,"Minuta revisada, pendente de assinatura."
ANO003157,EXP003478,PGR-00077225/2026,DOCUMENTO,CIVINT/STIC,CIVINT-STIC-U03,Isabela Piloto,2026-06-24T13:35:39-03:00,"Minuta revisada, pendente de assinatura."
ANO003158,EXP003478,PGR-00077225/2026,DOCUMENTO,CIVINT/STIC,CIVINT-STIC-U02,Heitor Protótipo,2026-06-22T04:13:58-03:00,Prioridade definida em reunião de equipe.
ANO003159,EXP003480,PGR-00020106/2026,DOCUMENTO,CIVINT/STIC,CIVINT-STIC-U07,Marina Maquete,2026-09-05T07:05:47-03:00,Relacionado a expediente anterior do mesmo interessado.
ANO003160,EXP003480,PGR-00020106/2026,DOCUMENTO,CIVINT/STIC,CIVINT-STIC-U01,Gabriela Simulada,2026-09-09T15:10:44-03:00,Aguardando retorno de diligência.
ANO003161,EXP003481,PGR-00095810/2026,DOCUMENTO,CIVINT/STIC,CIVINT-STIC-U08,Nelson Mock,2026-08-09T08:44:36-03:00,Relacionado a expediente anterior do mesmo interessado.
ANO003162,EXP003482,PGR-00001653/2026,DOCUMENTO,CIVINT/STIC,CIVINT-STIC-U04,João Rascunho,2026-07-10T16:12:09-03:00,Aguardando manifestação da área técnica.
ANO003163,EXP003482,PGR-00001653/2026,DOCUMENTO,CIVINT/STIC,CIVINT-STIC-U01,Gabriela Simulada,2026-07-08T09:11:57-03:00,Verificar prazo com a chefia.
ANO003164,EXP003482,PGR-00001653/2026,DOCUMENTO,CIVINT/STIC,CIVINT-STIC-U04,João Rascunho,2026-07-06T15:22:38-03:00,Relacionado a expediente anterior do mesmo interessado.
ANO003165,EXP003483,PGR-00039499/2026,DOCUMENTO,CIVINT/STIC,CIVINT-STIC-U06,Lucas Esboço,2026-10-05T03:31:33-03:00,Relacionado a expediente anterior do mesmo interessado.
ANO003166,EXP003483,PGR-00039499/2026,DOCUMENTO,CIVINT/STIC,CIVINT-STIC-U06,Lucas Esboço,2026-09-23T06:54:02-03:00,Aguardando manifestação da área técnica.
ANO003167,EXP003483,PGR-00039499/2026,DOCUMENTO,CIVINT/STIC,CIVINT-STIC-U08,Nelson Mock,2026-09-24T09:53:02-03:00,Relacionado a expediente anterior do mesmo interessado.
ANO003168,EXP003485,PGR-00064449/2026,DOCUMENTO,CIVINT/STIC,CIVINT-STIC-U03,Isabela Piloto,2026-09-18T20:12:12-03:00,Conferir anexos antes de movimentar.
ANO003169,EXP003485,PGR-00064449/2026,DOCUMENTO,CIVINT/STIC,CIVINT-STIC-U07,Marina Maquete,2026-10-05T03:00:33-03:00,"Minuta revisada, pendente de assinatura."
ANO003170,EXP003487,PGR-00095331/2026,DOCUMENTO,CIVINT/STIC,CIVINT-STIC-U07,Marina Maquete,2026-08-20T01:13:05-03:00,Relacionado a expediente anterior do mesmo interessado.
ANO003171,EXP003489,PGR-00022442/2026,DOCUMENTO,CIVINT/STIC,CIVINT-STIC-U05,Karina Ensaio,2026-08-06T10:28:10-03:00,"Minuta revisada, pendente de assinatura."
ANO003172,EXP003490,PGR-00011517/2026,DOCUMENTO,CIVINT/STIC,CIVINT-STIC-U01,Gabriela Simulada,2026-08-02T23:26:56-03:00,"Minuta revisada, pendente de assinatura."
ANO003173,EXP003491,PGR-00083792/2026,DOCUMENTO,CIVINT/STIC,CIVINT-STIC-U02,Heitor Protótipo,2026-09-29T03:56:22-03:00,Aguardando retorno de diligência.
ANO003174,EXP003492,PGR-00035144/2026,DOCUMENTO,CIVINT/STIC,CIVINT-STIC-U07,Marina Maquete,2026-07-22T17:18:45-03:00,Prioridade definida em reunião de equipe.
ANO003175,EXP003492,PGR-00035144/2026,DOCUMENTO,CIVINT/STIC,CIVINT-STIC-U05,Karina Ensaio,2026-07-18T08:52:35-03:00,Conferir anexos antes de movimentar.
ANO003176,EXP003492,PGR-00035144/2026,DOCUMENTO,CIVINT/STIC,CIVINT-STIC-U06,Lucas Esboço,2026-07-17T18:55:40-03:00,"Minuta revisada, pendente de assinatura."
ANO003177,EXP003494,PGR-00066250/2026,DOCUMENTO,CIVINT/STIC,CIVINT-STIC-U03,Isabela Piloto,2026-07-01T05:56:21-03:00,Conferir anexos antes de movimentar.
ANO003178,EXP003494,PGR-00066250/2026,DOCUMENTO,CIVINT/STIC,CIVINT-STIC-U08,Nelson Mock,2026-06-28T04:43:00-03:00,Solicitadas informações complementares ao remetente.
ANO003179,EXP003494,PGR-00066250/2026,DOCUMENTO,CIVINT/STIC,CIVINT-STIC-U01,Gabriela Simulada,2026-06-27T07:09:08-03:00,"Minuta revisada, pendente de assinatura."
ANO003180,EXP003496,PGR-00009628/2026,DOCUMENTO,CIVINT/STIC,CIVINT-STIC-U07,Marina Maquete,2026-08-17T18:14:23-03:00,Verificar prazo com a chefia.
ANO003181,EXP003497,PGR-00003103/2026,DOCUMENTO,CIVINT/STIC,CIVINT-STIC-U04,João Rascunho,2026-06-20T11:04:21-03:00,Aguardando retorno de diligência.
ANO003182,EXP003498,PGR-00096894/2026,DOCUMENTO,CIVINT/STIC,CIVINT-STIC-U07,Marina Maquete,2026-09-13T06:11:57-03:00,Prioridade definida em reunião de equipe.
ANO003183,EXP003499,PGR-00047524/2026,DOCUMENTO,CIVINT/STIC,CIVINT-STIC-U04,João Rascunho,2026-06-18T07:18:06-03:00,Aguardando manifestação da área técnica.
ANO003184,EXP003499,PGR-00047524/2026,DOCUMENTO,CIVINT/STIC,CIVINT-STIC-U07,Marina Maquete,2026-06-22T12:21:42-03:00,Relacionado a expediente anterior do mesmo interessado.
ANO003185,EXP003500,PGR-00023953/2026,DOCUMENTO,CIVINT/STIC,CIVINT-STIC-U05,Karina Ensaio,2026-08-16T03:07:03-03:00,Aguardando retorno de diligência.
ANO003186,EXP003501,PGR-00012288/2026,DOCUMENTO,CIVINT/STIC,CIVINT-STIC-U05,Karina Ensaio,2026-07-30T18:54:15-03:00,Aguardando manifestação da área técnica.
ANO003187,EXP003501,PGR-00012288/2026,DOCUMENTO,CIVINT/STIC,CIVINT-STIC-U01,Gabriela Simulada,2026-07-11T06:33:15-03:00,"Minuta revisada, pendente de assinatura."
ANO003188,EXP003501,PGR-00012288/2026,DOCUMENTO,CIVINT/STIC,CIVINT-STIC-U06,Lucas Esboço,2026-07-17T07:09:26-03:00,Aguardando manifestação da área técnica.
ANO003189,EXP003502,PGR-00006120/2026,DOCUMENTO,CIVINT/STIC,CIVINT-STIC-U06,Lucas Esboço,2026-07-02T03:26:47-03:00,Solicitadas informações complementares ao remetente.
ANO003190,EXP003502,PGR-00006120/2026,DOCUMENTO,CIVINT/STIC,CIVINT-STIC-U02,Heitor Protótipo,2026-07-06T22:41:11-03:00,Solicitadas informações complementares ao remetente.
ANO003191,EXP003502,PGR-00006120/2026,DOCUMENTO,CIVINT/STIC,CIVINT-STIC-U04,João Rascunho,2026-07-11T03:29:33-03:00,Conferir anexos antes de movimentar.
ANO003192,EXP003503,PGR-00090141/2026,DOCUMENTO,CIVINT/STIC,CIVINT-STIC-U05,Karina Ensaio,2026-07-11T00:11:43-03:00,Conferir anexos antes de movimentar.
ANO003193,EXP003503,PGR-00090141/2026,DOCUMENTO,CIVINT/STIC,CIVINT-STIC-U04,João Rascunho,2026-07-09T13:13:02-03:00,"Minuta revisada, pendente de assinatura."
ANO003194,EXP003504,PGR-00038401/2026,DOCUMENTO,CIVINT/STIC,CIVINT-STIC-U08,Nelson Mock,2026-07-25T01:10:06-03:00,Prioridade definida em reunião de equipe.
ANO003195,EXP003506,PGR-00039348/2026,DOCUMENTO,CIVINT/STIC,CIVINT-STIC-U02,Heitor Protótipo,2026-08-29T04:51:26-03:00,Aguardando retorno de diligência.
ANO003196,EXP003508,PGR-00043878/2026,DOCUMENTO,CIVINT/STIC,CIVINT-STIC-U06,Lucas Esboço,2026-10-05T23:41:31-03:00,Relacionado a expediente anterior do mesmo interessado.
ANO003197,EXP003509,PGR-00093482/2026,DOCUMENTO,CIVINT/STIC,CIVINT-STIC-U01,Gabriela Simulada,2026-08-19T08:06:02-03:00,Verificar prazo com a chefia.
ANO003198,EXP003510,PGR-00067714/2026,DOCUMENTO,CIVINT/STIC,CIVINT-STIC-U05,Karina Ensaio,2026-07-18T22:51:31-03:00,Prioridade definida em reunião de equipe.
ANO003199,EXP003510,PGR-00067714/2026,DOCUMENTO,CIVINT/STIC,CIVINT-STIC-U04,João Rascunho,2026-07-23T18:10:33-03:00,Aguardando manifestação da área técnica.
ANO003200,EXP003510,PGR-00067714/2026,DOCUMENTO,CIVINT/STIC,CIVINT-STIC-U05,Karina Ensaio,2026-07-28T07:32:33-03:00,Verificar prazo com a chefia.
ANO003201,EXP003511,PGR-00033398/2026,DOCUMENTO,CIVINT/STIC,CIVINT-STIC-U08,Nelson Mock,2026-09-09T08:21:53-03:00,Aguardando manifestação da área técnica.
ANO003202,EXP003512,PGR-00075257/2026,DOCUMENTO,CIVINT/STIC,CIVINT-STIC-U03,Isabela Piloto,2026-07-17T21:17:20-03:00,Verificar prazo com a chefia.
ANO003203,EXP003514,PGR-00064069/2026,DOCUMENTO,CIVINT/STIC,CIVINT-STIC-U08,Nelson Mock,2026-08-20T14:25:07-03:00,Aguardando retorno de diligência.
ANO003204,EXP003516,PGR-00023696/2026,DOCUMENTO,CIVINT/STIC,CIVINT-STIC-U08,Nelson Mock,2026-09-21T07:11:09-03:00,Verificar prazo com a chefia.
ANO003205,EXP003516,PGR-00023696/2026,DOCUMENTO,CIVINT/STIC,CIVINT-STIC-U03,Isabela Piloto,2026-09-27T09:04:59-03:00,Aguardando retorno de diligência.
ANO003206,EXP003516,PGR-00023696/2026,DOCUMENTO,CIVINT/STIC,CIVINT-STIC-U01,Gabriela Simulada,2026-09-26T17:09:11-03:00,Prioridade definida em reunião de equipe.
ANO003207,EXP003517,PGR-00033372/2026,DOCUMENTO,CIVINT/STIC,CIVINT-STIC-U02,Heitor Protótipo,2026-07-28T07:51:37-03:00,Prioridade definida em reunião de equipe.
ANO003208,EXP003517,PGR-00033372/2026,DOCUMENTO,CIVINT/STIC,CIVINT-STIC-U08,Nelson Mock,2026-08-01T02:19:47-03:00,"Minuta revisada, pendente de assinatura."
ANO003209,EXP003517,PGR-00033372/2026,DOCUMENTO,CIVINT/STIC,CIVINT-STIC-U08,Nelson Mock,2026-08-04T05:55:52-03:00,Prioridade definida em reunião de equipe.
ANO003210,EXP003520,PGR-00057251/2026,DOCUMENTO,CIVINT/STIC,CIVINT-STIC-U03,Isabela Piloto,2026-06-28T14:02:19-03:00,Aguardando manifestação da área técnica.
ANO003211,EXP003521,PGR-00071183/2026,DOCUMENTO,CIVINT/STIC,CIVINT-STIC-U08,Nelson Mock,2026-09-08T03:27:19-03:00,Verificar prazo com a chefia.
ANO003212,EXP003521,PGR-00071183/2026,DOCUMENTO,CIVINT/STIC,CIVINT-STIC-U01,Gabriela Simulada,2026-08-26T00:09:40-03:00,"Minuta revisada, pendente de assinatura."
ANO003213,EXP003521,PGR-00071183/2026,DOCUMENTO,CIVINT/STIC,CIVINT-STIC-U01,Gabriela Simulada,2026-09-05T09:13:55-03:00,Relacionado a expediente anterior do mesmo interessado.
ANO003214,EXP003524,PGR-00043869/2026,DOCUMENTO,CIVINT/STIC,CIVINT-STIC-U05,Karina Ensaio,2026-08-28T02:47:08-03:00,Prioridade definida em reunião de equipe.
ANO003215,EXP003525,PGR-00045417/2026,DOCUMENTO,CIVINT/STIC,CIVINT-STIC-U01,Gabriela Simulada,2026-09-18T09:12:20-03:00,Aguardando manifestação da área técnica.
ANO003216,EXP003525,PGR-00045417/2026,DOCUMENTO,CIVINT/STIC,CIVINT-STIC-U08,Nelson Mock,2026-09-30T18:27:53-03:00,"Minuta revisada, pendente de assinatura."
ANO003217,EXP003526,PGR-00032685/2026,DOCUMENTO,CIVINT/STIC,CIVINT-STIC-U04,João Rascunho,2026-08-09T13:11:20-03:00,Conferir anexos antes de movimentar.
ANO003218,EXP003528,PGR-00092055/2026,DOCUMENTO,CIVINT/STIC,CIVINT-STIC-U04,João Rascunho,2026-08-16T21:39:08-03:00,Aguardando manifestação da área técnica.
ANO003219,EXP003528,PGR-00092055/2026,DOCUMENTO,CIVINT/STIC,CIVINT-STIC-U03,Isabela Piloto,2026-08-27T15:10:07-03:00,Aguardando manifestação da área técnica.
ANO003220,EXP003529,PGR-00068737/2026,DOCUMENTO,CIVINT/STIC,CIVINT-STIC-U08,Nelson Mock,2026-08-01T19:20:55-03:00,Verificar prazo com a chefia.
ANO003221,EXP003529,PGR-00068737/2026,DOCUMENTO,CIVINT/STIC,CIVINT-STIC-U03,Isabela Piloto,2026-08-19T19:25:08-03:00,Prioridade definida em reunião de equipe.
ANO003222,EXP003529,PGR-00068737/2026,DOCUMENTO,CIVINT/STIC,CIVINT-STIC-U07,Marina Maquete,2026-08-10T03:25:06-03:00,Aguardando retorno de diligência.
ANO003223,EXP003531,PGR-00024426/2026,DOCUMENTO,CIVINT/STIC,CIVINT-STIC-U01,Gabriela Simulada,2026-09-06T06:53:13-03:00,Verificar prazo com a chefia.
ANO003224,EXP003531,PGR-00024426/2026,DOCUMENTO,CIVINT/STIC,CIVINT-STIC-U03,Isabela Piloto,2026-09-14T00:40:07-03:00,Conferir anexos antes de movimentar.
ANO003225,EXP003535,PGR-00097672/2026,DOCUMENTO,CIVINT/STIC,CIVINT-STIC-U05,Karina Ensaio,2026-06-23T23:02:22-03:00,Aguardando retorno de diligência.
ANO003226,EXP003535,PGR-00097672/2026,DOCUMENTO,CIVINT/STIC,CIVINT-STIC-U08,Nelson Mock,2026-06-23T03:56:41-03:00,Relacionado a expediente anterior do mesmo interessado.
ANO003227,EXP003535,PGR-00097672/2026,DOCUMENTO,CIVINT/STIC,CIVINT-STIC-U06,Lucas Esboço,2026-06-22T00:44:11-03:00,Conferir anexos antes de movimentar.
ANO003228,EXP003537,PGR-00055281/2026,DOCUMENTO,CIVINT/STIC,CIVINT-STIC-U02,Heitor Protótipo,2026-09-15T20:14:29-03:00,Prioridade definida em reunião de equipe.
ANO003229,EXP003538,PGR-00044510/2026,DOCUMENTO,CIVINT/STIC,CIVINT-STIC-U05,Karina Ensaio,2026-07-19T17:42:42-03:00,Verificar prazo com a chefia.
ANO003230,EXP003538,PGR-00044510/2026,DOCUMENTO,CIVINT/STIC,CIVINT-STIC-U02,Heitor Protótipo,2026-07-11T19:45:04-03:00,Aguardando manifestação da área técnica.
ANO003231,EXP003538,PGR-00044510/2026,DOCUMENTO,CIVINT/STIC,CIVINT-STIC-U02,Heitor Protótipo,2026-07-19T06:10:27-03:00,Verificar prazo com a chefia.
ANO003232,EXP003540,PGR-00021028/2026,DOCUMENTO,CIVINT/STIC,CIVINT-STIC-U08,Nelson Mock,2026-07-09T17:34:36-03:00,Relacionado a expediente anterior do mesmo interessado.
ANO003233,EXP003541,PGR-00007654/2026,DOCUMENTO,CIVINT/STIC,CIVINT-STIC-U03,Isabela Piloto,2026-07-14T12:07:28-03:00,Prioridade definida em reunião de equipe.
ANO003234,EXP003543,PGR-00028734/2026,DOCUMENTO,CIVINT/STIC,CIVINT-STIC-U03,Isabela Piloto,2026-08-22T10:54:16-03:00,Prioridade definida em reunião de equipe.
ANO003235,EXP003543,PGR-00028734/2026,DOCUMENTO,CIVINT/STIC,CIVINT-STIC-U08,Nelson Mock,2026-09-18T14:22:52-03:00,Solicitadas informações complementares ao remetente.
ANO003236,EXP003544,PGR-00021705/2026,DOCUMENTO,CIVINT/STIC,CIVINT-STIC-U03,Isabela Piloto,2026-10-05T04:07:59-03:00,Conferir anexos antes de movimentar.
ANO003237,EXP003544,PGR-00021705/2026,DOCUMENTO,CIVINT/STIC,CIVINT-STIC-U04,João Rascunho,2026-10-03T12:57:10-03:00,Aguardando manifestação da área técnica.
ANO003238,EXP003545,PGR-00010171/2026,DOCUMENTO,CIVINT/STIC,CIVINT-STIC-U07,Marina Maquete,2026-09-01T16:38:32-03:00,Conferir anexos antes de movimentar.
ANO003239,EXP003546,PGR-00020746/2026,DOCUMENTO,CIVINT/STIC,CIVINT-STIC-U04,João Rascunho,2026-07-22T22:31:46-03:00,Solicitadas informações complementares ao remetente.
ANO003240,EXP003547,PGR-00011411/2026,DOCUMENTO,CIVINT/STIC,CIVINT-STIC-U05,Karina Ensaio,2026-08-29T07:28:28-03:00,Prioridade definida em reunião de equipe.
ANO003241,EXP003549,PGR-00019500/2026,DOCUMENTO,CIVINT/STIC,CIVINT-STIC-U06,Lucas Esboço,2026-09-13T15:06:16-03:00,Solicitadas informações complementares ao remetente.
ANO003242,EXP003550,PGR-00075049/2026,DOCUMENTO,CIVINT/STIC,CIVINT-STIC-U05,Karina Ensaio,2026-08-19T15:33:07-03:00,"Minuta revisada, pendente de assinatura."
ANO003243,EXP003550,PGR-00075049/2026,DOCUMENTO,CIVINT/STIC,CIVINT-STIC-U04,João Rascunho,2026-08-20T14:20:47-03:00,"Minuta revisada, pendente de assinatura."
ANO003244,EXP003551,PGR-00015175/2026,DOCUMENTO,CIVINT/STIC,CIVINT-STIC-U01,Gabriela Simulada,2026-08-24T08:36:05-03:00,Verificar prazo com a chefia.
ANO003245,EXP003551,PGR-00015175/2026,DOCUMENTO,CIVINT/STIC,CIVINT-STIC-U04,João Rascunho,2026-09-02T23:24:46-03:00,Conferir anexos antes de movimentar.
ANO003246,EXP003551,PGR-00015175/2026,DOCUMENTO,CIVINT/STIC,CIVINT-STIC-U07,Marina Maquete,2026-09-09T19:57:01-03:00,Verificar prazo com a chefia.
ANO003247,EXP003552,PGR-00019730/2026,DOCUMENTO,CIVINT/STIC,CIVINT-STIC-U05,Karina Ensaio,2026-07-05T11:15:13-03:00,Solicitadas informações complementares ao remetente.
ANO003248,EXP003553,PGR-00053245/2026,DOCUMENTO,CIVINT/STIC,CIVINT-STIC-U04,João Rascunho,2026-09-24T02:48:11-03:00,Aguardando manifestação da área técnica.
ANO003249,EXP003554,PGR-00063067/2026,DOCUMENTO,CIVINT/STIC,CIVINT-STIC-U04,João Rascunho,2026-08-16T18:31:14-03:00,Conferir anexos antes de movimentar.
ANO003250,EXP003554,PGR-00063067/2026,DOCUMENTO,CIVINT/STIC,CIVINT-STIC-U03,Isabela Piloto,2026-08-12T23:59:54-03:00,Aguardando manifestação da área técnica.
ANO003251,EXP003555,PGR-00026486/2026,DOCUMENTO,CIVINT/STIC,CIVINT-STIC-U06,Lucas Esboço,2026-09-08T12:25:53-03:00,Conferir anexos antes de movimentar.
ANO003252,EXP003556,PGR-00047777/2026,DOCUMENTO,CIVINT/STIC,CIVINT-STIC-U07,Marina Maquete,2026-08-19T23:29:22-03:00,Prioridade definida em reunião de equipe.
ANO003253,EXP003556,PGR-00047777/2026,DOCUMENTO,CIVINT/STIC,CIVINT-STIC-U06,Lucas Esboço,2026-09-07T22:31:16-03:00,"Minuta revisada, pendente de assinatura."
ANO003254,EXP003556,PGR-00047777/2026,DOCUMENTO,CIVINT/STIC,CIVINT-STIC-U06,Lucas Esboço,2026-08-17T10:06:13-03:00,Prioridade definida em reunião de equipe.
ANO003255,EXP003557,PGR-00066319/2026,DOCUMENTO,CIVINT/STIC,CIVINT-STIC-U05,Karina Ensaio,2026-10-03T08:31:23-03:00,"Minuta revisada, pendente de assinatura."
ANO003256,EXP003559,PGR-00011382/2026,DOCUMENTO,CIVINT/STIC,CIVINT-STIC-U04,João Rascunho,2026-07-13T02:57:48-03:00,Verificar prazo com a chefia.
ANO003257,EXP003561,PGR-00044045/2026,DOCUMENTO,CIVINT/STIC,CIVINT-STIC-U06,Lucas Esboço,2026-06-30T11:54:48-03:00,Aguardando manifestação da área técnica.
ANO003258,EXP003561,PGR-00044045/2026,DOCUMENTO,CIVINT/STIC,CIVINT-STIC-U06,Lucas Esboço,2026-07-23T00:37:36-03:00,Solicitadas informações complementares ao remetente.
ANO003259,EXP003561,PGR-00044045/2026,DOCUMENTO,CIVINT/STIC,CIVINT-STIC-U08,Nelson Mock,2026-07-23T17:27:19-03:00,Prioridade definida em reunião de equipe.
ANO003260,EXP003562,PGR-00075716/2026,DOCUMENTO,CIVINT/STIC,CIVINT-STIC-U06,Lucas Esboço,2026-08-25T12:22:10-03:00,Aguardando manifestação da área técnica.
ANO003261,EXP003562,PGR-00075716/2026,DOCUMENTO,CIVINT/STIC,CIVINT-STIC-U02,Heitor Protótipo,2026-08-24T18:32:54-03:00,Verificar prazo com a chefia.
ANO003262,EXP003562,PGR-00075716/2026,DOCUMENTO,CIVINT/STIC,CIVINT-STIC-U05,Karina Ensaio,2026-08-25T06:13:24-03:00,Solicitadas informações complementares ao remetente.
ANO003263,EXP003563,PGR-00047951/2026,DOCUMENTO,CIVINT/STIC,CIVINT-STIC-U02,Heitor Protótipo,2026-06-19T14:59:21-03:00,Aguardando manifestação da área técnica.
ANO003264,EXP003564,PGR-00040074/2026,DOCUMENTO,CIVINT/STIC,CIVINT-STIC-U04,João Rascunho,2026-08-24T20:27:58-03:00,Prioridade definida em reunião de equipe.
ANO003265,EXP003565,PGR-00063849/2026,DOCUMENTO,CIVINT/STIC,CIVINT-STIC-U02,Heitor Protótipo,2026-09-22T23:01:40-03:00,"Minuta revisada, pendente de assinatura."
ANO003266,EXP003566,PGR-00012467/2026,DOCUMENTO,CIVINT/STIC,CIVINT-STIC-U08,Nelson Mock,2026-06-19T06:53:58-03:00,Aguardando manifestação da área técnica.
ANO003267,EXP003568,PGR-00017921/2026,DOCUMENTO,CIVINT/STIC,CIVINT-STIC-U08,Nelson Mock,2026-07-29T10:21:17-03:00,Aguardando retorno de diligência.
ANO003268,EXP003568,PGR-00017921/2026,DOCUMENTO,CIVINT/STIC,CIVINT-STIC-U04,João Rascunho,2026-07-30T03:08:16-03:00,Relacionado a expediente anterior do mesmo interessado.
ANO003269,EXP003568,PGR-00017921/2026,DOCUMENTO,CIVINT/STIC,CIVINT-STIC-U08,Nelson Mock,2026-08-01T09:00:06-03:00,Relacionado a expediente anterior do mesmo interessado.
ANO003270,EXP003569,PGR-00037372/2026,DOCUMENTO,CIVINT/STIC,CIVINT-STIC-U05,Karina Ensaio,2026-06-29T13:19:19-03:00,Solicitadas informações complementares ao remetente.
ANO003271,EXP003569,PGR-00037372/2026,DOCUMENTO,CIVINT/STIC,CIVINT-STIC-U08,Nelson Mock,2026-06-16T07:12:33-03:00,Aguardando retorno de diligência.
ANO003272,EXP003570,PGR-00080040/2026,DOCUMENTO,CIVINT/STIC,CIVINT-STIC-U06,Lucas Esboço,2026-07-07T16:34:08-03:00,Aguardando manifestação da área técnica.
ANO003273,EXP003571,PGR-00009377/2026,DOCUMENTO,CIVINT/STIC,CIVINT-STIC-U02,Heitor Protótipo,2026-06-24T12:24:49-03:00,Aguardando retorno de diligência.
ANO003274,EXP003571,PGR-00009377/2026,DOCUMENTO,CIVINT/STIC,CIVINT-STIC-U06,Lucas Esboço,2026-06-18T08:08:00-03:00,Conferir anexos antes de movimentar.
ANO003275,EXP003572,PGR-00076661/2026,DOCUMENTO,CIVINT/STIC,CIVINT-STIC-U02,Heitor Protótipo,2026-07-14T23:25:42-03:00,Relacionado a expediente anterior do mesmo interessado.
ANO003276,EXP003572,PGR-00076661/2026,DOCUMENTO,CIVINT/STIC,CIVINT-STIC-U02,Heitor Protótipo,2026-07-23T02:02:19-03:00,Aguardando manifestação da área técnica.
ANO003277,EXP003574,PGR-00091574/2026,DOCUMENTO,CIVINT/STIC,CIVINT-STIC-U07,Marina Maquete,2026-09-15T20:06:15-03:00,Verificar prazo com a chefia.
ANO003278,EXP003574,PGR-00091574/2026,DOCUMENTO,CIVINT/STIC,CIVINT-STIC-U08,Nelson Mock,2026-09-19T00:04:26-03:00,Solicitadas informações complementares ao remetente.
ANO003279,EXP003574,PGR-00091574/2026,DOCUMENTO,CIVINT/STIC,CIVINT-STIC-U06,Lucas Esboço,2026-09-20T11:36:25-03:00,"Minuta revisada, pendente de assinatura."
ANO003280,EXP003576,PGR-00046394/2026,DOCUMENTO,CIVINT/STIC,CIVINT-STIC-U05,Karina Ensaio,2026-09-23T11:54:00-03:00,Prioridade definida em reunião de equipe.
ANO003281,EXP003577,PGR-00099201/2026,DOCUMENTO,CIVINT/STIC,CIVINT-STIC-U04,João Rascunho,2026-08-11T05:23:17-03:00,Prioridade definida em reunião de equipe.
ANO003282,EXP003578,PGR-00022581/2026,DOCUMENTO,CIVINT/STIC,CIVINT-STIC-U05,Karina Ensaio,2026-06-23T21:35:19-03:00,Conferir anexos antes de movimentar.
ANO003283,EXP003578,PGR-00022581/2026,DOCUMENTO,CIVINT/STIC,CIVINT-STIC-U06,Lucas Esboço,2026-06-27T22:35:04-03:00,Aguardando retorno de diligência.
ANO003284,EXP003578,PGR-00022581/2026,DOCUMENTO,CIVINT/STIC,CIVINT-STIC-U04,João Rascunho,2026-06-29T04:23:33-03:00,Conferir anexos antes de movimentar.
ANO003285,EXP003579,PGR-00079249/2026,DOCUMENTO,CIVINT/STIC,CIVINT-STIC-U08,Nelson Mock,2026-09-25T08:08:47-03:00,Aguardando retorno de diligência.
ANO003286,EXP003579,PGR-00079249/2026,DOCUMENTO,CIVINT/STIC,CIVINT-STIC-U08,Nelson Mock,2026-09-29T15:58:46-03:00,Solicitadas informações complementares ao remetente.
ANO003287,EXP003581,PGR-00003376/2026,DOCUMENTO,CIVINT/STIC,CIVINT-STIC-U06,Lucas Esboço,2026-07-22T09:24:00-03:00,Aguardando retorno de diligência.
ANO003288,EXP003583,PGR-00007748/2026,DOCUMENTO,CIVINT/STIC,CIVINT-STIC-U06,Lucas Esboço,2026-08-05T15:14:26-03:00,Aguardando manifestação da área técnica.
ANO003289,EXP003585,PGR-00096645/2026,DOCUMENTO,CIVINT/STIC,CIVINT-STIC-U02,Heitor Protótipo,2026-07-13T09:01:43-03:00,Solicitadas informações complementares ao remetente.
ANO003290,EXP003585,PGR-00096645/2026,DOCUMENTO,CIVINT/STIC,CIVINT-STIC-U07,Marina Maquete,2026-07-08T07:41:51-03:00,Verificar prazo com a chefia.
ANO003291,EXP003586,PGR-00067435/2026,DOCUMENTO,CIVINT/STIC,CIVINT-STIC-U08,Nelson Mock,2026-08-09T08:58:00-03:00,Relacionado a expediente anterior do mesmo interessado.
ANO003292,EXP003586,PGR-00067435/2026,DOCUMENTO,CIVINT/STIC,CIVINT-STIC-U06,Lucas Esboço,2026-08-02T02:30:02-03:00,Conferir anexos antes de movimentar.
ANO003293,EXP003586,PGR-00067435/2026,DOCUMENTO,CIVINT/STIC,CIVINT-STIC-U07,Marina Maquete,2026-08-14T14:01:36-03:00,Conferir anexos antes de movimentar.
ANO003294,EXP003587,PGR-00052175/2026,DOCUMENTO,CIVINT/STIC,CIVINT-STIC-U01,Gabriela Simulada,2026-06-26T04:04:55-03:00,Aguardando manifestação da área técnica.
ANO003295,EXP003587,PGR-00052175/2026,DOCUMENTO,CIVINT/STIC,CIVINT-STIC-U01,Gabriela Simulada,2026-06-28T05:34:55-03:00,Relacionado a expediente anterior do mesmo interessado.
ANO003296,EXP003591,PGR-00053072/2026,DOCUMENTO,CIVINT/STIC,CIVINT-STIC-U03,Isabela Piloto,2026-08-03T21:28:46-03:00,Conferir anexos antes de movimentar.
ANO003297,EXP003592,PGR-00091107/2026,DOCUMENTO,CIVINT/STIC,CIVINT-STIC-U02,Heitor Protótipo,2026-10-06T18:14:38-03:00,Relacionado a expediente anterior do mesmo interessado.
ANO003298,EXP003593,PGR-00018237/2026,DOCUMENTO,CIVINT/STIC,CIVINT-STIC-U01,Gabriela Simulada,2026-10-04T14:58:50-03:00,Prioridade definida em reunião de equipe.
ANO003299,EXP003593,PGR-00018237/2026,DOCUMENTO,CIVINT/STIC,CIVINT-STIC-U08,Nelson Mock,2026-09-29T11:54:55-03:00,Prioridade definida em reunião de equipe.
ANO003300,EXP003596,PGR-00035116/2026,DOCUMENTO,CIVINT/STIC,CIVINT-STIC-U02,Heitor Protótipo,2026-08-09T06:45:29-03:00,Conferir anexos antes de movimentar.
ANO003301,EXP003597,PGR-00064218/2026,DOCUMENTO,CIVINT/STIC,CIVINT-STIC-U06,Lucas Esboço,2026-08-20T03:41:37-03:00,Aguardando manifestação da área técnica.
ANO003302,EXP003598,PGR-00014979/2026,DOCUMENTO,CIVINT/STIC,CIVINT-STIC-U08,Nelson Mock,2026-08-29T20:18:32-03:00,Relacionado a expediente anterior do mesmo interessado.
ANO003303,EXP003599,PGR-00018378/2026,DOCUMENTO,CIVINT/STIC,CIVINT-STIC-U02,Heitor Protótipo,2026-07-29T00:55:10-03:00,Prioridade definida em reunião de equipe.
ANO003304,EXP003599,PGR-00018378/2026,DOCUMENTO,CIVINT/STIC,CIVINT-STIC-U08,Nelson Mock,2026-08-06T04:54:40-03:00,Prioridade definida em reunião de equipe.
ANO003305,EXP003600,PGR-00019699/2026,DOCUMENTO,CIVINT/STIC,CIVINT-STIC-U01,Gabriela Simulada,2026-09-08T02:07:15-03:00,Relacionado a expediente anterior do mesmo interessado.
ANO003306,EXP003601,PGR-00093596/2026,DOCUMENTO,CIVINT/STIC,CIVINT-STIC-U01,Gabriela Simulada,2026-09-27T15:56:33-03:00,"Minuta revisada, pendente de assinatura."
ANO003307,EXP003601,PGR-00093596/2026,DOCUMENTO,CIVINT/STIC,CIVINT-STIC-U05,Karina Ensaio,2026-09-21T17:52:33-03:00,Aguardando manifestação da área técnica.
ANO003308,EXP003601,PGR-00093596/2026,DOCUMENTO,CIVINT/STIC,CIVINT-STIC-U05,Karina Ensaio,2026-09-24T13:29:01-03:00,Solicitadas informações complementares ao remetente.
ANO003309,EXP003602,PGR-00009126/2026,DOCUMENTO,CIVINT/STIC,CIVINT-STIC-U08,Nelson Mock,2026-08-12T20:45:52-03:00,"Minuta revisada, pendente de assinatura."
ANO003310,EXP003602,PGR-00009126/2026,DOCUMENTO,CIVINT/STIC,CIVINT-STIC-U07,Marina Maquete,2026-08-14T02:56:51-03:00,"Minuta revisada, pendente de assinatura."
ANO003311,EXP003602,PGR-00009126/2026,DOCUMENTO,CIVINT/STIC,CIVINT-STIC-U06,Lucas Esboço,2026-08-15T22:06:11-03:00,Prioridade definida em reunião de equipe.
ANO003312,EXP003603,PGR-00067083/2026,DOCUMENTO,CIVINT/STIC,CIVINT-STIC-U05,Karina Ensaio,2026-06-21T11:54:00-03:00,Aguardando manifestação da área técnica.
ANO003313,EXP003603,PGR-00067083/2026,DOCUMENTO,CIVINT/STIC,CIVINT-STIC-U02,Heitor Protótipo,2026-06-17T06:17:30-03:00,Prioridade definida em reunião de equipe.
ANO003314,EXP003603,PGR-00067083/2026,DOCUMENTO,CIVINT/STIC,CIVINT-STIC-U04,João Rascunho,2026-06-19T00:12:37-03:00,Aguardando manifestação da área técnica.
ANO003315,EXP003607,PGR-00033945/2026,DOCUMENTO,CIVINT/STIC,CIVINT-STIC-U03,Isabela Piloto,2026-09-20T13:53:42-03:00,Solicitadas informações complementares ao remetente.
ANO003316,EXP003608,PGR-00026140/2026,DOCUMENTO,CIVINT/STIC,CIVINT-STIC-U06,Lucas Esboço,2026-08-21T11:25:26-03:00,Relacionado a expediente anterior do mesmo interessado.
ANO003317,EXP003609,PGR-00055395/2026,DOCUMENTO,CIVINT/STIC,CIVINT-STIC-U06,Lucas Esboço,2026-09-10T19:21:55-03:00,Verificar prazo com a chefia.
ANO003318,EXP003610,PGR-00096119/2026,DOCUMENTO,CIVINT/STIC,CIVINT-STIC-U01,Gabriela Simulada,2026-06-22T21:48:01-03:00,Solicitadas informações complementares ao remetente.
ANO003319,EXP003612,PGR-00098970/2026,DOCUMENTO,CIVINT/STIC,CIVINT-STIC-U06,Lucas Esboço,2026-07-07T00:38:35-03:00,Solicitadas informações complementares ao remetente.
ANO003320,EXP003612,PGR-00098970/2026,DOCUMENTO,CIVINT/STIC,CIVINT-STIC-U02,Heitor Protótipo,2026-06-28T23:05:21-03:00,Conferir anexos antes de movimentar.
ANO003321,EXP003613,PGR-00095705/2026,DOCUMENTO,CIVINT/STIC,CIVINT-STIC-U02,Heitor Protótipo,2026-07-24T04:53:44-03:00,Conferir anexos antes de movimentar.
ANO003322,EXP003615,PGR-00064088/2026,DOCUMENTO,CIVINT/STIC,CIVINT-STIC-U07,Marina Maquete,2026-08-01T03:19:49-03:00,Verificar prazo com a chefia.
ANO003323,EXP003615,PGR-00064088/2026,DOCUMENTO,CIVINT/STIC,CIVINT-STIC-U07,Marina Maquete,2026-08-16T08:07:55-03:00,Aguardando retorno de diligência.
ANO003324,EXP003616,PGR-00078562/2026,DOCUMENTO,CIVINT/STIC,CIVINT-STIC-U01,Gabriela Simulada,2026-08-17T21:07:24-03:00,Prioridade definida em reunião de equipe.
ANO003325,EXP003616,PGR-00078562/2026,DOCUMENTO,CIVINT/STIC,CIVINT-STIC-U06,Lucas Esboço,2026-08-18T04:10:15-03:00,Conferir anexos antes de movimentar.
ANO003326,EXP003618,PGR-00071345/2026,DOCUMENTO,CIVINT/STIC,CIVINT-STIC-U05,Karina Ensaio,2026-09-17T16:12:48-03:00,Aguardando manifestação da área técnica.
ANO003327,EXP003620,PGR-00031381/2026,DOCUMENTO,CIVINT/STIC,CIVINT-STIC-U07,Marina Maquete,2026-06-14T00:39:46-03:00,Aguardando manifestação da área técnica.
ANO003328,EXP003622,PGR-00090482/2026,DOCUMENTO,CIVINT/STIC,CIVINT-STIC-U03,Isabela Piloto,2026-07-22T21:17:05-03:00,Aguardando manifestação da área técnica.
ANO003329,EXP003624,PGR-00099639/2026,DOCUMENTO,CIVINT/STIC,CIVINT-STIC-U02,Heitor Protótipo,2026-07-29T20:26:02-03:00,Prioridade definida em reunião de equipe.
ANO003330,EXP003625,PGR-00040019/2026,DOCUMENTO,CIVINT/STIC,CIVINT-STIC-U05,Karina Ensaio,2026-06-21T01:59:43-03:00,Solicitadas informações complementares ao remetente.
ANO003331,EXP003628,PGR-00007695/2026,DOCUMENTO,CIVINT/STIC,CIVINT-STIC-U04,João Rascunho,2026-08-08T15:51:46-03:00,Relacionado a expediente anterior do mesmo interessado.
ANO003332,EXP003629,PGR-00010627/2026,DOCUMENTO,CIVINT/STIC,CIVINT-STIC-U05,Karina Ensaio,2026-08-27T23:19:48-03:00,Aguardando retorno de diligência.
ANO003333,EXP003630,PGR-00002927/2026,DOCUMENTO,CIVINT/STIC,CIVINT-STIC-U01,Gabriela Simulada,2026-09-24T13:29:33-03:00,Prioridade definida em reunião de equipe.
ANO003334,EXP003631,PGR-00099042/2026,DOCUMENTO,CIVINT/STIC,CIVINT-STIC-U01,Gabriela Simulada,2026-08-02T17:39:13-03:00,Relacionado a expediente anterior do mesmo interessado.
ANO003335,EXP003631,PGR-00099042/2026,DOCUMENTO,CIVINT/STIC,CIVINT-STIC-U06,Lucas Esboço,2026-08-03T07:24:05-03:00,Aguardando manifestação da área técnica.
ANO003336,EXP003632,PGR-00066895/2026,DOCUMENTO,CIVINT/STIC,CIVINT-STIC-U07,Marina Maquete,2026-07-25T01:52:15-03:00,Aguardando manifestação da área técnica.
ANO003337,EXP003633,PGR-00063680/2026,DOCUMENTO,CIVINT/STIC,CIVINT-STIC-U03,Isabela Piloto,2026-08-29T00:32:56-03:00,"Minuta revisada, pendente de assinatura."
ANO003338,EXP003634,PGR-00058833/2026,DOCUMENTO,CIVINT/STIC,CIVINT-STIC-U02,Heitor Protótipo,2026-08-01T15:32:10-03:00,"Minuta revisada, pendente de assinatura."
ANO003339,EXP003634,PGR-00058833/2026,DOCUMENTO,CIVINT/STIC,CIVINT-STIC-U02,Heitor Protótipo,2026-08-02T12:05:32-03:00,Aguardando retorno de diligência.
ANO003340,EXP003635,PGR-00038337/2026,DOCUMENTO,CIVINT/STIC,CIVINT-STIC-U08,Nelson Mock,2026-08-04T00:32:39-03:00,Solicitadas informações complementares ao remetente.
ANO003341,EXP003635,PGR-00038337/2026,DOCUMENTO,CIVINT/STIC,CIVINT-STIC-U01,Gabriela Simulada,2026-08-12T02:03:51-03:00,Conferir anexos antes de movimentar.
ANO003342,EXP003635,PGR-00038337/2026,DOCUMENTO,CIVINT/STIC,CIVINT-STIC-U08,Nelson Mock,2026-08-13T01:49:24-03:00,Solicitadas informações complementares ao remetente.
ANO003343,EXP003636,PGR-00073173/2026,DOCUMENTO,CIVINT/STIC,CIVINT-STIC-U04,João Rascunho,2026-07-20T13:49:13-03:00,Aguardando manifestação da área técnica.
ANO003344,EXP003637,PGR-00085660/2026,DOCUMENTO,CIVINT/STIC,CIVINT-STIC-U06,Lucas Esboço,2026-08-03T18:46:41-03:00,Verificar prazo com a chefia.
ANO003345,EXP003639,PGR-00038397/2026,DOCUMENTO,CIVINT/STIC,CIVINT-STIC-U08,Nelson Mock,2026-09-25T21:38:02-03:00,Solicitadas informações complementares ao remetente.
ANO003346,EXP003639,PGR-00038397/2026,DOCUMENTO,CIVINT/STIC,CIVINT-STIC-U05,Karina Ensaio,2026-09-24T11:24:15-03:00,"Minuta revisada, pendente de assinatura."
ANO003347,EXP003639,PGR-00038397/2026,DOCUMENTO,CIVINT/STIC,CIVINT-STIC-U08,Nelson Mock,2026-09-24T09:01:46-03:00,Solicitadas informações complementares ao remetente.
ANO003348,EXP003640,PGR-00039081/2026,DOCUMENTO,CIVINT/STIC,CIVINT-STIC-U03,Isabela Piloto,2026-09-21T15:28:14-03:00,Relacionado a expediente anterior do mesmo interessado.
ANO003349,EXP003640,PGR-00039081/2026,DOCUMENTO,CIVINT/STIC,CIVINT-STIC-U01,Gabriela Simulada,2026-09-27T14:34:13-03:00,Conferir anexos antes de movimentar.
ANO003350,EXP003641,PGR-00080794/2026,DOCUMENTO,CIVINT/STIC,CIVINT-STIC-U08,Nelson Mock,2026-08-18T05:56:54-03:00,Relacionado a expediente anterior do mesmo interessado.
ANO003351,EXP003641,PGR-00080794/2026,DOCUMENTO,CIVINT/STIC,CIVINT-STIC-U01,Gabriela Simulada,2026-08-14T18:35:28-03:00,Aguardando retorno de diligência.
ANO003352,EXP003641,PGR-00080794/2026,DOCUMENTO,CIVINT/STIC,CIVINT-STIC-U06,Lucas Esboço,2026-08-13T22:56:12-03:00,Solicitadas informações complementares ao remetente.
ANO003353,EXP003642,PGR-00052539/2026,DOCUMENTO,CIVINT/STIC,CIVINT-STIC-U02,Heitor Protótipo,2026-07-24T04:14:41-03:00,Relacionado a expediente anterior do mesmo interessado.
ANO003354,EXP003642,PGR-00052539/2026,DOCUMENTO,CIVINT/STIC,CIVINT-STIC-U04,João Rascunho,2026-06-25T03:07:45-03:00,Aguardando retorno de diligência.
ANO003355,EXP003643,PGR-00023239/2026,DOCUMENTO,CIVINT/STIC,CIVINT-STIC-U07,Marina Maquete,2026-08-01T16:12:41-03:00,Verificar prazo com a chefia.
ANO003356,EXP003643,PGR-00023239/2026,DOCUMENTO,CIVINT/STIC,CIVINT-STIC-U02,Heitor Protótipo,2026-07-28T03:43:32-03:00,Relacionado a expediente anterior do mesmo interessado.
ANO003357,EXP003644,PGR-00073886/2026,DOCUMENTO,CIVINT/STIC,CIVINT-STIC-U03,Isabela Piloto,2026-07-07T07:29:58-03:00,Relacionado a expediente anterior do mesmo interessado.
ANO003358,EXP003645,PGR-00070993/2026,DOCUMENTO,CIVINT/STIC,CIVINT-STIC-U04,João Rascunho,2026-09-27T19:11:13-03:00,"Minuta revisada, pendente de assinatura."
ANO003359,EXP003646,PGR-00035176/2026,DOCUMENTO,CIVINT/STIC,CIVINT-STIC-U08,Nelson Mock,2026-07-20T01:33:38-03:00,Aguardando manifestação da área técnica.
ANO003360,EXP003649,PGR-00032835/2026,DOCUMENTO,CIVINT/STIC,CIVINT-STIC-U08,Nelson Mock,2026-10-03T08:27:24-03:00,Aguardando retorno de diligência.
ANO003361,EXP003650,PGR-00066462/2026,DOCUMENTO,CIVINT/STIC,CIVINT-STIC-U04,João Rascunho,2026-10-04T19:07:58-03:00,Conferir anexos antes de movimentar.
ANO003362,EXP003651,PGR-00094370/2026,DOCUMENTO,CIVINT/STIC,CIVINT-STIC-U02,Heitor Protótipo,2026-08-18T18:12:06-03:00,Verificar prazo com a chefia.
ANO003363,EXP003652,PGR-00094971/2026,DOCUMENTO,CIVINT/STIC,CIVINT-STIC-U04,João Rascunho,2026-07-31T14:55:50-03:00,"Minuta revisada, pendente de assinatura."
ANO003364,EXP003652,PGR-00094971/2026,DOCUMENTO,CIVINT/STIC,CIVINT-STIC-U07,Marina Maquete,2026-07-14T20:51:22-03:00,Verificar prazo com a chefia.
ANO003365,EXP003652,PGR-00094971/2026,DOCUMENTO,CIVINT/STIC,CIVINT-STIC-U08,Nelson Mock,2026-07-13T16:39:48-03:00,Conferir anexos antes de movimentar.
ANO003366,EXP003653,PGR-00014227/2026,DOCUMENTO,CIVINT/STIC,CIVINT-STIC-U05,Karina Ensaio,2026-09-13T06:21:46-03:00,Relacionado a expediente anterior do mesmo interessado.
ANO003367,EXP003653,PGR-00014227/2026,DOCUMENTO,CIVINT/STIC,CIVINT-STIC-U07,Marina Maquete,2026-09-03T08:28:11-03:00,Solicitadas informações complementares ao remetente.
ANO003368,EXP003654,PGR-00018727/2026,DOCUMENTO,CIVINT/STIC,CIVINT-STIC-U01,Gabriela Simulada,2026-07-29T22:30:07-03:00,Relacionado a expediente anterior do mesmo interessado.
ANO003369,EXP003654,PGR-00018727/2026,DOCUMENTO,CIVINT/STIC,CIVINT-STIC-U06,Lucas Esboço,2026-07-28T15:23:51-03:00,Verificar prazo com a chefia.
ANO003370,EXP003655,PGR-00059266/2026,DOCUMENTO,CIVINT/STIC,CIVINT-STIC-U08,Nelson Mock,2026-07-06T18:04:55-03:00,Verificar prazo com a chefia.
ANO003371,EXP003659,PGR-00033928/2026,DOCUMENTO,CIVINT/STIC,CIVINT-STIC-U04,João Rascunho,2026-09-12T04:27:36-03:00,Relacionado a expediente anterior do mesmo interessado.
ANO003372,EXP003660,PGR-00027467/2026,DOCUMENTO,CIVINT/STIC,CIVINT-STIC-U04,João Rascunho,2026-09-10T21:18:03-03:00,Verificar prazo com a chefia.
ANO003373,EXP003661,PGR-00004883/2026,DOCUMENTO,CIVINT/STIC,CIVINT-STIC-U01,Gabriela Simulada,2026-06-27T12:08:46-03:00,Aguardando manifestação da área técnica.
ANO003374,EXP003661,PGR-00004883/2026,DOCUMENTO,CIVINT/STIC,CIVINT-STIC-U08,Nelson Mock,2026-06-25T04:30:23-03:00,Solicitadas informações complementares ao remetente.
ANO003375,EXP003662,PGR-00020729/2026,DOCUMENTO,CIVINT/STIC,CIVINT-STIC-U08,Nelson Mock,2026-08-12T06:35:47-03:00,Conferir anexos antes de movimentar.
ANO003376,EXP003663,PGR-00088739/2026,DOCUMENTO,CIVINT/STIC,CIVINT-STIC-U06,Lucas Esboço,2026-09-09T08:29:49-03:00,Solicitadas informações complementares ao remetente.
ANO003377,EXP003664,PGR-00055041/2026,DOCUMENTO,CIVINT/STIC,CIVINT-STIC-U07,Marina Maquete,2026-09-28T13:39:21-03:00,Aguardando manifestação da área técnica.
ANO003378,EXP003666,PGR-00050653/2026,DOCUMENTO,CIVINT/STIC,CIVINT-STIC-U05,Karina Ensaio,2026-07-15T17:26:42-03:00,Aguardando manifestação da área técnica.
ANO003379,EXP003667,PGR-00000262/2026,DOCUMENTO,CIVINT/STIC,CIVINT-STIC-U01,Gabriela Simulada,2026-08-11T07:36:30-03:00,Aguardando retorno de diligência.
ANO003380,EXP003668,PGR-00000327/2026,DOCUMENTO,CIVINT/STIC,CIVINT-STIC-U02,Heitor Protótipo,2026-07-30T12:02:51-03:00,Solicitadas informações complementares ao remetente.
ANO003381,EXP003669,PGR-00039962/2026,DOCUMENTO,CIVINT/STIC,CIVINT-STIC-U07,Marina Maquete,2026-08-15T23:04:13-03:00,"Minuta revisada, pendente de assinatura."
ANO003382,EXP003670,PGR-00059071/2026,DOCUMENTO,CIVINT/STIC,CIVINT-STIC-U06,Lucas Esboço,2026-07-17T14:19:49-03:00,Solicitadas informações complementares ao remetente.
ANO003383,EXP003671,PGR-00063717/2026,DOCUMENTO,CIVINT/STIC,CIVINT-STIC-U02,Heitor Protótipo,2026-08-31T05:54:48-03:00,Verificar prazo com a chefia.
ANO003384,EXP003672,PGR-00061133/2026,DOCUMENTO,CIVINT/STIC,CIVINT-STIC-U06,Lucas Esboço,2026-09-04T11:07:59-03:00,"Minuta revisada, pendente de assinatura."
ANO003385,EXP003672,PGR-00061133/2026,DOCUMENTO,CIVINT/STIC,CIVINT-STIC-U06,Lucas Esboço,2026-09-10T06:27:52-03:00,Conferir anexos antes de movimentar.
ANO003386,EXP003672,PGR-00061133/2026,DOCUMENTO,CIVINT/STIC,CIVINT-STIC-U04,João Rascunho,2026-08-20T21:32:52-03:00,Aguardando manifestação da área técnica.
ANO003387,EXP003673,PGR-00060887/2026,DOCUMENTO,CIVINT/STIC,CIVINT-STIC-U03,Isabela Piloto,2026-10-02T17:00:57-03:00,Prioridade definida em reunião de equipe.
ANO003388,EXP003673,PGR-00060887/2026,DOCUMENTO,CIVINT/STIC,CIVINT-STIC-U08,Nelson Mock,2026-10-01T12:38:37-03:00,Conferir anexos antes de movimentar.
ANO003389,EXP003675,PGR-00072793/2026,DOCUMENTO,CIVINT/STIC,CIVINT-STIC-U08,Nelson Mock,2026-07-11T20:24:27-03:00,Verificar prazo com a chefia.
ANO003390,EXP003676,PGR-00028206/2026,DOCUMENTO,CIVINT/STIC,CIVINT-STIC-U05,Karina Ensaio,2026-10-07T03:43:00-03:00,Solicitadas informações complementares ao remetente.
ANO003391,EXP003676,PGR-00028206/2026,DOCUMENTO,CIVINT/STIC,CIVINT-STIC-U02,Heitor Protótipo,2026-10-07T00:21:22-03:00,Aguardando manifestação da área técnica.
ANO003392,EXP003676,PGR-00028206/2026,DOCUMENTO,CIVINT/STIC,CIVINT-STIC-U01,Gabriela Simulada,2026-09-24T18:50:14-03:00,Verificar prazo com a chefia.
ANO003393,EXP003677,PGR-00035359/2026,DOCUMENTO,CIVINT/STIC,CIVINT-STIC-U02,Heitor Protótipo,2026-09-15T12:10:22-03:00,Prioridade definida em reunião de equipe.
ANO003394,EXP003678,PGR-00098025/2026,DOCUMENTO,CIVINT/STIC,CIVINT-STIC-U08,Nelson Mock,2026-07-16T06:25:44-03:00,Aguardando manifestação da área técnica.
ANO003395,EXP003678,PGR-00098025/2026,DOCUMENTO,CIVINT/STIC,CIVINT-STIC-U08,Nelson Mock,2026-07-15T08:39:16-03:00,Prioridade definida em reunião de equipe.
ANO003396,EXP003679,PGR-00035181/2026,DOCUMENTO,CIVINT/STIC,CIVINT-STIC-U03,Isabela Piloto,2026-08-24T18:11:26-03:00,Relacionado a expediente anterior do mesmo interessado.
ANO003397,EXP003679,PGR-00035181/2026,DOCUMENTO,CIVINT/STIC,CIVINT-STIC-U06,Lucas Esboço,2026-08-06T08:55:02-03:00,Relacionado a expediente anterior do mesmo interessado.
ANO003398,EXP003679,PGR-00035181/2026,DOCUMENTO,CIVINT/STIC,CIVINT-STIC-U03,Isabela Piloto,2026-09-01T07:09:52-03:00,"Minuta revisada, pendente de assinatura."
ANO003399,EXP003680,PGR-00070282/2026,DOCUMENTO,CIVINT/STIC,CIVINT-STIC-U01,Gabriela Simulada,2026-07-26T17:54:56-03:00,Aguardando retorno de diligência.
ANO003400,EXP003681,PGR-00076871/2026,DOCUMENTO,CIVINT/STIC,CIVINT-STIC-U08,Nelson Mock,2026-09-14T12:40:04-03:00,Relacionado a expediente anterior do mesmo interessado.
ANO003401,EXP003682,PGR-00081234/2026,DOCUMENTO,CIVINT/STIC,CIVINT-STIC-U08,Nelson Mock,2026-09-10T06:18:56-03:00,Verificar prazo com a chefia.
ANO003402,EXP003682,PGR-00081234/2026,DOCUMENTO,CIVINT/STIC,CIVINT-STIC-U05,Karina Ensaio,2026-09-13T04:06:15-03:00,Relacionado a expediente anterior do mesmo interessado.
ANO003403,EXP003682,PGR-00081234/2026,DOCUMENTO,CIVINT/STIC,CIVINT-STIC-U06,Lucas Esboço,2026-09-12T23:47:42-03:00,Aguardando manifestação da área técnica.
ANO003404,EXP003684,PGR-00090090/2026,DOCUMENTO,CIVINT/STIC,CIVINT-STIC-U02,Heitor Protótipo,2026-08-13T08:35:32-03:00,Aguardando retorno de diligência.
ANO003405,EXP003684,PGR-00090090/2026,DOCUMENTO,CIVINT/STIC,CIVINT-STIC-U01,Gabriela Simulada,2026-08-09T18:52:07-03:00,Solicitadas informações complementares ao remetente.
ANO003406,EXP003685,PGR-00026371/2026,DOCUMENTO,CIVINT/STIC,CIVINT-STIC-U01,Gabriela Simulada,2026-08-08T15:10:24-03:00,Aguardando manifestação da área técnica.
ANO003407,EXP003686,PGR-00046791/2026,DOCUMENTO,CIVINT/STIC,CIVINT-STIC-U07,Marina Maquete,2026-06-24T18:16:31-03:00,Aguardando manifestação da área técnica.
ANO003408,EXP003686,PGR-00046791/2026,DOCUMENTO,CIVINT/STIC,CIVINT-STIC-U08,Nelson Mock,2026-06-28T00:41:32-03:00,Prioridade definida em reunião de equipe.
ANO003409,EXP003687,PGR-00085932/2026,DOCUMENTO,CIVINT/STIC,CIVINT-STIC-U03,Isabela Piloto,2026-09-04T16:41:33-03:00,Conferir anexos antes de movimentar.
ANO003410,EXP003688,PGR-00019839/2026,DOCUMENTO,CIVINT/STIC,CIVINT-STIC-U03,Isabela Piloto,2026-09-04T17:21:06-03:00,Relacionado a expediente anterior do mesmo interessado.
ANO003411,EXP003689,PGR-00072230/2026,DOCUMENTO,CIVINT/STIC,CIVINT-STIC-U05,Karina Ensaio,2026-08-21T09:06:51-03:00,Relacionado a expediente anterior do mesmo interessado.
ANO003412,EXP003689,PGR-00072230/2026,DOCUMENTO,CIVINT/STIC,CIVINT-STIC-U03,Isabela Piloto,2026-08-21T09:45:38-03:00,Aguardando retorno de diligência.
ANO003413,EXP003690,PGR-00087246/2026,DOCUMENTO,CIVINT/STIC,CIVINT-STIC-U05,Karina Ensaio,2026-07-26T02:06:47-03:00,Verificar prazo com a chefia.
ANO003414,EXP003690,PGR-00087246/2026,DOCUMENTO,CIVINT/STIC,CIVINT-STIC-U06,Lucas Esboço,2026-07-24T18:26:49-03:00,Conferir anexos antes de movimentar.
ANO003415,EXP003690,PGR-00087246/2026,DOCUMENTO,CIVINT/STIC,CIVINT-STIC-U07,Marina Maquete,2026-08-10T13:58:01-03:00,Aguardando manifestação da área técnica.
ANO003416,EXP003692,PGR-00036679/2026,DOCUMENTO,CIVINT/STIC,CIVINT-STIC-U01,Gabriela Simulada,2026-07-04T20:09:56-03:00,Conferir anexos antes de movimentar.
ANO003417,EXP003693,PGR-00013796/2026,DOCUMENTO,CIVINT/STIC,CIVINT-STIC-U02,Heitor Protótipo,2026-08-27T22:53:10-03:00,Relacionado a expediente anterior do mesmo interessado.
ANO003418,EXP003693,PGR-00013796/2026,DOCUMENTO,CIVINT/STIC,CIVINT-STIC-U07,Marina Maquete,2026-08-30T15:30:05-03:00,Aguardando retorno de diligência.
ANO003419,EXP003693,PGR-00013796/2026,DOCUMENTO,CIVINT/STIC,CIVINT-STIC-U06,Lucas Esboço,2026-08-30T19:25:26-03:00,Verificar prazo com a chefia.
ANO003420,EXP003694,PGR-00043277/2026,DOCUMENTO,CIVINT/STIC,CIVINT-STIC-U06,Lucas Esboço,2026-07-19T07:00:24-03:00,Prioridade definida em reunião de equipe.
ANO003421,EXP003697,PGR-00008685/2026,DOCUMENTO,CIVINT/STIC,CIVINT-STIC-U06,Lucas Esboço,2026-08-25T07:58:13-03:00,Prioridade definida em reunião de equipe.
ANO003422,EXP003697,PGR-00008685/2026,DOCUMENTO,CIVINT/STIC,CIVINT-STIC-U01,Gabriela Simulada,2026-08-22T00:27:22-03:00,Relacionado a expediente anterior do mesmo interessado.
ANO003423,EXP003698,PGR-00084176/2026,DOCUMENTO,CIVINT/STIC,CIVINT-STIC-U07,Marina Maquete,2026-09-08T22:29:37-03:00,Aguardando retorno de diligência.
ANO003424,EXP003698,PGR-00084176/2026,DOCUMENTO,CIVINT/STIC,CIVINT-STIC-U05,Karina Ensaio,2026-09-04T15:10:12-03:00,Solicitadas informações complementares ao remetente.
ANO003425,EXP003698,PGR-00084176/2026,DOCUMENTO,CIVINT/STIC,CIVINT-STIC-U01,Gabriela Simulada,2026-09-03T05:47:08-03:00,Aguardando retorno de diligência.
ANO003426,EXP003699,PGR-00090212/2026,DOCUMENTO,CIVINT/STIC,CIVINT-STIC-U05,Karina Ensaio,2026-08-21T07:15:48-03:00,Solicitadas informações complementares ao remetente.
ANO003427,EXP003700,PGR-00094740/2026,DOCUMENTO,CIVINT/STIC,CIVINT-STIC-U05,Karina Ensaio,2026-07-26T11:25:02-03:00,Conferir anexos antes de movimentar.
ANO003428,EXP003703,PGR-00025464/2026,DOCUMENTO,CIVINT/STIC,CIVINT-STIC-U02,Heitor Protótipo,2026-09-14T18:46:11-03:00,Solicitadas informações complementares ao remetente.
ANO003429,EXP003703,PGR-00025464/2026,DOCUMENTO,CIVINT/STIC,CIVINT-STIC-U02,Heitor Protótipo,2026-09-18T16:09:13-03:00,Verificar prazo com a chefia.
ANO003430,EXP003704,PGR-00070235/2026,DOCUMENTO,CIVINT/STIC,CIVINT-STIC-U03,Isabela Piloto,2026-08-30T13:00:40-03:00,Verificar prazo com a chefia.
ANO003431,EXP003704,PGR-00070235/2026,DOCUMENTO,CIVINT/STIC,CIVINT-STIC-U01,Gabriela Simulada,2026-08-15T09:22:46-03:00,Verificar prazo com a chefia.
ANO003432,EXP003704,PGR-00070235/2026,DOCUMENTO,CIVINT/STIC,CIVINT-STIC-U04,João Rascunho,2026-08-30T01:32:16-03:00,Conferir anexos antes de movimentar.
ANO003433,EXP003705,PGR-00058893/2026,DOCUMENTO,CIVINT/STIC,CIVINT-STIC-U07,Marina Maquete,2026-09-05T20:09:57-03:00,Verificar prazo com a chefia.
ANO003434,EXP003706,PGR-00029866/2026,DOCUMENTO,CIVINT/STIC,CIVINT-STIC-U02,Heitor Protótipo,2026-08-22T10:14:00-03:00,"Minuta revisada, pendente de assinatura."
ANO003435,EXP003707,PGR-00026401/2026,DOCUMENTO,CIVINT/STIC,CIVINT-STIC-U08,Nelson Mock,2026-08-05T00:14:55-03:00,Relacionado a expediente anterior do mesmo interessado.
ANO003436,EXP003708,PGR-00031001/2026,DOCUMENTO,CIVINT/STIC,CIVINT-STIC-U07,Marina Maquete,2026-07-02T11:09:23-03:00,Verificar prazo com a chefia.
ANO003437,EXP003710,PGR-00054168/2026,DOCUMENTO,CIVINT/STIC,CIVINT-STIC-U06,Lucas Esboço,2026-07-31T17:50:34-03:00,Conferir anexos antes de movimentar.
ANO003438,EXP003710,PGR-00054168/2026,DOCUMENTO,CIVINT/STIC,CIVINT-STIC-U03,Isabela Piloto,2026-08-03T12:07:29-03:00,Relacionado a expediente anterior do mesmo interessado.
ANO003439,EXP003710,PGR-00054168/2026,DOCUMENTO,CIVINT/STIC,CIVINT-STIC-U06,Lucas Esboço,2026-07-29T03:57:52-03:00,Solicitadas informações complementares ao remetente.
ANO003440,EXP003711,PGR-00021802/2026,DOCUMENTO,CIVINT/STIC,CIVINT-STIC-U04,João Rascunho,2026-08-13T21:26:15-03:00,Relacionado a expediente anterior do mesmo interessado.
ANO003441,EXP003712,PGR-00019604/2026,DOCUMENTO,CIVINT/STIC,CIVINT-STIC-U08,Nelson Mock,2026-08-03T23:28:13-03:00,Aguardando retorno de diligência.
ANO003442,EXP003716,PGR-00037686/2026,DOCUMENTO,CIVINT/STIC,CIVINT-STIC-U07,Marina Maquete,2026-07-28T18:37:20-03:00,Aguardando manifestação da área técnica.
ANO003443,EXP003717,PGR-00011601/2026,DOCUMENTO,CIVINT/STIC,CIVINT-STIC-U06,Lucas Esboço,2026-09-27T02:25:37-03:00,Solicitadas informações complementares ao remetente.
ANO003444,EXP003718,PGR-00098306/2026,DOCUMENTO,CIVINT/STIC,CIVINT-STIC-U06,Lucas Esboço,2026-07-10T05:46:32-03:00,Conferir anexos antes de movimentar.
ANO003445,EXP003721,PGR-00069259/2026,DOCUMENTO,CIVINT/STIC,CIVINT-STIC-U07,Marina Maquete,2026-08-19T15:26:22-03:00,Solicitadas informações complementares ao remetente.
ANO003446,EXP003721,PGR-00069259/2026,DOCUMENTO,CIVINT/STIC,CIVINT-STIC-U01,Gabriela Simulada,2026-08-26T20:01:25-03:00,Conferir anexos antes de movimentar.
ANO003447,EXP003722,PGR-00088725/2026,DOCUMENTO,CIVINT/STIC,CIVINT-STIC-U03,Isabela Piloto,2026-09-02T00:49:20-03:00,Relacionado a expediente anterior do mesmo interessado.
ANO003448,EXP003722,PGR-00088725/2026,DOCUMENTO,CIVINT/STIC,CIVINT-STIC-U02,Heitor Protótipo,2026-09-16T00:24:31-03:00,Solicitadas informações complementares ao remetente.
ANO003449,EXP003723,PGR-00097035/2026,DOCUMENTO,CIVINT/STIC,CIVINT-STIC-U05,Karina Ensaio,2026-09-22T04:26:40-03:00,Aguardando manifestação da área técnica.
ANO003450,EXP003724,PGR-00042375/2026,DOCUMENTO,CIVINT/STIC,CIVINT-STIC-U04,João Rascunho,2026-09-29T02:57:58-03:00,Solicitadas informações complementares ao remetente.
ANO003451,EXP003724,PGR-00042375/2026,DOCUMENTO,CIVINT/STIC,CIVINT-STIC-U05,Karina Ensaio,2026-09-29T07:50:50-03:00,Verificar prazo com a chefia.
ANO003452,EXP003724,PGR-00042375/2026,DOCUMENTO,CIVINT/STIC,CIVINT-STIC-U07,Marina Maquete,2026-09-29T20:45:14-03:00,Prioridade definida em reunião de equipe.
ANO003453,EXP003726,PGR-00014465/2026,DOCUMENTO,CIVINT/STIC,CIVINT-STIC-U05,Karina Ensaio,2026-07-01T07:43:31-03:00,Conferir anexos antes de movimentar.
ANO003454,EXP003726,PGR-00014465/2026,DOCUMENTO,CIVINT/STIC,CIVINT-STIC-U07,Marina Maquete,2026-06-19T08:27:13-03:00,Verificar prazo com a chefia.
ANO003455,EXP003728,PGR-00064310/2026,DOCUMENTO,CIVINT/STIC,CIVINT-STIC-U02,Heitor Protótipo,2026-09-12T18:39:18-03:00,Solicitadas informações complementares ao remetente.
ANO003456,EXP003730,PGR-00059301/2026,DOCUMENTO,CIVINT/STIC,CIVINT-STIC-U02,Heitor Protótipo,2026-06-22T19:18:59-03:00,Aguardando retorno de diligência.
ANO003457,EXP003730,PGR-00059301/2026,DOCUMENTO,CIVINT/STIC,CIVINT-STIC-U04,João Rascunho,2026-06-16T00:57:27-03:00,Verificar prazo com a chefia.
ANO003458,EXP003731,PGR-00001769/2026,DOCUMENTO,CIVINT/STIC,CIVINT-STIC-U07,Marina Maquete,2026-09-18T13:55:49-03:00,Prioridade definida em reunião de equipe.
ANO003459,EXP003732,PGR-00046492/2026,DOCUMENTO,CIVINT/STIC,CIVINT-STIC-U05,Karina Ensaio,2026-07-20T13:16:42-03:00,Solicitadas informações complementares ao remetente.
ANO003460,EXP003734,PGR-00083127/2026,DOCUMENTO,CIVINT/STIC,CIVINT-STIC-U05,Karina Ensaio,2026-06-29T16:45:03-03:00,Relacionado a expediente anterior do mesmo interessado.
ANO003461,EXP003737,PGR-00018069/2026,DOCUMENTO,CIVINT/STIC,CIVINT-STIC-U02,Heitor Protótipo,2026-07-13T01:48:15-03:00,Aguardando manifestação da área técnica.
ANO003462,EXP003737,PGR-00018069/2026,DOCUMENTO,CIVINT/STIC,CIVINT-STIC-U03,Isabela Piloto,2026-08-15T15:44:21-03:00,Relacionado a expediente anterior do mesmo interessado.
ANO003463,EXP003737,PGR-00018069/2026,DOCUMENTO,CIVINT/STIC,CIVINT-STIC-U04,João Rascunho,2026-07-21T16:17:40-03:00,Prioridade definida em reunião de equipe.
ANO003464,EXP003738,PGR-00096352/2026,DOCUMENTO,CIVINT/STIC,CIVINT-STIC-U07,Marina Maquete,2026-07-04T13:06:15-03:00,Relacionado a expediente anterior do mesmo interessado.
ANO003465,EXP003738,PGR-00096352/2026,DOCUMENTO,CIVINT/STIC,CIVINT-STIC-U08,Nelson Mock,2026-06-22T16:32:35-03:00,Prioridade definida em reunião de equipe.
ANO003466,EXP003739,PGR-00072707/2026,DOCUMENTO,CIVINT/STIC,CIVINT-STIC-U08,Nelson Mock,2026-06-28T07:00:40-03:00,Relacionado a expediente anterior do mesmo interessado.
ANO003467,EXP003740,PGR-00032164/2026,DOCUMENTO,CIVINT/STIC,CIVINT-STIC-U02,Heitor Protótipo,2026-09-09T08:04:42-03:00,Prioridade definida em reunião de equipe.
ANO003468,EXP003740,PGR-00032164/2026,DOCUMENTO,CIVINT/STIC,CIVINT-STIC-U01,Gabriela Simulada,2026-09-10T02:07:28-03:00,Conferir anexos antes de movimentar.
ANO003469,EXP003741,PGR-00007469/2026,DOCUMENTO,CIVINT/STIC,CIVINT-STIC-U01,Gabriela Simulada,2026-08-18T11:05:15-03:00,Aguardando manifestação da área técnica.
ANO003470,EXP003741,PGR-00007469/2026,DOCUMENTO,CIVINT/STIC,CIVINT-STIC-U05,Karina Ensaio,2026-08-19T17:52:27-03:00,Prioridade definida em reunião de equipe.
ANO003471,EXP003741,PGR-00007469/2026,DOCUMENTO,CIVINT/STIC,CIVINT-STIC-U02,Heitor Protótipo,2026-08-19T07:33:19-03:00,Verificar prazo com a chefia.
ANO003472,EXP003742,PGR-00030296/2026,DOCUMENTO,CIVINT/STIC,CIVINT-STIC-U04,João Rascunho,2026-09-19T03:01:56-03:00,Solicitadas informações complementares ao remetente.
ANO003473,EXP003743,PGR-00067009/2026,DOCUMENTO,CIVINT/STIC,CIVINT-STIC-U04,João Rascunho,2026-09-11T20:16:22-03:00,Conferir anexos antes de movimentar.
ANO003474,EXP003744,PGR-00004908/2026,DOCUMENTO,CIVINT/STIC,CIVINT-STIC-U08,Nelson Mock,2026-06-14T19:01:36-03:00,Relacionado a expediente anterior do mesmo interessado.
ANO003475,EXP003745,PGR-00013509/2026,DOCUMENTO,CIVINT/STIC,CIVINT-STIC-U07,Marina Maquete,2026-07-25T19:26:38-03:00,Solicitadas informações complementares ao remetente.
ANO003476,EXP003746,PGR-00059113/2026,DOCUMENTO,CIVINT/STIC,CIVINT-STIC-U07,Marina Maquete,2026-08-05T08:10:35-03:00,Relacionado a expediente anterior do mesmo interessado.
ANO003477,EXP003748,PGR-00030045/2026,DOCUMENTO,CIVINT/STIC,CIVINT-STIC-U05,Karina Ensaio,2026-07-22T00:52:41-03:00,Aguardando retorno de diligência.
ANO003478,EXP003749,PGR-00088195/2026,DOCUMENTO,CIVINT/STIC,CIVINT-STIC-U04,João Rascunho,2026-07-31T21:04:06-03:00,Aguardando retorno de diligência.
ANO003479,EXP003750,PGR-00070688/2026,DOCUMENTO,CIVINT/STIC,CIVINT-STIC-U05,Karina Ensaio,2026-09-12T05:17:17-03:00,Solicitadas informações complementares ao remetente.
ANO003480,EXP003751,PGR-00059357/2026,DOCUMENTO,CIVINT/STIC,CIVINT-STIC-U04,João Rascunho,2026-08-09T03:51:35-03:00,"Minuta revisada, pendente de assinatura."
ANO003481,EXP003751,PGR-00059357/2026,DOCUMENTO,CIVINT/STIC,CIVINT-STIC-U08,Nelson Mock,2026-08-10T19:41:45-03:00,Aguardando retorno de diligência.
ANO003482,EXP003751,PGR-00059357/2026,DOCUMENTO,CIVINT/STIC,CIVINT-STIC-U06,Lucas Esboço,2026-08-11T00:26:28-03:00,Conferir anexos antes de movimentar.
ANO003483,EXP003753,PGR-00040361/2026,DOCUMENTO,CIVINT/STIC,CIVINT-STIC-U08,Nelson Mock,2026-08-31T22:38:40-03:00,Aguardando manifestação da área técnica.
ANO003484,EXP003753,PGR-00040361/2026,DOCUMENTO,CIVINT/STIC,CIVINT-STIC-U07,Marina Maquete,2026-09-07T22:42:09-03:00,Verificar prazo com a chefia.
ANO003485,EXP003754,PGR-00029367/2026,DOCUMENTO,CIVINT/STIC,CIVINT-STIC-U04,João Rascunho,2026-09-10T01:52:59-03:00,Aguardando manifestação da área técnica.
ANO003486,EXP003755,PGR-00077538/2026,DOCUMENTO,CIVINT/STIC,CIVINT-STIC-U05,Karina Ensaio,2026-09-13T07:32:29-03:00,Relacionado a expediente anterior do mesmo interessado.
ANO003487,EXP003757,PGR-00090883/2026,DOCUMENTO,CIVINT/STIC,CIVINT-STIC-U01,Gabriela Simulada,2026-07-04T03:41:36-03:00,Conferir anexos antes de movimentar.
ANO003488,EXP003758,PGR-00082951/2026,DOCUMENTO,CIVINT/STIC,CIVINT-STIC-U07,Marina Maquete,2026-08-15T12:31:04-03:00,Verificar prazo com a chefia.
ANO003489,EXP003758,PGR-00082951/2026,DOCUMENTO,CIVINT/STIC,CIVINT-STIC-U04,João Rascunho,2026-08-20T11:35:30-03:00,Aguardando manifestação da área técnica.
ANO003490,EXP003759,PGR-00019422/2026,DOCUMENTO,CIVINT/STIC,CIVINT-STIC-U01,Gabriela Simulada,2026-09-30T17:51:43-03:00,Relacionado a expediente anterior do mesmo interessado.
ANO003491,EXP003761,PGR-00094451/2026,DOCUMENTO,CIVINT/STIC,CIVINT-STIC-U05,Karina Ensaio,2026-08-05T00:46:21-03:00,Prioridade definida em reunião de equipe.
ANO003492,EXP003762,PGR-00057115/2026,DOCUMENTO,CIVINT/STIC,CIVINT-STIC-U02,Heitor Protótipo,2026-08-01T04:23:14-03:00,Relacionado a expediente anterior do mesmo interessado.
ANO003493,EXP003763,PGR-00001395/2026,DOCUMENTO,CIVINT/STIC,CIVINT-STIC-U05,Karina Ensaio,2026-08-27T08:36:40-03:00,Prioridade definida em reunião de equipe.
ANO003494,EXP003764,PGR-00066125/2026,DOCUMENTO,CIVINT/STIC,CIVINT-STIC-U03,Isabela Piloto,2026-10-07T04:32:10-03:00,Verificar prazo com a chefia.
ANO003495,EXP003765,PGR-00015212/2026,DOCUMENTO,CIVINT/STIC,CIVINT-STIC-U01,Gabriela Simulada,2026-08-25T03:38:53-03:00,Verificar prazo com a chefia.
ANO003496,EXP003766,PGR-00084950/2026,DOCUMENTO,CIVINT/STIC,CIVINT-STIC-U01,Gabriela Simulada,2026-09-09T06:21:44-03:00,Aguardando retorno de diligência.
ANO003497,EXP003767,PGR-00024456/2026,DOCUMENTO,CIVINT/STIC,CIVINT-STIC-U04,João Rascunho,2026-07-05T04:55:54-03:00,Conferir anexos antes de movimentar.
ANO003498,EXP003768,PGR-00043898/2026,DOCUMENTO,CIVINT/STIC,CIVINT-STIC-U01,Gabriela Simulada,2026-07-31T09:03:04-03:00,Prioridade definida em reunião de equipe.
ANO003499,EXP003769,PGR-00040232/2026,DOCUMENTO,CIVINT/STIC,CIVINT-STIC-U07,Marina Maquete,2026-10-02T07:11:06-03:00,Solicitadas informações complementares ao remetente.
ANO003500,EXP003769,PGR-00040232/2026,DOCUMENTO,CIVINT/STIC,CIVINT-STIC-U03,Isabela Piloto,2026-10-02T06:44:53-03:00,Verificar prazo com a chefia.
ANO003501,EXP003769,PGR-00040232/2026,DOCUMENTO,CIVINT/STIC,CIVINT-STIC-U07,Marina Maquete,2026-09-18T19:30:47-03:00,Solicitadas informações complementares ao remetente.
ANO003502,EXP003770,PGR-00024416/2026,DOCUMENTO,CIVINT/STIC,CIVINT-STIC-U08,Nelson Mock,2026-07-22T05:16:38-03:00,Prioridade definida em reunião de equipe.
ANO003503,EXP003770,PGR-00024416/2026,DOCUMENTO,CIVINT/STIC,CIVINT-STIC-U08,Nelson Mock,2026-07-23T19:27:02-03:00,Conferir anexos antes de movimentar.
ANO003504,EXP003772,PGR-00022813/2026,DOCUMENTO,CIVINT/STIC,CIVINT-STIC-U01,Gabriela Simulada,2026-08-23T04:39:02-03:00,Aguardando manifestação da área técnica.
ANO003505,EXP003773,PGR-00056651/2026,DOCUMENTO,CIVINT/STIC,CIVINT-STIC-U03,Isabela Piloto,2026-07-01T21:15:22-03:00,Aguardando manifestação da área técnica.
ANO003506,EXP003774,PGR-00046911/2026,DOCUMENTO,CIVINT/STIC,CIVINT-STIC-U06,Lucas Esboço,2026-08-11T11:57:46-03:00,Solicitadas informações complementares ao remetente.
ANO003507,EXP003776,PGR-00067856/2026,DOCUMENTO,CIVINT/STIC,CIVINT-STIC-U04,João Rascunho,2026-08-10T16:48:52-03:00,Solicitadas informações complementares ao remetente.
ANO003508,EXP003777,PGR-00069049/2026,DOCUMENTO,CIVINT/STIC,CIVINT-STIC-U01,Gabriela Simulada,2026-09-26T01:39:09-03:00,Prioridade definida em reunião de equipe.
ANO003509,EXP003779,PGR-00083938/2026,DOCUMENTO,CIVINT/STIC,CIVINT-STIC-U01,Gabriela Simulada,2026-08-19T01:08:40-03:00,Verificar prazo com a chefia.
ANO003510,EXP003779,PGR-00083938/2026,DOCUMENTO,CIVINT/STIC,CIVINT-STIC-U02,Heitor Protótipo,2026-08-16T07:54:46-03:00,Verificar prazo com a chefia.
ANO003511,EXP003780,PGR-00009079/2026,DOCUMENTO,CIVINT/STIC,CIVINT-STIC-U01,Gabriela Simulada,2026-08-07T09:04:54-03:00,Aguardando manifestação da área técnica.
ANO003512,EXP003780,PGR-00009079/2026,DOCUMENTO,CIVINT/STIC,CIVINT-STIC-U05,Karina Ensaio,2026-08-15T15:09:20-03:00,Prioridade definida em reunião de equipe.
ANO003513,EXP003780,PGR-00009079/2026,DOCUMENTO,CIVINT/STIC,CIVINT-STIC-U08,Nelson Mock,2026-08-09T07:22:29-03:00,Relacionado a expediente anterior do mesmo interessado.
ANO003514,EXP003781,PGR-00013111/2026,DOCUMENTO,CIVINT/STIC,CIVINT-STIC-U07,Marina Maquete,2026-08-26T14:43:13-03:00,Solicitadas informações complementares ao remetente.
ANO003515,EXP003782,PGR-00069651/2026,DOCUMENTO,CIVINT/STIC,CIVINT-STIC-U06,Lucas Esboço,2026-06-29T12:27:25-03:00,Solicitadas informações complementares ao remetente.
ANO003516,EXP003784,PGR-00098860/2026,DOCUMENTO,CIVINT/STIC,CIVINT-STIC-U03,Isabela Piloto,2026-09-25T20:17:11-03:00,Relacionado a expediente anterior do mesmo interessado.
ANO003517,EXP003785,PGR-00056473/2026,DOCUMENTO,CIVINT/STIC,CIVINT-STIC-U06,Lucas Esboço,2026-08-19T00:51:13-03:00,Aguardando manifestação da área técnica.
ANO003518,EXP003786,PGR-00018691/2026,DOCUMENTO,CIVINT/STIC,CIVINT-STIC-U07,Marina Maquete,2026-07-27T20:16:44-03:00,Verificar prazo com a chefia.
ANO003519,EXP003787,PGR-00092265/2026,DOCUMENTO,CIVINT/STIC,CIVINT-STIC-U05,Karina Ensaio,2026-06-18T20:48:03-03:00,Prioridade definida em reunião de equipe.
ANO003520,EXP003787,PGR-00092265/2026,DOCUMENTO,CIVINT/STIC,CIVINT-STIC-U04,João Rascunho,2026-06-19T07:57:39-03:00,Verificar prazo com a chefia.
ANO003521,EXP003787,PGR-00092265/2026,DOCUMENTO,CIVINT/STIC,CIVINT-STIC-U05,Karina Ensaio,2026-06-22T20:36:28-03:00,Prioridade definida em reunião de equipe.
ANO003522,EXP003788,PGR-00057500/2026,DOCUMENTO,CIVINT/STIC,CIVINT-STIC-U01,Gabriela Simulada,2026-09-01T13:57:55-03:00,Aguardando retorno de diligência.
ANO003523,EXP003788,PGR-00057500/2026,DOCUMENTO,CIVINT/STIC,CIVINT-STIC-U01,Gabriela Simulada,2026-09-02T19:15:56-03:00,Solicitadas informações complementares ao remetente.
ANO003524,EXP003788,PGR-00057500/2026,DOCUMENTO,CIVINT/STIC,CIVINT-STIC-U06,Lucas Esboço,2026-08-25T12:00:40-03:00,"Minuta revisada, pendente de assinatura."
ANO003525,EXP003790,PGR-00089954/2026,DOCUMENTO,CIVINT/STIC,CIVINT-STIC-U04,João Rascunho,2026-08-25T15:10:03-03:00,Conferir anexos antes de movimentar.
ANO003526,EXP003790,PGR-00089954/2026,DOCUMENTO,CIVINT/STIC,CIVINT-STIC-U01,Gabriela Simulada,2026-08-20T06:21:55-03:00,Aguardando manifestação da área técnica.
ANO003527,EXP003790,PGR-00089954/2026,DOCUMENTO,CIVINT/STIC,CIVINT-STIC-U01,Gabriela Simulada,2026-08-26T19:51:38-03:00,Verificar prazo com a chefia.
ANO003528,EXP003793,PGR-00047915/2026,DOCUMENTO,CIVINT/STIC,CIVINT-STIC-U02,Heitor Protótipo,2026-10-05T20:00:53-03:00,Relacionado a expediente anterior do mesmo interessado.
ANO003529,EXP003793,PGR-00047915/2026,DOCUMENTO,CIVINT/STIC,CIVINT-STIC-U05,Karina Ensaio,2026-09-28T08:26:28-03:00,Solicitadas informações complementares ao remetente.
ANO003530,EXP003796,PGR-00080537/2026,DOCUMENTO,CIVINT/STIC,CIVINT-STIC-U01,Gabriela Simulada,2026-07-19T13:33:03-03:00,Solicitadas informações complementares ao remetente.
ANO003531,EXP003797,PGR-00042501/2026,DOCUMENTO,CIVINT/STIC,CIVINT-STIC-U02,Heitor Protótipo,2026-10-04T08:34:23-03:00,Relacionado a expediente anterior do mesmo interessado.
ANO003532,EXP003798,PGR-00074167/2026,DOCUMENTO,CIVINT/STIC,CIVINT-STIC-U06,Lucas Esboço,2026-09-15T21:28:46-03:00,Verificar prazo com a chefia.
ANO003533,EXP003802,PGR-00042543/2026,DOCUMENTO,CIVINT/STIC,CIVINT-STIC-U04,João Rascunho,2026-08-11T05:42:21-03:00,Solicitadas informações complementares ao remetente.
ANO003534,EXP003803,PGR-00013982/2026,DOCUMENTO,CIVINT/STIC,CIVINT-STIC-U05,Karina Ensaio,2026-08-17T13:41:48-03:00,Solicitadas informações complementares ao remetente.
ANO003535,EXP003803,PGR-00013982/2026,DOCUMENTO,CIVINT/STIC,CIVINT-STIC-U04,João Rascunho,2026-08-29T07:45:44-03:00,Verificar prazo com a chefia.
ANO003536,EXP003803,PGR-00013982/2026,DOCUMENTO,CIVINT/STIC,CIVINT-STIC-U02,Heitor Protótipo,2026-08-18T04:31:10-03:00,"Minuta revisada, pendente de assinatura."
ANO003537,EXP003804,PGR-00068778/2026,DOCUMENTO,CIVINT/STIC,CIVINT-STIC-U05,Karina Ensaio,2026-09-09T20:23:27-03:00,Relacionado a expediente anterior do mesmo interessado.
ANO003538,EXP003804,PGR-00068778/2026,DOCUMENTO,CIVINT/STIC,CIVINT-STIC-U06,Lucas Esboço,2026-09-05T09:43:07-03:00,"Minuta revisada, pendente de assinatura."
ANO003539,EXP003804,PGR-00068778/2026,DOCUMENTO,CIVINT/STIC,CIVINT-STIC-U08,Nelson Mock,2026-09-04T09:08:31-03:00,Aguardando manifestação da área técnica.
ANO003540,EXP003805,PGR-00058251/2026,DOCUMENTO,CIVINT/STIC,CIVINT-STIC-U08,Nelson Mock,2026-08-09T09:30:18-03:00,Aguardando manifestação da área técnica.
ANO003541,EXP003806,PGR-00055208/2026,DOCUMENTO,CIVINT/STIC,CIVINT-STIC-U01,Gabriela Simulada,2026-08-02T13:16:14-03:00,Aguardando retorno de diligência.
ANO003542,EXP003807,PGR-00042635/2026,DOCUMENTO,CIVINT/STIC,CIVINT-STIC-U02,Heitor Protótipo,2026-08-30T03:26:10-03:00,Solicitadas informações complementares ao remetente.
ANO003543,EXP003808,PGR-00006275/2026,DOCUMENTO,CIVINT/STIC,CIVINT-STIC-U06,Lucas Esboço,2026-09-07T15:45:45-03:00,Aguardando manifestação da área técnica.
ANO003544,EXP003808,PGR-00006275/2026,DOCUMENTO,CIVINT/STIC,CIVINT-STIC-U08,Nelson Mock,2026-09-10T13:00:57-03:00,Verificar prazo com a chefia.
ANO003545,EXP003809,PGR-00024859/2026,DOCUMENTO,CIVINT/STIC,CIVINT-STIC-U01,Gabriela Simulada,2026-06-27T20:39:14-03:00,Relacionado a expediente anterior do mesmo interessado.
ANO003546,EXP003811,PGR-00042326/2026,DOCUMENTO,CIVINT/STIC,CIVINT-STIC-U07,Marina Maquete,2026-08-31T09:15:53-03:00,Prioridade definida em reunião de equipe.
ANO003547,EXP003812,PGR-00082650/2026,DOCUMENTO,CIVINT/STIC,CIVINT-STIC-U05,Karina Ensaio,2026-09-09T17:39:49-03:00,Aguardando manifestação da área técnica.
ANO003548,EXP003812,PGR-00082650/2026,DOCUMENTO,CIVINT/STIC,CIVINT-STIC-U07,Marina Maquete,2026-09-10T17:53:42-03:00,Aguardando retorno de diligência.
ANO003549,EXP003812,PGR-00082650/2026,DOCUMENTO,CIVINT/STIC,CIVINT-STIC-U07,Marina Maquete,2026-09-10T20:58:12-03:00,Verificar prazo com a chefia.
ANO003550,EXP003813,PGR-00017303/2026,DOCUMENTO,CIVINT/STIC,CIVINT-STIC-U01,Gabriela Simulada,2026-06-21T12:09:39-03:00,"Minuta revisada, pendente de assinatura."
ANO003551,EXP003814,PGR-00087628/2026,DOCUMENTO,CIVINT/STIC,CIVINT-STIC-U01,Gabriela Simulada,2026-08-10T22:38:26-03:00,Aguardando manifestação da área técnica.
ANO003552,EXP003814,PGR-00087628/2026,DOCUMENTO,CIVINT/STIC,CIVINT-STIC-U02,Heitor Protótipo,2026-08-24T10:13:23-03:00,Aguardando manifestação da área técnica.
ANO003553,EXP003817,PGR-00002696/2026,DOCUMENTO,CIVINT/STIC,CIVINT-STIC-U07,Marina Maquete,2026-09-12T10:15:06-03:00,Aguardando retorno de diligência.
ANO003554,EXP003818,PGR-00098137/2026,DOCUMENTO,CIVINT/STIC,CIVINT-STIC-U07,Marina Maquete,2026-10-04T20:41:00-03:00,Relacionado a expediente anterior do mesmo interessado.
ANO003555,EXP003818,PGR-00098137/2026,DOCUMENTO,CIVINT/STIC,CIVINT-STIC-U05,Karina Ensaio,2026-09-28T08:59:20-03:00,Aguardando retorno de diligência.
ANO003556,EXP003818,PGR-00098137/2026,DOCUMENTO,CIVINT/STIC,CIVINT-STIC-U04,João Rascunho,2026-10-02T03:16:08-03:00,Relacionado a expediente anterior do mesmo interessado.
ANO003557,EXP003819,PGR-00038483/2026,DOCUMENTO,CIVINT/STIC,CIVINT-STIC-U07,Marina Maquete,2026-09-18T21:29:51-03:00,Relacionado a expediente anterior do mesmo interessado.
ANO003558,EXP003821,PGR-00056572/2026,DOCUMENTO,CIVINT/STIC,CIVINT-STIC-U08,Nelson Mock,2026-07-16T20:28:07-03:00,Relacionado a expediente anterior do mesmo interessado.
ANO003559,EXP003822,PGR-00033374/2026,DOCUMENTO,CIVINT/STIC,CIVINT-STIC-U01,Gabriela Simulada,2026-08-21T14:06:24-03:00,Relacionado a expediente anterior do mesmo interessado.
ANO003560,EXP003823,PGR-00028285/2026,DOCUMENTO,CIVINT/STIC,CIVINT-STIC-U01,Gabriela Simulada,2026-09-01T08:37:50-03:00,"Minuta revisada, pendente de assinatura."
ANO003561,EXP003826,PGR-00027854/2026,DOCUMENTO,CIVINT/STIC,CIVINT-STIC-U05,Karina Ensaio,2026-07-07T11:24:03-03:00,Verificar prazo com a chefia.
ANO003562,EXP003826,PGR-00027854/2026,DOCUMENTO,CIVINT/STIC,CIVINT-STIC-U03,Isabela Piloto,2026-07-06T16:35:59-03:00,Aguardando manifestação da área técnica.
ANO003563,EXP003828,PGR-00048509/2026,DOCUMENTO,CIVINT/STIC,CIVINT-STIC-U04,João Rascunho,2026-08-01T03:06:25-03:00,Aguardando retorno de diligência.
ANO003564,EXP003830,PGR-00045824/2026,DOCUMENTO,CIVINT/STIC,CIVINT-STIC-U06,Lucas Esboço,2026-07-29T02:26:24-03:00,Aguardando retorno de diligência.
ANO003565,EXP003831,PGR-00036597/2026,DOCUMENTO,CIVINT/STIC,CIVINT-STIC-U02,Heitor Protótipo,2026-07-15T03:05:07-03:00,"Minuta revisada, pendente de assinatura."
ANO003566,EXP003833,PGR-00085683/2026,DOCUMENTO,CIVINT/STIC,CIVINT-STIC-U07,Marina Maquete,2026-07-18T08:39:14-03:00,Verificar prazo com a chefia.
ANO003567,EXP003833,PGR-00085683/2026,DOCUMENTO,CIVINT/STIC,CIVINT-STIC-U05,Karina Ensaio,2026-07-20T13:00:20-03:00,"Minuta revisada, pendente de assinatura."
ANO003568,EXP003834,PGR-00031304/2026,DOCUMENTO,CIVINT/STIC,CIVINT-STIC-U08,Nelson Mock,2026-07-25T01:37:25-03:00,Relacionado a expediente anterior do mesmo interessado.
ANO003569,EXP003835,PGR-00013310/2026,DOCUMENTO,CIVINT/STIC,CIVINT-STIC-U07,Marina Maquete,2026-09-03T15:46:05-03:00,"Minuta revisada, pendente de assinatura."
ANO003570,EXP003836,PGR-00047584/2026,DOCUMENTO,CIVINT/STIC,CIVINT-STIC-U07,Marina Maquete,2026-09-16T05:06:42-03:00,Prioridade definida em reunião de equipe.
ANO003571,EXP003837,PGR-00040086/2026,DOCUMENTO,CIVINT/STIC,CIVINT-STIC-U07,Marina Maquete,2026-07-31T01:34:04-03:00,Verificar prazo com a chefia.
ANO003572,EXP003837,PGR-00040086/2026,DOCUMENTO,CIVINT/STIC,CIVINT-STIC-U05,Karina Ensaio,2026-07-29T00:34:20-03:00,Verificar prazo com a chefia.
ANO003573,EXP003838,PGR-00086323/2026,DOCUMENTO,CIVINT/STIC,CIVINT-STIC-U02,Heitor Protótipo,2026-06-22T03:44:08-03:00,Prioridade definida em reunião de equipe.
ANO003574,EXP003840,PGR-00000360/2026,DOCUMENTO,CIVINT/STIC,CIVINT-STIC-U05,Karina Ensaio,2026-07-05T09:59:57-03:00,Relacionado a expediente anterior do mesmo interessado.
ANO003575,EXP003840,PGR-00000360/2026,DOCUMENTO,CIVINT/STIC,CIVINT-STIC-U05,Karina Ensaio,2026-07-23T04:57:15-03:00,Aguardando retorno de diligência.
ANO003576,EXP003840,PGR-00000360/2026,DOCUMENTO,CIVINT/STIC,CIVINT-STIC-U03,Isabela Piloto,2026-07-29T10:51:01-03:00,Aguardando retorno de diligência.
ANO003577,EXP003841,PGR-00089294/2026,DOCUMENTO,CIVINT/STIC,CIVINT-STIC-U07,Marina Maquete,2026-07-29T04:32:20-03:00,Conferir anexos antes de movimentar.
ANO003578,EXP003842,PGR-00063489/2026,DOCUMENTO,CIVINT/STIC,CIVINT-STIC-U08,Nelson Mock,2026-08-17T11:32:32-03:00,Prioridade definida em reunião de equipe.
ANO003579,EXP003843,PGR-00086666/2026,DOCUMENTO,CIVINT/STIC,CIVINT-STIC-U05,Karina Ensaio,2026-10-05T08:45:54-03:00,Solicitadas informações complementares ao remetente.
ANO003580,EXP003845,PGR-00092768/2026,DOCUMENTO,CIVINT/STIC,CIVINT-STIC-U02,Heitor Protótipo,2026-09-14T08:46:53-03:00,Aguardando manifestação da área técnica.
ANO003581,EXP003845,PGR-00092768/2026,DOCUMENTO,CIVINT/STIC,CIVINT-STIC-U04,João Rascunho,2026-08-07T00:39:41-03:00,Aguardando manifestação da área técnica.
ANO003582,EXP003847,PGR-00000217/2026,DOCUMENTO,CIVINT/STIC,CIVINT-STIC-U08,Nelson Mock,2026-08-11T06:50:33-03:00,Relacionado a expediente anterior do mesmo interessado.
ANO003583,EXP003849,PGR-00051105/2026,DOCUMENTO,CIVINT/STIC,CIVINT-STIC-U07,Marina Maquete,2026-10-06T01:03:32-03:00,Aguardando retorno de diligência.
ANO003584,EXP003849,PGR-00051105/2026,DOCUMENTO,CIVINT/STIC,CIVINT-STIC-U07,Marina Maquete,2026-09-26T21:00:27-03:00,Prioridade definida em reunião de equipe.
ANO003585,EXP003850,PGR-00086836/2026,DOCUMENTO,CIVINT/STIC,CIVINT-STIC-U03,Isabela Piloto,2026-06-16T19:33:23-03:00,Solicitadas informações complementares ao remetente.
ANO003586,EXP003852,PGR-00013579/2026,DOCUMENTO,CIVINT/STIC,CIVINT-STIC-U07,Marina Maquete,2026-08-25T12:24:39-03:00,Aguardando retorno de diligência.
ANO003587,EXP003852,PGR-00013579/2026,DOCUMENTO,CIVINT/STIC,CIVINT-STIC-U07,Marina Maquete,2026-08-24T11:33:11-03:00,Conferir anexos antes de movimentar.
ANO003588,EXP003852,PGR-00013579/2026,DOCUMENTO,CIVINT/STIC,CIVINT-STIC-U05,Karina Ensaio,2026-08-16T03:13:46-03:00,Conferir anexos antes de movimentar.
ANO003589,EXP003854,PGR-00022879/2026,DOCUMENTO,CIVINT/STIC,CIVINT-STIC-U06,Lucas Esboço,2026-09-01T06:43:36-03:00,Conferir anexos antes de movimentar.
ANO003590,EXP003855,PGR-00007285/2026,DOCUMENTO,CIVINT/STIC,CIVINT-STIC-U07,Marina Maquete,2026-08-04T21:26:03-03:00,"Minuta revisada, pendente de assinatura."
ANO003591,EXP003857,PGR-00052585/2026,DOCUMENTO,CIVINT/STIC,CIVINT-STIC-U03,Isabela Piloto,2026-06-29T05:37:30-03:00,Aguardando manifestação da área técnica.
ANO003592,EXP003857,PGR-00052585/2026,DOCUMENTO,CIVINT/STIC,CIVINT-STIC-U02,Heitor Protótipo,2026-06-27T16:59:35-03:00,Solicitadas informações complementares ao remetente.
ANO003593,EXP003857,PGR-00052585/2026,DOCUMENTO,CIVINT/STIC,CIVINT-STIC-U05,Karina Ensaio,2026-07-03T08:22:34-03:00,"Minuta revisada, pendente de assinatura."
ANO003594,EXP003859,PGR-00010379/2026,DOCUMENTO,CIVINT/STIC,CIVINT-STIC-U05,Karina Ensaio,2026-08-06T22:41:57-03:00,Aguardando retorno de diligência.
ANO003595,EXP003860,PGR-00072366/2026,DOCUMENTO,CIVINT/STIC,CIVINT-STIC-U06,Lucas Esboço,2026-08-03T00:27:44-03:00,Verificar prazo com a chefia.
ANO003596,EXP003861,PGR-00061702/2026,DOCUMENTO,CIVINT/STIC,CIVINT-STIC-U07,Marina Maquete,2026-06-28T18:14:43-03:00,Aguardando retorno de diligência.
ANO003597,EXP003861,PGR-00061702/2026,DOCUMENTO,CIVINT/STIC,CIVINT-STIC-U05,Karina Ensaio,2026-06-30T19:53:17-03:00,Solicitadas informações complementares ao remetente.
ANO003598,EXP003863,PGR-00019352/2026,DOCUMENTO,CIVINT/STIC,CIVINT-STIC-U04,João Rascunho,2026-07-19T07:24:25-03:00,Aguardando retorno de diligência.
ANO003599,EXP003866,PGR-00026823/2026,DOCUMENTO,CIVINT/STIC,CIVINT-STIC-U04,João Rascunho,2026-07-16T02:05:44-03:00,Solicitadas informações complementares ao remetente.
ANO003600,EXP003867,PGR-00076854/2026,DOCUMENTO,CIVINT/STIC,CIVINT-STIC-U04,João Rascunho,2026-07-24T18:55:23-03:00,Conferir anexos antes de movimentar.
ANO003601,EXP003869,PGR-00074578/2026,DOCUMENTO,CIVINT/STIC,CIVINT-STIC-U04,João Rascunho,2026-06-19T09:51:19-03:00,Verificar prazo com a chefia.
ANO003602,EXP003870,PGR-00077960/2026,DOCUMENTO,CIVINT/STIC,CIVINT-STIC-U03,Isabela Piloto,2026-06-13T11:04:36-03:00,Aguardando manifestação da área técnica.
ANO003603,EXP003870,PGR-00077960/2026,DOCUMENTO,CIVINT/STIC,CIVINT-STIC-U04,João Rascunho,2026-06-13T10:00:07-03:00,Relacionado a expediente anterior do mesmo interessado.
ANO003604,EXP003870,PGR-00077960/2026,DOCUMENTO,CIVINT/STIC,CIVINT-STIC-U05,Karina Ensaio,2026-06-13T18:55:06-03:00,Aguardando manifestação da área técnica.
ANO003605,EXP003871,PGR-00028456/2026,DOCUMENTO,CIVINT/STIC,CIVINT-STIC-U04,João Rascunho,2026-07-05T19:24:29-03:00,Prioridade definida em reunião de equipe.
ANO003606,EXP003871,PGR-00028456/2026,DOCUMENTO,CIVINT/STIC,CIVINT-STIC-U04,João Rascunho,2026-07-07T04:17:19-03:00,Conferir anexos antes de movimentar.
ANO003607,EXP003871,PGR-00028456/2026,DOCUMENTO,CIVINT/STIC,CIVINT-STIC-U04,João Rascunho,2026-07-16T08:24:09-03:00,Verificar prazo com a chefia.
ANO003608,EXP003872,PGR-00015331/2026,DOCUMENTO,CIVINT/STIC,CIVINT-STIC-U04,João Rascunho,2026-09-15T09:30:01-03:00,Aguardando manifestação da área técnica.
ANO003609,EXP003873,PGR-00093064/2026,DOCUMENTO,CIVINT/STIC,CIVINT-STIC-U04,João Rascunho,2026-08-18T09:10:21-03:00,Verificar prazo com a chefia.
ANO003610,EXP003874,PGR-00096804/2026,DOCUMENTO,CIVINT/STIC,CIVINT-STIC-U06,Lucas Esboço,2026-07-06T00:28:44-03:00,Solicitadas informações complementares ao remetente.
ANO003611,EXP003876,PGR-00084608/2026,DOCUMENTO,CIVINT/STIC,CIVINT-STIC-U05,Karina Ensaio,2026-08-25T13:58:42-03:00,Aguardando manifestação da área técnica.
ANO003612,EXP003876,PGR-00084608/2026,DOCUMENTO,CIVINT/STIC,CIVINT-STIC-U06,Lucas Esboço,2026-08-27T19:21:48-03:00,Aguardando retorno de diligência.
ANO003613,EXP003876,PGR-00084608/2026,DOCUMENTO,CIVINT/STIC,CIVINT-STIC-U06,Lucas Esboço,2026-08-15T01:43:47-03:00,Aguardando manifestação da área técnica.
ANO003614,EXP003877,PGR-00091779/2026,DOCUMENTO,CIVINT/STIC,CIVINT-STIC-U01,Gabriela Simulada,2026-07-11T12:04:35-03:00,Conferir anexos antes de movimentar.
ANO003615,EXP003877,PGR-00091779/2026,DOCUMENTO,CIVINT/STIC,CIVINT-STIC-U05,Karina Ensaio,2026-07-06T07:08:13-03:00,Conferir anexos antes de movimentar.
ANO003616,EXP003878,PGR-00054332/2026,DOCUMENTO,CIVINT/STIC,CIVINT-STIC-U07,Marina Maquete,2026-08-20T09:49:11-03:00,Aguardando retorno de diligência.
ANO003617,EXP003878,PGR-00054332/2026,DOCUMENTO,CIVINT/STIC,CIVINT-STIC-U08,Nelson Mock,2026-08-16T02:37:48-03:00,Conferir anexos antes de movimentar.
ANO003618,EXP003878,PGR-00054332/2026,DOCUMENTO,CIVINT/STIC,CIVINT-STIC-U06,Lucas Esboço,2026-08-19T03:26:50-03:00,Relacionado a expediente anterior do mesmo interessado.
ANO003619,EXP003879,PGR-00029470/2026,DOCUMENTO,CIVINT/STIC,CIVINT-STIC-U02,Heitor Protótipo,2026-08-01T13:57:36-03:00,"Minuta revisada, pendente de assinatura."
ANO003620,EXP003880,PGR-00088973/2026,DOCUMENTO,CIVINT/STIC,CIVINT-STIC-U03,Isabela Piloto,2026-09-02T18:15:19-03:00,Aguardando manifestação da área técnica.
ANO003621,EXP003880,PGR-00088973/2026,DOCUMENTO,CIVINT/STIC,CIVINT-STIC-U07,Marina Maquete,2026-09-07T10:05:39-03:00,Relacionado a expediente anterior do mesmo interessado.
ANO003622,EXP003881,PGR-00055287/2026,DOCUMENTO,CIVINT/STIC,CIVINT-STIC-U02,Heitor Protótipo,2026-09-22T22:00:41-03:00,Solicitadas informações complementares ao remetente.
ANO003623,EXP003882,PGR-00027034/2026,DOCUMENTO,CIVINT/STIC,CIVINT-STIC-U04,João Rascunho,2026-07-11T08:34:28-03:00,Conferir anexos antes de movimentar.
ANO003624,EXP003883,PGR-00065366/2026,DOCUMENTO,CIVINT/STIC,CIVINT-STIC-U03,Isabela Piloto,2026-07-14T00:13:23-03:00,Aguardando manifestação da área técnica.
ANO003625,EXP003884,PGR-00067120/2026,DOCUMENTO,CIVINT/STIC,CIVINT-STIC-U07,Marina Maquete,2026-09-14T11:59:33-03:00,Prioridade definida em reunião de equipe.
ANO003626,EXP003885,PGR-00072491/2026,DOCUMENTO,CIVINT/STIC,CIVINT-STIC-U03,Isabela Piloto,2026-09-09T01:59:39-03:00,Relacionado a expediente anterior do mesmo interessado.
ANO003627,EXP003886,PGR-00053182/2026,DOCUMENTO,CIVINT/STIC,CIVINT-STIC-U06,Lucas Esboço,2026-08-03T15:09:39-03:00,Conferir anexos antes de movimentar.
ANO003628,EXP003886,PGR-00053182/2026,DOCUMENTO,CIVINT/STIC,CIVINT-STIC-U04,João Rascunho,2026-08-02T00:54:30-03:00,Solicitadas informações complementares ao remetente.
ANO003629,EXP003886,PGR-00053182/2026,DOCUMENTO,CIVINT/STIC,CIVINT-STIC-U08,Nelson Mock,2026-07-30T16:57:38-03:00,Verificar prazo com a chefia.
ANO003630,EXP003888,PGR-00023129/2026,DOCUMENTO,CIVINT/STIC,CIVINT-STIC-U07,Marina Maquete,2026-08-02T23:58:52-03:00,Aguardando manifestação da área técnica.
ANO003631,EXP003890,PGR-00033778/2026,DOCUMENTO,CIVINT/STIC,CIVINT-STIC-U07,Marina Maquete,2026-08-16T21:38:15-03:00,Prioridade definida em reunião de equipe.
ANO003632,EXP003890,PGR-00033778/2026,DOCUMENTO,CIVINT/STIC,CIVINT-STIC-U08,Nelson Mock,2026-08-19T12:03:19-03:00,Verificar prazo com a chefia.
ANO003633,EXP003893,PGR-00047403/2026,DOCUMENTO,CIVINT/STIC,CIVINT-STIC-U06,Lucas Esboço,2026-08-31T22:14:52-03:00,Prioridade definida em reunião de equipe.
ANO003634,EXP003894,PGR-00087218/2026,DOCUMENTO,CIVINT/STIC,CIVINT-STIC-U02,Heitor Protótipo,2026-07-20T15:54:52-03:00,Aguardando manifestação da área técnica.
ANO003635,EXP003895,PGR-00016771/2026,DOCUMENTO,CIVINT/STIC,CIVINT-STIC-U06,Lucas Esboço,2026-08-10T23:08:59-03:00,Solicitadas informações complementares ao remetente.
ANO003636,EXP003895,PGR-00016771/2026,DOCUMENTO,CIVINT/STIC,CIVINT-STIC-U02,Heitor Protótipo,2026-08-04T07:28:04-03:00,Relacionado a expediente anterior do mesmo interessado.
ANO003637,EXP003896,PGR-00097193/2026,DOCUMENTO,CIVINT/STIC,CIVINT-STIC-U01,Gabriela Simulada,2026-09-14T13:28:03-03:00,Verificar prazo com a chefia.
ANO003638,EXP003896,PGR-00097193/2026,DOCUMENTO,CIVINT/STIC,CIVINT-STIC-U04,João Rascunho,2026-09-06T01:44:01-03:00,Conferir anexos antes de movimentar.
ANO003639,EXP003896,PGR-00097193/2026,DOCUMENTO,CIVINT/STIC,CIVINT-STIC-U05,Karina Ensaio,2026-09-08T04:02:52-03:00,Aguardando retorno de diligência.
ANO003640,EXP003897,PGR-00096853/2026,DOCUMENTO,CIVINT/STIC,CIVINT-STIC-U06,Lucas Esboço,2026-08-02T19:25:00-03:00,"Minuta revisada, pendente de assinatura."
ANO003641,EXP003898,PGR-00013398/2026,DOCUMENTO,CIVINT/STIC,CIVINT-STIC-U08,Nelson Mock,2026-07-05T18:16:56-03:00,Conferir anexos antes de movimentar.
ANO003642,EXP003898,PGR-00013398/2026,DOCUMENTO,CIVINT/STIC,CIVINT-STIC-U04,João Rascunho,2026-06-15T07:29:37-03:00,Aguardando retorno de diligência.
ANO003643,EXP003900,PGR-00004513/2026,DOCUMENTO,CIVINT/STIC,CIVINT-STIC-U03,Isabela Piloto,2026-08-16T02:08:31-03:00,Verificar prazo com a chefia.
ANO003644,EXP003901,PGR-00089164/2026,DOCUMENTO,CIVINT/STIC,CIVINT-STIC-U03,Isabela Piloto,2026-06-25T02:51:12-03:00,"Minuta revisada, pendente de assinatura."
ANO003645,EXP003901,PGR-00089164/2026,DOCUMENTO,CIVINT/STIC,CIVINT-STIC-U06,Lucas Esboço,2026-06-26T16:13:23-03:00,Relacionado a expediente anterior do mesmo interessado.
ANO003646,EXP003901,PGR-00089164/2026,DOCUMENTO,CIVINT/STIC,CIVINT-STIC-U07,Marina Maquete,2026-06-28T00:08:32-03:00,Conferir anexos antes de movimentar.
ANO003647,EXP003902,PGR-00075815/2026,DOCUMENTO,CIVINT/STIC,CIVINT-STIC-U04,João Rascunho,2026-06-21T11:02:44-03:00,Verificar prazo com a chefia.
ANO003648,EXP003904,PGR-00029434/2026,DOCUMENTO,CIVINT/STIC,CIVINT-STIC-U02,Heitor Protótipo,2026-08-04T18:00:22-03:00,Aguardando retorno de diligência.
ANO003649,EXP003905,PGR-00016291/2026,DOCUMENTO,CIVINT/STIC,CIVINT-STIC-U01,Gabriela Simulada,2026-07-01T04:08:12-03:00,Aguardando retorno de diligência.
ANO003650,EXP003905,PGR-00016291/2026,DOCUMENTO,CIVINT/STIC,CIVINT-STIC-U05,Karina Ensaio,2026-06-30T07:19:17-03:00,Solicitadas informações complementares ao remetente.
ANO003651,EXP003906,PGR-00076791/2026,DOCUMENTO,CIVINT/STIC,CIVINT-STIC-U05,Karina Ensaio,2026-07-18T15:06:57-03:00,"Minuta revisada, pendente de assinatura."
ANO003652,EXP003906,PGR-00076791/2026,DOCUMENTO,CIVINT/STIC,CIVINT-STIC-U03,Isabela Piloto,2026-07-14T09:43:40-03:00,Aguardando manifestação da área técnica.
ANO003653,EXP003907,PGR-00021542/2026,DOCUMENTO,CIVINT/STIC,CIVINT-STIC-U04,João Rascunho,2026-07-03T21:03:03-03:00,Solicitadas informações complementares ao remetente.
ANO003654,EXP003907,PGR-00021542/2026,DOCUMENTO,CIVINT/STIC,CIVINT-STIC-U01,Gabriela Simulada,2026-07-09T17:04:51-03:00,Conferir anexos antes de movimentar.
ANO003655,EXP003908,PGR-00033317/2026,DOCUMENTO,CIVINT/STIC,CIVINT-STIC-U08,Nelson Mock,2026-07-21T09:51:40-03:00,Aguardando manifestação da área técnica.
ANO003656,EXP003908,PGR-00033317/2026,DOCUMENTO,CIVINT/STIC,CIVINT-STIC-U08,Nelson Mock,2026-07-21T11:14:49-03:00,Verificar prazo com a chefia.
ANO003657,EXP003908,PGR-00033317/2026,DOCUMENTO,CIVINT/STIC,CIVINT-STIC-U02,Heitor Protótipo,2026-07-26T09:53:12-03:00,Relacionado a expediente anterior do mesmo interessado.
ANO003658,EXP003909,PGR-00076333/2026,DOCUMENTO,CIVINT/STIC,CIVINT-STIC-U07,Marina Maquete,2026-06-18T17:14:17-03:00,Aguardando manifestação da área técnica.
ANO003659,EXP003909,PGR-00076333/2026,DOCUMENTO,CIVINT/STIC,CIVINT-STIC-U05,Karina Ensaio,2026-06-25T06:33:04-03:00,Solicitadas informações complementares ao remetente.
ANO003660,EXP003910,PGR-00045080/2026,DOCUMENTO,CIVINT/STIC,CIVINT-STIC-U03,Isabela Piloto,2026-08-19T20:44:30-03:00,Aguardando retorno de diligência.
ANO003661,EXP003910,PGR-00045080/2026,DOCUMENTO,CIVINT/STIC,CIVINT-STIC-U06,Lucas Esboço,2026-09-02T09:28:23-03:00,"Minuta revisada, pendente de assinatura."
ANO003662,EXP003911,PGR-00060588/2026,DOCUMENTO,CIVINT/STIC,CIVINT-STIC-U01,Gabriela Simulada,2026-09-06T01:02:07-03:00,Verificar prazo com a chefia.
ANO003663,EXP003912,PGR-00055190/2026,DOCUMENTO,CIVINT/STIC,CIVINT-STIC-U08,Nelson Mock,2026-06-18T19:51:40-03:00,Aguardando manifestação da área técnica.
ANO003664,EXP003913,PGR-00065638/2026,DOCUMENTO,CIVINT/STIC,CIVINT-STIC-U04,João Rascunho,2026-07-15T00:02:51-03:00,Conferir anexos antes de movimentar.
ANO003665,EXP003913,PGR-00065638/2026,DOCUMENTO,CIVINT/STIC,CIVINT-STIC-U07,Marina Maquete,2026-07-10T23:11:29-03:00,Aguardando manifestação da área técnica.
ANO003666,EXP003913,PGR-00065638/2026,DOCUMENTO,CIVINT/STIC,CIVINT-STIC-U01,Gabriela Simulada,2026-07-17T10:13:34-03:00,Aguardando retorno de diligência.
ANO003667,EXP003914,PGR-00016455/2026,DOCUMENTO,CIVINT/STIC,CIVINT-STIC-U08,Nelson Mock,2026-09-18T17:09:19-03:00,Conferir anexos antes de movimentar.
ANO003668,EXP003916,PGR-00002529/2026,DOCUMENTO,CIVINT/STIC,CIVINT-STIC-U01,Gabriela Simulada,2026-08-02T01:28:31-03:00,Prioridade definida em reunião de equipe.
ANO003669,EXP003917,PGR-00006293/2026,DOCUMENTO,CIVINT/STIC,CIVINT-STIC-U06,Lucas Esboço,2026-07-02T10:27:30-03:00,Aguardando retorno de diligência.
ANO003670,EXP003917,PGR-00006293/2026,DOCUMENTO,CIVINT/STIC,CIVINT-STIC-U07,Marina Maquete,2026-06-29T06:35:19-03:00,Verificar prazo com a chefia.
ANO003671,EXP003918,PGR-00059840/2026,DOCUMENTO,CIVINT/STIC,CIVINT-STIC-U06,Lucas Esboço,2026-08-20T10:45:31-03:00,Conferir anexos antes de movimentar.
ANO003672,EXP003921,PGR-00085020/2026,DOCUMENTO,CIVINT/STIC,CIVINT-STIC-U03,Isabela Piloto,2026-09-20T16:52:58-03:00,Conferir anexos antes de movimentar.
ANO003673,EXP003921,PGR-00085020/2026,DOCUMENTO,CIVINT/STIC,CIVINT-STIC-U02,Heitor Protótipo,2026-09-20T09:44:11-03:00,"Minuta revisada, pendente de assinatura."
ANO003674,EXP003921,PGR-00085020/2026,DOCUMENTO,CIVINT/STIC,CIVINT-STIC-U04,João Rascunho,2026-09-26T22:22:39-03:00,Conferir anexos antes de movimentar.
ANO003675,EXP003922,PGR-00011397/2026,DOCUMENTO,CIVINT/STIC,CIVINT-STIC-U03,Isabela Piloto,2026-07-28T01:48:13-03:00,"Minuta revisada, pendente de assinatura."
ANO003676,EXP003922,PGR-00011397/2026,DOCUMENTO,CIVINT/STIC,CIVINT-STIC-U08,Nelson Mock,2026-07-20T17:40:21-03:00,Conferir anexos antes de movimentar.
ANO003677,EXP003922,PGR-00011397/2026,DOCUMENTO,CIVINT/STIC,CIVINT-STIC-U02,Heitor Protótipo,2026-07-23T03:07:37-03:00,"Minuta revisada, pendente de assinatura."
ANO003678,EXP003923,PGR-00010824/2026,DOCUMENTO,CIVINT/STIC,CIVINT-STIC-U03,Isabela Piloto,2026-07-11T21:17:01-03:00,Aguardando retorno de diligência.
ANO003679,EXP003924,PGR-00094849/2026,DOCUMENTO,CIVINT/STIC,CIVINT-STIC-U02,Heitor Protótipo,2026-09-27T21:52:18-03:00,Verificar prazo com a chefia.
ANO003680,EXP003924,PGR-00094849/2026,DOCUMENTO,CIVINT/STIC,CIVINT-STIC-U03,Isabela Piloto,2026-09-30T02:25:56-03:00,"Minuta revisada, pendente de assinatura."
ANO003681,EXP003925,PGR-00078456/2026,DOCUMENTO,CIVINT/STIC,CIVINT-STIC-U01,Gabriela Simulada,2026-09-21T17:56:30-03:00,Solicitadas informações complementares ao remetente.
ANO003682,EXP003925,PGR-00078456/2026,DOCUMENTO,CIVINT/STIC,CIVINT-STIC-U04,João Rascunho,2026-09-23T20:49:08-03:00,Conferir anexos antes de movimentar.
ANO003683,EXP003925,PGR-00078456/2026,DOCUMENTO,CIVINT/STIC,CIVINT-STIC-U08,Nelson Mock,2026-09-30T12:19:07-03:00,Aguardando manifestação da área técnica.
ANO003684,EXP003926,PGR-00066338/2026,DOCUMENTO,CIVINT/STIC,CIVINT-STIC-U07,Marina Maquete,2026-07-03T08:28:52-03:00,Aguardando retorno de diligência.
ANO003685,EXP003926,PGR-00066338/2026,DOCUMENTO,CIVINT/STIC,CIVINT-STIC-U02,Heitor Protótipo,2026-07-08T19:16:13-03:00,"Minuta revisada, pendente de assinatura."
ANO003686,EXP003928,PGR-00008115/2026,DOCUMENTO,CIVINT/STIC,CIVINT-STIC-U01,Gabriela Simulada,2026-07-31T02:50:09-03:00,"Minuta revisada, pendente de assinatura."
ANO003687,EXP003928,PGR-00008115/2026,DOCUMENTO,CIVINT/STIC,CIVINT-STIC-U04,João Rascunho,2026-08-14T06:44:32-03:00,Aguardando retorno de diligência.
ANO003688,EXP003929,PGR-00050760/2026,DOCUMENTO,CIVINT/STIC,CIVINT-STIC-U02,Heitor Protótipo,2026-07-07T23:01:10-03:00,Aguardando manifestação da área técnica.
ANO003689,EXP003930,PGR-00009373/2026,DOCUMENTO,CIVINT/STIC,CIVINT-STIC-U02,Heitor Protótipo,2026-08-03T06:55:30-03:00,"Minuta revisada, pendente de assinatura."
ANO003690,EXP003931,PGR-00079777/2026,DOCUMENTO,CIVINT/STIC,CIVINT-STIC-U02,Heitor Protótipo,2026-08-05T15:30:11-03:00,Solicitadas informações complementares ao remetente.
ANO003691,EXP003932,PGR-00049118/2026,DOCUMENTO,CIVINT/STIC,CIVINT-STIC-U02,Heitor Protótipo,2026-07-29T23:02:02-03:00,Conferir anexos antes de movimentar.
ANO003692,EXP003932,PGR-00049118/2026,DOCUMENTO,CIVINT/STIC,CIVINT-STIC-U04,João Rascunho,2026-08-03T07:22:56-03:00,Verificar prazo com a chefia.
ANO003693,EXP003932,PGR-00049118/2026,DOCUMENTO,CIVINT/STIC,CIVINT-STIC-U02,Heitor Protótipo,2026-07-30T07:43:29-03:00,"Minuta revisada, pendente de assinatura."
ANO003694,EXP003934,PGR-00096975/2026,DOCUMENTO,CIVINT/STIC,CIVINT-STIC-U04,João Rascunho,2026-09-02T12:22:24-03:00,Prioridade definida em reunião de equipe.
ANO003695,EXP003934,PGR-00096975/2026,DOCUMENTO,CIVINT/STIC,CIVINT-STIC-U07,Marina Maquete,2026-09-01T09:03:19-03:00,"Minuta revisada, pendente de assinatura."
ANO003696,EXP003934,PGR-00096975/2026,DOCUMENTO,CIVINT/STIC,CIVINT-STIC-U05,Karina Ensaio,2026-09-14T16:09:08-03:00,Conferir anexos antes de movimentar.
ANO003697,EXP003935,PGR-00002892/2026,DOCUMENTO,CIVINT/STIC,CIVINT-STIC-U06,Lucas Esboço,2026-09-15T15:42:16-03:00,Conferir anexos antes de movimentar.
ANO003698,EXP003936,PGR-00025096/2026,DOCUMENTO,CIVINT/STIC,CIVINT-STIC-U05,Karina Ensaio,2026-07-02T16:47:48-03:00,Prioridade definida em reunião de equipe.
ANO003699,EXP003937,PGR-00018436/2026,DOCUMENTO,CIVINT/STIC,CIVINT-STIC-U07,Marina Maquete,2026-09-21T12:37:48-03:00,Aguardando retorno de diligência.
ANO003700,EXP003938,PGR-00027579/2026,DOCUMENTO,CIVINT/STIC,CIVINT-STIC-U08,Nelson Mock,2026-07-18T01:11:52-03:00,Aguardando manifestação da área técnica.
ANO003701,EXP003939,PGR-00007208/2026,DOCUMENTO,CIVINT/STIC,CIVINT-STIC-U05,Karina Ensaio,2026-08-03T09:11:17-03:00,Verificar prazo com a chefia.
ANO003702,EXP003939,PGR-00007208/2026,DOCUMENTO,CIVINT/STIC,CIVINT-STIC-U03,Isabela Piloto,2026-07-19T14:07:45-03:00,"Minuta revisada, pendente de assinatura."
ANO003703,EXP003939,PGR-00007208/2026,DOCUMENTO,CIVINT/STIC,CIVINT-STIC-U01,Gabriela Simulada,2026-08-02T09:50:05-03:00,Solicitadas informações complementares ao remetente.
ANO003704,EXP003941,PGR-00058873/2026,DOCUMENTO,CIVINT/STIC,CIVINT-STIC-U05,Karina Ensaio,2026-07-01T23:25:36-03:00,Verificar prazo com a chefia.
ANO003705,EXP003942,PGR-00041739/2026,DOCUMENTO,CIVINT/STIC,CIVINT-STIC-U02,Heitor Protótipo,2026-09-27T07:34:53-03:00,Prioridade definida em reunião de equipe.
ANO003706,EXP003943,PGR-00026628/2026,DOCUMENTO,CIVINT/STIC,CIVINT-STIC-U06,Lucas Esboço,2026-06-13T00:58:10-03:00,Solicitadas informações complementares ao remetente.
ANO003707,EXP003944,PGR-00042914/2026,DOCUMENTO,CIVINT/STIC,CIVINT-STIC-U05,Karina Ensaio,2026-07-27T17:59:29-03:00,Conferir anexos antes de movimentar.
ANO003708,EXP003944,PGR-00042914/2026,DOCUMENTO,CIVINT/STIC,CIVINT-STIC-U05,Karina Ensaio,2026-07-15T11:00:30-03:00,"Minuta revisada, pendente de assinatura."
ANO003709,EXP003944,PGR-00042914/2026,DOCUMENTO,CIVINT/STIC,CIVINT-STIC-U03,Isabela Piloto,2026-07-29T00:25:29-03:00,Prioridade definida em reunião de equipe.
ANO003710,EXP003945,PGR-00036643/2026,DOCUMENTO,CIVINT/STIC,CIVINT-STIC-U03,Isabela Piloto,2026-06-26T18:18:09-03:00,Solicitadas informações complementares ao remetente.
ANO003711,EXP003947,PGR-00009931/2026,DOCUMENTO,CIVINT/STIC,CIVINT-STIC-U05,Karina Ensaio,2026-08-29T09:03:29-03:00,Prioridade definida em reunião de equipe.
ANO003712,EXP003947,PGR-00009931/2026,DOCUMENTO,CIVINT/STIC,CIVINT-STIC-U06,Lucas Esboço,2026-08-26T16:20:27-03:00,Aguardando manifestação da área técnica.
ANO003713,EXP003947,PGR-00009931/2026,DOCUMENTO,CIVINT/STIC,CIVINT-STIC-U06,Lucas Esboço,2026-09-13T03:05:28-03:00,Prioridade definida em reunião de equipe.
ANO003714,EXP003948,PGR-00026751/2026,DOCUMENTO,CIVINT/STIC,CIVINT-STIC-U03,Isabela Piloto,2026-09-28T14:08:07-03:00,Aguardando retorno de diligência.
ANO003715,EXP003949,PGR-00068845/2026,DOCUMENTO,CIVINT/STIC,CIVINT-STIC-U08,Nelson Mock,2026-07-24T13:53:50-03:00,Verificar prazo com a chefia.
ANO003716,EXP003950,PGR-00087029/2026,DOCUMENTO,CIVINT/STIC,CIVINT-STIC-U07,Marina Maquete,2026-09-20T09:03:21-03:00,Aguardando manifestação da área técnica.
ANO003717,EXP003951,PGR-00057626/2026,DOCUMENTO,CIVINT/STIC,CIVINT-STIC-U04,João Rascunho,2026-10-02T17:13:09-03:00,Verificar prazo com a chefia.
ANO003718,EXP003954,PGR-00024117/2026,DOCUMENTO,CIVINT/STIC,CIVINT-STIC-U06,Lucas Esboço,2026-07-08T15:30:37-03:00,"Minuta revisada, pendente de assinatura."
ANO003719,EXP003954,PGR-00024117/2026,DOCUMENTO,CIVINT/STIC,CIVINT-STIC-U01,Gabriela Simulada,2026-07-08T05:46:27-03:00,Relacionado a expediente anterior do mesmo interessado.
ANO003720,EXP003954,PGR-00024117/2026,DOCUMENTO,CIVINT/STIC,CIVINT-STIC-U03,Isabela Piloto,2026-08-05T12:42:34-03:00,Relacionado a expediente anterior do mesmo interessado.
ANO003721,EXP003955,PGR-00023342/2026,DOCUMENTO,CIVINT/STIC,CIVINT-STIC-U01,Gabriela Simulada,2026-08-29T01:56:39-03:00,Prioridade definida em reunião de equipe.
ANO003722,EXP003956,PGR-00003560/2026,DOCUMENTO,CIVINT/STIC,CIVINT-STIC-U03,Isabela Piloto,2026-07-25T06:22:55-03:00,Solicitadas informações complementares ao remetente.
ANO003723,EXP003957,PGR-00048580/2026,DOCUMENTO,CIVINT/STIC,CIVINT-STIC-U03,Isabela Piloto,2026-08-02T12:34:44-03:00,Verificar prazo com a chefia.
ANO003724,EXP003957,PGR-00048580/2026,DOCUMENTO,CIVINT/STIC,CIVINT-STIC-U01,Gabriela Simulada,2026-08-13T23:36:53-03:00,Verificar prazo com a chefia.
ANO003725,EXP003958,PGR-00001876/2026,DOCUMENTO,CIVINT/STIC,CIVINT-STIC-U08,Nelson Mock,2026-07-10T10:43:26-03:00,Aguardando manifestação da área técnica.
ANO003726,EXP003959,PGR-00051376/2026,DOCUMENTO,CIVINT/STIC,CIVINT-STIC-U01,Gabriela Simulada,2026-07-29T20:59:31-03:00,Conferir anexos antes de movimentar.
ANO003727,EXP003960,PGR-00008183/2026,DOCUMENTO,CIVINT/STIC,CIVINT-STIC-U08,Nelson Mock,2026-06-19T22:12:21-03:00,Aguardando manifestação da área técnica.
ANO003728,EXP003961,PGR-00050249/2026,DOCUMENTO,CIVINT/STIC,CIVINT-STIC-U01,Gabriela Simulada,2026-07-04T07:51:39-03:00,"Minuta revisada, pendente de assinatura."
ANO003729,EXP003961,PGR-00050249/2026,DOCUMENTO,CIVINT/STIC,CIVINT-STIC-U08,Nelson Mock,2026-06-21T22:51:07-03:00,Aguardando retorno de diligência.
ANO003730,EXP003961,PGR-00050249/2026,DOCUMENTO,CIVINT/STIC,CIVINT-STIC-U05,Karina Ensaio,2026-06-17T05:19:29-03:00,"Minuta revisada, pendente de assinatura."
ANO003731,EXP003962,PGR-00031967/2026,DOCUMENTO,CIVINT/STIC,CIVINT-STIC-U05,Karina Ensaio,2026-09-13T10:39:14-03:00,Solicitadas informações complementares ao remetente.
ANO003732,EXP003963,PGR-00018282/2026,DOCUMENTO,CIVINT/STIC,CIVINT-STIC-U07,Marina Maquete,2026-09-17T17:11:32-03:00,Aguardando manifestação da área técnica.
ANO003733,EXP003964,PGR-00092937/2026,DOCUMENTO,CIVINT/STIC,CIVINT-STIC-U01,Gabriela Simulada,2026-09-22T18:13:01-03:00,Prioridade definida em reunião de equipe.
ANO003734,EXP003965,PGR-00013143/2026,DOCUMENTO,CIVINT/STIC,CIVINT-STIC-U03,Isabela Piloto,2026-09-19T02:36:39-03:00,Conferir anexos antes de movimentar.
ANO003735,EXP003966,PGR-00093116/2026,DOCUMENTO,CIVINT/STIC,CIVINT-STIC-U03,Isabela Piloto,2026-08-30T08:56:41-03:00,Verificar prazo com a chefia.
ANO003736,EXP003967,PGR-00018032/2026,DOCUMENTO,CIVINT/STIC,CIVINT-STIC-U01,Gabriela Simulada,2026-09-25T22:16:46-03:00,Verificar prazo com a chefia.
ANO003737,EXP003968,PGR-00009974/2026,DOCUMENTO,CIVINT/STIC,CIVINT-STIC-U01,Gabriela Simulada,2026-07-03T17:43:22-03:00,Relacionado a expediente anterior do mesmo interessado.
ANO003738,EXP003969,PGR-00060409/2026,DOCUMENTO,CIVINT/STIC,CIVINT-STIC-U08,Nelson Mock,2026-09-17T04:24:30-03:00,Aguardando manifestação da área técnica.
ANO003739,EXP003970,PGR-00071982/2026,DOCUMENTO,CIVINT/STIC,CIVINT-STIC-U01,Gabriela Simulada,2026-09-30T18:04:02-03:00,Conferir anexos antes de movimentar.
ANO003740,EXP003971,PGR-00081897/2026,DOCUMENTO,CIVINT/STIC,CIVINT-STIC-U03,Isabela Piloto,2026-07-11T08:54:44-03:00,Conferir anexos antes de movimentar.
ANO003741,EXP003972,PGR-00075431/2026,DOCUMENTO,CIVINT/STIC,CIVINT-STIC-U04,João Rascunho,2026-08-08T05:12:34-03:00,Solicitadas informações complementares ao remetente.
ANO003742,EXP003973,PGR-00029410/2026,DOCUMENTO,CIVINT/STIC,CIVINT-STIC-U03,Isabela Piloto,2026-08-23T17:29:34-03:00,Verificar prazo com a chefia.
ANO003743,EXP003974,PGR-00088110/2026,DOCUMENTO,CIVINT/STIC,CIVINT-STIC-U01,Gabriela Simulada,2026-07-06T09:16:22-03:00,Solicitadas informações complementares ao remetente.
ANO003744,EXP003974,PGR-00088110/2026,DOCUMENTO,CIVINT/STIC,CIVINT-STIC-U04,João Rascunho,2026-07-17T08:19:07-03:00,Solicitadas informações complementares ao remetente.
ANO003745,EXP003974,PGR-00088110/2026,DOCUMENTO,CIVINT/STIC,CIVINT-STIC-U07,Marina Maquete,2026-07-31T14:19:00-03:00,Prioridade definida em reunião de equipe.
ANO003746,EXP003976,PGR-00050449/2026,DOCUMENTO,CIVINT/STIC,CIVINT-STIC-U05,Karina Ensaio,2026-07-28T00:07:20-03:00,Relacionado a expediente anterior do mesmo interessado.
ANO003747,EXP003976,PGR-00050449/2026,DOCUMENTO,CIVINT/STIC,CIVINT-STIC-U08,Nelson Mock,2026-07-30T09:24:35-03:00,Aguardando retorno de diligência.
ANO003748,EXP003977,PGR-00081766/2026,DOCUMENTO,CIVINT/STIC,CIVINT-STIC-U05,Karina Ensaio,2026-08-22T20:55:54-03:00,Conferir anexos antes de movimentar.
ANO003749,EXP003977,PGR-00081766/2026,DOCUMENTO,CIVINT/STIC,CIVINT-STIC-U04,João Rascunho,2026-08-31T07:01:36-03:00,Conferir anexos antes de movimentar.
ANO003750,EXP003977,PGR-00081766/2026,DOCUMENTO,CIVINT/STIC,CIVINT-STIC-U08,Nelson Mock,2026-08-20T07:25:53-03:00,Conferir anexos antes de movimentar.
ANO003751,EXP003979,PGR-00059501/2026,DOCUMENTO,CIVINT/STIC,CIVINT-STIC-U03,Isabela Piloto,2026-07-29T11:57:59-03:00,Conferir anexos antes de movimentar.
ANO003752,EXP003979,PGR-00059501/2026,DOCUMENTO,CIVINT/STIC,CIVINT-STIC-U05,Karina Ensaio,2026-08-15T02:44:42-03:00,Conferir anexos antes de movimentar.
ANO003753,EXP003979,PGR-00059501/2026,DOCUMENTO,CIVINT/STIC,CIVINT-STIC-U08,Nelson Mock,2026-07-30T18:15:25-03:00,Solicitadas informações complementares ao remetente.
ANO003754,EXP003981,PGR-00099907/2026,DOCUMENTO,CIVINT/STIC,CIVINT-STIC-U07,Marina Maquete,2026-10-06T07:21:05-03:00,Aguardando manifestação da área técnica.
ANO003755,EXP003981,PGR-00099907/2026,DOCUMENTO,CIVINT/STIC,CIVINT-STIC-U06,Lucas Esboço,2026-09-22T05:40:12-03:00,Solicitadas informações complementares ao remetente.
ANO003756,EXP003983,PGR-00056692/2026,DOCUMENTO,CIVINT/STIC,CIVINT-STIC-U07,Marina Maquete,2026-06-30T14:17:45-03:00,Verificar prazo com a chefia.
ANO003757,EXP003984,PGR-00030332/2026,DOCUMENTO,CIVINT/STIC,CIVINT-STIC-U05,Karina Ensaio,2026-07-30T02:30:14-03:00,Relacionado a expediente anterior do mesmo interessado.
ANO003758,EXP003984,PGR-00030332/2026,DOCUMENTO,CIVINT/STIC,CIVINT-STIC-U02,Heitor Protótipo,2026-07-26T13:46:52-03:00,Conferir anexos antes de movimentar.
ANO003759,EXP003985,PGR-00011868/2026,DOCUMENTO,CIVINT/STIC,CIVINT-STIC-U06,Lucas Esboço,2026-06-12T20:40:26-03:00,Prioridade definida em reunião de equipe.
ANO003760,EXP003986,PGR-00011340/2026,DOCUMENTO,CIVINT/STIC,CIVINT-STIC-U06,Lucas Esboço,2026-07-06T18:33:05-03:00,"Minuta revisada, pendente de assinatura."
ANO003761,EXP003986,PGR-00011340/2026,DOCUMENTO,CIVINT/STIC,CIVINT-STIC-U06,Lucas Esboço,2026-07-12T06:21:01-03:00,"Minuta revisada, pendente de assinatura."
ANO003762,EXP003986,PGR-00011340/2026,DOCUMENTO,CIVINT/STIC,CIVINT-STIC-U03,Isabela Piloto,2026-07-01T06:06:30-03:00,Conferir anexos antes de movimentar.
ANO003763,EXP003987,PGR-00032877/2026,DOCUMENTO,CIVINT/STIC,CIVINT-STIC-U03,Isabela Piloto,2026-09-19T09:13:38-03:00,Solicitadas informações complementares ao remetente.
ANO003764,EXP003987,PGR-00032877/2026,DOCUMENTO,CIVINT/STIC,CIVINT-STIC-U05,Karina Ensaio,2026-09-19T22:52:43-03:00,Conferir anexos antes de movimentar.
ANO003765,EXP003988,PGR-00017910/2026,DOCUMENTO,CIVINT/STIC,CIVINT-STIC-U06,Lucas Esboço,2026-07-11T14:41:53-03:00,Verificar prazo com a chefia.
ANO003766,EXP003988,PGR-00017910/2026,DOCUMENTO,CIVINT/STIC,CIVINT-STIC-U02,Heitor Protótipo,2026-07-08T20:56:09-03:00,Conferir anexos antes de movimentar.
ANO003767,EXP003988,PGR-00017910/2026,DOCUMENTO,CIVINT/STIC,CIVINT-STIC-U08,Nelson Mock,2026-07-12T07:24:25-03:00,Conferir anexos antes de movimentar.
ANO003768,EXP003989,PGR-00099163/2026,DOCUMENTO,CIVINT/STIC,CIVINT-STIC-U06,Lucas Esboço,2026-09-07T07:53:06-03:00,Verificar prazo com a chefia.
ANO003769,EXP003989,PGR-00099163/2026,DOCUMENTO,CIVINT/STIC,CIVINT-STIC-U04,João Rascunho,2026-09-13T21:34:44-03:00,Relacionado a expediente anterior do mesmo interessado.
ANO003770,EXP003989,PGR-00099163/2026,DOCUMENTO,CIVINT/STIC,CIVINT-STIC-U07,Marina Maquete,2026-09-09T06:43:29-03:00,Conferir anexos antes de movimentar.
ANO003771,EXP003990,PGR-00071691/2026,DOCUMENTO,CIVINT/STIC,CIVINT-STIC-U07,Marina Maquete,2026-07-01T05:38:28-03:00,Conferir anexos antes de movimentar.
ANO003772,EXP003992,PGR-00019628/2026,DOCUMENTO,CIVINT/STIC,CIVINT-STIC-U07,Marina Maquete,2026-09-10T04:06:23-03:00,Aguardando manifestação da área técnica.
ANO003773,EXP003993,PGR-00056046/2026,DOCUMENTO,CIVINT/STIC,CIVINT-STIC-U02,Heitor Protótipo,2026-06-18T21:30:49-03:00,Aguardando retorno de diligência.
ANO003774,EXP003996,PGR-00048986/2026,DOCUMENTO,CIVINT/STIC,CIVINT-STIC-U08,Nelson Mock,2026-08-08T10:07:50-03:00,Solicitadas informações complementares ao remetente.
ANO003775,EXP003996,PGR-00048986/2026,DOCUMENTO,CIVINT/STIC,CIVINT-STIC-U08,Nelson Mock,2026-09-11T03:28:12-03:00,Verificar prazo com a chefia.
ANO003776,EXP003996,PGR-00048986/2026,DOCUMENTO,CIVINT/STIC,CIVINT-STIC-U06,Lucas Esboço,2026-08-16T17:21:20-03:00,Prioridade definida em reunião de equipe.
ANO003777,EXP003997,PGR-00050162/2026,DOCUMENTO,CIVINT/STIC,CIVINT-STIC-U06,Lucas Esboço,2026-07-11T21:02:52-03:00,Aguardando manifestação da área técnica.
ANO003778,EXP003999,PGR-00002785/2026,DOCUMENTO,CIVINT/STIC,CIVINT-STIC-U06,Lucas Esboço,2026-10-02T07:41:13-03:00,"Minuta revisada, pendente de assinatura."
ANO003779,EXP004001,PGR-00046374/2026,DOCUMENTO,CIVINT/STIC,CIVINT-STIC-U01,Gabriela Simulada,2026-07-12T05:13:31-03:00,Conferir anexos antes de movimentar.
ANO003780,EXP004001,PGR-00046374/2026,DOCUMENTO,CIVINT/STIC,CIVINT-STIC-U07,Marina Maquete,2026-07-26T14:00:53-03:00,Prioridade definida em reunião de equipe.
ANO003781,EXP004001,PGR-00046374/2026,DOCUMENTO,CIVINT/STIC,CIVINT-STIC-U01,Gabriela Simulada,2026-07-25T12:38:52-03:00,Prioridade definida em reunião de equipe.
ANO003782,EXP004002,PGR-00055261/2026,DOCUMENTO,CIVINT/STIC,CIVINT-STIC-U03,Isabela Piloto,2026-06-24T08:06:10-03:00,Aguardando manifestação da área técnica.
ANO003783,EXP004002,PGR-00055261/2026,DOCUMENTO,CIVINT/STIC,CIVINT-STIC-U07,Marina Maquete,2026-06-28T11:08:23-03:00,Conferir anexos antes de movimentar.
ANO003784,EXP004006,PGR-00063394/2026,DOCUMENTO,CIVINT/STIC,CIVINT-STIC-U05,Karina Ensaio,2026-06-15T08:37:08-03:00,Solicitadas informações complementares ao remetente.
ANO003785,EXP004006,PGR-00063394/2026,DOCUMENTO,CIVINT/STIC,CIVINT-STIC-U06,Lucas Esboço,2026-06-15T09:09:13-03:00,Aguardando manifestação da área técnica.
ANO003786,EXP004006,PGR-00063394/2026,DOCUMENTO,CIVINT/STIC,CIVINT-STIC-U01,Gabriela Simulada,2026-06-14T02:13:00-03:00,Aguardando retorno de diligência.
ANO003787,EXP004008,PGR-00017928/2026,DOCUMENTO,CIVINT/STIC,CIVINT-STIC-U06,Lucas Esboço,2026-07-30T12:19:02-03:00,"Minuta revisada, pendente de assinatura."
ANO003788,EXP004009,PGR-00037522/2026,DOCUMENTO,CIVINT/STIC,CIVINT-STIC-U04,João Rascunho,2026-09-23T05:58:29-03:00,Conferir anexos antes de movimentar.
ANO003789,EXP004010,PGR-00000089/2026,DOCUMENTO,CIVINT/STIC,CIVINT-STIC-U02,Heitor Protótipo,2026-08-18T01:48:10-03:00,Aguardando manifestação da área técnica.
ANO003790,EXP004011,PGR-00089367/2026,DOCUMENTO,CIVINT/STIC,CIVINT-STIC-U07,Marina Maquete,2026-08-18T07:34:59-03:00,Verificar prazo com a chefia.
ANO003791,EXP004012,PGR-00041213/2026,DOCUMENTO,CIVINT/STIC,CIVINT-STIC-U02,Heitor Protótipo,2026-07-26T15:09:35-03:00,Relacionado a expediente anterior do mesmo interessado.
ANO003792,EXP004013,PGR-00008835/2026,DOCUMENTO,CIVINT/STIC,CIVINT-STIC-U03,Isabela Piloto,2026-08-30T06:23:53-03:00,Solicitadas informações complementares ao remetente.
ANO003793,EXP004013,PGR-00008835/2026,DOCUMENTO,CIVINT/STIC,CIVINT-STIC-U07,Marina Maquete,2026-08-30T04:35:33-03:00,Aguardando retorno de diligência.
ANO003794,EXP004016,PGR-00019873/2026,DOCUMENTO,CIVINT/STIC,CIVINT-STIC-U07,Marina Maquete,2026-09-02T12:39:57-03:00,Verificar prazo com a chefia.
ANO003795,EXP004017,PGR-00065352/2026,DOCUMENTO,CIVINT/STIC,CIVINT-STIC-U06,Lucas Esboço,2026-07-02T22:03:25-03:00,Aguardando retorno de diligência.
ANO003796,EXP004018,PGR-00025645/2026,DOCUMENTO,CIVINT/STIC,CIVINT-STIC-U08,Nelson Mock,2026-08-29T12:50:46-03:00,Aguardando retorno de diligência.
ANO003797,EXP004018,PGR-00025645/2026,DOCUMENTO,CIVINT/STIC,CIVINT-STIC-U06,Lucas Esboço,2026-08-05T12:26:17-03:00,Prioridade definida em reunião de equipe.
ANO003798,EXP004018,PGR-00025645/2026,DOCUMENTO,CIVINT/STIC,CIVINT-STIC-U06,Lucas Esboço,2026-08-14T11:01:43-03:00,Relacionado a expediente anterior do mesmo interessado.
ANO003799,EXP004019,PGR-00068169/2026,DOCUMENTO,CIVINT/STIC,CIVINT-STIC-U01,Gabriela Simulada,2026-08-27T08:58:19-03:00,Verificar prazo com a chefia.
ANO003800,EXP004020,PGR-00005328/2026,DOCUMENTO,CIVINT/STIC,CIVINT-STIC-U01,Gabriela Simulada,2026-06-28T06:54:53-03:00,Solicitadas informações complementares ao remetente.
ANO003801,EXP004021,PGR-00088130/2026,DOCUMENTO,CIVINT/STIC,CIVINT-STIC-U04,João Rascunho,2026-10-04T21:21:02-03:00,Aguardando manifestação da área técnica.
ANO003802,EXP004021,PGR-00088130/2026,DOCUMENTO,CIVINT/STIC,CIVINT-STIC-U06,Lucas Esboço,2026-09-22T14:58:00-03:00,Aguardando manifestação da área técnica.
ANO003803,EXP004024,PGR-00000478/2026,DOCUMENTO,CIVINT/STIC,CIVINT-STIC-U02,Heitor Protótipo,2026-08-10T01:45:37-03:00,Prioridade definida em reunião de equipe.
ANO003804,EXP004025,PGR-00016915/2026,DOCUMENTO,CIVINT/STIC,CIVINT-STIC-U02,Heitor Protótipo,2026-08-22T22:01:41-03:00,Prioridade definida em reunião de equipe.
ANO003805,EXP004025,PGR-00016915/2026,DOCUMENTO,CIVINT/STIC,CIVINT-STIC-U04,João Rascunho,2026-08-23T08:58:27-03:00,Solicitadas informações complementares ao remetente.
ANO003806,EXP004026,PGR-00006165/2026,DOCUMENTO,CIVINT/STIC,CIVINT-STIC-U06,Lucas Esboço,2026-07-28T02:55:37-03:00,Prioridade definida em reunião de equipe.
ANO003807,EXP004026,PGR-00006165/2026,DOCUMENTO,CIVINT/STIC,CIVINT-STIC-U02,Heitor Protótipo,2026-07-27T01:06:37-03:00,Aguardando retorno de diligência.
ANO003808,EXP004026,PGR-00006165/2026,DOCUMENTO,CIVINT/STIC,CIVINT-STIC-U05,Karina Ensaio,2026-07-28T13:36:13-03:00,Solicitadas informações complementares ao remetente.
ANO003809,EXP004027,PGR-00055796/2026,DOCUMENTO,CIVINT/STIC,CIVINT-STIC-U07,Marina Maquete,2026-08-11T00:13:23-03:00,"Minuta revisada, pendente de assinatura."
ANO003810,EXP004027,PGR-00055796/2026,DOCUMENTO,CIVINT/STIC,CIVINT-STIC-U05,Karina Ensaio,2026-08-02T09:21:37-03:00,Aguardando retorno de diligência.
ANO003811,EXP004027,PGR-00055796/2026,DOCUMENTO,CIVINT/STIC,CIVINT-STIC-U06,Lucas Esboço,2026-07-22T10:26:24-03:00,"Minuta revisada, pendente de assinatura."
ANO003812,EXP004029,PGR-00031007/2026,DOCUMENTO,CIVINT/STIC,CIVINT-STIC-U05,Karina Ensaio,2026-06-22T09:09:24-03:00,Prioridade definida em reunião de equipe.
ANO003813,EXP004029,PGR-00031007/2026,DOCUMENTO,CIVINT/STIC,CIVINT-STIC-U02,Heitor Protótipo,2026-06-22T17:04:35-03:00,Solicitadas informações complementares ao remetente.
ANO003814,EXP004030,PGR-00066991/2026,DOCUMENTO,CIVINT/STIC,CIVINT-STIC-U01,Gabriela Simulada,2026-10-04T14:41:48-03:00,Prioridade definida em reunião de equipe.
ANO003815,EXP004031,PGR-00015001/2026,DOCUMENTO,CIVINT/STIC,CIVINT-STIC-U05,Karina Ensaio,2026-07-02T13:57:26-03:00,Conferir anexos antes de movimentar.
ANO003816,EXP004032,PGR-00037444/2026,DOCUMENTO,CIVINT/STIC,CIVINT-STIC-U02,Heitor Protótipo,2026-09-11T19:57:44-03:00,Verificar prazo com a chefia.
ANO003817,EXP004033,PGR-00013314/2026,DOCUMENTO,CIVINT/STIC,CIVINT-STIC-U02,Heitor Protótipo,2026-07-12T21:16:38-03:00,Prioridade definida em reunião de equipe.
ANO003818,EXP004035,PGR-00079688/2026,DOCUMENTO,CIVINT/STIC,CIVINT-STIC-U07,Marina Maquete,2026-07-30T01:09:34-03:00,Prioridade definida em reunião de equipe.
ANO003819,EXP004036,PGR-00013914/2026,DOCUMENTO,CIVINT/STIC,CIVINT-STIC-U04,João Rascunho,2026-08-30T06:38:59-03:00,Verificar prazo com a chefia.
ANO003820,EXP004038,PGR-00031737/2026,DOCUMENTO,CIVINT/STIC,CIVINT-STIC-U03,Isabela Piloto,2026-08-29T16:53:12-03:00,Verificar prazo com a chefia.
ANO003821,EXP004040,PGR-00084648/2026,DOCUMENTO,CIVINT/STIC,CIVINT-STIC-U04,João Rascunho,2026-08-14T23:54:04-03:00,Aguardando retorno de diligência.
ANO003822,EXP004041,PGR-00012257/2026,DOCUMENTO,CIVINT/STIC,CIVINT-STIC-U06,Lucas Esboço,2026-08-04T02:30:15-03:00,Prioridade definida em reunião de equipe.
ANO003823,EXP004044,PGR-00097718/2026,DOCUMENTO,CIVINT/STIC,CIVINT-STIC-U08,Nelson Mock,2026-09-20T06:25:37-03:00,Prioridade definida em reunião de equipe.
ANO003824,EXP004044,PGR-00097718/2026,DOCUMENTO,CIVINT/STIC,CIVINT-STIC-U04,João Rascunho,2026-09-22T11:59:28-03:00,Verificar prazo com a chefia.
ANO003825,EXP004044,PGR-00097718/2026,DOCUMENTO,CIVINT/STIC,CIVINT-STIC-U08,Nelson Mock,2026-09-21T23:08:17-03:00,Solicitadas informações complementares ao remetente.
ANO003826,EXP004045,PGR-00059124/2026,DOCUMENTO,CIVINT/STIC,CIVINT-STIC-U04,João Rascunho,2026-08-01T09:28:54-03:00,"Minuta revisada, pendente de assinatura."
ANO003827,EXP004045,PGR-00059124/2026,DOCUMENTO,CIVINT/STIC,CIVINT-STIC-U08,Nelson Mock,2026-08-12T09:30:55-03:00,Relacionado a expediente anterior do mesmo interessado.
ANO003828,EXP004047,PGR-00006563/2026,DOCUMENTO,CIVINT/STIC,CIVINT-STIC-U02,Heitor Protótipo,2026-09-07T15:51:17-03:00,Aguardando manifestação da área técnica.
ANO003829,EXP004048,PGR-00003233/2026,DOCUMENTO,CIVINT/STIC,CIVINT-STIC-U07,Marina Maquete,2026-06-19T15:17:05-03:00,Conferir anexos antes de movimentar.
ANO003830,EXP004049,PGR-00020493/2026,DOCUMENTO,CIVINT/STIC,CIVINT-STIC-U07,Marina Maquete,2026-07-17T03:39:35-03:00,Aguardando retorno de diligência.
ANO003831,EXP004050,PGR-00006170/2026,DOCUMENTO,CIVINT/STIC,CIVINT-STIC-U03,Isabela Piloto,2026-09-05T11:47:57-03:00,Verificar prazo com a chefia.
ANO003832,EXP004050,PGR-00006170/2026,DOCUMENTO,CIVINT/STIC,CIVINT-STIC-U06,Lucas Esboço,2026-09-19T14:42:12-03:00,Aguardando manifestação da área técnica.
ANO003833,EXP004050,PGR-00006170/2026,DOCUMENTO,CIVINT/STIC,CIVINT-STIC-U07,Marina Maquete,2026-09-26T19:36:35-03:00,Relacionado a expediente anterior do mesmo interessado.
ANO003834,EXP004051,PGR-00078560/2026,DOCUMENTO,CIVINT/STIC,CIVINT-STIC-U07,Marina Maquete,2026-09-15T05:20:40-03:00,"Minuta revisada, pendente de assinatura."
ANO003835,EXP004051,PGR-00078560/2026,DOCUMENTO,CIVINT/STIC,CIVINT-STIC-U03,Isabela Piloto,2026-09-16T00:29:04-03:00,"Minuta revisada, pendente de assinatura."
ANO003836,EXP004052,PGR-00094938/2026,DOCUMENTO,CIVINT/STIC,CIVINT-STIC-U03,Isabela Piloto,2026-09-17T12:02:40-03:00,Relacionado a expediente anterior do mesmo interessado.
ANO003837,EXP004053,PGR-00051274/2026,DOCUMENTO,CIVINT/STIC,CIVINT-STIC-U06,Lucas Esboço,2026-09-22T07:45:47-03:00,Verificar prazo com a chefia.
ANO003838,EXP004054,PGR-00043046/2026,DOCUMENTO,CIVINT/STIC,CIVINT-STIC-U04,João Rascunho,2026-06-11T12:36:11-03:00,Relacionado a expediente anterior do mesmo interessado.
ANO003839,EXP004055,PGR-00083714/2026,DOCUMENTO,CIVINT/STIC,CIVINT-STIC-U01,Gabriela Simulada,2026-09-18T09:41:26-03:00,Aguardando retorno de diligência.
ANO003840,EXP004056,PGR-00012655/2026,DOCUMENTO,CIVINT/STIC,CIVINT-STIC-U01,Gabriela Simulada,2026-07-26T22:27:42-03:00,Solicitadas informações complementares ao remetente.
ANO003841,EXP004057,PGR-00083866/2026,DOCUMENTO,CIVINT/STIC,CIVINT-STIC-U05,Karina Ensaio,2026-07-04T01:36:34-03:00,Verificar prazo com a chefia.
ANO003842,EXP004057,PGR-00083866/2026,DOCUMENTO,CIVINT/STIC,CIVINT-STIC-U05,Karina Ensaio,2026-07-03T19:41:03-03:00,Aguardando retorno de diligência.
ANO003843,EXP004057,PGR-00083866/2026,DOCUMENTO,CIVINT/STIC,CIVINT-STIC-U03,Isabela Piloto,2026-07-06T03:49:34-03:00,Prioridade definida em reunião de equipe.
ANO003844,EXP004058,PGR-00016216/2026,DOCUMENTO,CIVINT/STIC,CIVINT-STIC-U08,Nelson Mock,2026-07-14T10:03:00-03:00,Aguardando retorno de diligência.
ANO003845,EXP004060,PGR-00062486/2026,DOCUMENTO,CIVINT/STIC,CIVINT-STIC-U07,Marina Maquete,2026-09-21T18:58:19-03:00,Prioridade definida em reunião de equipe.
ANO003846,EXP004061,PGR-00089720/2026,DOCUMENTO,CIVINT/STIC,CIVINT-STIC-U02,Heitor Protótipo,2026-07-20T02:52:06-03:00,Aguardando manifestação da área técnica.
ANO003847,EXP004061,PGR-00089720/2026,DOCUMENTO,CIVINT/STIC,CIVINT-STIC-U07,Marina Maquete,2026-08-05T11:38:04-03:00,"Minuta revisada, pendente de assinatura."
ANO003848,EXP004061,PGR-00089720/2026,DOCUMENTO,CIVINT/STIC,CIVINT-STIC-U05,Karina Ensaio,2026-07-31T03:58:43-03:00,Verificar prazo com a chefia.
ANO003849,EXP004062,PGR-00007636/2026,DOCUMENTO,CIVINT/STIC,CIVINT-STIC-U07,Marina Maquete,2026-07-21T20:23:13-03:00,Prioridade definida em reunião de equipe.
ANO003850,EXP004063,PGR-00057977/2026,DOCUMENTO,CIVINT/STIC,CIVINT-STIC-U05,Karina Ensaio,2026-08-20T14:46:10-03:00,Aguardando manifestação da área técnica.
ANO003851,EXP004064,PGR-00015330/2026,DOCUMENTO,CIVINT/STIC,CIVINT-STIC-U07,Marina Maquete,2026-08-30T05:58:59-03:00,Relacionado a expediente anterior do mesmo interessado.
ANO003852,EXP004065,PGR-00005712/2026,DOCUMENTO,CIVINT/STIC,CIVINT-STIC-U05,Karina Ensaio,2026-09-10T21:26:30-03:00,Aguardando manifestação da área técnica.
ANO003853,EXP004065,PGR-00005712/2026,DOCUMENTO,CIVINT/STIC,CIVINT-STIC-U01,Gabriela Simulada,2026-08-18T09:57:35-03:00,Relacionado a expediente anterior do mesmo interessado.
ANO003854,EXP004065,PGR-00005712/2026,DOCUMENTO,CIVINT/STIC,CIVINT-STIC-U04,João Rascunho,2026-08-14T13:02:53-03:00,Prioridade definida em reunião de equipe.
ANO003855,EXP004066,PGR-00061537/2026,DOCUMENTO,CIVINT/STIC,CIVINT-STIC-U07,Marina Maquete,2026-08-05T14:45:42-03:00,Verificar prazo com a chefia.
ANO003856,EXP004067,PGR-00077986/2026,DOCUMENTO,CIVINT/STIC,CIVINT-STIC-U02,Heitor Protótipo,2026-07-08T21:48:42-03:00,Relacionado a expediente anterior do mesmo interessado.
ANO003857,EXP004068,PGR-00050984/2026,DOCUMENTO,CIVINT/STIC,CIVINT-STIC-U07,Marina Maquete,2026-07-07T11:44:31-03:00,Aguardando retorno de diligência.
ANO003858,EXP004070,PGR-00088927/2026,DOCUMENTO,CIVINT/STIC,CIVINT-STIC-U05,Karina Ensaio,2026-10-06T08:29:34-03:00,Verificar prazo com a chefia.
ANO003859,EXP004071,PGR-00072306/2026,DOCUMENTO,CIVINT/STIC,CIVINT-STIC-U02,Heitor Protótipo,2026-08-01T21:46:04-03:00,Aguardando manifestação da área técnica.
ANO003860,EXP004072,PGR-00067232/2026,DOCUMENTO,CIVINT/STIC,CIVINT-STIC-U03,Isabela Piloto,2026-08-27T14:26:56-03:00,Solicitadas informações complementares ao remetente.
ANO003861,EXP004072,PGR-00067232/2026,DOCUMENTO,CIVINT/STIC,CIVINT-STIC-U08,Nelson Mock,2026-09-01T08:48:59-03:00,"Minuta revisada, pendente de assinatura."
ANO003862,EXP004073,PGR-00028694/2026,DOCUMENTO,CIVINT/STIC,CIVINT-STIC-U08,Nelson Mock,2026-07-11T09:01:18-03:00,Relacionado a expediente anterior do mesmo interessado.
ANO003863,EXP004073,PGR-00028694/2026,DOCUMENTO,CIVINT/STIC,CIVINT-STIC-U03,Isabela Piloto,2026-08-02T15:46:57-03:00,Conferir anexos antes de movimentar.
ANO003864,EXP004073,PGR-00028694/2026,DOCUMENTO,CIVINT/STIC,CIVINT-STIC-U04,João Rascunho,2026-08-01T09:59:23-03:00,Solicitadas informações complementares ao remetente.
ANO003865,EXP004074,PGR-00015197/2026,DOCUMENTO,CIVINT/STIC,CIVINT-STIC-U06,Lucas Esboço,2026-06-27T09:43:09-03:00,Solicitadas informações complementares ao remetente.
ANO003866,EXP004074,PGR-00015197/2026,DOCUMENTO,CIVINT/STIC,CIVINT-STIC-U08,Nelson Mock,2026-07-05T08:58:45-03:00,Relacionado a expediente anterior do mesmo interessado.
ANO003867,EXP004074,PGR-00015197/2026,DOCUMENTO,CIVINT/STIC,CIVINT-STIC-U08,Nelson Mock,2026-07-04T00:35:48-03:00,"Minuta revisada, pendente de assinatura."
ANO003868,EXP004075,PGR-00080153/2026,DOCUMENTO,CIVINT/STIC,CIVINT-STIC-U02,Heitor Protótipo,2026-09-20T12:17:18-03:00,Relacionado a expediente anterior do mesmo interessado.
ANO003869,EXP004078,PGR-00064235/2026,DOCUMENTO,CIVINT/STIC,CIVINT-STIC-U04,João Rascunho,2026-09-16T11:36:09-03:00,Relacionado a expediente anterior do mesmo interessado.
ANO003870,EXP004079,PGR-00050541/2026,DOCUMENTO,CIVINT/STIC,CIVINT-STIC-U04,João Rascunho,2026-07-06T02:49:04-03:00,Aguardando retorno de diligência.
ANO003871,EXP004080,PGR-00076280/2026,DOCUMENTO,CIVINT/STIC,CIVINT-STIC-U02,Heitor Protótipo,2026-07-22T01:16:31-03:00,Prioridade definida em reunião de equipe.
ANO003872,EXP004080,PGR-00076280/2026,DOCUMENTO,CIVINT/STIC,CIVINT-STIC-U06,Lucas Esboço,2026-07-14T11:34:32-03:00,Conferir anexos antes de movimentar.
ANO003873,EXP004080,PGR-00076280/2026,DOCUMENTO,CIVINT/STIC,CIVINT-STIC-U03,Isabela Piloto,2026-07-13T01:22:50-03:00,"Minuta revisada, pendente de assinatura."
ANO003874,EXP004081,PGR-00041203/2026,DOCUMENTO,CIVINT/STIC,CIVINT-STIC-U08,Nelson Mock,2026-09-01T15:18:11-03:00,Verificar prazo com a chefia.
ANO003875,EXP004081,PGR-00041203/2026,DOCUMENTO,CIVINT/STIC,CIVINT-STIC-U06,Lucas Esboço,2026-08-23T13:52:57-03:00,Relacionado a expediente anterior do mesmo interessado.
ANO003876,EXP004082,PGR-00076774/2026,DOCUMENTO,CIVINT/STIC,CIVINT-STIC-U04,João Rascunho,2026-08-07T11:17:49-03:00,Aguardando manifestação da área técnica.
ANO003877,EXP004082,PGR-00076774/2026,DOCUMENTO,CIVINT/STIC,CIVINT-STIC-U02,Heitor Protótipo,2026-08-04T21:58:46-03:00,Solicitadas informações complementares ao remetente.
ANO003878,EXP004083,PGR-00022530/2026,DOCUMENTO,CIVINT/STIC,CIVINT-STIC-U03,Isabela Piloto,2026-09-25T09:53:24-03:00,Solicitadas informações complementares ao remetente.
ANO003879,EXP004084,PGR-00024339/2026,DOCUMENTO,CIVINT/STIC,CIVINT-STIC-U05,Karina Ensaio,2026-07-10T05:20:52-03:00,Solicitadas informações complementares ao remetente.
ANO003880,EXP004084,PGR-00024339/2026,DOCUMENTO,CIVINT/STIC,CIVINT-STIC-U03,Isabela Piloto,2026-07-09T15:07:19-03:00,Solicitadas informações complementares ao remetente.
ANO003881,EXP004085,PGR-00050676/2026,DOCUMENTO,CIVINT/STIC,CIVINT-STIC-U07,Marina Maquete,2026-07-13T14:54:39-03:00,Verificar prazo com a chefia.
ANO003882,EXP004085,PGR-00050676/2026,DOCUMENTO,CIVINT/STIC,CIVINT-STIC-U04,João Rascunho,2026-07-10T19:37:58-03:00,Verificar prazo com a chefia.
ANO003883,EXP004086,PGR-00087937/2026,DOCUMENTO,CIVINT/STIC,CIVINT-STIC-U04,João Rascunho,2026-10-04T19:48:16-03:00,Aguardando manifestação da área técnica.
ANO003884,EXP004087,PGR-00064330/2026,DOCUMENTO,CIVINT/STIC,CIVINT-STIC-U03,Isabela Piloto,2026-09-07T05:34:18-03:00,Verificar prazo com a chefia.
ANO003885,EXP004087,PGR-00064330/2026,DOCUMENTO,CIVINT/STIC,CIVINT-STIC-U08,Nelson Mock,2026-08-17T19:59:12-03:00,Prioridade definida em reunião de equipe.
ANO003886,EXP004088,PGR-00008059/2026,DOCUMENTO,CIVINT/STIC,CIVINT-STIC-U01,Gabriela Simulada,2026-06-24T19:40:59-03:00,Relacionado a expediente anterior do mesmo interessado.
ANO003887,EXP004088,PGR-00008059/2026,DOCUMENTO,CIVINT/STIC,CIVINT-STIC-U06,Lucas Esboço,2026-06-24T20:01:12-03:00,Solicitadas informações complementares ao remetente.
ANO003888,EXP004090,PGR-00017435/2026,DOCUMENTO,CIVINT/STIC,CIVINT-STIC-U08,Nelson Mock,2026-09-23T07:58:11-03:00,Relacionado a expediente anterior do mesmo interessado.
ANO003889,EXP004090,PGR-00017435/2026,DOCUMENTO,CIVINT/STIC,CIVINT-STIC-U06,Lucas Esboço,2026-09-23T20:17:56-03:00,Prioridade definida em reunião de equipe.
ANO003890,EXP004090,PGR-00017435/2026,DOCUMENTO,CIVINT/STIC,CIVINT-STIC-U06,Lucas Esboço,2026-10-01T00:49:04-03:00,Relacionado a expediente anterior do mesmo interessado.
ANO003891,EXP004091,PGR-00002599/2026,DOCUMENTO,CIVINT/STIC,CIVINT-STIC-U01,Gabriela Simulada,2026-06-19T11:05:22-03:00,Aguardando manifestação da área técnica.
ANO003892,EXP004092,PGR-00034064/2026,DOCUMENTO,CIVINT/STIC,CIVINT-STIC-U06,Lucas Esboço,2026-10-04T07:08:06-03:00,Solicitadas informações complementares ao remetente.
ANO003893,EXP004093,PGR-00039767/2026,DOCUMENTO,CIVINT/STIC,CIVINT-STIC-U07,Marina Maquete,2026-07-05T08:41:30-03:00,Relacionado a expediente anterior do mesmo interessado.
ANO003894,EXP004094,PGR-00010262/2026,DOCUMENTO,CIVINT/STIC,CIVINT-STIC-U02,Heitor Protótipo,2026-08-27T21:50:35-03:00,Aguardando manifestação da área técnica.
ANO003895,EXP004094,PGR-00010262/2026,DOCUMENTO,CIVINT/STIC,CIVINT-STIC-U03,Isabela Piloto,2026-08-24T15:40:44-03:00,"Minuta revisada, pendente de assinatura."
ANO003896,EXP004094,PGR-00010262/2026,DOCUMENTO,CIVINT/STIC,CIVINT-STIC-U02,Heitor Protótipo,2026-08-28T23:09:56-03:00,"Minuta revisada, pendente de assinatura."
ANO003897,EXP004096,PGR-00087256/2026,DOCUMENTO,CIVINT/STIC,CIVINT-STIC-U05,Karina Ensaio,2026-08-07T17:30:30-03:00,Solicitadas informações complementares ao remetente.
ANO003898,EXP004098,PGR-00082156/2026,DOCUMENTO,CIVINT/STIC,CIVINT-STIC-U07,Marina Maquete,2026-09-09T18:29:07-03:00,Solicitadas informações complementares ao remetente.
ANO003899,EXP004100,PGR-00079560/2026,DOCUMENTO,CIVINT/STIC,CIVINT-STIC-U01,Gabriela Simulada,2026-10-02T05:02:36-03:00,Prioridade definida em reunião de equipe.
ANO003900,EXP004100,PGR-00079560/2026,DOCUMENTO,CIVINT/STIC,CIVINT-STIC-U01,Gabriela Simulada,2026-10-02T12:50:43-03:00,Relacionado a expediente anterior do mesmo interessado.
ANO003901,EXP004100,PGR-00079560/2026,DOCUMENTO,CIVINT/STIC,CIVINT-STIC-U01,Gabriela Simulada,2026-10-02T07:11:31-03:00,Prioridade definida em reunião de equipe.
ANO003902,EXP004101,PGR-00088912/2026,DOCUMENTO,CIVINT/STIC,CIVINT-STIC-U04,João Rascunho,2026-08-02T03:34:38-03:00,Relacionado a expediente anterior do mesmo interessado.
ANO003903,EXP004102,PGR-00012779/2026,DOCUMENTO,CIVINT/STIC,CIVINT-STIC-U03,Isabela Piloto,2026-08-12T15:56:04-03:00,"Minuta revisada, pendente de assinatura."
ANO003904,EXP004103,PGR-00014530/2026,DOCUMENTO,CIVINT/STIC,CIVINT-STIC-U02,Heitor Protótipo,2026-06-29T19:58:28-03:00,Solicitadas informações complementares ao remetente.
ANO003905,EXP004103,PGR-00014530/2026,DOCUMENTO,CIVINT/STIC,CIVINT-STIC-U05,Karina Ensaio,2026-07-14T22:38:38-03:00,Conferir anexos antes de movimentar.
ANO003906,EXP004103,PGR-00014530/2026,DOCUMENTO,CIVINT/STIC,CIVINT-STIC-U02,Heitor Protótipo,2026-07-14T09:44:02-03:00,Verificar prazo com a chefia.
ANO003907,EXP004104,PGR-00058524/2026,DOCUMENTO,CIVINT/STIC,CIVINT-STIC-U03,Isabela Piloto,2026-09-02T00:15:27-03:00,Verificar prazo com a chefia.
ANO003908,EXP004104,PGR-00058524/2026,DOCUMENTO,CIVINT/STIC,CIVINT-STIC-U01,Gabriela Simulada,2026-08-21T14:42:29-03:00,Verificar prazo com a chefia.
ANO003909,EXP004106,PGR-00005184/2026,DOCUMENTO,CIVINT/STIC,CIVINT-STIC-U08,Nelson Mock,2026-09-20T03:37:05-03:00,Solicitadas informações complementares ao remetente.
ANO003910,EXP004106,PGR-00005184/2026,DOCUMENTO,CIVINT/STIC,CIVINT-STIC-U08,Nelson Mock,2026-09-19T13:25:05-03:00,Solicitadas informações complementares ao remetente.
ANO003911,EXP004107,1.29.727.513596/2023-89,EXTRAJUDICIAL,CIVINT/STIC,CIVINT-STIC-U06,Lucas Esboço,2026-08-01T10:14:53-03:00,Solicitadas informações complementares ao remetente.
ANO003912,EXP004108,1.22.424.929865/2021-72,EXTRAJUDICIAL,CIVINT/STIC,CIVINT-STIC-U07,Marina Maquete,2026-07-26T02:18:43-03:00,"Minuta revisada, pendente de assinatura."
