idDesignacao,idExpediente,etiqueta,gerenciador,siglaSetor,idUsuarioDesignado,nomeDesignado,idUsuarioDesignador,nomeDesignador,dataDesignacao,prazoDevolucao,diasParaDevolucao,situacao,statusDevolucao,dataFim
DES000001,EXP000005,PGR-00034431/2026,DOCUMENTO,GABSUB3-DVT,GABSUB3-DVT-U02,Bruno Teste,GABSUB3-DVT-U02,Bruno Teste,2026-09-04T11:15:08-03:00,2026-09-08,-19,ENCERRADA,DEVOLVIDA_COM_ATRASO,2026-09-27T05:55:00-03:00
DES000002,EXP000007,PGR-00027478/2026,DOCUMENTO,GABSUB3-DVT,GABSUB3-DVT-U04,Diego Fictício,GABSUB3-DVT-U02,Bruno Teste,2026-09-28T22:28:46-03:00,2026-10-11,4,ATIVA,NO_PRAZO,
DES000003,EXP000008,PGR-00097767/2026,DOCUMENTO,GABSUB3-DVT,GABSUB3-DVT-U06,Fábio Demo,GABSUB3-DVT-U02,Bruno Teste,2026-10-01T21:22:45-03:00,2026-10-11,4,ATIVA,NO_PRAZO,
DES000004,EXP000011,PGR-00009035/2026,DOCUMENTO,GABSUB3-DVT,GABSUB3-DVT-U06,Fábio Demo,GABSUB3-DVT-U02,Bruno Teste,2026-09-05T10:48:51-03:00,2026-09-09,-28,ATIVA,VENCIDA,
DES000005,EXP000015,PGR-00090570/2026,DOCUMENTO,GABSUB3-DVT,GABSUB3-DVT-U06,Fábio Demo,GABSUB3-DVT-U02,Bruno Teste,2026-10-07T15:48:11-03:00,2026-10-15,8,ATIVA,NO_PRAZO,
DES000006,EXP000016,PGR-00080888/2026,DOCUMENTO,GABSUB3-DVT,GABSUB3-DVT-U05,Elisa Amostra,GABSUB3-DVT-U02,Bruno Teste,2026-07-20T05:21:05-03:00,2026-07-29,-70,ATIVA,VENCIDA,
DES000007,EXP000017,PGR-00062276/2026,DOCUMENTO,GABSUB3-DVT,GABSUB3-DVT-U03,Carla Modelo,GABSUB3-DVT-U02,Bruno Teste,2026-09-21T03:50:10-03:00,2026-10-01,-6,ATIVA,VENCIDA,
DES000008,EXP000019,PGR-00027729/2026,DOCUMENTO,GABSUB3-DVT,GABSUB3-DVT-U03,Carla Modelo,GABSUB3-DVT-U02,Bruno Teste,2026-10-07T10:45:16-03:00,2026-10-17,10,ATIVA,NO_PRAZO,
DES000009,EXP000022,PGR-00026902/2026,DOCUMENTO,GABSUB3-DVT,GABSUB3-DVT-U02,Bruno Teste,GABSUB3-DVT-U02,Bruno Teste,2026-09-29T05:23:01-03:00,2026-10-05,-2,ATIVA,VENCIDA,
DES000010,EXP000024,PGR-00042663/2026,DOCUMENTO,GABSUB3-DVT,GABSUB3-DVT-U06,Fábio Demo,GABSUB3-DVT-U02,Bruno Teste,2026-09-03T22:09:07-03:00,2026-09-13,-24,ATIVA,VENCIDA,
DES000011,EXP000026,PGR-00072324/2026,DOCUMENTO,GABSUB3-DVT,GABSUB3-DVT-U06,Fábio Demo,GABSUB3-DVT-U02,Bruno Teste,2026-08-25T08:24:46-03:00,2026-09-02,-35,ATIVA,VENCIDA,
DES000012,EXP000027,PGR-00072907/2026,DOCUMENTO,GABSUB3-DVT,GABSUB3-DVT-U02,Bruno Teste,GABSUB3-DVT-U02,Bruno Teste,2026-08-25T03:29:22-03:00,2026-08-28,-40,ATIVA,VENCIDA,
DES000013,EXP000028,PGR-00007873/2026,DOCUMENTO,GABSUB3-DVT,GABSUB3-DVT-U02,Bruno Teste,GABSUB3-DVT-U02,Bruno Teste,2026-09-02T03:55:01-03:00,2026-09-07,-30,ATIVA,VENCIDA,
DES000014,EXP000029,PGR-00056907/2026,DOCUMENTO,GABSUB3-DVT,GABSUB3-DVT-U04,Diego Fictício,GABSUB3-DVT-U02,Bruno Teste,2026-08-21T06:26:49-03:00,2026-08-25,-43,ATIVA,VENCIDA,
DES000015,EXP000031,PGR-00008348/2026,DOCUMENTO,GABSUB3-DVT,GABSUB3-DVT-U02,Bruno Teste,GABSUB3-DVT-U02,Bruno Teste,2026-08-30T06:25:31-03:00,2026-09-12,-25,ATIVA,VENCIDA,
DES000016,EXP000033,PGR-00090832/2026,DOCUMENTO,GABSUB3-DVT,GABSUB3-DVT-U06,Fábio Demo,GABSUB3-DVT-U02,Bruno Teste,2026-09-03T06:06:32-03:00,2026-09-09,-28,ATIVA,VENCIDA,
DES000017,EXP000034,PGR-00090339/2026,DOCUMENTO,GABSUB3-DVT,GABSUB3-DVT-U06,Fábio Demo,GABSUB3-DVT-U02,Bruno Teste,2026-09-11T08:42:44-03:00,2026-09-25,-12,ATIVA,VENCIDA,
DES000018,EXP000035,PGR-00058971/2026,DOCUMENTO,GABSUB3-DVT,GABSUB3-DVT-U05,Elisa Amostra,GABSUB3-DVT-U02,Bruno Teste,2026-08-24T22:00:52-03:00,2026-09-08,-29,ATIVA,VENCIDA,
DES000019,EXP000037,PGR-00060923/2026,DOCUMENTO,GABSUB3-DVT,GABSUB3-DVT-U03,Carla Modelo,GABSUB3-DVT-U02,Bruno Teste,2026-07-10T16:20:53-03:00,2026-07-15,-84,ATIVA,VENCIDA,
DES000020,EXP000038,PGR-00079904/2026,DOCUMENTO,GABSUB3-DVT,GABSUB3-DVT-U06,Fábio Demo,GABSUB3-DVT-U02,Bruno Teste,2026-07-19T08:50:22-03:00,2026-08-02,-66,ATIVA,VENCIDA,
DES000021,EXP000039,PGR-00007536/2026,DOCUMENTO,GABSUB3-DVT,GABSUB3-DVT-U06,Fábio Demo,GABSUB3-DVT-U02,Bruno Teste,2026-10-02T05:53:20-03:00,2026-10-10,3,ATIVA,NO_PRAZO,
DES000022,EXP000042,PGR-00075952/2026,DOCUMENTO,GABSUB3-DVT,GABSUB3-DVT-U03,Carla Modelo,GABSUB3-DVT-U02,Bruno Teste,2026-08-30T16:28:29-03:00,2026-09-12,-25,ATIVA,VENCIDA,
DES000023,EXP000044,PGR-00079946/2026,DOCUMENTO,GABSUB3-DVT,GABSUB3-DVT-U05,Elisa Amostra,GABSUB3-DVT-U02,Bruno Teste,2026-09-15T23:37:23-03:00,2026-09-19,-18,ATIVA,VENCIDA,
DES000024,EXP000045,PGR-00030143/2026,DOCUMENTO,GABSUB3-DVT,GABSUB3-DVT-U05,Elisa Amostra,GABSUB3-DVT-U02,Bruno Teste,2026-09-13T11:08:11-03:00,2026-09-26,-11,ATIVA,VENCIDA,
DES000025,EXP000046,PGR-00082636/2026,DOCUMENTO,GABSUB3-DVT,GABSUB3-DVT-U02,Bruno Teste,GABSUB3-DVT-U02,Bruno Teste,2026-08-22T16:40:19-03:00,2026-09-02,-35,ATIVA,VENCIDA,
DES000026,EXP000047,PGR-00059145/2026,DOCUMENTO,GABSUB3-DVT,GABSUB3-DVT-U05,Elisa Amostra,GABSUB3-DVT-U02,Bruno Teste,2026-06-02T08:54:49-03:00,2026-06-07,-122,ATIVA,VENCIDA,
DES000027,EXP000048,PGR-00000744/2026,DOCUMENTO,GABSUB3-DVT,GABSUB3-DVT-U05,Elisa Amostra,GABSUB3-DVT-U02,Bruno Teste,2026-09-22T00:29:38-03:00,2026-09-28,-9,ATIVA,VENCIDA,
DES000028,EXP000049,PGR-00075605/2026,DOCUMENTO,GABSUB3-DVT,GABSUB3-DVT-U04,Diego Fictício,GABSUB3-DVT-U02,Bruno Teste,2026-09-26T12:15:03-03:00,2026-10-05,-2,ATIVA,VENCIDA,
DES000029,EXP000050,PGR-00062177/2026,DOCUMENTO,GABSUB3-DVT,GABSUB3-DVT-U02,Bruno Teste,GABSUB3-DVT-U02,Bruno Teste,2026-09-10T03:39:44-03:00,2026-09-17,-20,ATIVA,VENCIDA,
DES000030,EXP000051,PGR-00043005/2026,DOCUMENTO,GABSUB3-DVT,GABSUB3-DVT-U05,Elisa Amostra,GABSUB3-DVT-U02,Bruno Teste,2026-10-03T21:30:42-03:00,2026-10-13,6,ATIVA,NO_PRAZO,
DES000031,EXP000052,PGR-00003928/2026,DOCUMENTO,GABSUB3-DVT,GABSUB3-DVT-U06,Fábio Demo,GABSUB3-DVT-U02,Bruno Teste,2026-09-14T08:53:28-03:00,2026-09-17,-20,ATIVA,VENCIDA,
DES000032,EXP000053,PGR-00014504/2026,DOCUMENTO,GABSUB3-DVT,GABSUB3-DVT-U06,Fábio Demo,GABSUB3-DVT-U02,Bruno Teste,2026-04-29T18:15:13-03:00,2026-05-04,-156,ATIVA,VENCIDA,
DES000033,EXP000054,PGR-00009625/2026,DOCUMENTO,GABSUB3-DVT,GABSUB3-DVT-U03,Carla Modelo,GABSUB3-DVT-U02,Bruno Teste,2026-09-25T18:38:27-03:00,2026-09-29,-8,ATIVA,VENCIDA,
DES000034,EXP000055,PGR-00023266/2026,DOCUMENTO,GABSUB3-DVT,GABSUB3-DVT-U05,Elisa Amostra,GABSUB3-DVT-U02,Bruno Teste,2026-10-05T04:57:57-03:00,2026-10-11,4,ATIVA,NO_PRAZO,
DES000035,EXP000056,PGR-00080486/2026,DOCUMENTO,GABSUB3-DVT,GABSUB3-DVT-U03,Carla Modelo,GABSUB3-DVT-U02,Bruno Teste,2026-08-17T12:47:33-03:00,2026-08-27,-41,ATIVA,VENCIDA,
DES000036,EXP000058,PGR-00063120/2026,DOCUMENTO,GABSUB3-DVT,GABSUB3-DVT-U06,Fábio Demo,GABSUB3-DVT-U02,Bruno Teste,2026-08-08T14:05:11-03:00,2026-08-14,-54,ATIVA,VENCIDA,
DES000037,EXP000059,PGR-00006454/2026,DOCUMENTO,GABSUB3-DVT,GABSUB3-DVT-U02,Bruno Teste,GABSUB3-DVT-U02,Bruno Teste,2026-09-30T14:28:32-03:00,2026-10-06,-1,ATIVA,VENCIDA,
DES000038,EXP000060,PGR-00075767/2026,DOCUMENTO,GABSUB3-DVT,GABSUB3-DVT-U02,Bruno Teste,GABSUB3-DVT-U02,Bruno Teste,2026-10-04T11:10:23-03:00,2026-10-17,10,ATIVA,NO_PRAZO,
DES000039,EXP000061,PGR-00006098/2026,DOCUMENTO,GABSUB3-DVT,GABSUB3-DVT-U05,Elisa Amostra,GABSUB3-DVT-U02,Bruno Teste,2026-09-15T18:22:08-03:00,2026-09-25,-12,ATIVA,VENCIDA,
DES000040,EXP000062,PGR-00098861/2026,DOCUMENTO,GABSUB3-DVT,GABSUB3-DVT-U05,Elisa Amostra,GABSUB3-DVT-U02,Bruno Teste,2026-10-06T12:09:14-03:00,2026-10-14,7,ATIVA,NO_PRAZO,
DES000041,EXP000064,PGR-00016209/2026,DOCUMENTO,GABSUB3-DVT,GABSUB3-DVT-U06,Fábio Demo,GABSUB3-DVT-U02,Bruno Teste,2026-09-10T07:42:55-03:00,2026-09-22,-15,ATIVA,VENCIDA,
DES000042,EXP000065,PGR-00038275/2026,DOCUMENTO,GABSUB3-DVT,GABSUB3-DVT-U04,Diego Fictício,GABSUB3-DVT-U02,Bruno Teste,2026-10-03T10:07:03-03:00,2026-10-08,1,ATIVA,NO_PRAZO,
DES000043,EXP000068,PGR-00022996/2026,DOCUMENTO,GABSUB3-DVT,GABSUB3-DVT-U03,Carla Modelo,GABSUB3-DVT-U02,Bruno Teste,2026-09-27T17:40:13-03:00,2026-10-09,2,ATIVA,NO_PRAZO,
DES000044,EXP000069,PGR-00020535/2026,DOCUMENTO,GABSUB3-DVT,GABSUB3-DVT-U02,Bruno Teste,GABSUB3-DVT-U02,Bruno Teste,2026-09-22T16:45:22-03:00,2026-09-30,-7,ATIVA,VENCIDA,
DES000045,EXP000070,PGR-00042841/2026,DOCUMENTO,GABSUB3-DVT,GABSUB3-DVT-U06,Fábio Demo,GABSUB3-DVT-U02,Bruno Teste,2026-10-07T15:30:07-03:00,2026-10-21,14,ATIVA,NO_PRAZO,
DES000046,EXP000071,PGR-00003621/2026,DOCUMENTO,GABSUB3-DVT,GABSUB3-DVT-U06,Fábio Demo,GABSUB3-DVT-U02,Bruno Teste,2026-09-24T11:54:38-03:00,2026-10-03,-4,ATIVA,VENCIDA,
DES000047,EXP000072,PGR-00075516/2026,DOCUMENTO,GABSUB3-DVT,GABSUB3-DVT-U04,Diego Fictício,GABSUB3-DVT-U02,Bruno Teste,2026-10-02T19:44:37-03:00,2026-10-12,5,ATIVA,NO_PRAZO,
DES000048,EXP000073,PGR-00054790/2026,DOCUMENTO,GABSUB3-DVT,GABSUB3-DVT-U06,Fábio Demo,GABSUB3-DVT-U02,Bruno Teste,2026-09-09T14:35:37-03:00,2026-09-20,-17,ATIVA,VENCIDA,
DES000049,EXP000076,PGR-00028644/2026,DOCUMENTO,GABSUB3-DVT,GABSUB3-DVT-U03,Carla Modelo,GABSUB3-DVT-U02,Bruno Teste,2026-09-01T21:53:30-03:00,2026-09-09,-28,ATIVA,VENCIDA,
DES000050,EXP000077,PGR-00000898/2026,DOCUMENTO,GABSUB3-DVT,GABSUB3-DVT-U03,Carla Modelo,GABSUB3-DVT-U02,Bruno Teste,2026-09-10T05:20:38-03:00,2026-09-15,-22,ATIVA,VENCIDA,
DES000051,EXP000078,PGR-00073797/2026,DOCUMENTO,GABSUB3-DVT,GABSUB3-DVT-U03,Carla Modelo,GABSUB3-DVT-U02,Bruno Teste,2026-08-09T18:12:43-03:00,2026-08-20,-48,ATIVA,VENCIDA,
DES000052,EXP000079,PGR-00092557/2026,DOCUMENTO,GABSUB3-DVT,GABSUB3-DVT-U02,Bruno Teste,GABSUB3-DVT-U02,Bruno Teste,2026-09-20T04:38:40-03:00,2026-09-24,-13,ATIVA,VENCIDA,
DES000053,EXP000081,PGR-00069070/2026,DOCUMENTO,GABSUB3-DVT,GABSUB3-DVT-U02,Bruno Teste,GABSUB3-DVT-U02,Bruno Teste,2026-09-17T17:01:58-03:00,2026-09-27,-10,ATIVA,VENCIDA,
DES000054,EXP000083,PGR-00067793/2026,DOCUMENTO,GABSUB3-DVT,GABSUB3-DVT-U02,Bruno Teste,GABSUB3-DVT-U02,Bruno Teste,2026-10-06T00:15:34-03:00,2026-10-16,9,ATIVA,NO_PRAZO,
DES000055,EXP000085,PGR-00051979/2026,DOCUMENTO,GABSUB3-DVT,GABSUB3-DVT-U05,Elisa Amostra,GABSUB3-DVT-U02,Bruno Teste,2026-09-23T10:51:33-03:00,2026-09-28,-9,ATIVA,VENCIDA,
DES000056,EXP000086,PGR-00073887/2026,DOCUMENTO,GABSUB3-DVT,GABSUB3-DVT-U03,Carla Modelo,GABSUB3-DVT-U02,Bruno Teste,2026-09-30T23:34:18-03:00,2026-10-06,-1,ATIVA,VENCIDA,
DES000057,EXP000087,PGR-00002459/2026,DOCUMENTO,GABSUB3-DVT,GABSUB3-DVT-U04,Diego Fictício,GABSUB3-DVT-U02,Bruno Teste,2026-10-07T17:00:00-03:00,2026-10-15,8,ATIVA,NO_PRAZO,
DES000058,EXP000089,PGR-00022700/2026,DOCUMENTO,GABSUB3-DVT,GABSUB3-DVT-U02,Bruno Teste,GABSUB3-DVT-U02,Bruno Teste,2026-10-01T12:15:05-03:00,2026-10-15,8,ATIVA,NO_PRAZO,
DES000059,EXP000092,PGR-00057253/2026,DOCUMENTO,GABSUB3-DVT,GABSUB3-DVT-U04,Diego Fictício,GABSUB3-DVT-U02,Bruno Teste,2026-09-26T22:03:13-03:00,2026-10-05,-2,ATIVA,VENCIDA,
DES000060,EXP000093,PGR-00077291/2026,DOCUMENTO,GABSUB3-DVT,GABSUB3-DVT-U05,Elisa Amostra,GABSUB3-DVT-U02,Bruno Teste,2026-09-29T05:15:45-03:00,2026-10-13,6,ATIVA,NO_PRAZO,
DES000061,EXP000094,PGR-00054205/2026,DOCUMENTO,GABSUB3-DVT,GABSUB3-DVT-U02,Bruno Teste,GABSUB3-DVT-U02,Bruno Teste,2026-09-19T14:48:10-03:00,2026-10-02,-5,ATIVA,VENCIDA,
DES000062,EXP000095,PGR-00024889/2026,DOCUMENTO,GABSUB3-DVT,GABSUB3-DVT-U05,Elisa Amostra,GABSUB3-DVT-U02,Bruno Teste,2026-09-21T13:08:00-03:00,2026-10-01,-6,ATIVA,VENCIDA,
DES000063,EXP000097,PGR-00026780/2026,DOCUMENTO,GABSUB3-DVT,GABSUB3-DVT-U05,Elisa Amostra,GABSUB3-DVT-U02,Bruno Teste,2026-09-20T12:42:09-03:00,2026-09-29,-8,ATIVA,VENCIDA,
DES000064,EXP000099,PGR-00001512/2026,DOCUMENTO,GABSUB3-DVT,GABSUB3-DVT-U05,Elisa Amostra,GABSUB3-DVT-U02,Bruno Teste,2026-09-03T07:41:35-03:00,2026-09-14,-23,ATIVA,VENCIDA,
DES000065,EXP000100,PGR-00065932/2026,DOCUMENTO,GABSUB3-DVT,GABSUB3-DVT-U06,Fábio Demo,GABSUB3-DVT-U02,Bruno Teste,2026-09-17T13:25:39-03:00,2026-09-29,-8,ATIVA,VENCIDA,
DES000066,EXP000101,PGR-00013390/2026,DOCUMENTO,GABSUB3-DVT,GABSUB3-DVT-U02,Bruno Teste,GABSUB3-DVT-U02,Bruno Teste,2026-07-14T15:28:14-03:00,2026-07-29,-70,ATIVA,VENCIDA,
DES000067,EXP000103,PGR-00066116/2026,DOCUMENTO,GABSUB3-DVT,GABSUB3-DVT-U04,Diego Fictício,GABSUB3-DVT-U02,Bruno Teste,2026-09-20T18:14:11-03:00,2026-10-04,-3,ATIVA,VENCIDA,
DES000068,EXP000104,PGR-00052055/2026,DOCUMENTO,GABSUB3-DVT,GABSUB3-DVT-U02,Bruno Teste,GABSUB3-DVT-U02,Bruno Teste,2026-08-29T17:08:49-03:00,2026-09-13,-24,ATIVA,VENCIDA,
DES000069,EXP000105,PGR-00055493/2026,DOCUMENTO,GABSUB3-DVT,GABSUB3-DVT-U02,Bruno Teste,GABSUB3-DVT-U02,Bruno Teste,2026-09-19T05:34:08-03:00,2026-09-30,-7,ATIVA,VENCIDA,
DES000070,EXP000108,PGR-00097257/2026,DOCUMENTO,GABSUB3-DVT,GABSUB3-DVT-U04,Diego Fictício,GABSUB3-DVT-U02,Bruno Teste,2026-10-06T23:15:46-03:00,2026-10-20,13,ATIVA,NO_PRAZO,
DES000071,EXP000112,PGR-00039565/2026,DOCUMENTO,GABSUB3-DVT,GABSUB3-DVT-U03,Carla Modelo,GABSUB3-DVT-U02,Bruno Teste,2026-06-05T05:40:52-03:00,2026-06-12,-117,ATIVA,VENCIDA,
DES000072,EXP000113,PGR-00017152/2026,DOCUMENTO,GABSUB3-DVT,GABSUB3-DVT-U04,Diego Fictício,GABSUB3-DVT-U02,Bruno Teste,2026-10-04T15:23:23-03:00,2026-10-18,11,ATIVA,NO_PRAZO,
DES000073,EXP000114,PGR-00029255/2026,DOCUMENTO,GABSUB3-DVT,GABSUB3-DVT-U03,Carla Modelo,GABSUB3-DVT-U02,Bruno Teste,2026-08-25T19:19:11-03:00,2026-08-31,-37,ATIVA,VENCIDA,
DES000074,EXP000115,PGR-00007045/2026,DOCUMENTO,GABSUB3-DVT,GABSUB3-DVT-U05,Elisa Amostra,GABSUB3-DVT-U02,Bruno Teste,2026-09-20T16:49:39-03:00,2026-09-25,-12,ATIVA,VENCIDA,
DES000075,EXP000116,PGR-00004314/2026,DOCUMENTO,GABSUB3-DVT,GABSUB3-DVT-U02,Bruno Teste,GABSUB3-DVT-U02,Bruno Teste,2026-09-22T06:23:25-03:00,2026-10-07,0,ATIVA,NO_PRAZO,
DES000076,EXP000118,PGR-00078567/2026,DOCUMENTO,GABSUB3-DVT,GABSUB3-DVT-U03,Carla Modelo,GABSUB3-DVT-U02,Bruno Teste,2026-08-08T16:01:01-03:00,2026-08-23,-45,ATIVA,VENCIDA,
DES000077,EXP000120,PGR-00045363/2026,DOCUMENTO,GABSUB3-DVT,GABSUB3-DVT-U06,Fábio Demo,GABSUB3-DVT-U02,Bruno Teste,2026-09-29T02:22:42-03:00,2026-10-09,2,ATIVA,NO_PRAZO,
DES000078,EXP000121,PGR-00084352/2026,DOCUMENTO,GABSUB3-DVT,GABSUB3-DVT-U05,Elisa Amostra,GABSUB3-DVT-U02,Bruno Teste,2026-09-03T11:51:00-03:00,2026-09-14,-23,ATIVA,VENCIDA,
DES000079,EXP000122,PGR-00094479/2026,DOCUMENTO,GABSUB3-DVT,GABSUB3-DVT-U02,Bruno Teste,GABSUB3-DVT-U02,Bruno Teste,2026-09-24T13:06:47-03:00,2026-09-30,-7,ATIVA,VENCIDA,
DES000080,EXP000123,PGR-00013427/2026,DOCUMENTO,GABSUB3-DVT,GABSUB3-DVT-U02,Bruno Teste,GABSUB3-DVT-U02,Bruno Teste,2026-10-01T05:39:17-03:00,2026-10-05,-2,ATIVA,VENCIDA,
DES000081,EXP000124,PGR-00066622/2026,DOCUMENTO,GABSUB3-DVT,GABSUB3-DVT-U02,Bruno Teste,GABSUB3-DVT-U02,Bruno Teste,2026-09-24T10:20:49-03:00,2026-10-03,-4,ATIVA,VENCIDA,
DES000082,EXP000125,PGR-00001615/2026,DOCUMENTO,GABSUB3-DVT,GABSUB3-DVT-U05,Elisa Amostra,GABSUB3-DVT-U02,Bruno Teste,2026-10-04T15:28:57-03:00,2026-10-17,10,ATIVA,NO_PRAZO,
DES000083,EXP000126,PGR-00023585/2026,DOCUMENTO,GABSUB3-DVT,GABSUB3-DVT-U05,Elisa Amostra,GABSUB3-DVT-U02,Bruno Teste,2026-10-03T13:38:51-03:00,2026-10-15,8,ATIVA,NO_PRAZO,
DES000084,EXP000127,PGR-00062130/2026,DOCUMENTO,GABSUB3-DVT,GABSUB3-DVT-U05,Elisa Amostra,GABSUB3-DVT-U02,Bruno Teste,2026-09-23T12:20:38-03:00,2026-10-01,-6,ATIVA,VENCIDA,
DES000085,EXP000128,PGR-00012061/2026,DOCUMENTO,GABSUB3-DVT,GABSUB3-DVT-U05,Elisa Amostra,GABSUB3-DVT-U02,Bruno Teste,2026-10-02T12:48:40-03:00,2026-10-12,5,ATIVA,NO_PRAZO,
DES000086,EXP000132,PGR-00044749/2026,DOCUMENTO,GABSUB3-DVT,GABSUB3-DVT-U06,Fábio Demo,GABSUB3-DVT-U02,Bruno Teste,2026-08-04T23:09:52-03:00,2026-08-14,-54,ATIVA,VENCIDA,
DES000087,EXP000133,PGR-00088252/2026,DOCUMENTO,GABSUB3-DVT,GABSUB3-DVT-U05,Elisa Amostra,GABSUB3-DVT-U02,Bruno Teste,2026-09-19T10:49:12-03:00,2026-09-25,-12,ATIVA,VENCIDA,
DES000088,EXP000134,PGR-00051460/2026,DOCUMENTO,GABSUB3-DVT,GABSUB3-DVT-U06,Fábio Demo,GABSUB3-DVT-U02,Bruno Teste,2026-09-18T13:34:16-03:00,2026-09-23,-14,ATIVA,VENCIDA,
DES000089,EXP000135,PGR-00091572/2026,DOCUMENTO,GABSUB3-DVT,GABSUB3-DVT-U02,Bruno Teste,GABSUB3-DVT-U02,Bruno Teste,2026-07-24T05:11:54-03:00,2026-08-06,-62,ATIVA,VENCIDA,
DES000090,EXP000136,PGR-00082336/2026,DOCUMENTO,GABSUB3-DVT,GABSUB3-DVT-U06,Fábio Demo,GABSUB3-DVT-U02,Bruno Teste,2026-09-29T14:39:26-03:00,2026-10-14,7,ATIVA,NO_PRAZO,
DES000091,EXP000139,PGR-00045388/2026,DOCUMENTO,GABSUB3-DVT,GABSUB3-DVT-U05,Elisa Amostra,GABSUB3-DVT-U02,Bruno Teste,2026-08-23T03:57:04-03:00,2026-09-01,-36,ATIVA,VENCIDA,
DES000092,EXP000143,PGR-00006445/2026,DOCUMENTO,GABSUB3-DVT,GABSUB3-DVT-U05,Elisa Amostra,GABSUB3-DVT-U02,Bruno Teste,2026-07-22T06:14:49-03:00,2026-08-04,-64,ATIVA,VENCIDA,
DES000093,EXP000146,PGR-00075012/2026,DOCUMENTO,GABSUB3-DVT,GABSUB3-DVT-U06,Fábio Demo,GABSUB3-DVT-U02,Bruno Teste,2026-09-14T20:07:38-03:00,2026-09-20,-17,ATIVA,VENCIDA,
DES000094,EXP000149,PGR-00018713/2026,DOCUMENTO,GABSUB3-DVT,GABSUB3-DVT-U06,Fábio Demo,GABSUB3-DVT-U02,Bruno Teste,2026-10-07T11:06:47-03:00,2026-10-17,10,ATIVA,NO_PRAZO,
DES000095,EXP000151,PGR-00056579/2026,DOCUMENTO,GABSUB3-DVT,GABSUB3-DVT-U02,Bruno Teste,GABSUB3-DVT-U02,Bruno Teste,2026-08-30T17:02:03-03:00,2026-09-02,-35,ATIVA,VENCIDA,
DES000096,EXP000152,PGR-00071274/2026,DOCUMENTO,GABSUB3-DVT,GABSUB3-DVT-U04,Diego Fictício,GABSUB3-DVT-U02,Bruno Teste,2026-08-17T10:56:47-03:00,2026-08-20,-48,ATIVA,VENCIDA,
DES000097,EXP000153,PGR-00042219/2026,DOCUMENTO,GABSUB3-DVT,GABSUB3-DVT-U06,Fábio Demo,GABSUB3-DVT-U02,Bruno Teste,2026-10-06T20:27:28-03:00,2026-10-21,14,ATIVA,NO_PRAZO,
DES000098,EXP000155,PGR-00076989/2026,DOCUMENTO,GABSUB3-DVT,GABSUB3-DVT-U06,Fábio Demo,GABSUB3-DVT-U02,Bruno Teste,2026-09-25T04:24:30-03:00,2026-10-04,-3,ATIVA,VENCIDA,
DES000099,EXP000156,PGR-00046258/2026,DOCUMENTO,GABSUB3-DVT,GABSUB3-DVT-U03,Carla Modelo,GABSUB3-DVT-U02,Bruno Teste,2026-09-13T04:58:39-03:00,2026-09-28,-9,ATIVA,VENCIDA,
DES000100,EXP000158,PGR-00030154/2026,DOCUMENTO,GABSUB3-DVT,GABSUB3-DVT-U05,Elisa Amostra,GABSUB3-DVT-U02,Bruno Teste,2026-07-26T13:48:25-03:00,2026-08-01,-67,ATIVA,VENCIDA,
DES000101,EXP000160,PGR-00088749/2026,DOCUMENTO,GABSUB3-DVT,GABSUB3-DVT-U03,Carla Modelo,GABSUB3-DVT-U02,Bruno Teste,2026-09-15T21:59:53-03:00,2026-09-27,-10,ATIVA,VENCIDA,
DES000102,EXP000161,PGR-00089613/2026,DOCUMENTO,GABSUB3-DVT,GABSUB3-DVT-U06,Fábio Demo,GABSUB3-DVT-U02,Bruno Teste,2026-08-31T22:44:00-03:00,2026-09-09,-28,ATIVA,VENCIDA,
DES000103,EXP000162,PGR-00045366/2026,DOCUMENTO,GABSUB3-DVT,GABSUB3-DVT-U04,Diego Fictício,GABSUB3-DVT-U02,Bruno Teste,2026-08-28T04:52:24-03:00,2026-09-04,-33,ATIVA,VENCIDA,
DES000104,EXP000163,PGR-00022845/2026,DOCUMENTO,GABSUB3-DVT,GABSUB3-DVT-U06,Fábio Demo,GABSUB3-DVT-U02,Bruno Teste,2026-08-16T21:33:49-03:00,2026-08-31,-37,ATIVA,VENCIDA,
DES000105,EXP000165,PGR-00071571/2026,DOCUMENTO,GABSUB3-DVT,GABSUB3-DVT-U04,Diego Fictício,GABSUB3-DVT-U02,Bruno Teste,2026-03-21T09:03:09-03:00,2026-04-02,-188,ATIVA,VENCIDA,
DES000106,EXP000167,PGR-00040783/2026,DOCUMENTO,GABSUB3-DVT,GABSUB3-DVT-U06,Fábio Demo,GABSUB3-DVT-U02,Bruno Teste,2026-08-30T15:43:53-03:00,2026-09-04,-33,ATIVA,VENCIDA,
DES000107,EXP000169,PGR-00027114/2026,DOCUMENTO,GABSUB3-DVT,GABSUB3-DVT-U02,Bruno Teste,GABSUB3-DVT-U02,Bruno Teste,2026-05-17T02:37:22-03:00,2026-05-28,-132,ATIVA,VENCIDA,
DES000108,EXP000170,PGR-00002469/2026,DOCUMENTO,GABSUB3-DVT,GABSUB3-DVT-U05,Elisa Amostra,GABSUB3-DVT-U02,Bruno Teste,2026-09-22T19:01:06-03:00,2026-10-02,-5,ATIVA,VENCIDA,
DES000109,EXP000172,PGR-00050390/2026,DOCUMENTO,GABSUB3-DVT,GABSUB3-DVT-U05,Elisa Amostra,GABSUB3-DVT-U02,Bruno Teste,2026-09-11T10:52:27-03:00,2026-09-15,-22,ATIVA,VENCIDA,
DES000110,EXP000173,PGR-00003835/2026,DOCUMENTO,GABSUB3-DVT,GABSUB3-DVT-U02,Bruno Teste,GABSUB3-DVT-U02,Bruno Teste,2026-10-02T13:57:08-03:00,2026-10-16,9,ATIVA,NO_PRAZO,
DES000111,EXP000175,PGR-00095550/2026,DOCUMENTO,GABSUB3-DVT,GABSUB3-DVT-U06,Fábio Demo,GABSUB3-DVT-U02,Bruno Teste,2026-09-13T18:32:34-03:00,2026-09-28,-9,ATIVA,VENCIDA,
DES000112,EXP000176,PGR-00067177/2026,DOCUMENTO,GABSUB3-DVT,GABSUB3-DVT-U05,Elisa Amostra,GABSUB3-DVT-U02,Bruno Teste,2026-10-07T17:00:00-03:00,2026-10-20,13,ATIVA,NO_PRAZO,
DES000113,EXP000177,PGR-00043830/2026,DOCUMENTO,GABSUB3-DVT,GABSUB3-DVT-U04,Diego Fictício,GABSUB3-DVT-U02,Bruno Teste,2026-09-18T14:07:10-03:00,2026-09-25,-12,ATIVA,VENCIDA,
DES000114,EXP000178,PGR-00078313/2026,DOCUMENTO,GABSUB3-DVT,GABSUB3-DVT-U05,Elisa Amostra,GABSUB3-DVT-U02,Bruno Teste,2026-09-24T00:10:22-03:00,2026-10-08,1,ATIVA,NO_PRAZO,
DES000115,EXP000179,PGR-00062471/2026,DOCUMENTO,GABSUB3-DVT,GABSUB3-DVT-U02,Bruno Teste,GABSUB3-DVT-U02,Bruno Teste,2026-07-03T20:31:50-03:00,2026-07-18,-81,ATIVA,VENCIDA,
DES000116,EXP000182,PGR-00001544/2026,DOCUMENTO,GABSUB3-DVT,GABSUB3-DVT-U04,Diego Fictício,GABSUB3-DVT-U02,Bruno Teste,2026-09-03T12:58:00-03:00,2026-09-16,-21,ATIVA,VENCIDA,
DES000117,EXP000183,PGR-00017122/2026,DOCUMENTO,GABSUB3-DVT,GABSUB3-DVT-U02,Bruno Teste,GABSUB3-DVT-U02,Bruno Teste,2026-10-03T03:48:03-03:00,2026-10-14,7,ATIVA,NO_PRAZO,
DES000118,EXP000184,PGR-00016196/2026,DOCUMENTO,GABSUB3-DVT,GABSUB3-DVT-U06,Fábio Demo,GABSUB3-DVT-U02,Bruno Teste,2026-10-07T05:20:35-03:00,2026-10-20,13,ATIVA,NO_PRAZO,
DES000119,EXP000185,PGR-00016229/2026,DOCUMENTO,GABSUB3-DVT,GABSUB3-DVT-U03,Carla Modelo,GABSUB3-DVT-U02,Bruno Teste,2026-10-03T23:57:00-03:00,2026-10-14,7,ATIVA,NO_PRAZO,
DES000120,EXP000186,PGR-00044429/2026,DOCUMENTO,GABSUB3-DVT,GABSUB3-DVT-U04,Diego Fictício,GABSUB3-DVT-U02,Bruno Teste,2026-05-18T06:02:53-03:00,2026-05-25,-135,ATIVA,VENCIDA,
DES000121,EXP000187,PGR-00005584/2026,DOCUMENTO,GABSUB3-DVT,GABSUB3-DVT-U06,Fábio Demo,GABSUB3-DVT-U02,Bruno Teste,2026-10-07T11:07:30-03:00,2026-10-12,5,ATIVA,NO_PRAZO,
DES000122,EXP000188,PGR-00022388/2026,DOCUMENTO,GABSUB3-DVT,GABSUB3-DVT-U03,Carla Modelo,GABSUB3-DVT-U02,Bruno Teste,2026-09-16T03:17:03-03:00,2026-09-23,-14,ATIVA,VENCIDA,
DES000123,EXP000189,PGR-00066817/2026,DOCUMENTO,GABSUB3-DVT,GABSUB3-DVT-U02,Bruno Teste,GABSUB3-DVT-U02,Bruno Teste,2026-09-24T20:01:35-03:00,2026-10-06,-1,ATIVA,VENCIDA,
DES000124,EXP000190,PGR-00013228/2026,DOCUMENTO,GABSUB3-DVT,GABSUB3-DVT-U06,Fábio Demo,GABSUB3-DVT-U02,Bruno Teste,2026-08-23T17:33:06-03:00,2026-08-26,-42,ATIVA,VENCIDA,
DES000125,EXP000191,PGR-00023828/2026,DOCUMENTO,GABSUB3-DVT,GABSUB3-DVT-U06,Fábio Demo,GABSUB3-DVT-U02,Bruno Teste,2026-09-30T14:17:59-03:00,2026-10-10,3,ATIVA,NO_PRAZO,
DES000126,EXP000194,PGR-00037355/2026,DOCUMENTO,GABSUB3-DVT,GABSUB3-DVT-U02,Bruno Teste,GABSUB3-DVT-U02,Bruno Teste,2026-07-27T07:30:42-03:00,2026-07-31,-68,ATIVA,VENCIDA,
DES000127,EXP000195,PGR-00032433/2026,DOCUMENTO,GABSUB3-DVT,GABSUB3-DVT-U04,Diego Fictício,GABSUB3-DVT-U02,Bruno Teste,2026-09-17T02:10:20-03:00,2026-09-27,-10,ATIVA,VENCIDA,
DES000128,EXP000196,PGR-00059314/2026,DOCUMENTO,GABSUB3-DVT,GABSUB3-DVT-U05,Elisa Amostra,GABSUB3-DVT-U02,Bruno Teste,2026-09-12T12:58:46-03:00,2026-09-24,-13,ATIVA,VENCIDA,
DES000129,EXP000197,PGR-00048642/2026,DOCUMENTO,GABSUB3-DVT,GABSUB3-DVT-U03,Carla Modelo,GABSUB3-DVT-U02,Bruno Teste,2026-10-06T14:05:59-03:00,2026-10-20,13,ATIVA,NO_PRAZO,
DES000130,EXP000198,PGR-00006528/2026,DOCUMENTO,GABSUB3-DVT,GABSUB3-DVT-U03,Carla Modelo,GABSUB3-DVT-U02,Bruno Teste,2026-08-21T03:36:39-03:00,2026-08-27,-41,ATIVA,VENCIDA,
DES000131,EXP000199,PGR-00099488/2026,DOCUMENTO,GABSUB3-DVT,GABSUB3-DVT-U06,Fábio Demo,GABSUB3-DVT-U02,Bruno Teste,2026-09-18T17:24:51-03:00,2026-09-26,-11,ATIVA,VENCIDA,
DES000132,EXP000200,PGR-00028361/2026,DOCUMENTO,GABSUB3-DVT,GABSUB3-DVT-U05,Elisa Amostra,GABSUB3-DVT-U02,Bruno Teste,2026-09-06T01:39:57-03:00,2026-09-10,-27,ATIVA,VENCIDA,
DES000133,EXP000201,PGR-00036623/2026,DOCUMENTO,GABSUB3-DVT,GABSUB3-DVT-U05,Elisa Amostra,GABSUB3-DVT-U02,Bruno Teste,2026-10-07T02:34:57-03:00,2026-10-19,12,ATIVA,NO_PRAZO,
DES000134,EXP000202,PGR-00077466/2026,DOCUMENTO,GABSUB3-DVT,GABSUB3-DVT-U05,Elisa Amostra,GABSUB3-DVT-U02,Bruno Teste,2026-09-28T15:24:45-03:00,2026-10-01,-6,ATIVA,VENCIDA,
DES000135,EXP000205,PGR-00072955/2026,DOCUMENTO,GABSUB3-DVT,GABSUB3-DVT-U06,Fábio Demo,GABSUB3-DVT-U02,Bruno Teste,2026-08-12T10:33:18-03:00,2026-08-15,-53,ATIVA,VENCIDA,
DES000136,EXP000206,PGR-00080157/2026,DOCUMENTO,GABSUB3-DVT,GABSUB3-DVT-U02,Bruno Teste,GABSUB3-DVT-U02,Bruno Teste,2026-09-15T02:54:11-03:00,2026-09-27,-10,ATIVA,VENCIDA,
DES000137,EXP000207,PGR-00072211/2026,DOCUMENTO,GABSUB3-DVT,GABSUB3-DVT-U03,Carla Modelo,GABSUB3-DVT-U02,Bruno Teste,2026-10-04T14:41:43-03:00,2026-10-16,9,ATIVA,NO_PRAZO,
DES000138,EXP000208,PGR-00010859/2026,DOCUMENTO,GABSUB3-DVT,GABSUB3-DVT-U04,Diego Fictício,GABSUB3-DVT-U02,Bruno Teste,2026-08-13T03:41:25-03:00,2026-08-18,-50,ATIVA,VENCIDA,
DES000139,EXP000209,PGR-00066797/2026,DOCUMENTO,GABSUB3-DVT,GABSUB3-DVT-U05,Elisa Amostra,GABSUB3-DVT-U02,Bruno Teste,2026-09-28T13:23:02-03:00,2026-10-02,-5,ATIVA,VENCIDA,
DES000140,EXP000212,PGR-00047044/2026,DOCUMENTO,GABSUB3-DVT,GABSUB3-DVT-U03,Carla Modelo,GABSUB3-DVT-U02,Bruno Teste,2026-08-31T00:23:58-03:00,2026-09-05,-32,ATIVA,VENCIDA,
DES000141,EXP000214,PGR-00068244/2026,DOCUMENTO,GABSUB3-DVT,GABSUB3-DVT-U06,Fábio Demo,GABSUB3-DVT-U02,Bruno Teste,2026-06-17T20:46:08-03:00,2026-06-29,-100,ATIVA,VENCIDA,
DES000142,EXP000215,PGR-00057605/2026,DOCUMENTO,GABSUB3-DVT,GABSUB3-DVT-U02,Bruno Teste,GABSUB3-DVT-U02,Bruno Teste,2026-10-04T21:16:13-03:00,2026-10-19,12,ATIVA,NO_PRAZO,
DES000143,EXP000217,PGR-00011283/2026,DOCUMENTO,GABSUB3-DVT,GABSUB3-DVT-U04,Diego Fictício,GABSUB3-DVT-U02,Bruno Teste,2026-09-22T15:43:35-03:00,2026-09-29,-8,ATIVA,VENCIDA,
DES000144,EXP000219,PGR-00000031/2026,DOCUMENTO,GABSUB3-DVT,GABSUB3-DVT-U02,Bruno Teste,GABSUB3-DVT-U02,Bruno Teste,2026-09-18T01:37:03-03:00,2026-09-24,-13,ATIVA,VENCIDA,
DES000145,EXP000220,PGR-00051078/2026,DOCUMENTO,GABSUB3-DVT,GABSUB3-DVT-U05,Elisa Amostra,GABSUB3-DVT-U02,Bruno Teste,2026-09-03T04:45:43-03:00,2026-09-06,-31,ATIVA,VENCIDA,
DES000146,EXP000221,PGR-00021933/2026,DOCUMENTO,GABSUB3-DVT,GABSUB3-DVT-U04,Diego Fictício,GABSUB3-DVT-U02,Bruno Teste,2026-08-03T08:09:57-03:00,2026-08-13,-55,ATIVA,VENCIDA,
DES000147,EXP000222,PGR-00089216/2026,DOCUMENTO,GABSUB3-DVT,GABSUB3-DVT-U05,Elisa Amostra,GABSUB3-DVT-U02,Bruno Teste,2026-10-06T13:34:04-03:00,2026-10-21,14,ATIVA,NO_PRAZO,
DES000148,EXP000223,PGR-00094123/2026,DOCUMENTO,GABSUB3-DVT,GABSUB3-DVT-U06,Fábio Demo,GABSUB3-DVT-U02,Bruno Teste,2026-09-23T03:11:22-03:00,2026-09-29,-8,ATIVA,VENCIDA,
DES000149,EXP000224,PGR-00078905/2026,DOCUMENTO,GABSUB3-DVT,GABSUB3-DVT-U02,Bruno Teste,GABSUB3-DVT-U02,Bruno Teste,2026-08-13T03:43:12-03:00,2026-08-26,-42,ATIVA,VENCIDA,
DES000150,EXP000225,PGR-00019296/2026,DOCUMENTO,GABSUB3-DVT,GABSUB3-DVT-U04,Diego Fictício,GABSUB3-DVT-U02,Bruno Teste,2026-10-02T15:18:00-03:00,2026-10-16,9,ATIVA,NO_PRAZO,
DES000151,EXP000227,PGR-00004743/2026,DOCUMENTO,GABSUB3-DVT,GABSUB3-DVT-U06,Fábio Demo,GABSUB3-DVT-U02,Bruno Teste,2026-10-05T06:21:19-03:00,2026-10-10,3,ATIVA,NO_PRAZO,
DES000152,EXP000228,PGR-00061931/2026,DOCUMENTO,GABSUB3-DVT,GABSUB3-DVT-U05,Elisa Amostra,GABSUB3-DVT-U02,Bruno Teste,2026-08-24T18:14:05-03:00,2026-08-30,-38,ATIVA,VENCIDA,
DES000153,EXP000231,PGR-00002701/2026,DOCUMENTO,GABSUB3-DVT,GABSUB3-DVT-U03,Carla Modelo,GABSUB3-DVT-U02,Bruno Teste,2026-09-12T21:32:08-03:00,2026-09-26,-11,ATIVA,VENCIDA,
DES000154,EXP000232,PGR-00012687/2026,DOCUMENTO,GABSUB3-DVT,GABSUB3-DVT-U02,Bruno Teste,GABSUB3-DVT-U02,Bruno Teste,2026-08-28T06:54:28-03:00,2026-09-06,-31,ATIVA,VENCIDA,
DES000155,EXP000233,PGR-00033198/2026,DOCUMENTO,GABSUB3-DVT,GABSUB3-DVT-U04,Diego Fictício,GABSUB3-DVT-U02,Bruno Teste,2026-08-18T21:56:58-03:00,2026-08-28,-40,ATIVA,VENCIDA,
DES000156,EXP000234,PGR-00066200/2026,DOCUMENTO,GABSUB3-DVT,GABSUB3-DVT-U03,Carla Modelo,GABSUB3-DVT-U02,Bruno Teste,2026-09-06T12:19:29-03:00,2026-09-19,-18,ATIVA,VENCIDA,
DES000157,EXP000235,PGR-00050459/2026,DOCUMENTO,GABSUB3-DVT,GABSUB3-DVT-U04,Diego Fictício,GABSUB3-DVT-U02,Bruno Teste,2026-07-29T18:06:53-03:00,2026-08-08,-60,ATIVA,VENCIDA,
DES000158,EXP000236,PGR-00072602/2026,DOCUMENTO,GABSUB3-DVT,GABSUB3-DVT-U05,Elisa Amostra,GABSUB3-DVT-U02,Bruno Teste,2026-08-07T13:27:57-03:00,2026-08-12,-56,ATIVA,VENCIDA,
DES000159,EXP000237,PGR-00090701/2026,DOCUMENTO,GABSUB3-DVT,GABSUB3-DVT-U06,Fábio Demo,GABSUB3-DVT-U02,Bruno Teste,2026-09-21T16:38:34-03:00,2026-10-01,-6,ATIVA,VENCIDA,
DES000160,EXP000238,PGR-00018518/2026,DOCUMENTO,GABSUB3-DVT,GABSUB3-DVT-U05,Elisa Amostra,GABSUB3-DVT-U02,Bruno Teste,2026-09-05T20:05:20-03:00,2026-09-17,-20,ATIVA,VENCIDA,
DES000161,EXP000239,PGR-00004692/2026,DOCUMENTO,GABSUB3-DVT,GABSUB3-DVT-U06,Fábio Demo,GABSUB3-DVT-U02,Bruno Teste,2026-09-23T10:04:29-03:00,2026-09-27,-10,ATIVA,VENCIDA,
DES000162,EXP000240,PGR-00080168/2026,DOCUMENTO,GABSUB3-DVT,GABSUB3-DVT-U02,Bruno Teste,GABSUB3-DVT-U02,Bruno Teste,2026-07-15T07:29:07-03:00,2026-07-22,-77,ATIVA,VENCIDA,
DES000163,EXP000241,PGR-00076927/2026,DOCUMENTO,GABSUB3-DVT,GABSUB3-DVT-U03,Carla Modelo,GABSUB3-DVT-U02,Bruno Teste,2026-09-07T19:56:56-03:00,2026-09-12,-25,ATIVA,VENCIDA,
DES000164,EXP000242,PGR-00041522/2026,DOCUMENTO,GABSUB3-DVT,GABSUB3-DVT-U03,Carla Modelo,GABSUB3-DVT-U02,Bruno Teste,2026-09-12T20:32:32-03:00,2026-09-18,-19,ATIVA,VENCIDA,
DES000165,EXP000243,PGR-00006834/2026,DOCUMENTO,GABSUB3-DVT,GABSUB3-DVT-U03,Carla Modelo,GABSUB3-DVT-U02,Bruno Teste,2026-09-20T07:29:51-03:00,2026-09-26,-11,ATIVA,VENCIDA,
DES000166,EXP000246,PGR-00070325/2026,DOCUMENTO,GABSUB3-DVT,GABSUB3-DVT-U05,Elisa Amostra,GABSUB3-DVT-U02,Bruno Teste,2026-09-17T12:51:33-03:00,2026-09-26,-11,ATIVA,VENCIDA,
DES000167,EXP000248,PGR-00021680/2026,DOCUMENTO,GABSUB3-DVT,GABSUB3-DVT-U02,Bruno Teste,GABSUB3-DVT-U02,Bruno Teste,2026-10-06T21:11:03-03:00,2026-10-21,14,ATIVA,NO_PRAZO,
DES000168,EXP000250,PGR-00058271/2026,DOCUMENTO,GABSUB3-DVT,GABSUB3-DVT-U02,Bruno Teste,GABSUB3-DVT-U02,Bruno Teste,2026-09-11T03:29:16-03:00,2026-09-14,-23,ATIVA,VENCIDA,
DES000169,EXP000252,PGR-00097694/2026,DOCUMENTO,GABSUB3-DVT,GABSUB3-DVT-U02,Bruno Teste,GABSUB3-DVT-U02,Bruno Teste,2026-05-15T04:13:05-03:00,2026-05-26,-134,ATIVA,VENCIDA,
DES000170,EXP000254,PGR-00075658/2026,DOCUMENTO,GABSUB3-DVT,GABSUB3-DVT-U03,Carla Modelo,GABSUB3-DVT-U02,Bruno Teste,2026-09-03T20:43:21-03:00,2026-09-08,-29,ATIVA,VENCIDA,
DES000171,EXP000255,PGR-00030065/2026,DOCUMENTO,GABSUB3-DVT,GABSUB3-DVT-U04,Diego Fictício,GABSUB3-DVT-U02,Bruno Teste,2026-09-29T21:29:43-03:00,2026-10-10,3,ATIVA,NO_PRAZO,
DES000172,EXP000257,PGR-00034651/2026,DOCUMENTO,GABSUB3-DVT,GABSUB3-DVT-U05,Elisa Amostra,GABSUB3-DVT-U02,Bruno Teste,2026-08-07T14:05:36-03:00,2026-08-20,-48,ATIVA,VENCIDA,
DES000173,EXP000258,PGR-00032993/2026,DOCUMENTO,GABSUB3-DVT,GABSUB3-DVT-U05,Elisa Amostra,GABSUB3-DVT-U02,Bruno Teste,2026-07-21T05:34:41-03:00,2026-07-24,-75,ATIVA,VENCIDA,
DES000174,EXP000259,PGR-00091035/2026,DOCUMENTO,GABSUB3-DVT,GABSUB3-DVT-U03,Carla Modelo,GABSUB3-DVT-U02,Bruno Teste,2026-08-24T22:28:08-03:00,2026-09-07,-30,ATIVA,VENCIDA,
DES000175,EXP000261,PGR-00072612/2026,DOCUMENTO,GABSUB3-DVT,GABSUB3-DVT-U04,Diego Fictício,GABSUB3-DVT-U02,Bruno Teste,2026-10-02T20:46:43-03:00,2026-10-15,8,ATIVA,NO_PRAZO,
DES000176,EXP000262,PGR-00006752/2026,DOCUMENTO,GABSUB3-DVT,GABSUB3-DVT-U03,Carla Modelo,GABSUB3-DVT-U02,Bruno Teste,2026-09-23T14:40:34-03:00,2026-10-01,-6,ATIVA,VENCIDA,
DES000177,EXP000263,PGR-00067121/2026,DOCUMENTO,GABSUB3-DVT,GABSUB3-DVT-U04,Diego Fictício,GABSUB3-DVT-U02,Bruno Teste,2026-10-04T05:51:50-03:00,2026-10-12,5,ATIVA,NO_PRAZO,
DES000178,EXP000264,PGR-00070313/2026,DOCUMENTO,GABSUB3-DVT,GABSUB3-DVT-U05,Elisa Amostra,GABSUB3-DVT-U02,Bruno Teste,2026-09-19T00:58:34-03:00,2026-09-29,-8,ATIVA,VENCIDA,
DES000179,EXP000265,PGR-00005881/2026,DOCUMENTO,GABSUB3-DVT,GABSUB3-DVT-U02,Bruno Teste,GABSUB3-DVT-U02,Bruno Teste,2026-08-03T12:07:34-03:00,2026-08-18,-50,ATIVA,VENCIDA,
DES000180,EXP000267,PGR-00074083/2026,DOCUMENTO,GABSUB3-DVT,GABSUB3-DVT-U05,Elisa Amostra,GABSUB3-DVT-U02,Bruno Teste,2026-09-11T21:09:32-03:00,2026-09-26,-11,ATIVA,VENCIDA,
DES000181,EXP000270,PGR-00054378/2026,DOCUMENTO,GABSUB3-DVT,GABSUB3-DVT-U02,Bruno Teste,GABSUB3-DVT-U02,Bruno Teste,2026-09-02T09:34:44-03:00,2026-09-14,-23,ATIVA,VENCIDA,
DES000182,EXP000272,PGR-00096697/2026,DOCUMENTO,GABSUB3-DVT,GABSUB3-DVT-U05,Elisa Amostra,GABSUB3-DVT-U02,Bruno Teste,2026-10-01T11:19:52-03:00,2026-10-09,2,ATIVA,NO_PRAZO,
DES000183,EXP000274,PGR-00036785/2026,DOCUMENTO,GABSUB3-DVT,GABSUB3-DVT-U03,Carla Modelo,GABSUB3-DVT-U02,Bruno Teste,2026-09-01T13:50:34-03:00,2026-09-06,-31,ATIVA,VENCIDA,
DES000184,EXP000275,PGR-00065240/2026,DOCUMENTO,GABSUB3-DVT,GABSUB3-DVT-U04,Diego Fictício,GABSUB3-DVT-U02,Bruno Teste,2026-10-01T21:01:13-03:00,2026-10-09,2,ATIVA,NO_PRAZO,
DES000185,EXP000279,PGR-00094240/2026,DOCUMENTO,GABSUB3-DVT,GABSUB3-DVT-U03,Carla Modelo,GABSUB3-DVT-U02,Bruno Teste,2026-07-19T04:41:05-03:00,2026-07-26,-73,ATIVA,VENCIDA,
DES000186,EXP000281,PGR-00038650/2026,DOCUMENTO,GABSUB3-DVT,GABSUB3-DVT-U02,Bruno Teste,GABSUB3-DVT-U02,Bruno Teste,2026-09-25T06:05:00-03:00,2026-09-30,-7,ATIVA,VENCIDA,
DES000187,EXP000282,PGR-00053285/2026,DOCUMENTO,GABSUB3-DVT,GABSUB3-DVT-U03,Carla Modelo,GABSUB3-DVT-U02,Bruno Teste,2026-08-18T01:53:35-03:00,2026-08-28,-40,ATIVA,VENCIDA,
DES000188,EXP000283,PGR-00096178/2026,DOCUMENTO,GABSUB3-DVT,GABSUB3-DVT-U06,Fábio Demo,GABSUB3-DVT-U02,Bruno Teste,2026-10-05T00:43:21-03:00,2026-10-17,10,ATIVA,NO_PRAZO,
DES000189,EXP000284,PGR-00020478/2026,DOCUMENTO,GABSUB3-DVT,GABSUB3-DVT-U03,Carla Modelo,GABSUB3-DVT-U02,Bruno Teste,2026-09-19T01:27:42-03:00,2026-09-22,-15,ATIVA,VENCIDA,
DES000190,EXP000286,PGR-00014181/2026,DOCUMENTO,GABSUB3-DVT,GABSUB3-DVT-U05,Elisa Amostra,GABSUB3-DVT-U02,Bruno Teste,2026-09-08T05:41:30-03:00,2026-09-13,-24,ATIVA,VENCIDA,
DES000191,EXP000287,PGR-00005052/2026,DOCUMENTO,GABSUB3-DVT,GABSUB3-DVT-U05,Elisa Amostra,GABSUB3-DVT-U02,Bruno Teste,2026-09-21T17:54:42-03:00,2026-09-27,-10,ATIVA,VENCIDA,
DES000192,EXP000288,PGR-00004199/2026,DOCUMENTO,GABSUB3-DVT,GABSUB3-DVT-U05,Elisa Amostra,GABSUB3-DVT-U02,Bruno Teste,2026-05-14T19:27:00-03:00,2026-05-27,-133,ATIVA,VENCIDA,
DES000193,EXP000289,PGR-00037117/2026,DOCUMENTO,GABSUB3-DVT,GABSUB3-DVT-U03,Carla Modelo,GABSUB3-DVT-U02,Bruno Teste,2026-02-15T09:10:08-03:00,2026-02-18,-231,ATIVA,VENCIDA,
DES000194,EXP000290,PGR-00017643/2026,DOCUMENTO,GABSUB3-DVT,GABSUB3-DVT-U04,Diego Fictício,GABSUB3-DVT-U02,Bruno Teste,2026-08-16T22:48:47-03:00,2026-08-22,-46,ATIVA,VENCIDA,
DES000195,EXP000291,PGR-00082550/2026,DOCUMENTO,GABSUB3-DVT,GABSUB3-DVT-U04,Diego Fictício,GABSUB3-DVT-U02,Bruno Teste,2026-07-12T07:43:28-03:00,2026-07-23,-76,ATIVA,VENCIDA,
DES000196,EXP000293,PGR-00016246/2026,DOCUMENTO,GABSUB3-DVT,GABSUB3-DVT-U04,Diego Fictício,GABSUB3-DVT-U02,Bruno Teste,2026-09-30T16:10:29-03:00,2026-10-04,-3,ATIVA,VENCIDA,
DES000197,EXP000295,PGR-00099941/2026,DOCUMENTO,GABSUB3-DVT,GABSUB3-DVT-U04,Diego Fictício,GABSUB3-DVT-U02,Bruno Teste,2026-09-06T12:36:27-03:00,2026-09-19,-18,ATIVA,VENCIDA,
DES000198,EXP000296,PGR-00074942/2026,DOCUMENTO,GABSUB3-DVT,GABSUB3-DVT-U06,Fábio Demo,GABSUB3-DVT-U02,Bruno Teste,2026-09-09T11:02:08-03:00,2026-09-22,-15,ATIVA,VENCIDA,
DES000199,EXP000297,PGR-00095675/2026,DOCUMENTO,GABSUB3-DVT,GABSUB3-DVT-U05,Elisa Amostra,GABSUB3-DVT-U02,Bruno Teste,2026-09-28T06:51:14-03:00,2026-10-12,5,ATIVA,NO_PRAZO,
DES000200,EXP000298,PGR-00015507/2026,DOCUMENTO,GABSUB3-DVT,GABSUB3-DVT-U05,Elisa Amostra,GABSUB3-DVT-U02,Bruno Teste,2026-09-20T10:00:16-03:00,2026-09-23,-14,ATIVA,VENCIDA,
DES000201,EXP000301,PGR-00079021/2026,DOCUMENTO,GABSUB3-DVT,GABSUB3-DVT-U04,Diego Fictício,GABSUB3-DVT-U02,Bruno Teste,2026-08-03T23:31:04-03:00,2026-08-17,-51,ATIVA,VENCIDA,
DES000202,EXP000302,PGR-00083081/2026,DOCUMENTO,GABSUB3-DVT,GABSUB3-DVT-U02,Bruno Teste,GABSUB3-DVT-U02,Bruno Teste,2026-09-04T02:14:52-03:00,2026-09-14,-23,ATIVA,VENCIDA,
DES000203,EXP000304,PGR-00078035/2026,DOCUMENTO,GABSUB3-DVT,GABSUB3-DVT-U06,Fábio Demo,GABSUB3-DVT-U02,Bruno Teste,2026-09-02T08:51:47-03:00,2026-09-07,-30,ATIVA,VENCIDA,
DES000204,EXP000305,PGR-00051910/2026,DOCUMENTO,GABSUB3-DVT,GABSUB3-DVT-U04,Diego Fictício,GABSUB3-DVT-U02,Bruno Teste,2026-08-24T15:49:54-03:00,2026-08-30,-38,ATIVA,VENCIDA,
DES000205,EXP000306,PGR-00029177/2026,DOCUMENTO,GABSUB3-DVT,GABSUB3-DVT-U04,Diego Fictício,GABSUB3-DVT-U02,Bruno Teste,2026-10-06T15:26:39-03:00,2026-10-11,4,ATIVA,NO_PRAZO,
DES000206,EXP000307,PGR-00058655/2026,DOCUMENTO,GABSUB3-DVT,GABSUB3-DVT-U05,Elisa Amostra,GABSUB3-DVT-U02,Bruno Teste,2026-09-16T15:17:41-03:00,2026-09-28,-9,ATIVA,VENCIDA,
DES000207,EXP000310,PGR-00022589/2026,DOCUMENTO,GABSUB3-DVT,GABSUB3-DVT-U04,Diego Fictício,GABSUB3-DVT-U02,Bruno Teste,2026-08-20T04:50:33-03:00,2026-09-03,-34,ATIVA,VENCIDA,
DES000208,EXP000311,PGR-00043385/2026,DOCUMENTO,GABSUB3-DVT,GABSUB3-DVT-U03,Carla Modelo,GABSUB3-DVT-U02,Bruno Teste,2026-09-17T18:56:30-03:00,2026-09-20,-17,ATIVA,VENCIDA,
DES000209,EXP000312,PGR-00047317/2026,DOCUMENTO,GABSUB3-DVT,GABSUB3-DVT-U02,Bruno Teste,GABSUB3-DVT-U02,Bruno Teste,2026-09-22T15:18:09-03:00,2026-10-05,-2,ATIVA,VENCIDA,
DES000210,EXP000313,PGR-00056303/2026,DOCUMENTO,GABSUB3-DVT,GABSUB3-DVT-U04,Diego Fictício,GABSUB3-DVT-U02,Bruno Teste,2026-07-05T08:42:11-03:00,2026-07-09,-90,ATIVA,VENCIDA,
DES000211,EXP000315,PGR-00032985/2026,DOCUMENTO,GABSUB3-DVT,GABSUB3-DVT-U05,Elisa Amostra,GABSUB3-DVT-U02,Bruno Teste,2026-09-06T09:49:13-03:00,2026-09-14,-23,ATIVA,VENCIDA,
DES000212,EXP000316,PGR-00020402/2026,DOCUMENTO,GABSUB3-DVT,GABSUB3-DVT-U03,Carla Modelo,GABSUB3-DVT-U02,Bruno Teste,2026-09-25T19:43:14-03:00,2026-10-01,-6,ATIVA,VENCIDA,
DES000213,EXP000318,PGR-00048962/2026,DOCUMENTO,GABSUB3-DVT,GABSUB3-DVT-U05,Elisa Amostra,GABSUB3-DVT-U02,Bruno Teste,2026-09-21T18:56:07-03:00,2026-10-04,-3,ATIVA,VENCIDA,
DES000214,EXP000320,PGR-00084707/2026,DOCUMENTO,GABSUB3-DVT,GABSUB3-DVT-U04,Diego Fictício,GABSUB3-DVT-U02,Bruno Teste,2026-09-06T11:35:11-03:00,2026-09-17,-20,ATIVA,VENCIDA,
DES000215,EXP000321,PGR-00031857/2026,DOCUMENTO,GABSUB3-DVT,GABSUB3-DVT-U05,Elisa Amostra,GABSUB3-DVT-U02,Bruno Teste,2026-10-04T14:08:43-03:00,2026-10-09,2,ATIVA,NO_PRAZO,
DES000216,EXP000322,PGR-00042808/2026,DOCUMENTO,GABSUB3-DVT,GABSUB3-DVT-U03,Carla Modelo,GABSUB3-DVT-U02,Bruno Teste,2026-09-14T10:36:52-03:00,2026-09-21,-16,ATIVA,VENCIDA,
DES000217,EXP000323,PGR-00090830/2026,DOCUMENTO,GABSUB3-DVT,GABSUB3-DVT-U04,Diego Fictício,GABSUB3-DVT-U02,Bruno Teste,2026-09-28T18:45:10-03:00,2026-10-04,-3,ATIVA,VENCIDA,
DES000218,EXP000324,PGR-00015458/2026,DOCUMENTO,GABSUB3-DVT,GABSUB3-DVT-U03,Carla Modelo,GABSUB3-DVT-U02,Bruno Teste,2026-10-07T17:00:00-03:00,2026-10-10,3,ATIVA,NO_PRAZO,
DES000219,EXP000327,PGR-00042738/2026,DOCUMENTO,GABSUB3-DVT,GABSUB3-DVT-U03,Carla Modelo,GABSUB3-DVT-U02,Bruno Teste,2026-07-08T22:34:54-03:00,2026-07-12,-87,ATIVA,VENCIDA,
DES000220,EXP000330,PGR-00071832/2026,DOCUMENTO,GABSUB3-DVT,GABSUB3-DVT-U03,Carla Modelo,GABSUB3-DVT-U02,Bruno Teste,2026-05-15T21:31:04-03:00,2026-05-30,-130,ATIVA,VENCIDA,
DES000221,EXP000333,PGR-00011162/2026,DOCUMENTO,GABSUB3-DVT,GABSUB3-DVT-U02,Bruno Teste,GABSUB3-DVT-U02,Bruno Teste,2026-10-04T22:53:51-03:00,2026-10-08,1,ATIVA,NO_PRAZO,
DES000222,EXP000335,PGR-00060808/2026,DOCUMENTO,GABSUB3-DVT,GABSUB3-DVT-U06,Fábio Demo,GABSUB3-DVT-U02,Bruno Teste,2026-09-23T04:40:51-03:00,2026-10-07,0,ATIVA,NO_PRAZO,
DES000223,EXP000336,PGR-00084020/2026,DOCUMENTO,GABSUB3-DVT,GABSUB3-DVT-U06,Fábio Demo,GABSUB3-DVT-U02,Bruno Teste,2026-09-28T19:03:42-03:00,2026-10-03,-4,ATIVA,VENCIDA,
DES000224,EXP000337,PGR-00047758/2026,DOCUMENTO,GABSUB3-DVT,GABSUB3-DVT-U05,Elisa Amostra,GABSUB3-DVT-U02,Bruno Teste,2026-09-19T15:38:39-03:00,2026-09-30,-7,ATIVA,VENCIDA,
DES000225,EXP000340,PGR-00024360/2026,DOCUMENTO,GABSUB3-DVT,GABSUB3-DVT-U04,Diego Fictício,GABSUB3-DVT-U02,Bruno Teste,2026-10-02T01:37:25-03:00,2026-10-07,0,ATIVA,NO_PRAZO,
DES000226,EXP000341,PGR-00054844/2026,DOCUMENTO,GABSUB3-DVT,GABSUB3-DVT-U02,Bruno Teste,GABSUB3-DVT-U02,Bruno Teste,2026-09-26T00:24:51-03:00,2026-10-06,-1,ATIVA,VENCIDA,
DES000227,EXP000343,PGR-00006749/2026,DOCUMENTO,GABSUB3-DVT,GABSUB3-DVT-U05,Elisa Amostra,GABSUB3-DVT-U02,Bruno Teste,2026-10-07T09:50:58-03:00,2026-10-20,13,ATIVA,NO_PRAZO,
DES000228,EXP000344,PGR-00060253/2026,DOCUMENTO,GABSUB3-DVT,GABSUB3-DVT-U06,Fábio Demo,GABSUB3-DVT-U02,Bruno Teste,2026-09-26T13:47:11-03:00,2026-09-29,-8,ATIVA,VENCIDA,
DES000229,EXP000345,PGR-00000024/2026,DOCUMENTO,GABSUB3-DVT,GABSUB3-DVT-U03,Carla Modelo,GABSUB3-DVT-U02,Bruno Teste,2026-09-13T02:27:32-03:00,2026-09-18,-19,ATIVA,VENCIDA,
DES000230,EXP000346,PGR-00056295/2026,DOCUMENTO,GABSUB3-DVT,GABSUB3-DVT-U04,Diego Fictício,GABSUB3-DVT-U02,Bruno Teste,2026-09-06T09:16:08-03:00,2026-09-15,-22,ATIVA,VENCIDA,
DES000231,EXP000347,PGR-00014284/2026,DOCUMENTO,GABSUB3-DVT,GABSUB3-DVT-U02,Bruno Teste,GABSUB3-DVT-U02,Bruno Teste,2026-09-30T16:36:15-03:00,2026-10-04,-3,ATIVA,VENCIDA,
DES000232,EXP000348,PGR-00035166/2026,DOCUMENTO,GABSUB3-DVT,GABSUB3-DVT-U04,Diego Fictício,GABSUB3-DVT-U02,Bruno Teste,2026-10-05T01:12:41-03:00,2026-10-10,3,ATIVA,NO_PRAZO,
DES000233,EXP000351,PGR-00065593/2026,DOCUMENTO,GABSUB3-DVT,GABSUB3-DVT-U05,Elisa Amostra,GABSUB3-DVT-U02,Bruno Teste,2026-09-04T23:12:38-03:00,2026-09-12,-25,ATIVA,VENCIDA,
DES000234,EXP000352,PGR-00045472/2026,DOCUMENTO,GABSUB3-DVT,GABSUB3-DVT-U06,Fábio Demo,GABSUB3-DVT-U02,Bruno Teste,2026-09-08T04:33:22-03:00,2026-09-22,-15,ATIVA,VENCIDA,
DES000235,EXP000356,PGR-00014840/2026,DOCUMENTO,GABSUB3-DVT,GABSUB3-DVT-U02,Bruno Teste,GABSUB3-DVT-U02,Bruno Teste,2026-08-31T01:00:43-03:00,2026-09-05,-32,ATIVA,VENCIDA,
DES000236,EXP000374,STJ-ARESP-2964985,JUDICIAL,GABSUB3-DVT,GABSUB3-DVT-U06,Fábio Demo,GABSUB3-DVT-U02,Bruno Teste,2026-08-03T23:28:17-03:00,2026-08-09,-44,ENCERRADA,DEVOLVIDA_COM_ATRASO,2026-09-22T11:04:00-03:00
DES000237,EXP000375,STJ-MS-2804011,JUDICIAL,GABSUB3-DVT,GABSUB3-DVT-U04,Diego Fictício,GABSUB3-DVT-U02,Bruno Teste,2026-09-04T08:32:59-03:00,2026-09-18,-19,ATIVA,VENCIDA,
DES000238,EXP000376,STJ-AGINT-2464971,JUDICIAL,GABSUB3-DVT,GABSUB3-DVT-U06,Fábio Demo,GABSUB3-DVT-U02,Bruno Teste,2026-08-09T13:55:47-03:00,2026-08-14,-54,ATIVA,VENCIDA,
DES000239,EXP000377,STJ-ARESP-1787091,JUDICIAL,GABSUB3-DVT,GABSUB3-DVT-U04,Diego Fictício,GABSUB3-DVT-U02,Bruno Teste,2026-08-24T18:23:55-03:00,2026-08-28,-40,ATIVA,VENCIDA,
DES000240,EXP000379,STJ-MS-3616515,JUDICIAL,GABSUB3-DVT,GABSUB3-DVT-U05,Elisa Amostra,GABSUB3-DVT-U02,Bruno Teste,2026-08-15T22:58:21-03:00,2026-08-19,-49,ATIVA,VENCIDA,
DES000241,EXP000382,STJ-EDCL-3736879,JUDICIAL,GABSUB3-DVT,GABSUB3-DVT-U06,Fábio Demo,GABSUB3-DVT-U02,Bruno Teste,2026-09-23T02:33:51-03:00,2026-09-27,-10,ATIVA,VENCIDA,
DES000242,EXP000383,STJ-HC-1749426,JUDICIAL,GABSUB3-DVT,GABSUB3-DVT-U06,Fábio Demo,GABSUB3-DVT-U02,Bruno Teste,2026-09-22T06:56:23-03:00,2026-10-03,-4,ATIVA,VENCIDA,
DES000243,EXP000385,STJ-EDCL-3547183,JUDICIAL,GABSUB3-DVT,GABSUB3-DVT-U06,Fábio Demo,GABSUB3-DVT-U02,Bruno Teste,2026-09-20T03:29:50-03:00,2026-09-29,-8,ATIVA,VENCIDA,
DES000244,EXP000386,STJ-EDCL-2379379,JUDICIAL,GABSUB3-DVT,GABSUB3-DVT-U02,Bruno Teste,GABSUB3-DVT-U02,Bruno Teste,2026-09-23T22:36:10-03:00,2026-10-06,-1,ATIVA,VENCIDA,
DES000245,EXP000387,STJ-MS-2899119,JUDICIAL,GABSUB3-DVT,GABSUB3-DVT-U05,Elisa Amostra,GABSUB3-DVT-U02,Bruno Teste,2026-10-05T16:24:17-03:00,2026-10-16,9,ATIVA,NO_PRAZO,
DES000246,EXP000389,STJ-RESP-1464744,JUDICIAL,GABSUB3-DVT,GABSUB3-DVT-U03,Carla Modelo,GABSUB3-DVT-U02,Bruno Teste,2026-07-21T18:18:57-03:00,2026-08-02,-66,ATIVA,VENCIDA,
DES000247,EXP000390,STJ-CC-2106508,JUDICIAL,GABSUB3-DVT,GABSUB3-DVT-U03,Carla Modelo,GABSUB3-DVT-U02,Bruno Teste,2026-09-09T02:03:18-03:00,2026-09-18,-19,ATIVA,VENCIDA,
DES000248,EXP000392,STJ-RESP-2550973,JUDICIAL,GABSUB3-DVT,GABSUB3-DVT-U02,Bruno Teste,GABSUB3-DVT-U02,Bruno Teste,2026-10-02T06:26:04-03:00,2026-10-05,-2,ATIVA,VENCIDA,
DES000249,EXP000393,STJ-ARESP-3601395,JUDICIAL,GABSUB3-DVT,GABSUB3-DVT-U02,Bruno Teste,GABSUB3-DVT-U02,Bruno Teste,2026-07-21T04:51:05-03:00,2026-07-26,-73,ATIVA,VENCIDA,
DES000250,EXP000394,STJ-CC-3793539,JUDICIAL,GABSUB3-DVT,GABSUB3-DVT-U05,Elisa Amostra,GABSUB3-DVT-U02,Bruno Teste,2026-10-03T15:00:44-03:00,2026-10-09,2,ATIVA,NO_PRAZO,
DES000251,EXP000397,STJ-EDCL-1034960,JUDICIAL,GABSUB3-DVT,GABSUB3-DVT-U02,Bruno Teste,GABSUB3-DVT-U02,Bruno Teste,2026-09-24T06:40:02-03:00,2026-10-01,-6,ATIVA,VENCIDA,
DES000252,EXP000398,STJ-EDCL-3790580,JUDICIAL,GABSUB3-DVT,GABSUB3-DVT-U05,Elisa Amostra,GABSUB3-DVT-U02,Bruno Teste,2026-09-23T02:32:25-03:00,2026-10-02,-5,ATIVA,VENCIDA,
DES000253,EXP000399,STJ-HC-2048662,JUDICIAL,GABSUB3-DVT,GABSUB3-DVT-U06,Fábio Demo,GABSUB3-DVT-U02,Bruno Teste,2026-10-02T21:01:11-03:00,2026-10-16,9,ATIVA,NO_PRAZO,
DES000254,EXP000400,STJ-AGINT-3148352,JUDICIAL,GABSUB3-DVT,GABSUB3-DVT-U02,Bruno Teste,GABSUB3-DVT-U02,Bruno Teste,2026-06-19T10:02:39-03:00,2026-06-22,-107,ATIVA,VENCIDA,
DES000255,EXP000401,STJ-APN-3077459,JUDICIAL,GABSUB3-DVT,GABSUB3-DVT-U02,Bruno Teste,GABSUB3-DVT-U02,Bruno Teste,2026-09-07T01:40:46-03:00,2026-09-19,-18,ATIVA,VENCIDA,
DES000256,EXP000402,STJ-ARESP-3028867,JUDICIAL,GABSUB3-DVT,GABSUB3-DVT-U03,Carla Modelo,GABSUB3-DVT-U02,Bruno Teste,2026-09-16T04:38:58-03:00,2026-09-27,-10,ATIVA,VENCIDA,
DES000257,EXP000403,STJ-MS-2946005,JUDICIAL,GABSUB3-DVT,GABSUB3-DVT-U02,Bruno Teste,GABSUB3-DVT-U02,Bruno Teste,2026-06-22T00:02:22-03:00,2026-06-30,-99,ATIVA,VENCIDA,
DES000258,EXP000404,STJ-HC-2475838,JUDICIAL,GABSUB3-DVT,GABSUB3-DVT-U03,Carla Modelo,GABSUB3-DVT-U02,Bruno Teste,2026-09-24T20:27:39-03:00,2026-10-08,1,ATIVA,NO_PRAZO,
DES000259,EXP000406,STJ-APN-2059041,JUDICIAL,GABSUB3-DVT,GABSUB3-DVT-U02,Bruno Teste,GABSUB3-DVT-U02,Bruno Teste,2026-09-25T03:35:43-03:00,2026-09-28,-9,ATIVA,VENCIDA,
DES000260,EXP000408,STJ-ARESP-2012499,JUDICIAL,GABSUB3-DVT,GABSUB3-DVT-U04,Diego Fictício,GABSUB3-DVT-U02,Bruno Teste,2026-08-27T04:21:00-03:00,2026-09-04,-33,ATIVA,VENCIDA,
DES000261,EXP000409,STJ-CC-1175075,JUDICIAL,GABSUB3-DVT,GABSUB3-DVT-U03,Carla Modelo,GABSUB3-DVT-U02,Bruno Teste,2026-09-07T01:03:47-03:00,2026-09-19,-18,ATIVA,VENCIDA,
DES000262,EXP000410,STJ-ARESP-3582237,JUDICIAL,GABSUB3-DVT,GABSUB3-DVT-U02,Bruno Teste,GABSUB3-DVT-U02,Bruno Teste,2026-08-30T12:54:30-03:00,2026-09-13,-24,ATIVA,VENCIDA,
DES000263,EXP000412,STJ-ARESP-3185212,JUDICIAL,GABSUB3-DVT,GABSUB3-DVT-U02,Bruno Teste,GABSUB3-DVT-U02,Bruno Teste,2026-07-20T20:36:53-03:00,2026-07-27,-72,ATIVA,VENCIDA,
DES000264,EXP000414,1.16.775.478661/2021-13,EXTRAJUDICIAL,GABSUB3-DVT,GABSUB3-DVT-U06,Fábio Demo,GABSUB3-DVT-U02,Bruno Teste,2026-08-20T12:38:36-03:00,2026-08-29,-39,ATIVA,VENCIDA,
DES000265,EXP000419,PGR-00042435/2026,DOCUMENTO,GABSUB3-DVT,GABSUB3-DVT-U02,Bruno Teste,GABSUB3-DVT-U02,Bruno Teste,2026-08-23T10:01:46-03:00,2026-08-29,4,ENCERRADA,DEVOLVIDA_NO_PRAZO,2026-08-25T08:01:00-03:00
DES000266,EXP000424,PGR-00066139/2026,DOCUMENTO,GABSUB3-DVT,GABSUB3-DVT-U03,Carla Modelo,GABSUB3-DVT-U02,Bruno Teste,2026-07-15T21:35:02-03:00,2026-07-26,-4,ENCERRADA,DEVOLVIDA_COM_ATRASO,2026-07-30T00:22:00-03:00
DES000267,EXP000426,PGR-00059759/2026,DOCUMENTO,GABSUB3-DVT,GABSUB3-DVT-U04,Diego Fictício,GABSUB3-DVT-U02,Bruno Teste,2026-07-19T19:30:09-03:00,2026-07-23,-28,ENCERRADA,DEVOLVIDA_COM_ATRASO,2026-08-20T13:17:00-03:00
DES000268,EXP000428,PGR-00039320/2026,DOCUMENTO,GABSUB3-DVT,GABSUB3-DVT-U03,Carla Modelo,GABSUB3-DVT-U02,Bruno Teste,2026-07-12T17:18:33-03:00,2026-07-19,-5,ENCERRADA,DEVOLVIDA_COM_ATRASO,2026-07-24T01:29:00-03:00
DES000269,EXP000430,PGR-00048202/2026,DOCUMENTO,GABSUB3-DVT,GABSUB3-DVT-U05,Elisa Amostra,GABSUB3-DVT-U02,Bruno Teste,2026-07-09T19:14:19-03:00,2026-07-24,-15,ENCERRADA,DEVOLVIDA_COM_ATRASO,2026-08-08T02:39:00-03:00
DES000270,EXP000431,PGR-00043140/2026,DOCUMENTO,GABSUB3-DVT,GABSUB3-DVT-U02,Bruno Teste,GABSUB3-DVT-U02,Bruno Teste,2026-08-30T11:01:54-03:00,2026-09-12,-11,ENCERRADA,DEVOLVIDA_COM_ATRASO,2026-09-23T05:35:00-03:00
DES000271,EXP000433,PGR-00001599/2026,DOCUMENTO,GABSUB3-DVT,GABSUB3-DVT-U05,Elisa Amostra,GABSUB3-DVT-U02,Bruno Teste,2026-09-05T12:46:44-03:00,2026-09-14,-23,ENCERRADA,DEVOLVIDA_COM_ATRASO,2026-10-07T16:00:00-03:00
DES000272,EXP000437,PGR-00057576/2026,DOCUMENTO,GABSUB3-DVT,GABSUB3-DVT-U05,Elisa Amostra,GABSUB3-DVT-U02,Bruno Teste,2026-08-12T19:01:54-03:00,2026-08-20,-3,ENCERRADA,DEVOLVIDA_COM_ATRASO,2026-08-23T23:08:00-03:00
DES000273,EXP000439,PGR-00014476/2026,DOCUMENTO,GABSUB3-DVT,GABSUB3-DVT-U06,Fábio Demo,GABSUB3-DVT-U02,Bruno Teste,2026-07-18T08:59:01-03:00,2026-07-23,-29,ENCERRADA,DEVOLVIDA_COM_ATRASO,2026-08-21T18:21:00-03:00
DES000274,EXP000441,PGR-00051194/2026,DOCUMENTO,GABSUB3-DVT,GABSUB3-DVT-U04,Diego Fictício,GABSUB3-DVT-U02,Bruno Teste,2026-07-08T07:44:08-03:00,2026-07-14,5,ENCERRADA,DEVOLVIDA_NO_PRAZO,2026-07-09T05:54:00-03:00
DES000275,EXP000443,PGR-00047392/2026,DOCUMENTO,GABSUB3-DVT,GABSUB3-DVT-U03,Carla Modelo,GABSUB3-DVT-U02,Bruno Teste,2026-09-25T06:14:11-03:00,2026-10-07,0,ENCERRADA,DEVOLVIDA_NO_PRAZO,2026-10-07T16:00:00-03:00
DES000276,EXP000444,PGR-00003552/2026,DOCUMENTO,GABSUB3-DVT,GABSUB3-DVT-U02,Bruno Teste,GABSUB3-DVT-U02,Bruno Teste,2026-07-06T06:29:29-03:00,2026-07-13,-36,ENCERRADA,DEVOLVIDA_COM_ATRASO,2026-08-18T06:41:00-03:00
DES000277,EXP000447,PGR-00054604/2026,DOCUMENTO,GABSUB3-DVT,GABSUB3-DVT-U06,Fábio Demo,GABSUB3-DVT-U02,Bruno Teste,2026-06-23T23:08:01-03:00,2026-07-07,-15,ENCERRADA,DEVOLVIDA_COM_ATRASO,2026-07-22T04:30:00-03:00
DES000278,EXP000448,PGR-00038779/2026,DOCUMENTO,GABSUB3-DVT,GABSUB3-DVT-U05,Elisa Amostra,GABSUB3-DVT-U02,Bruno Teste,2026-08-13T15:31:54-03:00,2026-08-18,-37,ENCERRADA,DEVOLVIDA_COM_ATRASO,2026-09-24T19:48:00-03:00
DES000279,EXP000449,PGR-00026348/2026,DOCUMENTO,GABSUB3-DVT,GABSUB3-DVT-U04,Diego Fictício,GABSUB3-DVT-U02,Bruno Teste,2026-07-17T07:08:35-03:00,2026-07-29,-30,ENCERRADA,DEVOLVIDA_COM_ATRASO,2026-08-28T04:16:00-03:00
DES000280,EXP000451,PGR-00006151/2026,DOCUMENTO,GABSUB3-DVT,GABSUB3-DVT-U04,Diego Fictício,GABSUB3-DVT-U02,Bruno Teste,2026-06-22T12:17:47-03:00,2026-06-27,-24,ENCERRADA,DEVOLVIDA_COM_ATRASO,2026-07-21T10:10:00-03:00
DES000281,EXP000452,PGR-00019515/2026,DOCUMENTO,GABSUB3-DVT,GABSUB3-DVT-U04,Diego Fictício,GABSUB3-DVT-U02,Bruno Teste,2026-07-16T15:05:17-03:00,2026-07-20,-34,ENCERRADA,DEVOLVIDA_COM_ATRASO,2026-08-23T13:27:00-03:00
DES000282,EXP000453,PGR-00050028/2026,DOCUMENTO,GABSUB3-DVT,GABSUB3-DVT-U06,Fábio Demo,GABSUB3-DVT-U02,Bruno Teste,2026-09-26T01:57:59-03:00,2026-10-05,-1,ENCERRADA,DEVOLVIDA_COM_ATRASO,2026-10-06T18:37:00-03:00
DES000283,EXP000454,PGR-00086443/2026,DOCUMENTO,GABSUB3-DVT,GABSUB3-DVT-U02,Bruno Teste,GABSUB3-DVT-U02,Bruno Teste,2026-08-26T03:58:52-03:00,2026-09-09,-24,ENCERRADA,DEVOLVIDA_COM_ATRASO,2026-10-03T18:48:00-03:00
DES000284,EXP000455,PGR-00015418/2026,DOCUMENTO,GABSUB3-DVT,GABSUB3-DVT-U02,Bruno Teste,GABSUB3-DVT-U02,Bruno Teste,2026-08-02T03:26:59-03:00,2026-08-06,-34,ENCERRADA,DEVOLVIDA_COM_ATRASO,2026-09-09T07:29:00-03:00
DES000285,EXP000456,PGR-00048656/2026,DOCUMENTO,GABSUB3-DVT,GABSUB3-DVT-U02,Bruno Teste,GABSUB3-DVT-U02,Bruno Teste,2026-07-23T02:21:36-03:00,2026-08-03,2,ENCERRADA,DEVOLVIDA_NO_PRAZO,2026-08-01T20:09:00-03:00
DES000286,EXP000457,PGR-00022372/2026,DOCUMENTO,GABSUB3-DVT,GABSUB3-DVT-U02,Bruno Teste,GABSUB3-DVT-U02,Bruno Teste,2026-06-21T21:37:38-03:00,2026-06-30,-7,ENCERRADA,DEVOLVIDA_COM_ATRASO,2026-07-07T11:56:00-03:00
DES000287,EXP000458,PGR-00020103/2026,DOCUMENTO,GABSUB3-DVT,GABSUB3-DVT-U06,Fábio Demo,GABSUB3-DVT-U02,Bruno Teste,2026-09-30T05:38:06-03:00,2026-10-10,10,ENCERRADA,DEVOLVIDA_NO_PRAZO,2026-09-30T07:33:00-03:00
DES000288,EXP000459,PGR-00013088/2026,DOCUMENTO,GABSUB3-DVT,GABSUB3-DVT-U06,Fábio Demo,GABSUB3-DVT-U02,Bruno Teste,2026-08-15T15:14:01-03:00,2026-08-22,-23,ENCERRADA,DEVOLVIDA_COM_ATRASO,2026-09-14T05:22:00-03:00
DES000289,EXP000460,PGR-00074057/2026,DOCUMENTO,GABSUB3-DVT,GABSUB3-DVT-U03,Carla Modelo,GABSUB3-DVT-U02,Bruno Teste,2026-08-05T12:25:31-03:00,2026-08-20,-2,ENCERRADA,DEVOLVIDA_COM_ATRASO,2026-08-22T23:34:00-03:00
DES000290,EXP000461,PGR-00044895/2026,DOCUMENTO,GABSUB3-DVT,GABSUB3-DVT-U02,Bruno Teste,GABSUB3-DVT-U02,Bruno Teste,2026-07-07T03:44:15-03:00,2026-07-15,-31,ENCERRADA,DEVOLVIDA_COM_ATRASO,2026-08-15T23:47:00-03:00
DES000291,EXP000462,PGR-00014772/2026,DOCUMENTO,GABSUB3-DVT,GABSUB3-DVT-U06,Fábio Demo,GABSUB3-DVT-U02,Bruno Teste,2026-09-27T03:41:07-03:00,2026-10-12,8,ENCERRADA,DEVOLVIDA_NO_PRAZO,2026-10-04T08:09:00-03:00
DES000292,EXP000467,PGR-00043737/2026,DOCUMENTO,GABSUB3-DVT,GABSUB3-DVT-U05,Elisa Amostra,GABSUB3-DVT-U02,Bruno Teste,2026-08-29T08:47:38-03:00,2026-09-07,-23,ENCERRADA,DEVOLVIDA_COM_ATRASO,2026-09-30T05:19:00-03:00
DES000293,EXP000468,PGR-00026535/2026,DOCUMENTO,GABSUB3-DVT,GABSUB3-DVT-U04,Diego Fictício,GABSUB3-DVT-U02,Bruno Teste,2026-09-11T14:09:56-03:00,2026-09-15,-3,ENCERRADA,DEVOLVIDA_COM_ATRASO,2026-09-18T23:24:00-03:00
DES000294,EXP000470,PGR-00058794/2026,DOCUMENTO,GABSUB3-DVT,GABSUB3-DVT-U06,Fábio Demo,GABSUB3-DVT-U02,Bruno Teste,2026-07-16T09:15:57-03:00,2026-07-28,4,ENCERRADA,DEVOLVIDA_NO_PRAZO,2026-07-24T02:53:00-03:00
DES000295,EXP000472,PGR-00022667/2026,DOCUMENTO,GABSUB3-DVT,GABSUB3-DVT-U06,Fábio Demo,GABSUB3-DVT-U02,Bruno Teste,2026-08-20T06:08:14-03:00,2026-08-28,-23,ENCERRADA,DEVOLVIDA_COM_ATRASO,2026-09-20T13:28:00-03:00
DES000296,EXP000473,PGR-00059337/2026,DOCUMENTO,GABSUB3-DVT,GABSUB3-DVT-U06,Fábio Demo,GABSUB3-DVT-U02,Bruno Teste,2026-08-19T12:32:24-03:00,2026-09-03,-27,ENCERRADA,DEVOLVIDA_COM_ATRASO,2026-09-30T04:12:00-03:00
DES000297,EXP000475,PGR-00063229/2026,DOCUMENTO,GABSUB3-DVT,GABSUB3-DVT-U04,Diego Fictício,GABSUB3-DVT-U02,Bruno Teste,2026-06-29T01:21:06-03:00,2026-07-09,-20,ENCERRADA,DEVOLVIDA_COM_ATRASO,2026-07-29T18:50:00-03:00
DES000298,EXP000479,PGR-00025266/2026,DOCUMENTO,GABSUB3-DVT,GABSUB3-DVT-U03,Carla Modelo,GABSUB3-DVT-U02,Bruno Teste,2026-06-28T07:51:31-03:00,2026-07-07,-12,ENCERRADA,DEVOLVIDA_COM_ATRASO,2026-07-19T10:52:00-03:00
DES000299,EXP000483,PGR-00034463/2026,DOCUMENTO,GABSUB3-DVT,GABSUB3-DVT-U03,Carla Modelo,GABSUB3-DVT-U02,Bruno Teste,2026-06-12T01:38:37-03:00,2026-06-26,-1,ENCERRADA,DEVOLVIDA_COM_ATRASO,2026-06-27T15:22:00-03:00
DES000300,EXP000485,PGR-00002868/2026,DOCUMENTO,GABSUB3-DVT,GABSUB3-DVT-U05,Elisa Amostra,GABSUB3-DVT-U02,Bruno Teste,2026-08-01T16:11:32-03:00,2026-08-12,-14,ENCERRADA,DEVOLVIDA_COM_ATRASO,2026-08-26T03:26:00-03:00
DES000301,EXP000488,PGR-00089585/2026,DOCUMENTO,GABSUB3-DVT,GABSUB3-DVT-U05,Elisa Amostra,GABSUB3-DVT-U02,Bruno Teste,2026-06-18T09:21:57-03:00,2026-06-29,-16,ENCERRADA,DEVOLVIDA_COM_ATRASO,2026-07-15T08:28:00-03:00
DES000302,EXP000493,PGR-00075976/2026,DOCUMENTO,GABSUB3-DVT,GABSUB3-DVT-U04,Diego Fictício,GABSUB3-DVT-U02,Bruno Teste,2026-09-15T17:46:22-03:00,2026-09-18,-19,ENCERRADA,DEVOLVIDA_COM_ATRASO,2026-10-07T16:00:00-03:00
DES000303,EXP000498,PGR-00053753/2026,DOCUMENTO,GABSUB3-DVT,GABSUB3-DVT-U06,Fábio Demo,GABSUB3-DVT-U02,Bruno Teste,2026-07-02T03:11:16-03:00,2026-07-06,-16,ENCERRADA,DEVOLVIDA_COM_ATRASO,2026-07-22T15:28:00-03:00
DES000304,EXP000504,PGR-00028418/2026,DOCUMENTO,GABSUB3-DVT,GABSUB3-DVT-U06,Fábio Demo,GABSUB3-DVT-U02,Bruno Teste,2026-06-20T11:57:29-03:00,2026-07-05,7,ENCERRADA,DEVOLVIDA_NO_PRAZO,2026-06-28T22:02:00-03:00
DES000305,EXP000505,PGR-00074580/2026,DOCUMENTO,GABSUB3-DVT,GABSUB3-DVT-U05,Elisa Amostra,GABSUB3-DVT-U02,Bruno Teste,2026-07-30T03:45:41-03:00,2026-08-06,4,ENCERRADA,DEVOLVIDA_NO_PRAZO,2026-08-02T14:57:00-03:00
DES000306,EXP000508,PGR-00071913/2026,DOCUMENTO,GABSUB3-DVT,GABSUB3-DVT-U03,Carla Modelo,GABSUB3-DVT-U02,Bruno Teste,2026-07-17T08:49:59-03:00,2026-07-27,5,ENCERRADA,DEVOLVIDA_NO_PRAZO,2026-07-22T03:53:00-03:00
DES000307,EXP000509,PGR-00011814/2026,DOCUMENTO,GABSUB3-DVT,GABSUB3-DVT-U05,Elisa Amostra,GABSUB3-DVT-U02,Bruno Teste,2026-07-30T16:27:08-03:00,2026-08-08,2,ENCERRADA,DEVOLVIDA_NO_PRAZO,2026-08-06T04:45:00-03:00
DES000308,EXP000513,PGR-00058716/2026,DOCUMENTO,GABSUB3-DVT,GABSUB3-DVT-U06,Fábio Demo,GABSUB3-DVT-U02,Bruno Teste,2026-06-14T19:51:20-03:00,2026-06-19,-12,ENCERRADA,DEVOLVIDA_COM_ATRASO,2026-07-01T16:30:00-03:00
DES000309,EXP000514,PGR-00066949/2026,DOCUMENTO,GABSUB3-DVT,GABSUB3-DVT-U04,Diego Fictício,GABSUB3-DVT-U02,Bruno Teste,2026-09-05T11:59:07-03:00,2026-09-19,-17,ENCERRADA,DEVOLVIDA_COM_ATRASO,2026-10-06T10:56:00-03:00
DES000310,EXP000515,PGR-00036223/2026,DOCUMENTO,GABSUB3-DVT,GABSUB3-DVT-U03,Carla Modelo,GABSUB3-DVT-U02,Bruno Teste,2026-06-28T09:45:31-03:00,2026-07-11,-23,ENCERRADA,DEVOLVIDA_COM_ATRASO,2026-08-03T09:47:00-03:00
DES000311,EXP000516,PGR-00040907/2026,DOCUMENTO,GABSUB3-DVT,GABSUB3-DVT-U02,Bruno Teste,GABSUB3-DVT-U02,Bruno Teste,2026-07-21T03:10:31-03:00,2026-07-24,-4,ENCERRADA,DEVOLVIDA_COM_ATRASO,2026-07-28T09:34:00-03:00
DES000312,EXP000519,PGR-00043540/2026,DOCUMENTO,GABSUB3-DVT,GABSUB3-DVT-U06,Fábio Demo,GABSUB3-DVT-U02,Bruno Teste,2026-07-01T07:27:34-03:00,2026-07-04,-9,ENCERRADA,DEVOLVIDA_COM_ATRASO,2026-07-13T23:57:00-03:00
DES000313,EXP000520,PGR-00097574/2026,DOCUMENTO,GABSUB3-DVT,GABSUB3-DVT-U04,Diego Fictício,GABSUB3-DVT-U02,Bruno Teste,2026-08-06T03:22:15-03:00,2026-08-12,5,ENCERRADA,DEVOLVIDA_NO_PRAZO,2026-08-07T16:56:00-03:00
DES000314,EXP000521,PGR-00093437/2026,DOCUMENTO,GABSUB3-DVT,GABSUB3-DVT-U04,Diego Fictício,GABSUB3-DVT-U02,Bruno Teste,2026-06-10T21:22:27-03:00,2026-06-25,8,ENCERRADA,DEVOLVIDA_NO_PRAZO,2026-06-17T00:40:00-03:00
DES000315,EXP000523,PGR-00017377/2026,DOCUMENTO,GABSUB3-DVT,GABSUB3-DVT-U02,Bruno Teste,GABSUB3-DVT-U02,Bruno Teste,2026-07-19T06:26:45-03:00,2026-07-31,7,ENCERRADA,DEVOLVIDA_NO_PRAZO,2026-07-24T17:14:00-03:00
DES000316,EXP000524,PGR-00086126/2026,DOCUMENTO,GABSUB3-DVT,GABSUB3-DVT-U06,Fábio Demo,GABSUB3-DVT-U02,Bruno Teste,2026-09-25T00:29:04-03:00,2026-09-30,-5,ENCERRADA,DEVOLVIDA_COM_ATRASO,2026-10-05T23:58:00-03:00
DES000317,EXP000527,PGR-00040392/2026,DOCUMENTO,GABSUB3-DVT,GABSUB3-DVT-U04,Diego Fictício,GABSUB3-DVT-U02,Bruno Teste,2026-06-20T23:14:38-03:00,2026-07-01,-28,ENCERRADA,DEVOLVIDA_COM_ATRASO,2026-07-29T05:51:00-03:00
DES000318,EXP000532,PGR-00073065/2026,DOCUMENTO,GABSUB3-DVT,GABSUB3-DVT-U02,Bruno Teste,GABSUB3-DVT-U02,Bruno Teste,2026-09-10T08:40:53-03:00,2026-09-14,-8,ENCERRADA,DEVOLVIDA_COM_ATRASO,2026-09-22T07:41:00-03:00
DES000319,EXP000533,PGR-00057335/2026,DOCUMENTO,GABSUB3-DVT,GABSUB3-DVT-U04,Diego Fictício,GABSUB3-DVT-U02,Bruno Teste,2026-08-23T05:14:16-03:00,2026-09-06,-19,ENCERRADA,DEVOLVIDA_COM_ATRASO,2026-09-25T21:16:00-03:00
DES000320,EXP000535,PGR-00000903/2026,DOCUMENTO,GABSUB3-DVT,GABSUB3-DVT-U05,Elisa Amostra,GABSUB3-DVT-U02,Bruno Teste,2026-06-17T22:23:05-03:00,2026-07-02,-22,ENCERRADA,DEVOLVIDA_COM_ATRASO,2026-07-24T10:03:00-03:00
DES000321,EXP000536,PGR-00093881/2026,DOCUMENTO,GABSUB3-DVT,GABSUB3-DVT-U03,Carla Modelo,GABSUB3-DVT-U02,Bruno Teste,2026-08-16T21:14:22-03:00,2026-08-28,-2,ENCERRADA,DEVOLVIDA_COM_ATRASO,2026-08-30T07:07:00-03:00
DES000322,EXP000539,PGR-00086607/2026,DOCUMENTO,GABSUB3-DVT,GABSUB3-DVT-U02,Bruno Teste,GABSUB3-DVT-U02,Bruno Teste,2026-08-19T05:53:03-03:00,2026-08-24,-15,ENCERRADA,DEVOLVIDA_COM_ATRASO,2026-09-08T12:44:00-03:00
DES000323,EXP000540,STJ-HC-1869289,JUDICIAL,GABSUB3-DVT,GABSUB3-DVT-U02,Bruno Teste,GABSUB3-DVT-U02,Bruno Teste,2026-07-24T01:50:16-03:00,2026-07-30,-20,ENCERRADA,DEVOLVIDA_COM_ATRASO,2026-08-19T22:28:00-03:00
DES000324,EXP000541,STJ-RESP-3444186,JUDICIAL,GABSUB3-DVT,GABSUB3-DVT-U06,Fábio Demo,GABSUB3-DVT-U02,Bruno Teste,2026-08-05T03:34:06-03:00,2026-08-18,10,ENCERRADA,DEVOLVIDA_NO_PRAZO,2026-08-08T09:51:00-03:00
DES000325,EXP000542,STJ-EDCL-1499826,JUDICIAL,GABSUB3-DVT,GABSUB3-DVT-U02,Bruno Teste,GABSUB3-DVT-U02,Bruno Teste,2026-06-25T20:00:24-03:00,2026-07-01,-14,ENCERRADA,DEVOLVIDA_COM_ATRASO,2026-07-15T20:35:00-03:00
DES000326,EXP000543,STJ-AGINT-1228035,JUDICIAL,GABSUB3-DVT,GABSUB3-DVT-U05,Elisa Amostra,GABSUB3-DVT-U02,Bruno Teste,2026-08-23T20:04:35-03:00,2026-08-31,-5,ENCERRADA,DEVOLVIDA_COM_ATRASO,2026-09-05T11:53:00-03:00
DES000327,EXP000544,STJ-ARESP-3597435,JUDICIAL,GABSUB3-DVT,GABSUB3-DVT-U03,Carla Modelo,GABSUB3-DVT-U02,Bruno Teste,2026-07-18T03:40:06-03:00,2026-07-27,-4,ENCERRADA,DEVOLVIDA_COM_ATRASO,2026-07-31T07:37:00-03:00
DES000328,EXP000545,STJ-RESP-1060164,JUDICIAL,GABSUB3-DVT,GABSUB3-DVT-U03,Carla Modelo,GABSUB3-DVT-U02,Bruno Teste,2026-06-18T10:04:25-03:00,2026-06-22,-37,ENCERRADA,DEVOLVIDA_COM_ATRASO,2026-07-29T17:39:00-03:00
DES000329,EXP000547,STJ-EDCL-3284180,JUDICIAL,GABSUB3-DVT,GABSUB3-DVT-U05,Elisa Amostra,GABSUB3-DVT-U02,Bruno Teste,2026-06-26T14:12:46-03:00,2026-07-06,-13,ENCERRADA,DEVOLVIDA_COM_ATRASO,2026-07-19T14:08:00-03:00
DES000330,EXP000548,STJ-HC-3707273,JUDICIAL,GABSUB3-DVT,GABSUB3-DVT-U03,Carla Modelo,GABSUB3-DVT-U02,Bruno Teste,2026-08-14T22:18:30-03:00,2026-08-29,-22,ENCERRADA,DEVOLVIDA_COM_ATRASO,2026-09-20T16:58:00-03:00
DES000331,EXP000556,STJ-RHC-1101122,JUDICIAL,GABSUB3-DVT,GABSUB3-DVT-U03,Carla Modelo,GABSUB3-DVT-U02,Bruno Teste,2026-07-07T07:45:19-03:00,2026-07-16,-16,ENCERRADA,DEVOLVIDA_COM_ATRASO,2026-08-01T06:40:00-03:00
DES000332,EXP000558,STJ-HC-3153292,JUDICIAL,GABSUB3-DVT,GABSUB3-DVT-U05,Elisa Amostra,GABSUB3-DVT-U02,Bruno Teste,2026-09-20T12:50:28-03:00,2026-09-28,-2,ENCERRADA,DEVOLVIDA_COM_ATRASO,2026-09-30T03:07:00-03:00
DES000333,EXP000560,1.25.523.292441/2023-72,EXTRAJUDICIAL,GABSUB3-DVT,GABSUB3-DVT-U05,Elisa Amostra,GABSUB3-DVT-U02,Bruno Teste,2026-08-27T20:42:49-03:00,2026-09-04,-12,ENCERRADA,DEVOLVIDA_COM_ATRASO,2026-09-16T08:03:00-03:00
DES000334,EXP001231,PGR-00094793/2026,DOCUMENTO,CIVINT/STIC,CIVINT-STIC-U03,Isabela Piloto,CIVINT-STIC-U01,Gabriela Simulada,2026-10-06T21:28:23-03:00,2026-10-10,4,ENCERRADA,DEVOLVIDA_NO_PRAZO,2026-10-06T22:28:06-03:00
DES000335,EXP001232,PGR-00005481/2026,DOCUMENTO,CIVINT/STIC,CIVINT-STIC-U05,Karina Ensaio,CIVINT-STIC-U01,Gabriela Simulada,2026-08-03T17:01:39-03:00,2026-08-16,-34,ENCERRADA,DEVOLVIDA_COM_ATRASO,2026-09-19T14:07:00-03:00
DES000336,EXP001233,PGR-00051035/2026,DOCUMENTO,CIVINT/STIC,CIVINT-STIC-U05,Karina Ensaio,CIVINT-STIC-U01,Gabriela Simulada,2026-09-08T18:02:04-03:00,2026-09-19,-13,ENCERRADA,DEVOLVIDA_COM_ATRASO,2026-10-02T21:50:00-03:00
DES000337,EXP001234,PGR-00043093/2026,DOCUMENTO,CIVINT/STIC,CIVINT-STIC-U04,João Rascunho,CIVINT-STIC-U01,Gabriela Simulada,2026-09-20T19:17:09-03:00,2026-10-02,-4,ENCERRADA,DEVOLVIDA_COM_ATRASO,2026-10-06T01:34:00-03:00
DES000338,EXP001238,PGR-00085354/2026,DOCUMENTO,CIVINT/STIC,CIVINT-STIC-U08,Nelson Mock,CIVINT-STIC-U01,Gabriela Simulada,2026-09-12T22:20:21-03:00,2026-09-18,-5,ENCERRADA,DEVOLVIDA_COM_ATRASO,2026-09-23T08:53:00-03:00
DES000339,EXP001239,PGR-00028564/2026,DOCUMENTO,CIVINT/STIC,CIVINT-STIC-U02,Heitor Protótipo,CIVINT-STIC-U01,Gabriela Simulada,2026-09-17T16:05:57-03:00,2026-09-29,8,ENCERRADA,DEVOLVIDA_NO_PRAZO,2026-09-21T12:07:00-03:00
DES000340,EXP001240,PGR-00011644/2026,DOCUMENTO,CIVINT/STIC,CIVINT-STIC-U05,Karina Ensaio,CIVINT-STIC-U01,Gabriela Simulada,2026-10-03T01:44:02-03:00,2026-10-12,9,ENCERRADA,DEVOLVIDA_NO_PRAZO,2026-10-03T02:08:45-03:00
DES000341,EXP001244,PGR-00098544/2026,DOCUMENTO,CIVINT/STIC,CIVINT-STIC-U08,Nelson Mock,CIVINT-STIC-U01,Gabriela Simulada,2026-10-07T11:38:04-03:00,2026-10-15,8,ENCERRADA,DEVOLVIDA_NO_PRAZO,2026-10-07T12:33:47-03:00
DES000342,EXP001246,PGR-00000971/2026,DOCUMENTO,CIVINT/STIC,CIVINT-STIC-U02,Heitor Protótipo,CIVINT-STIC-U01,Gabriela Simulada,2026-09-18T03:27:29-03:00,2026-10-01,13,ENCERRADA,DEVOLVIDA_NO_PRAZO,2026-09-18T09:36:00-03:00
DES000343,EXP001248,PGR-00093032/2026,DOCUMENTO,CIVINT/STIC,CIVINT-STIC-U02,Heitor Protótipo,CIVINT-STIC-U01,Gabriela Simulada,2026-09-04T05:34:13-03:00,2026-09-13,-18,ENCERRADA,DEVOLVIDA_COM_ATRASO,2026-10-01T19:27:00-03:00
DES000344,EXP001249,PGR-00076805/2026,DOCUMENTO,CIVINT/STIC,CIVINT-STIC-U03,Isabela Piloto,CIVINT-STIC-U01,Gabriela Simulada,2026-07-24T21:56:06-03:00,2026-07-27,-61,ENCERRADA,DEVOLVIDA_COM_ATRASO,2026-09-26T16:35:00-03:00
DES000345,EXP001250,PGR-00014467/2026,DOCUMENTO,CIVINT/STIC,CIVINT-STIC-U04,João Rascunho,CIVINT-STIC-U01,Gabriela Simulada,2026-06-21T22:15:12-03:00,2026-07-05,-78,ENCERRADA,DEVOLVIDA_COM_ATRASO,2026-09-21T01:46:00-03:00
DES000346,EXP001254,PGR-00012373/2026,DOCUMENTO,CIVINT/STIC,CIVINT-STIC-U08,Nelson Mock,CIVINT-STIC-U01,Gabriela Simulada,2026-09-02T03:37:58-03:00,2026-09-10,-26,ENCERRADA,DEVOLVIDA_COM_ATRASO,2026-10-06T03:42:00-03:00
DES000347,EXP001256,PGR-00023996/2026,DOCUMENTO,CIVINT/STIC,CIVINT-STIC-U05,Karina Ensaio,CIVINT-STIC-U01,Gabriela Simulada,2026-07-24T05:50:21-03:00,2026-08-01,-61,ENCERRADA,DEVOLVIDA_COM_ATRASO,2026-10-01T21:22:00-03:00
DES000348,EXP001257,PGR-00085938/2026,DOCUMENTO,CIVINT/STIC,CIVINT-STIC-U06,Lucas Esboço,CIVINT-STIC-U01,Gabriela Simulada,2026-10-02T11:06:29-03:00,2026-10-17,14,ENCERRADA,DEVOLVIDA_NO_PRAZO,2026-10-03T02:25:00-03:00
DES000349,EXP001260,PGR-00083490/2026,DOCUMENTO,CIVINT/STIC,CIVINT-STIC-U06,Lucas Esboço,CIVINT-STIC-U01,Gabriela Simulada,2026-08-13T11:53:48-03:00,2026-08-23,-33,ENCERRADA,DEVOLVIDA_COM_ATRASO,2026-09-25T14:49:00-03:00
DES000350,EXP001261,PGR-00015492/2026,DOCUMENTO,CIVINT/STIC,CIVINT-STIC-U07,Marina Maquete,CIVINT-STIC-U01,Gabriela Simulada,2026-09-15T03:47:33-03:00,2026-09-21,-1,ENCERRADA,DEVOLVIDA_COM_ATRASO,2026-09-22T01:28:00-03:00
DES000351,EXP001262,PGR-00089697/2026,DOCUMENTO,CIVINT/STIC,CIVINT-STIC-U06,Lucas Esboço,CIVINT-STIC-U01,Gabriela Simulada,2026-07-09T02:06:14-03:00,2026-07-16,-79,ENCERRADA,DEVOLVIDA_COM_ATRASO,2026-10-03T07:24:00-03:00
DES000352,EXP001263,PGR-00077725/2026,DOCUMENTO,CIVINT/STIC,CIVINT-STIC-U06,Lucas Esboço,CIVINT-STIC-U01,Gabriela Simulada,2026-10-05T03:40:01-03:00,2026-10-20,13,ENCERRADA,DEVOLVIDA_NO_PRAZO,2026-10-07T01:47:00-03:00
DES000353,EXP001264,PGR-00081354/2026,DOCUMENTO,CIVINT/STIC,CIVINT-STIC-U08,Nelson Mock,CIVINT-STIC-U01,Gabriela Simulada,2026-05-05T17:40:25-03:00,2026-05-11,-137,ENCERRADA,DEVOLVIDA_COM_ATRASO,2026-09-25T09:10:00-03:00
DES000354,EXP001265,PGR-00056233/2026,DOCUMENTO,CIVINT/STIC,CIVINT-STIC-U06,Lucas Esboço,CIVINT-STIC-U01,Gabriela Simulada,2026-08-30T06:00:05-03:00,2026-09-14,-18,ENCERRADA,DEVOLVIDA_COM_ATRASO,2026-10-02T06:38:00-03:00
DES000355,EXP001267,PGR-00019014/2026,DOCUMENTO,CIVINT/STIC,CIVINT-STIC-U04,João Rascunho,CIVINT-STIC-U01,Gabriela Simulada,2026-09-24T11:44:42-03:00,2026-10-07,13,ENCERRADA,DEVOLVIDA_NO_PRAZO,2026-09-24T12:21:29-03:00
DES000356,EXP001269,PGR-00079616/2026,DOCUMENTO,CIVINT/STIC,CIVINT-STIC-U06,Lucas Esboço,CIVINT-STIC-U01,Gabriela Simulada,2026-08-10T16:26:58-03:00,2026-08-17,-49,ENCERRADA,DEVOLVIDA_COM_ATRASO,2026-10-05T23:44:00-03:00
DES000357,EXP001272,PGR-00057670/2026,DOCUMENTO,CIVINT/STIC,CIVINT-STIC-U07,Marina Maquete,CIVINT-STIC-U01,Gabriela Simulada,2026-09-20T20:44:00-03:00,2026-10-02,12,ENCERRADA,DEVOLVIDA_NO_PRAZO,2026-09-20T21:35:14-03:00
DES000358,EXP001274,PGR-00052334/2026,DOCUMENTO,CIVINT/STIC,CIVINT-STIC-U06,Lucas Esboço,CIVINT-STIC-U01,Gabriela Simulada,2026-10-02T09:59:22-03:00,2026-10-05,1,ENCERRADA,DEVOLVIDA_NO_PRAZO,2026-10-04T15:06:00-03:00
DES000359,EXP001279,PGR-00000326/2026,DOCUMENTO,CIVINT/STIC,CIVINT-STIC-U05,Karina Ensaio,CIVINT-STIC-U01,Gabriela Simulada,2026-08-16T08:55:26-03:00,2026-08-28,-38,ENCERRADA,DEVOLVIDA_COM_ATRASO,2026-10-05T11:22:00-03:00
DES000360,EXP001280,PGR-00069193/2026,DOCUMENTO,CIVINT/STIC,CIVINT-STIC-U04,João Rascunho,CIVINT-STIC-U01,Gabriela Simulada,2026-07-30T08:47:13-03:00,2026-08-11,-50,ENCERRADA,DEVOLVIDA_COM_ATRASO,2026-09-30T01:29:00-03:00
DES000361,EXP001281,PGR-00072546/2026,DOCUMENTO,CIVINT/STIC,CIVINT-STIC-U03,Isabela Piloto,CIVINT-STIC-U01,Gabriela Simulada,2026-08-02T05:25:18-03:00,2026-08-13,-48,ENCERRADA,DEVOLVIDA_COM_ATRASO,2026-09-30T10:01:00-03:00
DES000362,EXP001282,PGR-00088281/2026,DOCUMENTO,CIVINT/STIC,CIVINT-STIC-U06,Lucas Esboço,CIVINT-STIC-U01,Gabriela Simulada,2026-08-16T01:39:08-03:00,2026-08-25,-37,ENCERRADA,DEVOLVIDA_COM_ATRASO,2026-10-01T21:42:00-03:00
DES000363,EXP001283,PGR-00071672/2026,DOCUMENTO,CIVINT/STIC,CIVINT-STIC-U04,João Rascunho,CIVINT-STIC-U01,Gabriela Simulada,2026-09-04T21:45:33-03:00,2026-09-08,-23,ENCERRADA,DEVOLVIDA_COM_ATRASO,2026-10-01T09:23:00-03:00
DES000364,EXP001286,PGR-00048693/2026,DOCUMENTO,CIVINT/STIC,CIVINT-STIC-U02,Heitor Protótipo,CIVINT-STIC-U01,Gabriela Simulada,2026-09-19T03:53:49-03:00,2026-09-26,5,ENCERRADA,DEVOLVIDA_NO_PRAZO,2026-09-21T23:03:00-03:00
DES000365,EXP001288,PGR-00060214/2026,DOCUMENTO,CIVINT/STIC,CIVINT-STIC-U08,Nelson Mock,CIVINT-STIC-U01,Gabriela Simulada,2026-09-11T15:56:30-03:00,2026-09-17,-10,ENCERRADA,DEVOLVIDA_COM_ATRASO,2026-09-27T09:56:00-03:00
DES000366,EXP001291,PGR-00021620/2026,DOCUMENTO,CIVINT/STIC,CIVINT-STIC-U06,Lucas Esboço,CIVINT-STIC-U01,Gabriela Simulada,2026-09-28T12:57:35-03:00,2026-10-04,3,ENCERRADA,DEVOLVIDA_NO_PRAZO,2026-10-01T19:42:00-03:00
DES000367,EXP001292,PGR-00059866/2026,DOCUMENTO,CIVINT/STIC,CIVINT-STIC-U02,Heitor Protótipo,CIVINT-STIC-U01,Gabriela Simulada,2026-08-14T15:26:13-03:00,2026-08-25,-25,ENCERRADA,DEVOLVIDA_COM_ATRASO,2026-09-19T21:03:00-03:00
DES000368,EXP001295,PGR-00028453/2026,DOCUMENTO,CIVINT/STIC,CIVINT-STIC-U08,Nelson Mock,CIVINT-STIC-U01,Gabriela Simulada,2026-09-20T15:49:04-03:00,2026-09-27,3,ENCERRADA,DEVOLVIDA_NO_PRAZO,2026-09-24T17:06:00-03:00
DES000369,EXP001297,PGR-00068646/2026,DOCUMENTO,CIVINT/STIC,CIVINT-STIC-U06,Lucas Esboço,CIVINT-STIC-U01,Gabriela Simulada,2026-09-21T01:24:10-03:00,2026-09-26,-5,ENCERRADA,DEVOLVIDA_COM_ATRASO,2026-10-01T11:59:00-03:00
DES000370,EXP001298,PGR-00057028/2026,DOCUMENTO,CIVINT/STIC,CIVINT-STIC-U08,Nelson Mock,CIVINT-STIC-U01,Gabriela Simulada,2026-09-30T23:03:24-03:00,2026-10-10,9,ENCERRADA,DEVOLVIDA_NO_PRAZO,2026-10-01T14:09:00-03:00
DES000371,EXP001300,PGR-00036474/2026,DOCUMENTO,CIVINT/STIC,CIVINT-STIC-U06,Lucas Esboço,CIVINT-STIC-U01,Gabriela Simulada,2026-09-13T17:10:00-03:00,2026-09-17,-9,ENCERRADA,DEVOLVIDA_COM_ATRASO,2026-09-26T02:01:00-03:00
DES000372,EXP001302,PGR-00003568/2026,DOCUMENTO,CIVINT/STIC,CIVINT-STIC-U02,Heitor Protótipo,CIVINT-STIC-U01,Gabriela Simulada,2026-09-19T04:24:54-03:00,2026-09-26,-10,ENCERRADA,DEVOLVIDA_COM_ATRASO,2026-10-06T16:54:00-03:00
DES000373,EXP001303,PGR-00091067/2026,DOCUMENTO,CIVINT/STIC,CIVINT-STIC-U06,Lucas Esboço,CIVINT-STIC-U01,Gabriela Simulada,2026-09-29T00:22:04-03:00,2026-10-08,7,ENCERRADA,DEVOLVIDA_NO_PRAZO,2026-10-01T10:55:00-03:00
DES000374,EXP001305,PGR-00000060/2026,DOCUMENTO,CIVINT/STIC,CIVINT-STIC-U03,Isabela Piloto,CIVINT-STIC-U01,Gabriela Simulada,2026-08-09T13:31:57-03:00,2026-08-17,-42,ENCERRADA,DEVOLVIDA_COM_ATRASO,2026-09-28T10:05:00-03:00
DES000375,EXP001306,PGR-00053164/2026,DOCUMENTO,CIVINT/STIC,CIVINT-STIC-U02,Heitor Protótipo,CIVINT-STIC-U01,Gabriela Simulada,2026-09-14T04:05:08-03:00,2026-09-17,-20,ENCERRADA,DEVOLVIDA_COM_ATRASO,2026-10-07T12:22:00-03:00
DES000376,EXP001307,PGR-00085328/2026,DOCUMENTO,CIVINT/STIC,CIVINT-STIC-U08,Nelson Mock,CIVINT-STIC-U01,Gabriela Simulada,2026-08-29T04:19:26-03:00,2026-09-13,-16,ENCERRADA,DEVOLVIDA_COM_ATRASO,2026-09-29T15:14:00-03:00
DES000377,EXP001308,PGR-00045361/2026,DOCUMENTO,CIVINT/STIC,CIVINT-STIC-U02,Heitor Protótipo,CIVINT-STIC-U01,Gabriela Simulada,2026-06-03T22:23:28-03:00,2026-06-16,-97,ENCERRADA,DEVOLVIDA_COM_ATRASO,2026-09-21T11:56:00-03:00
DES000378,EXP001309,PGR-00092064/2026,DOCUMENTO,CIVINT/STIC,CIVINT-STIC-U04,João Rascunho,CIVINT-STIC-U01,Gabriela Simulada,2026-09-23T21:20:19-03:00,2026-09-28,5,ENCERRADA,DEVOLVIDA_NO_PRAZO,2026-09-23T21:22:35-03:00
DES000379,EXP001310,PGR-00048760/2026,DOCUMENTO,CIVINT/STIC,CIVINT-STIC-U07,Marina Maquete,CIVINT-STIC-U01,Gabriela Simulada,2026-08-19T19:05:22-03:00,2026-08-25,-30,ENCERRADA,DEVOLVIDA_COM_ATRASO,2026-09-24T20:10:00-03:00
DES000380,EXP001311,PGR-00081006/2026,DOCUMENTO,CIVINT/STIC,CIVINT-STIC-U03,Isabela Piloto,CIVINT-STIC-U01,Gabriela Simulada,2026-10-06T22:43:52-03:00,2026-10-11,5,ENCERRADA,DEVOLVIDA_NO_PRAZO,2026-10-06T23:10:34-03:00
DES000381,EXP001315,PGR-00040796/2026,DOCUMENTO,CIVINT/STIC,CIVINT-STIC-U08,Nelson Mock,CIVINT-STIC-U01,Gabriela Simulada,2026-10-02T01:50:32-03:00,2026-10-17,13,ENCERRADA,DEVOLVIDA_NO_PRAZO,2026-10-04T11:43:00-03:00
DES000382,EXP001318,PGR-00001469/2026,DOCUMENTO,CIVINT/STIC,CIVINT-STIC-U05,Karina Ensaio,CIVINT-STIC-U01,Gabriela Simulada,2026-09-12T07:23:03-03:00,2026-09-22,-3,ENCERRADA,DEVOLVIDA_COM_ATRASO,2026-09-25T23:13:00-03:00
DES000383,EXP001320,PGR-00044369/2026,DOCUMENTO,CIVINT/STIC,CIVINT-STIC-U05,Karina Ensaio,CIVINT-STIC-U01,Gabriela Simulada,2026-09-26T22:48:42-03:00,2026-10-09,13,ENCERRADA,DEVOLVIDA_NO_PRAZO,2026-09-26T23:21:23-03:00
DES000384,EXP001321,PGR-00057772/2026,DOCUMENTO,CIVINT/STIC,CIVINT-STIC-U04,João Rascunho,CIVINT-STIC-U01,Gabriela Simulada,2026-10-07T12:49:38-03:00,2026-10-10,3,ENCERRADA,DEVOLVIDA_NO_PRAZO,2026-10-07T12:59:00-03:00
DES000385,EXP001322,PGR-00015455/2026,DOCUMENTO,CIVINT/STIC,CIVINT-STIC-U08,Nelson Mock,CIVINT-STIC-U01,Gabriela Simulada,2026-09-13T04:48:44-03:00,2026-09-20,-14,ENCERRADA,DEVOLVIDA_COM_ATRASO,2026-10-04T20:12:00-03:00
DES000386,EXP001323,PGR-00027646/2026,DOCUMENTO,CIVINT/STIC,CIVINT-STIC-U04,João Rascunho,CIVINT-STIC-U01,Gabriela Simulada,2026-09-25T19:55:14-03:00,2026-10-07,12,ENCERRADA,DEVOLVIDA_NO_PRAZO,2026-09-25T20:06:47-03:00
DES000387,EXP001324,PGR-00077284/2026,DOCUMENTO,CIVINT/STIC,CIVINT-STIC-U02,Heitor Protótipo,CIVINT-STIC-U01,Gabriela Simulada,2026-10-01T03:46:50-03:00,2026-10-05,-2,ENCERRADA,DEVOLVIDA_COM_ATRASO,2026-10-07T06:58:00-03:00
DES000388,EXP001325,PGR-00079365/2026,DOCUMENTO,CIVINT/STIC,CIVINT-STIC-U02,Heitor Protótipo,CIVINT-STIC-U01,Gabriela Simulada,2026-09-19T03:59:56-03:00,2026-09-28,2,ENCERRADA,DEVOLVIDA_NO_PRAZO,2026-09-26T11:21:00-03:00
DES000389,EXP001328,PGR-00019546/2026,DOCUMENTO,CIVINT/STIC,CIVINT-STIC-U02,Heitor Protótipo,CIVINT-STIC-U01,Gabriela Simulada,2026-07-27T21:04:46-03:00,2026-08-10,-54,ENCERRADA,DEVOLVIDA_COM_ATRASO,2026-10-03T01:41:00-03:00
DES000390,EXP001330,PGR-00080673/2026,DOCUMENTO,CIVINT/STIC,CIVINT-STIC-U08,Nelson Mock,CIVINT-STIC-U01,Gabriela Simulada,2026-09-14T19:44:44-03:00,2026-09-18,-16,ENCERRADA,DEVOLVIDA_COM_ATRASO,2026-10-04T13:38:00-03:00
DES000391,EXP001331,PGR-00098717/2026,DOCUMENTO,CIVINT/STIC,CIVINT-STIC-U07,Marina Maquete,CIVINT-STIC-U01,Gabriela Simulada,2026-05-30T03:26:54-03:00,2026-06-03,-123,ENCERRADA,DEVOLVIDA_COM_ATRASO,2026-10-04T20:21:00-03:00
DES000392,EXP001332,PGR-00066540/2026,DOCUMENTO,CIVINT/STIC,CIVINT-STIC-U05,Karina Ensaio,CIVINT-STIC-U01,Gabriela Simulada,2026-07-27T22:10:17-03:00,2026-08-04,-54,ENCERRADA,DEVOLVIDA_COM_ATRASO,2026-09-27T05:21:00-03:00
DES000393,EXP001335,PGR-00069502/2026,DOCUMENTO,CIVINT/STIC,CIVINT-STIC-U03,Isabela Piloto,CIVINT-STIC-U01,Gabriela Simulada,2026-09-25T04:13:06-03:00,2026-10-08,12,ENCERRADA,DEVOLVIDA_NO_PRAZO,2026-09-26T03:31:00-03:00
DES000394,EXP001343,PGR-00079313/2026,DOCUMENTO,CIVINT/STIC,CIVINT-STIC-U06,Lucas Esboço,CIVINT-STIC-U01,Gabriela Simulada,2026-08-06T18:50:55-03:00,2026-08-09,-51,ENCERRADA,DEVOLVIDA_COM_ATRASO,2026-09-29T03:57:00-03:00
DES000395,EXP001344,PGR-00003442/2026,DOCUMENTO,CIVINT/STIC,CIVINT-STIC-U07,Marina Maquete,CIVINT-STIC-U01,Gabriela Simulada,2026-07-12T01:14:45-03:00,2026-07-16,-73,ENCERRADA,DEVOLVIDA_COM_ATRASO,2026-09-27T18:29:00-03:00
DES000396,EXP001345,PGR-00048946/2026,DOCUMENTO,CIVINT/STIC,CIVINT-STIC-U05,Karina Ensaio,CIVINT-STIC-U01,Gabriela Simulada,2026-08-04T02:30:22-03:00,2026-08-19,-34,ENCERRADA,DEVOLVIDA_COM_ATRASO,2026-09-22T21:24:00-03:00
DES000397,EXP001347,PGR-00078319/2026,DOCUMENTO,CIVINT/STIC,CIVINT-STIC-U06,Lucas Esboço,CIVINT-STIC-U01,Gabriela Simulada,2026-09-07T10:52:53-03:00,2026-09-13,-6,ENCERRADA,DEVOLVIDA_COM_ATRASO,2026-09-19T06:45:00-03:00
DES000398,EXP001349,PGR-00011641/2026,DOCUMENTO,CIVINT/STIC,CIVINT-STIC-U03,Isabela Piloto,CIVINT-STIC-U01,Gabriela Simulada,2026-09-03T14:36:13-03:00,2026-09-14,-9,ENCERRADA,DEVOLVIDA_COM_ATRASO,2026-09-23T22:19:00-03:00
DES000399,EXP001352,PGR-00050065/2026,DOCUMENTO,CIVINT/STIC,CIVINT-STIC-U05,Karina Ensaio,CIVINT-STIC-U01,Gabriela Simulada,2026-10-03T16:54:13-03:00,2026-10-07,4,ENCERRADA,DEVOLVIDA_NO_PRAZO,2026-10-03T16:58:04-03:00
DES000400,EXP001354,PGR-00016088/2026,DOCUMENTO,CIVINT/STIC,CIVINT-STIC-U04,João Rascunho,CIVINT-STIC-U01,Gabriela Simulada,2026-09-26T23:35:56-03:00,2026-10-02,-1,ENCERRADA,DEVOLVIDA_COM_ATRASO,2026-10-03T16:26:00-03:00
DES000401,EXP001357,PGR-00067549/2026,DOCUMENTO,CIVINT/STIC,CIVINT-STIC-U03,Isabela Piloto,CIVINT-STIC-U01,Gabriela Simulada,2026-10-03T23:04:18-03:00,2026-10-12,9,ENCERRADA,DEVOLVIDA_NO_PRAZO,2026-10-03T23:57:51-03:00
DES000402,EXP001358,PGR-00092986/2026,DOCUMENTO,CIVINT/STIC,CIVINT-STIC-U08,Nelson Mock,CIVINT-STIC-U01,Gabriela Simulada,2026-09-15T23:58:22-03:00,2026-09-29,-6,ENCERRADA,DEVOLVIDA_COM_ATRASO,2026-10-05T16:05:00-03:00
DES000403,EXP001360,PGR-00065684/2026,DOCUMENTO,CIVINT/STIC,CIVINT-STIC-U02,Heitor Protótipo,CIVINT-STIC-U01,Gabriela Simulada,2026-09-23T10:15:29-03:00,2026-09-29,6,ENCERRADA,DEVOLVIDA_NO_PRAZO,2026-09-23T10:19:11-03:00
DES000404,EXP001362,PGR-00055081/2026,DOCUMENTO,CIVINT/STIC,CIVINT-STIC-U06,Lucas Esboço,CIVINT-STIC-U01,Gabriela Simulada,2026-07-06T22:04:28-03:00,2026-07-21,-62,ENCERRADA,DEVOLVIDA_COM_ATRASO,2026-09-21T22:22:00-03:00
DES000405,EXP001363,PGR-00018389/2026,DOCUMENTO,CIVINT/STIC,CIVINT-STIC-U04,João Rascunho,CIVINT-STIC-U01,Gabriela Simulada,2026-07-24T20:53:42-03:00,2026-07-28,-65,ENCERRADA,DEVOLVIDA_COM_ATRASO,2026-10-01T02:02:00-03:00
DES000406,EXP001364,PGR-00070487/2026,DOCUMENTO,CIVINT/STIC,CIVINT-STIC-U06,Lucas Esboço,CIVINT-STIC-U01,Gabriela Simulada,2026-10-07T17:00:00-03:00,2026-10-19,12,ENCERRADA,DEVOLVIDA_NO_PRAZO,2026-10-07T17:00:00-03:00
DES000407,EXP001367,PGR-00057085/2026,DOCUMENTO,CIVINT/STIC,CIVINT-STIC-U05,Karina Ensaio,CIVINT-STIC-U01,Gabriela Simulada,2026-10-07T16:55:22-03:00,2026-10-16,9,ENCERRADA,DEVOLVIDA_NO_PRAZO,2026-10-07T17:00:00-03:00
DES000408,EXP001369,PGR-00005609/2026,DOCUMENTO,CIVINT/STIC,CIVINT-STIC-U05,Karina Ensaio,CIVINT-STIC-U01,Gabriela Simulada,2026-07-29T12:54:45-03:00,2026-08-06,-49,ENCERRADA,DEVOLVIDA_COM_ATRASO,2026-09-24T09:26:00-03:00
DES000409,EXP001372,PGR-00017142/2026,DOCUMENTO,CIVINT/STIC,CIVINT-STIC-U06,Lucas Esboço,CIVINT-STIC-U01,Gabriela Simulada,2026-09-13T18:36:11-03:00,2026-09-25,5,ENCERRADA,DEVOLVIDA_NO_PRAZO,2026-09-20T10:08:00-03:00
DES000410,EXP001373,PGR-00096171/2026,DOCUMENTO,CIVINT/STIC,CIVINT-STIC-U04,João Rascunho,CIVINT-STIC-U01,Gabriela Simulada,2026-08-22T13:06:22-03:00,2026-09-04,-18,ENCERRADA,DEVOLVIDA_COM_ATRASO,2026-09-22T05:08:00-03:00
DES000411,EXP001376,PGR-00002869/2026,DOCUMENTO,CIVINT/STIC,CIVINT-STIC-U07,Marina Maquete,CIVINT-STIC-U01,Gabriela Simulada,2026-09-22T17:03:47-03:00,2026-09-29,-4,ENCERRADA,DEVOLVIDA_COM_ATRASO,2026-10-03T03:08:00-03:00
DES000412,EXP001378,PGR-00009367/2026,DOCUMENTO,CIVINT/STIC,CIVINT-STIC-U04,João Rascunho,CIVINT-STIC-U01,Gabriela Simulada,2026-08-28T08:20:43-03:00,2026-08-31,-24,ENCERRADA,DEVOLVIDA_COM_ATRASO,2026-09-24T00:37:00-03:00
DES000413,EXP001379,PGR-00003304/2026,DOCUMENTO,CIVINT/STIC,CIVINT-STIC-U02,Heitor Protótipo,CIVINT-STIC-U01,Gabriela Simulada,2026-09-25T02:26:27-03:00,2026-09-30,5,ENCERRADA,DEVOLVIDA_NO_PRAZO,2026-09-25T03:10:00-03:00
DES000414,EXP001380,PGR-00000628/2026,DOCUMENTO,CIVINT/STIC,CIVINT-STIC-U06,Lucas Esboço,CIVINT-STIC-U01,Gabriela Simulada,2026-09-13T02:52:56-03:00,2026-09-19,-1,ENCERRADA,DEVOLVIDA_COM_ATRASO,2026-09-20T12:18:00-03:00
DES000415,EXP001381,PGR-00014169/2026,DOCUMENTO,CIVINT/STIC,CIVINT-STIC-U08,Nelson Mock,CIVINT-STIC-U01,Gabriela Simulada,2026-08-28T07:38:00-03:00,2026-09-09,-24,ENCERRADA,DEVOLVIDA_COM_ATRASO,2026-10-03T19:13:00-03:00
DES000416,EXP001382,PGR-00064696/2026,DOCUMENTO,CIVINT/STIC,CIVINT-STIC-U03,Isabela Piloto,CIVINT-STIC-U01,Gabriela Simulada,2026-10-04T08:47:48-03:00,2026-10-12,8,ENCERRADA,DEVOLVIDA_NO_PRAZO,2026-10-04T09:42:05-03:00
DES000417,EXP001384,PGR-00096083/2026,DOCUMENTO,CIVINT/STIC,CIVINT-STIC-U04,João Rascunho,CIVINT-STIC-U01,Gabriela Simulada,2026-09-23T22:18:49-03:00,2026-10-08,15,ENCERRADA,DEVOLVIDA_NO_PRAZO,2026-09-23T23:09:41-03:00
DES000418,EXP001385,PGR-00093268/2026,DOCUMENTO,CIVINT/STIC,CIVINT-STIC-U06,Lucas Esboço,CIVINT-STIC-U01,Gabriela Simulada,2026-09-04T15:54:51-03:00,2026-09-09,-19,ENCERRADA,DEVOLVIDA_COM_ATRASO,2026-09-28T12:54:00-03:00
DES000419,EXP001387,PGR-00099526/2026,DOCUMENTO,CIVINT/STIC,CIVINT-STIC-U06,Lucas Esboço,CIVINT-STIC-U01,Gabriela Simulada,2026-10-07T14:13:36-03:00,2026-10-14,7,ENCERRADA,DEVOLVIDA_NO_PRAZO,2026-10-07T15:12:01-03:00
DES000420,EXP001388,PGR-00040985/2026,DOCUMENTO,CIVINT/STIC,CIVINT-STIC-U03,Isabela Piloto,CIVINT-STIC-U01,Gabriela Simulada,2026-09-21T23:15:01-03:00,2026-09-26,2,ENCERRADA,DEVOLVIDA_NO_PRAZO,2026-09-24T23:18:00-03:00
DES000421,EXP001391,PGR-00010157/2026,DOCUMENTO,CIVINT/STIC,CIVINT-STIC-U05,Karina Ensaio,CIVINT-STIC-U01,Gabriela Simulada,2026-07-29T20:07:27-03:00,2026-08-08,-44,ENCERRADA,DEVOLVIDA_COM_ATRASO,2026-09-21T08:59:00-03:00
DES000422,EXP001392,PGR-00041655/2026,DOCUMENTO,CIVINT/STIC,CIVINT-STIC-U07,Marina Maquete,CIVINT-STIC-U01,Gabriela Simulada,2026-08-07T19:54:57-03:00,2026-08-14,-52,ENCERRADA,DEVOLVIDA_COM_ATRASO,2026-10-05T21:10:00-03:00
DES000423,EXP001393,PGR-00068053/2026,DOCUMENTO,CIVINT/STIC,CIVINT-STIC-U06,Lucas Esboço,CIVINT-STIC-U01,Gabriela Simulada,2026-09-23T01:47:31-03:00,2026-09-28,5,ENCERRADA,DEVOLVIDA_NO_PRAZO,2026-09-23T01:51:40-03:00
DES000424,EXP001394,PGR-00004766/2026,DOCUMENTO,CIVINT/STIC,CIVINT-STIC-U03,Isabela Piloto,CIVINT-STIC-U01,Gabriela Simulada,2026-09-25T08:59:02-03:00,2026-10-02,6,ENCERRADA,DEVOLVIDA_NO_PRAZO,2026-09-26T18:35:00-03:00
DES000425,EXP001396,PGR-00012295/2026,DOCUMENTO,CIVINT/STIC,CIVINT-STIC-U03,Isabela Piloto,CIVINT-STIC-U01,Gabriela Simulada,2026-05-24T18:46:19-03:00,2026-06-05,-117,ENCERRADA,DEVOLVIDA_COM_ATRASO,2026-09-30T09:13:00-03:00
DES000426,EXP001401,PGR-00000969/2026,DOCUMENTO,CIVINT/STIC,CIVINT-STIC-U02,Heitor Protótipo,CIVINT-STIC-U01,Gabriela Simulada,2026-07-10T02:51:48-03:00,2026-07-14,-76,ENCERRADA,DEVOLVIDA_COM_ATRASO,2026-09-28T12:43:00-03:00
DES000427,EXP001402,PGR-00026456/2026,DOCUMENTO,CIVINT/STIC,CIVINT-STIC-U08,Nelson Mock,CIVINT-STIC-U01,Gabriela Simulada,2026-10-04T20:54:04-03:00,2026-10-11,7,ENCERRADA,DEVOLVIDA_NO_PRAZO,2026-10-04T21:09:58-03:00
DES000428,EXP001404,PGR-00030625/2026,DOCUMENTO,CIVINT/STIC,CIVINT-STIC-U08,Nelson Mock,CIVINT-STIC-U01,Gabriela Simulada,2026-06-13T01:43:46-03:00,2026-06-19,-92,ENCERRADA,DEVOLVIDA_COM_ATRASO,2026-09-19T00:32:00-03:00
DES000429,EXP001405,PGR-00030255/2026,DOCUMENTO,CIVINT/STIC,CIVINT-STIC-U06,Lucas Esboço,CIVINT-STIC-U01,Gabriela Simulada,2026-08-06T07:14:40-03:00,2026-08-21,-38,ENCERRADA,DEVOLVIDA_COM_ATRASO,2026-09-28T19:36:00-03:00
DES000430,EXP001406,PGR-00067175/2026,DOCUMENTO,CIVINT/STIC,CIVINT-STIC-U08,Nelson Mock,CIVINT-STIC-U01,Gabriela Simulada,2026-08-15T19:59:03-03:00,2026-08-23,-31,ENCERRADA,DEVOLVIDA_COM_ATRASO,2026-09-23T10:17:00-03:00
DES000431,EXP001408,PGR-00008771/2026,DOCUMENTO,CIVINT/STIC,CIVINT-STIC-U06,Lucas Esboço,CIVINT-STIC-U01,Gabriela Simulada,2026-09-29T20:33:01-03:00,2026-10-08,3,ENCERRADA,DEVOLVIDA_NO_PRAZO,2026-10-05T11:17:00-03:00
DES000432,EXP001410,PGR-00059865/2026,DOCUMENTO,CIVINT/STIC,CIVINT-STIC-U04,João Rascunho,CIVINT-STIC-U01,Gabriela Simulada,2026-09-21T06:05:45-03:00,2026-10-06,15,ENCERRADA,DEVOLVIDA_NO_PRAZO,2026-09-21T06:11:25-03:00
DES000433,EXP001413,PGR-00095193/2026,DOCUMENTO,CIVINT/STIC,CIVINT-STIC-U06,Lucas Esboço,CIVINT-STIC-U01,Gabriela Simulada,2026-08-03T11:58:35-03:00,2026-08-11,-51,ENCERRADA,DEVOLVIDA_COM_ATRASO,2026-10-01T21:57:00-03:00
DES000434,EXP001414,PGR-00009179/2026,DOCUMENTO,CIVINT/STIC,CIVINT-STIC-U05,Karina Ensaio,CIVINT-STIC-U01,Gabriela Simulada,2026-10-01T08:07:38-03:00,2026-10-12,11,ENCERRADA,DEVOLVIDA_NO_PRAZO,2026-10-01T08:41:21-03:00
DES000435,EXP001416,PGR-00080308/2026,DOCUMENTO,CIVINT/STIC,CIVINT-STIC-U02,Heitor Protótipo,CIVINT-STIC-U01,Gabriela Simulada,2026-09-10T20:36:56-03:00,2026-09-14,-23,ENCERRADA,DEVOLVIDA_COM_ATRASO,2026-10-07T05:50:00-03:00
DES000436,EXP001419,PGR-00004310/2026,DOCUMENTO,CIVINT/STIC,CIVINT-STIC-U03,Isabela Piloto,CIVINT-STIC-U01,Gabriela Simulada,2026-10-05T23:29:50-03:00,2026-10-17,11,ENCERRADA,DEVOLVIDA_NO_PRAZO,2026-10-06T00:15:07-03:00
DES000437,EXP001420,PGR-00009673/2026,DOCUMENTO,CIVINT/STIC,CIVINT-STIC-U06,Lucas Esboço,CIVINT-STIC-U01,Gabriela Simulada,2026-08-06T22:03:13-03:00,2026-08-12,-43,ENCERRADA,DEVOLVIDA_COM_ATRASO,2026-09-24T19:24:00-03:00
DES000438,EXP001423,PGR-00079781/2026,DOCUMENTO,CIVINT/STIC,CIVINT-STIC-U03,Isabela Piloto,CIVINT-STIC-U01,Gabriela Simulada,2026-09-29T18:49:25-03:00,2026-10-14,13,ENCERRADA,DEVOLVIDA_NO_PRAZO,2026-10-01T23:06:00-03:00
DES000439,EXP001424,PGR-00048047/2026,DOCUMENTO,CIVINT/STIC,CIVINT-STIC-U03,Isabela Piloto,CIVINT-STIC-U01,Gabriela Simulada,2026-08-24T19:33:00-03:00,2026-09-03,-32,ENCERRADA,DEVOLVIDA_COM_ATRASO,2026-10-05T19:35:00-03:00
DES000440,EXP001431,PGR-00066239/2026,DOCUMENTO,CIVINT/STIC,CIVINT-STIC-U04,João Rascunho,CIVINT-STIC-U01,Gabriela Simulada,2026-10-01T18:44:25-03:00,2026-10-06,0,ENCERRADA,DEVOLVIDA_NO_PRAZO,2026-10-06T04:33:00-03:00
DES000441,EXP001432,PGR-00050240/2026,DOCUMENTO,CIVINT/STIC,CIVINT-STIC-U08,Nelson Mock,CIVINT-STIC-U01,Gabriela Simulada,2026-07-31T23:12:33-03:00,2026-08-09,-55,ENCERRADA,DEVOLVIDA_COM_ATRASO,2026-10-03T21:46:00-03:00
DES000442,EXP001434,PGR-00032948/2026,DOCUMENTO,CIVINT/STIC,CIVINT-STIC-U08,Nelson Mock,CIVINT-STIC-U01,Gabriela Simulada,2026-08-15T18:17:46-03:00,2026-08-21,-36,ENCERRADA,DEVOLVIDA_COM_ATRASO,2026-09-26T00:08:00-03:00
DES000443,EXP001435,PGR-00087999/2026,DOCUMENTO,CIVINT/STIC,CIVINT-STIC-U04,João Rascunho,CIVINT-STIC-U01,Gabriela Simulada,2026-09-30T21:56:30-03:00,2026-10-11,5,ENCERRADA,DEVOLVIDA_NO_PRAZO,2026-10-06T10:29:00-03:00
DES000444,EXP001437,PGR-00021835/2026,DOCUMENTO,CIVINT/STIC,CIVINT-STIC-U08,Nelson Mock,CIVINT-STIC-U01,Gabriela Simulada,2026-05-22T06:13:14-03:00,2026-06-01,-109,ENCERRADA,DEVOLVIDA_COM_ATRASO,2026-09-18T13:49:00-03:00
DES000445,EXP001441,PGR-00052617/2026,DOCUMENTO,CIVINT/STIC,CIVINT-STIC-U07,Marina Maquete,CIVINT-STIC-U01,Gabriela Simulada,2026-09-22T05:40:38-03:00,2026-10-07,10,ENCERRADA,DEVOLVIDA_NO_PRAZO,2026-09-27T19:04:00-03:00
DES000446,EXP001442,PGR-00019861/2026,DOCUMENTO,CIVINT/STIC,CIVINT-STIC-U05,Karina Ensaio,CIVINT-STIC-U01,Gabriela Simulada,2026-09-28T15:11:45-03:00,2026-10-09,11,ENCERRADA,DEVOLVIDA_NO_PRAZO,2026-09-28T15:24:49-03:00
DES000447,EXP001444,PGR-00033313/2026,DOCUMENTO,CIVINT/STIC,CIVINT-STIC-U06,Lucas Esboço,CIVINT-STIC-U01,Gabriela Simulada,2026-10-01T02:43:11-03:00,2026-10-14,8,ENCERRADA,DEVOLVIDA_NO_PRAZO,2026-10-06T08:03:00-03:00
DES000448,EXP001445,PGR-00097259/2026,DOCUMENTO,CIVINT/STIC,CIVINT-STIC-U07,Marina Maquete,CIVINT-STIC-U01,Gabriela Simulada,2026-10-04T12:38:12-03:00,2026-10-14,10,ENCERRADA,DEVOLVIDA_NO_PRAZO,2026-10-04T13:06:15-03:00
DES000449,EXP001446,PGR-00050216/2026,DOCUMENTO,CIVINT/STIC,CIVINT-STIC-U06,Lucas Esboço,CIVINT-STIC-U01,Gabriela Simulada,2026-08-09T18:08:17-03:00,2026-08-24,-25,ENCERRADA,DEVOLVIDA_COM_ATRASO,2026-09-18T07:50:00-03:00
DES000450,EXP001450,PGR-00019798/2026,DOCUMENTO,CIVINT/STIC,CIVINT-STIC-U05,Karina Ensaio,CIVINT-STIC-U01,Gabriela Simulada,2026-09-19T07:25:38-03:00,2026-10-04,15,ENCERRADA,DEVOLVIDA_NO_PRAZO,2026-09-19T15:46:00-03:00
DES000451,EXP001451,PGR-00063308/2026,DOCUMENTO,CIVINT/STIC,CIVINT-STIC-U08,Nelson Mock,CIVINT-STIC-U01,Gabriela Simulada,2026-09-27T23:10:39-03:00,2026-09-30,3,ENCERRADA,DEVOLVIDA_NO_PRAZO,2026-09-27T23:44:21-03:00
DES000452,EXP001454,PGR-00077954/2026,DOCUMENTO,CIVINT/STIC,CIVINT-STIC-U03,Isabela Piloto,CIVINT-STIC-U01,Gabriela Simulada,2026-10-04T14:46:52-03:00,2026-10-16,12,ENCERRADA,DEVOLVIDA_NO_PRAZO,2026-10-04T15:31:15-03:00
DES000453,EXP001455,PGR-00095416/2026,DOCUMENTO,CIVINT/STIC,CIVINT-STIC-U06,Lucas Esboço,CIVINT-STIC-U01,Gabriela Simulada,2026-09-25T16:23:39-03:00,2026-10-02,7,ENCERRADA,DEVOLVIDA_NO_PRAZO,2026-09-25T16:24:20-03:00
DES000454,EXP001457,PGR-00009336/2026,DOCUMENTO,CIVINT/STIC,CIVINT-STIC-U05,Karina Ensaio,CIVINT-STIC-U01,Gabriela Simulada,2026-09-16T07:05:09-03:00,2026-09-28,1,ENCERRADA,DEVOLVIDA_NO_PRAZO,2026-09-27T03:55:00-03:00
DES000455,EXP001458,PGR-00054992/2026,DOCUMENTO,CIVINT/STIC,CIVINT-STIC-U08,Nelson Mock,CIVINT-STIC-U01,Gabriela Simulada,2026-10-07T17:00:00-03:00,2026-10-20,13,ENCERRADA,DEVOLVIDA_NO_PRAZO,2026-10-07T17:00:00-03:00
DES000456,EXP001459,PGR-00041803/2026,DOCUMENTO,CIVINT/STIC,CIVINT-STIC-U02,Heitor Protótipo,CIVINT-STIC-U01,Gabriela Simulada,2026-09-01T06:53:26-03:00,2026-09-07,-12,ENCERRADA,DEVOLVIDA_COM_ATRASO,2026-09-19T01:47:00-03:00
DES000457,EXP001460,PGR-00021697/2026,DOCUMENTO,CIVINT/STIC,CIVINT-STIC-U03,Isabela Piloto,CIVINT-STIC-U01,Gabriela Simulada,2026-09-16T14:26:00-03:00,2026-09-20,-3,ENCERRADA,DEVOLVIDA_COM_ATRASO,2026-09-23T09:29:00-03:00
DES000458,EXP001461,PGR-00039620/2026,DOCUMENTO,CIVINT/STIC,CIVINT-STIC-U06,Lucas Esboço,CIVINT-STIC-U01,Gabriela Simulada,2026-09-20T11:26:37-03:00,2026-10-03,10,ENCERRADA,DEVOLVIDA_NO_PRAZO,2026-09-23T19:39:00-03:00
DES000459,EXP001464,PGR-00091543/2026,DOCUMENTO,CIVINT/STIC,CIVINT-STIC-U03,Isabela Piloto,CIVINT-STIC-U01,Gabriela Simulada,2026-07-09T01:07:03-03:00,2026-07-20,-66,ENCERRADA,DEVOLVIDA_COM_ATRASO,2026-09-24T13:19:00-03:00
DES000460,EXP001468,PGR-00060585/2026,DOCUMENTO,CIVINT/STIC,CIVINT-STIC-U05,Karina Ensaio,CIVINT-STIC-U01,Gabriela Simulada,2026-10-01T18:02:19-03:00,2026-10-16,12,ENCERRADA,DEVOLVIDA_NO_PRAZO,2026-10-04T14:59:00-03:00
DES000461,EXP001470,PGR-00003948/2026,DOCUMENTO,CIVINT/STIC,CIVINT-STIC-U08,Nelson Mock,CIVINT-STIC-U01,Gabriela Simulada,2026-10-07T17:00:00-03:00,2026-10-18,11,ENCERRADA,DEVOLVIDA_NO_PRAZO,2026-10-07T17:00:00-03:00
DES000462,EXP001472,PGR-00064110/2026,DOCUMENTO,CIVINT/STIC,CIVINT-STIC-U07,Marina Maquete,CIVINT-STIC-U01,Gabriela Simulada,2026-06-09T17:02:38-03:00,2026-06-23,-88,ENCERRADA,DEVOLVIDA_COM_ATRASO,2026-09-19T10:19:00-03:00
DES000463,EXP001473,PGR-00048685/2026,DOCUMENTO,CIVINT/STIC,CIVINT-STIC-U04,João Rascunho,CIVINT-STIC-U01,Gabriela Simulada,2026-09-10T12:11:11-03:00,2026-09-25,-1,ENCERRADA,DEVOLVIDA_COM_ATRASO,2026-09-26T09:40:00-03:00
DES000464,EXP001474,PGR-00087738/2026,DOCUMENTO,CIVINT/STIC,CIVINT-STIC-U07,Marina Maquete,CIVINT-STIC-U01,Gabriela Simulada,2026-07-15T07:23:23-03:00,2026-07-20,-71,ENCERRADA,DEVOLVIDA_COM_ATRASO,2026-09-29T18:07:00-03:00
DES000465,EXP001477,PGR-00061714/2026,DOCUMENTO,CIVINT/STIC,CIVINT-STIC-U08,Nelson Mock,CIVINT-STIC-U01,Gabriela Simulada,2026-08-29T10:54:03-03:00,2026-09-08,-24,ENCERRADA,DEVOLVIDA_COM_ATRASO,2026-10-02T00:15:00-03:00
DES000466,EXP001482,PGR-00090225/2026,DOCUMENTO,CIVINT/STIC,CIVINT-STIC-U03,Isabela Piloto,CIVINT-STIC-U01,Gabriela Simulada,2026-09-26T05:04:49-03:00,2026-10-05,5,ENCERRADA,DEVOLVIDA_NO_PRAZO,2026-09-30T02:40:00-03:00
DES000467,EXP001483,PGR-00060579/2026,DOCUMENTO,CIVINT/STIC,CIVINT-STIC-U06,Lucas Esboço,CIVINT-STIC-U01,Gabriela Simulada,2026-09-21T07:44:10-03:00,2026-09-30,9,ENCERRADA,DEVOLVIDA_NO_PRAZO,2026-09-21T08:41:38-03:00
DES000468,EXP001485,PGR-00028161/2026,DOCUMENTO,CIVINT/STIC,CIVINT-STIC-U06,Lucas Esboço,CIVINT-STIC-U01,Gabriela Simulada,2026-10-07T06:22:44-03:00,2026-10-17,10,ENCERRADA,DEVOLVIDA_NO_PRAZO,2026-10-07T06:46:11-03:00
DES000469,EXP001489,PGR-00021072/2026,DOCUMENTO,CIVINT/STIC,CIVINT-STIC-U07,Marina Maquete,CIVINT-STIC-U01,Gabriela Simulada,2026-08-16T02:39:54-03:00,2026-08-22,-37,ENCERRADA,DEVOLVIDA_COM_ATRASO,2026-09-28T13:17:00-03:00
DES000470,EXP001490,PGR-00082714/2026,DOCUMENTO,CIVINT/STIC,CIVINT-STIC-U02,Heitor Protótipo,CIVINT-STIC-U01,Gabriela Simulada,2026-09-10T17:48:16-03:00,2026-09-20,-5,ENCERRADA,DEVOLVIDA_COM_ATRASO,2026-09-25T00:39:00-03:00
DES000471,EXP001491,PGR-00090930/2026,DOCUMENTO,CIVINT/STIC,CIVINT-STIC-U05,Karina Ensaio,CIVINT-STIC-U01,Gabriela Simulada,2026-09-29T11:18:02-03:00,2026-10-03,4,ENCERRADA,DEVOLVIDA_NO_PRAZO,2026-09-29T12:14:34-03:00
DES000472,EXP001492,PGR-00077618/2026,DOCUMENTO,CIVINT/STIC,CIVINT-STIC-U06,Lucas Esboço,CIVINT-STIC-U01,Gabriela Simulada,2026-09-25T13:29:10-03:00,2026-10-07,6,ENCERRADA,DEVOLVIDA_NO_PRAZO,2026-10-01T02:39:00-03:00
DES000473,EXP001493,PGR-00005776/2026,DOCUMENTO,CIVINT/STIC,CIVINT-STIC-U03,Isabela Piloto,CIVINT-STIC-U01,Gabriela Simulada,2026-08-07T09:21:33-03:00,2026-08-17,-42,ENCERRADA,DEVOLVIDA_COM_ATRASO,2026-09-28T23:01:00-03:00
DES000474,EXP001497,PGR-00091004/2026,DOCUMENTO,CIVINT/STIC,CIVINT-STIC-U03,Isabela Piloto,CIVINT-STIC-U01,Gabriela Simulada,2026-08-11T21:06:14-03:00,2026-08-21,-29,ENCERRADA,DEVOLVIDA_COM_ATRASO,2026-09-19T16:09:00-03:00
DES000475,EXP001499,PGR-00093508/2026,DOCUMENTO,CIVINT/STIC,CIVINT-STIC-U03,Isabela Piloto,CIVINT-STIC-U01,Gabriela Simulada,2026-10-01T14:37:18-03:00,2026-10-13,9,ENCERRADA,DEVOLVIDA_NO_PRAZO,2026-10-04T14:08:00-03:00
DES000476,EXP001502,PGR-00054193/2026,DOCUMENTO,CIVINT/STIC,CIVINT-STIC-U02,Heitor Protótipo,CIVINT-STIC-U01,Gabriela Simulada,2026-10-05T01:11:20-03:00,2026-10-18,13,ENCERRADA,DEVOLVIDA_NO_PRAZO,2026-10-05T01:59:39-03:00
DES000477,EXP001504,PGR-00071546/2026,DOCUMENTO,CIVINT/STIC,CIVINT-STIC-U03,Isabela Piloto,CIVINT-STIC-U01,Gabriela Simulada,2026-08-17T10:35:39-03:00,2026-08-24,-32,ENCERRADA,DEVOLVIDA_COM_ATRASO,2026-09-25T06:47:00-03:00
DES000478,EXP001505,PGR-00014687/2026,DOCUMENTO,CIVINT/STIC,CIVINT-STIC-U04,João Rascunho,CIVINT-STIC-U01,Gabriela Simulada,2026-08-10T02:46:37-03:00,2026-08-18,-42,ENCERRADA,DEVOLVIDA_COM_ATRASO,2026-09-29T19:01:00-03:00
DES000479,EXP001507,PGR-00013097/2026,DOCUMENTO,CIVINT/STIC,CIVINT-STIC-U03,Isabela Piloto,CIVINT-STIC-U01,Gabriela Simulada,2026-09-03T02:07:08-03:00,2026-09-08,-9,ENCERRADA,DEVOLVIDA_COM_ATRASO,2026-09-17T21:41:00-03:00
DES000480,EXP001508,PGR-00044324/2026,DOCUMENTO,CIVINT/STIC,CIVINT-STIC-U02,Heitor Protótipo,CIVINT-STIC-U01,Gabriela Simulada,2026-09-26T11:21:12-03:00,2026-10-05,9,ENCERRADA,DEVOLVIDA_NO_PRAZO,2026-09-26T11:47:53-03:00
DES000481,EXP001509,PGR-00025529/2026,DOCUMENTO,CIVINT/STIC,CIVINT-STIC-U07,Marina Maquete,CIVINT-STIC-U01,Gabriela Simulada,2026-09-12T15:49:44-03:00,2026-09-22,2,ENCERRADA,DEVOLVIDA_NO_PRAZO,2026-09-20T01:13:00-03:00
DES000482,EXP001511,PGR-00088420/2026,DOCUMENTO,CIVINT/STIC,CIVINT-STIC-U02,Heitor Protótipo,CIVINT-STIC-U01,Gabriela Simulada,2026-09-14T19:41:55-03:00,2026-09-28,-6,ENCERRADA,DEVOLVIDA_COM_ATRASO,2026-10-04T07:10:00-03:00
DES000483,EXP001512,PGR-00040015/2026,DOCUMENTO,CIVINT/STIC,CIVINT-STIC-U08,Nelson Mock,CIVINT-STIC-U01,Gabriela Simulada,2026-08-16T20:43:48-03:00,2026-08-21,-41,ENCERRADA,DEVOLVIDA_COM_ATRASO,2026-10-01T04:28:00-03:00
DES000484,EXP001513,PGR-00005557/2026,DOCUMENTO,CIVINT/STIC,CIVINT-STIC-U06,Lucas Esboço,CIVINT-STIC-U01,Gabriela Simulada,2026-10-05T13:37:16-03:00,2026-10-13,8,ENCERRADA,DEVOLVIDA_NO_PRAZO,2026-10-05T13:48:48-03:00
DES000485,EXP001515,PGR-00014723/2026,DOCUMENTO,CIVINT/STIC,CIVINT-STIC-U03,Isabela Piloto,CIVINT-STIC-U01,Gabriela Simulada,2026-08-11T13:15:11-03:00,2026-08-26,-23,ENCERRADA,DEVOLVIDA_COM_ATRASO,2026-09-18T22:13:00-03:00
DES000486,EXP001519,PGR-00006761/2026,DOCUMENTO,CIVINT/STIC,CIVINT-STIC-U08,Nelson Mock,CIVINT-STIC-U01,Gabriela Simulada,2026-09-26T20:33:23-03:00,2026-10-04,3,ENCERRADA,DEVOLVIDA_NO_PRAZO,2026-10-01T00:24:00-03:00
DES000487,EXP001520,PGR-00065092/2026,DOCUMENTO,CIVINT/STIC,CIVINT-STIC-U06,Lucas Esboço,CIVINT-STIC-U01,Gabriela Simulada,2026-08-23T17:15:53-03:00,2026-09-05,-27,ENCERRADA,DEVOLVIDA_COM_ATRASO,2026-10-02T20:58:00-03:00
DES000488,EXP001521,PGR-00070511/2026,DOCUMENTO,CIVINT/STIC,CIVINT-STIC-U04,João Rascunho,CIVINT-STIC-U01,Gabriela Simulada,2026-09-13T19:12:58-03:00,2026-09-20,-15,ENCERRADA,DEVOLVIDA_COM_ATRASO,2026-10-05T10:51:00-03:00
DES000489,EXP001523,PGR-00038112/2026,DOCUMENTO,CIVINT/STIC,CIVINT-STIC-U02,Heitor Protótipo,CIVINT-STIC-U01,Gabriela Simulada,2026-09-16T17:15:30-03:00,2026-09-20,1,ENCERRADA,DEVOLVIDA_NO_PRAZO,2026-09-19T07:48:00-03:00
DES000490,EXP001524,PGR-00042038/2026,DOCUMENTO,CIVINT/STIC,CIVINT-STIC-U04,João Rascunho,CIVINT-STIC-U01,Gabriela Simulada,2026-08-21T11:13:56-03:00,2026-09-01,-18,ENCERRADA,DEVOLVIDA_COM_ATRASO,2026-09-19T12:47:00-03:00
DES000491,EXP001526,PGR-00080762/2026,DOCUMENTO,CIVINT/STIC,CIVINT-STIC-U05,Karina Ensaio,CIVINT-STIC-U01,Gabriela Simulada,2026-09-28T21:22:26-03:00,2026-10-02,4,ENCERRADA,DEVOLVIDA_NO_PRAZO,2026-09-28T21:44:28-03:00
DES000492,EXP001527,PGR-00063358/2026,DOCUMENTO,CIVINT/STIC,CIVINT-STIC-U02,Heitor Protótipo,CIVINT-STIC-U01,Gabriela Simulada,2026-09-16T07:15:32-03:00,2026-09-27,6,ENCERRADA,DEVOLVIDA_NO_PRAZO,2026-09-21T11:09:00-03:00
DES000493,EXP001528,PGR-00032312/2026,DOCUMENTO,CIVINT/STIC,CIVINT-STIC-U07,Marina Maquete,CIVINT-STIC-U01,Gabriela Simulada,2026-10-04T18:49:33-03:00,2026-10-19,15,ENCERRADA,DEVOLVIDA_NO_PRAZO,2026-10-04T18:54:02-03:00
DES000494,EXP001531,PGR-00046577/2026,DOCUMENTO,CIVINT/STIC,CIVINT-STIC-U05,Karina Ensaio,CIVINT-STIC-U01,Gabriela Simulada,2026-09-07T21:01:35-03:00,2026-09-16,-11,ENCERRADA,DEVOLVIDA_COM_ATRASO,2026-09-27T18:50:00-03:00
DES000495,EXP001532,PGR-00025646/2026,DOCUMENTO,CIVINT/STIC,CIVINT-STIC-U04,João Rascunho,CIVINT-STIC-U01,Gabriela Simulada,2026-09-10T13:40:54-03:00,2026-09-20,-13,ENCERRADA,DEVOLVIDA_COM_ATRASO,2026-10-03T06:39:00-03:00
DES000496,EXP001533,PGR-00050286/2026,DOCUMENTO,CIVINT/STIC,CIVINT-STIC-U08,Nelson Mock,CIVINT-STIC-U01,Gabriela Simulada,2026-09-25T01:33:17-03:00,2026-10-01,-3,ENCERRADA,DEVOLVIDA_COM_ATRASO,2026-10-04T08:25:00-03:00
DES000497,EXP001538,PGR-00090923/2026,DOCUMENTO,CIVINT/STIC,CIVINT-STIC-U04,João Rascunho,CIVINT-STIC-U01,Gabriela Simulada,2026-06-14T08:15:57-03:00,2026-06-23,-91,ENCERRADA,DEVOLVIDA_COM_ATRASO,2026-09-22T04:38:00-03:00
DES000498,EXP001540,PGR-00064275/2026,DOCUMENTO,CIVINT/STIC,CIVINT-STIC-U06,Lucas Esboço,CIVINT-STIC-U01,Gabriela Simulada,2026-08-23T01:38:37-03:00,2026-08-30,-30,ENCERRADA,DEVOLVIDA_COM_ATRASO,2026-09-29T00:53:00-03:00
DES000499,EXP001543,PGR-00074657/2026,DOCUMENTO,CIVINT/STIC,CIVINT-STIC-U06,Lucas Esboço,CIVINT-STIC-U01,Gabriela Simulada,2026-09-03T02:51:10-03:00,2026-09-12,-23,ENCERRADA,DEVOLVIDA_COM_ATRASO,2026-10-05T16:31:00-03:00
DES000500,EXP001545,PGR-00088931/2026,DOCUMENTO,CIVINT/STIC,CIVINT-STIC-U02,Heitor Protótipo,CIVINT-STIC-U01,Gabriela Simulada,2026-09-22T01:29:59-03:00,2026-09-30,-7,ENCERRADA,DEVOLVIDA_COM_ATRASO,2026-10-07T16:08:00-03:00
DES000501,EXP001548,PGR-00065941/2026,DOCUMENTO,CIVINT/STIC,CIVINT-STIC-U03,Isabela Piloto,CIVINT-STIC-U01,Gabriela Simulada,2026-10-07T17:00:00-03:00,2026-10-11,4,ENCERRADA,DEVOLVIDA_NO_PRAZO,2026-10-07T17:00:00-03:00
DES000502,EXP001554,PGR-00038021/2026,DOCUMENTO,CIVINT/STIC,CIVINT-STIC-U04,João Rascunho,CIVINT-STIC-U01,Gabriela Simulada,2026-09-26T00:53:16-03:00,2026-10-10,14,ENCERRADA,DEVOLVIDA_NO_PRAZO,2026-09-26T01:07:23-03:00
DES000503,EXP001555,PGR-00026143/2026,DOCUMENTO,CIVINT/STIC,CIVINT-STIC-U02,Heitor Protótipo,CIVINT-STIC-U01,Gabriela Simulada,2026-10-03T04:59:47-03:00,2026-10-12,9,ENCERRADA,DEVOLVIDA_NO_PRAZO,2026-10-03T05:51:16-03:00
DES000504,EXP001557,PGR-00099236/2026,DOCUMENTO,CIVINT/STIC,CIVINT-STIC-U02,Heitor Protótipo,CIVINT-STIC-U01,Gabriela Simulada,2026-09-05T17:12:58-03:00,2026-09-10,-20,ENCERRADA,DEVOLVIDA_COM_ATRASO,2026-09-30T04:02:00-03:00
DES000505,EXP001558,PGR-00012494/2026,DOCUMENTO,CIVINT/STIC,CIVINT-STIC-U02,Heitor Protótipo,CIVINT-STIC-U01,Gabriela Simulada,2026-09-27T16:29:16-03:00,2026-10-08,11,ENCERRADA,DEVOLVIDA_NO_PRAZO,2026-09-27T17:00:07-03:00
DES000506,EXP001559,PGR-00054700/2026,DOCUMENTO,CIVINT/STIC,CIVINT-STIC-U04,João Rascunho,CIVINT-STIC-U01,Gabriela Simulada,2026-08-13T01:35:08-03:00,2026-08-18,-39,ENCERRADA,DEVOLVIDA_COM_ATRASO,2026-09-26T05:18:00-03:00
DES000507,EXP001560,PGR-00025144/2026,DOCUMENTO,CIVINT/STIC,CIVINT-STIC-U07,Marina Maquete,CIVINT-STIC-U01,Gabriela Simulada,2026-09-12T15:11:23-03:00,2026-09-15,-16,ENCERRADA,DEVOLVIDA_COM_ATRASO,2026-10-01T17:25:00-03:00
DES000508,EXP001563,PGR-00092941/2026,DOCUMENTO,CIVINT/STIC,CIVINT-STIC-U07,Marina Maquete,CIVINT-STIC-U01,Gabriela Simulada,2026-09-30T04:16:42-03:00,2026-10-05,5,ENCERRADA,DEVOLVIDA_NO_PRAZO,2026-09-30T04:21:29-03:00
DES000509,EXP001564,PGR-00076296/2026,DOCUMENTO,CIVINT/STIC,CIVINT-STIC-U05,Karina Ensaio,CIVINT-STIC-U01,Gabriela Simulada,2026-09-28T05:56:08-03:00,2026-10-04,-3,ENCERRADA,DEVOLVIDA_COM_ATRASO,2026-10-07T08:59:00-03:00
DES000510,EXP001565,PGR-00042055/2026,DOCUMENTO,CIVINT/STIC,CIVINT-STIC-U02,Heitor Protótipo,CIVINT-STIC-U01,Gabriela Simulada,2026-08-16T23:34:03-03:00,2026-08-23,-42,ENCERRADA,DEVOLVIDA_COM_ATRASO,2026-10-04T22:28:00-03:00
DES000511,EXP001566,PGR-00062121/2026,DOCUMENTO,CIVINT/STIC,CIVINT-STIC-U06,Lucas Esboço,CIVINT-STIC-U01,Gabriela Simulada,2026-09-02T07:38:32-03:00,2026-09-09,-16,ENCERRADA,DEVOLVIDA_COM_ATRASO,2026-09-25T07:55:00-03:00
DES000512,EXP001568,PGR-00043508/2026,DOCUMENTO,CIVINT/STIC,CIVINT-STIC-U08,Nelson Mock,CIVINT-STIC-U01,Gabriela Simulada,2026-08-22T05:16:59-03:00,2026-08-29,-30,ENCERRADA,DEVOLVIDA_COM_ATRASO,2026-09-28T17:24:00-03:00
DES000513,EXP001569,PGR-00023873/2026,DOCUMENTO,CIVINT/STIC,CIVINT-STIC-U03,Isabela Piloto,CIVINT-STIC-U01,Gabriela Simulada,2026-10-01T05:30:14-03:00,2026-10-08,7,ENCERRADA,DEVOLVIDA_NO_PRAZO,2026-10-01T06:02:04-03:00
DES000514,EXP001570,PGR-00030510/2026,DOCUMENTO,CIVINT/STIC,CIVINT-STIC-U06,Lucas Esboço,CIVINT-STIC-U01,Gabriela Simulada,2026-08-02T07:51:51-03:00,2026-08-14,-52,ENCERRADA,DEVOLVIDA_COM_ATRASO,2026-10-05T11:24:00-03:00
DES000515,EXP001571,PGR-00026028/2026,DOCUMENTO,CIVINT/STIC,CIVINT-STIC-U08,Nelson Mock,CIVINT-STIC-U01,Gabriela Simulada,2026-08-21T13:50:11-03:00,2026-09-03,-27,ENCERRADA,DEVOLVIDA_COM_ATRASO,2026-09-30T17:38:00-03:00
DES000516,EXP001575,PGR-00001430/2026,DOCUMENTO,CIVINT/STIC,CIVINT-STIC-U07,Marina Maquete,CIVINT-STIC-U01,Gabriela Simulada,2026-09-30T14:31:10-03:00,2026-10-06,6,ENCERRADA,DEVOLVIDA_NO_PRAZO,2026-09-30T15:04:48-03:00
DES000517,EXP001576,PGR-00017690/2026,DOCUMENTO,CIVINT/STIC,CIVINT-STIC-U04,João Rascunho,CIVINT-STIC-U01,Gabriela Simulada,2026-09-29T21:39:27-03:00,2026-10-04,5,ENCERRADA,DEVOLVIDA_NO_PRAZO,2026-09-29T21:58:52-03:00
DES000518,EXP001577,PGR-00073060/2026,DOCUMENTO,CIVINT/STIC,CIVINT-STIC-U07,Marina Maquete,CIVINT-STIC-U01,Gabriela Simulada,2026-10-04T15:08:21-03:00,2026-10-11,7,ENCERRADA,DEVOLVIDA_NO_PRAZO,2026-10-04T15:43:01-03:00
DES000519,EXP001578,PGR-00001402/2026,DOCUMENTO,CIVINT/STIC,CIVINT-STIC-U07,Marina Maquete,CIVINT-STIC-U01,Gabriela Simulada,2026-10-05T22:16:17-03:00,2026-10-09,4,ENCERRADA,DEVOLVIDA_NO_PRAZO,2026-10-05T22:49:03-03:00
DES000520,EXP001579,PGR-00070217/2026,DOCUMENTO,CIVINT/STIC,CIVINT-STIC-U02,Heitor Protótipo,CIVINT-STIC-U01,Gabriela Simulada,2026-06-20T01:34:32-03:00,2026-06-29,-95,ENCERRADA,DEVOLVIDA_COM_ATRASO,2026-10-02T00:49:00-03:00
DES000521,EXP001581,PGR-00064673/2026,DOCUMENTO,CIVINT/STIC,CIVINT-STIC-U06,Lucas Esboço,CIVINT-STIC-U01,Gabriela Simulada,2026-06-27T03:30:48-03:00,2026-07-12,-75,ENCERRADA,DEVOLVIDA_COM_ATRASO,2026-09-25T03:41:00-03:00
DES000522,EXP001585,PGR-00019553/2026,DOCUMENTO,CIVINT/STIC,CIVINT-STIC-U07,Marina Maquete,CIVINT-STIC-U01,Gabriela Simulada,2026-08-31T08:50:08-03:00,2026-09-08,-14,ENCERRADA,DEVOLVIDA_COM_ATRASO,2026-09-22T15:18:00-03:00
DES000523,EXP001586,PGR-00022180/2026,DOCUMENTO,CIVINT/STIC,CIVINT-STIC-U04,João Rascunho,CIVINT-STIC-U01,Gabriela Simulada,2026-10-07T00:31:04-03:00,2026-10-17,10,ENCERRADA,DEVOLVIDA_NO_PRAZO,2026-10-07T01:10:36-03:00
DES000524,EXP001588,PGR-00089128/2026,DOCUMENTO,CIVINT/STIC,CIVINT-STIC-U07,Marina Maquete,CIVINT-STIC-U01,Gabriela Simulada,2026-10-04T16:53:03-03:00,2026-10-13,9,ENCERRADA,DEVOLVIDA_NO_PRAZO,2026-10-04T17:20:06-03:00
DES000525,EXP001589,PGR-00091690/2026,DOCUMENTO,CIVINT/STIC,CIVINT-STIC-U07,Marina Maquete,CIVINT-STIC-U01,Gabriela Simulada,2026-09-28T18:12:55-03:00,2026-10-12,10,ENCERRADA,DEVOLVIDA_NO_PRAZO,2026-10-02T05:05:00-03:00
DES000526,EXP001592,PGR-00080350/2026,DOCUMENTO,CIVINT/STIC,CIVINT-STIC-U08,Nelson Mock,CIVINT-STIC-U01,Gabriela Simulada,2026-09-19T15:21:25-03:00,2026-09-26,7,ENCERRADA,DEVOLVIDA_NO_PRAZO,2026-09-19T15:53:14-03:00
DES000527,EXP001593,PGR-00070408/2026,DOCUMENTO,CIVINT/STIC,CIVINT-STIC-U05,Karina Ensaio,CIVINT-STIC-U01,Gabriela Simulada,2026-09-28T02:47:34-03:00,2026-10-05,7,ENCERRADA,DEVOLVIDA_NO_PRAZO,2026-09-28T20:31:00-03:00
DES000528,EXP001594,PGR-00037762/2026,DOCUMENTO,CIVINT/STIC,CIVINT-STIC-U08,Nelson Mock,CIVINT-STIC-U01,Gabriela Simulada,2026-08-05T03:13:01-03:00,2026-08-18,-44,ENCERRADA,DEVOLVIDA_COM_ATRASO,2026-10-01T14:00:00-03:00
DES000529,EXP001595,PGR-00058730/2026,DOCUMENTO,CIVINT/STIC,CIVINT-STIC-U05,Karina Ensaio,CIVINT-STIC-U01,Gabriela Simulada,2026-09-30T16:36:59-03:00,2026-10-15,9,ENCERRADA,DEVOLVIDA_NO_PRAZO,2026-10-06T11:26:00-03:00
DES000530,EXP001596,PGR-00094614/2026,DOCUMENTO,CIVINT/STIC,CIVINT-STIC-U04,João Rascunho,CIVINT-STIC-U01,Gabriela Simulada,2026-09-29T00:52:16-03:00,2026-10-03,2,ENCERRADA,DEVOLVIDA_NO_PRAZO,2026-10-01T16:21:00-03:00
DES000531,EXP001600,PGR-00062343/2026,DOCUMENTO,CIVINT/STIC,CIVINT-STIC-U05,Karina Ensaio,CIVINT-STIC-U01,Gabriela Simulada,2026-09-21T05:29:35-03:00,2026-09-29,0,ENCERRADA,DEVOLVIDA_NO_PRAZO,2026-09-29T23:17:00-03:00
DES000532,EXP001601,PGR-00065745/2026,DOCUMENTO,CIVINT/STIC,CIVINT-STIC-U04,João Rascunho,CIVINT-STIC-U01,Gabriela Simulada,2026-09-22T14:59:42-03:00,2026-10-06,6,ENCERRADA,DEVOLVIDA_NO_PRAZO,2026-09-30T06:33:00-03:00
DES000533,EXP001602,PGR-00086336/2026,DOCUMENTO,CIVINT/STIC,CIVINT-STIC-U08,Nelson Mock,CIVINT-STIC-U01,Gabriela Simulada,2026-06-07T18:04:19-03:00,2026-06-14,-113,ENCERRADA,DEVOLVIDA_COM_ATRASO,2026-10-05T14:38:00-03:00
DES000534,EXP001603,PGR-00040872/2026,DOCUMENTO,CIVINT/STIC,CIVINT-STIC-U02,Heitor Protótipo,CIVINT-STIC-U01,Gabriela Simulada,2026-10-01T12:20:28-03:00,2026-10-05,3,ENCERRADA,DEVOLVIDA_NO_PRAZO,2026-10-02T12:26:00-03:00
DES000535,EXP001604,PGR-00040659/2026,DOCUMENTO,CIVINT/STIC,CIVINT-STIC-U08,Nelson Mock,CIVINT-STIC-U01,Gabriela Simulada,2026-10-06T12:53:02-03:00,2026-10-13,7,ENCERRADA,DEVOLVIDA_NO_PRAZO,2026-10-06T13:16:10-03:00
DES000536,EXP001605,PGR-00004270/2026,DOCUMENTO,CIVINT/STIC,CIVINT-STIC-U07,Marina Maquete,CIVINT-STIC-U01,Gabriela Simulada,2026-10-05T05:04:29-03:00,2026-10-08,3,ENCERRADA,DEVOLVIDA_NO_PRAZO,2026-10-05T05:59:46-03:00
DES000537,EXP001610,PGR-00022978/2026,DOCUMENTO,CIVINT/STIC,CIVINT-STIC-U03,Isabela Piloto,CIVINT-STIC-U01,Gabriela Simulada,2026-08-22T08:37:30-03:00,2026-09-03,-25,ENCERRADA,DEVOLVIDA_COM_ATRASO,2026-09-28T05:17:00-03:00
DES000538,EXP001611,PGR-00093694/2026,DOCUMENTO,CIVINT/STIC,CIVINT-STIC-U03,Isabela Piloto,CIVINT-STIC-U01,Gabriela Simulada,2026-09-22T04:05:43-03:00,2026-09-28,5,ENCERRADA,DEVOLVIDA_NO_PRAZO,2026-09-23T18:28:00-03:00
DES000539,EXP001612,PGR-00069383/2026,DOCUMENTO,CIVINT/STIC,CIVINT-STIC-U04,João Rascunho,CIVINT-STIC-U01,Gabriela Simulada,2026-09-22T09:41:31-03:00,2026-10-02,-1,ENCERRADA,DEVOLVIDA_COM_ATRASO,2026-10-03T15:20:00-03:00
DES000540,EXP001613,PGR-00032704/2026,DOCUMENTO,CIVINT/STIC,CIVINT-STIC-U03,Isabela Piloto,CIVINT-STIC-U01,Gabriela Simulada,2026-08-30T16:18:20-03:00,2026-09-06,-23,ENCERRADA,DEVOLVIDA_COM_ATRASO,2026-09-29T04:31:00-03:00
DES000541,EXP001614,PGR-00088929/2026,DOCUMENTO,CIVINT/STIC,CIVINT-STIC-U02,Heitor Protótipo,CIVINT-STIC-U01,Gabriela Simulada,2026-07-20T01:35:32-03:00,2026-07-31,-54,ENCERRADA,DEVOLVIDA_COM_ATRASO,2026-09-23T14:30:00-03:00
DES000542,EXP001618,PGR-00012751/2026,DOCUMENTO,CIVINT/STIC,CIVINT-STIC-U04,João Rascunho,CIVINT-STIC-U01,Gabriela Simulada,2026-08-09T15:21:20-03:00,2026-08-24,-43,ENCERRADA,DEVOLVIDA_COM_ATRASO,2026-10-06T13:26:00-03:00
DES000543,EXP001619,PGR-00047507/2026,DOCUMENTO,CIVINT/STIC,CIVINT-STIC-U07,Marina Maquete,CIVINT-STIC-U01,Gabriela Simulada,2026-09-26T13:37:03-03:00,2026-10-01,3,ENCERRADA,DEVOLVIDA_NO_PRAZO,2026-09-28T14:24:00-03:00
DES000544,EXP001621,PGR-00093321/2026,DOCUMENTO,CIVINT/STIC,CIVINT-STIC-U06,Lucas Esboço,CIVINT-STIC-U01,Gabriela Simulada,2026-08-31T07:46:11-03:00,2026-09-11,-13,ENCERRADA,DEVOLVIDA_COM_ATRASO,2026-09-24T11:10:00-03:00
DES000545,EXP001627,PGR-00004065/2026,DOCUMENTO,CIVINT/STIC,CIVINT-STIC-U03,Isabela Piloto,CIVINT-STIC-U01,Gabriela Simulada,2026-08-13T20:43:46-03:00,2026-08-23,-32,ENCERRADA,DEVOLVIDA_COM_ATRASO,2026-09-24T13:38:00-03:00
DES000546,EXP001629,PGR-00018547/2026,DOCUMENTO,CIVINT/STIC,CIVINT-STIC-U06,Lucas Esboço,CIVINT-STIC-U01,Gabriela Simulada,2026-10-05T00:48:10-03:00,2026-10-11,6,ENCERRADA,DEVOLVIDA_NO_PRAZO,2026-10-05T01:19:57-03:00
DES000547,EXP001634,PGR-00078595/2026,DOCUMENTO,CIVINT/STIC,CIVINT-STIC-U05,Karina Ensaio,CIVINT-STIC-U01,Gabriela Simulada,2026-08-30T07:19:42-03:00,2026-09-03,-30,ENCERRADA,DEVOLVIDA_COM_ATRASO,2026-10-03T10:00:00-03:00
DES000548,EXP001636,PGR-00052530/2026,DOCUMENTO,CIVINT/STIC,CIVINT-STIC-U04,João Rascunho,CIVINT-STIC-U01,Gabriela Simulada,2026-09-30T20:40:33-03:00,2026-10-12,7,ENCERRADA,DEVOLVIDA_NO_PRAZO,2026-10-05T22:45:00-03:00
DES000549,EXP001640,PGR-00086940/2026,DOCUMENTO,CIVINT/STIC,CIVINT-STIC-U02,Heitor Protótipo,CIVINT-STIC-U01,Gabriela Simulada,2026-09-28T23:20:49-03:00,2026-10-04,0,ENCERRADA,DEVOLVIDA_NO_PRAZO,2026-10-04T19:39:00-03:00
DES000550,EXP001641,PGR-00039273/2026,DOCUMENTO,CIVINT/STIC,CIVINT-STIC-U08,Nelson Mock,CIVINT-STIC-U01,Gabriela Simulada,2026-09-03T15:40:14-03:00,2026-09-08,-28,ENCERRADA,DEVOLVIDA_COM_ATRASO,2026-10-06T07:50:00-03:00
DES000551,EXP001646,PGR-00026039/2026,DOCUMENTO,CIVINT/STIC,CIVINT-STIC-U08,Nelson Mock,CIVINT-STIC-U01,Gabriela Simulada,2026-07-30T09:09:22-03:00,2026-08-06,-61,ENCERRADA,DEVOLVIDA_COM_ATRASO,2026-10-06T23:59:00-03:00
DES000552,EXP001647,PGR-00004720/2026,DOCUMENTO,CIVINT/STIC,CIVINT-STIC-U04,João Rascunho,CIVINT-STIC-U01,Gabriela Simulada,2026-09-28T21:41:37-03:00,2026-10-04,4,ENCERRADA,DEVOLVIDA_NO_PRAZO,2026-09-30T17:20:00-03:00
DES000553,EXP001648,PGR-00029385/2026,DOCUMENTO,CIVINT/STIC,CIVINT-STIC-U05,Karina Ensaio,CIVINT-STIC-U01,Gabriela Simulada,2026-10-07T17:00:00-03:00,2026-10-19,12,ENCERRADA,DEVOLVIDA_NO_PRAZO,2026-10-07T17:00:00-03:00
DES000554,EXP001654,PGR-00031058/2026,DOCUMENTO,CIVINT/STIC,CIVINT-STIC-U03,Isabela Piloto,CIVINT-STIC-U01,Gabriela Simulada,2026-10-03T04:20:08-03:00,2026-10-09,6,ENCERRADA,DEVOLVIDA_NO_PRAZO,2026-10-03T06:16:00-03:00
DES000555,EXP001655,PGR-00064972/2026,DOCUMENTO,CIVINT/STIC,CIVINT-STIC-U03,Isabela Piloto,CIVINT-STIC-U01,Gabriela Simulada,2026-10-05T08:52:09-03:00,2026-10-09,4,ENCERRADA,DEVOLVIDA_NO_PRAZO,2026-10-05T09:00:44-03:00
DES000556,EXP001657,PGR-00032536/2026,DOCUMENTO,CIVINT/STIC,CIVINT-STIC-U06,Lucas Esboço,CIVINT-STIC-U01,Gabriela Simulada,2026-09-15T21:18:46-03:00,2026-09-25,3,ENCERRADA,DEVOLVIDA_NO_PRAZO,2026-09-22T21:44:00-03:00
DES000557,EXP001658,PGR-00021306/2026,DOCUMENTO,CIVINT/STIC,CIVINT-STIC-U03,Isabela Piloto,CIVINT-STIC-U01,Gabriela Simulada,2026-09-28T01:34:47-03:00,2026-10-05,5,ENCERRADA,DEVOLVIDA_NO_PRAZO,2026-09-30T16:03:00-03:00
DES000558,EXP001659,PGR-00014941/2026,DOCUMENTO,CIVINT/STIC,CIVINT-STIC-U07,Marina Maquete,CIVINT-STIC-U01,Gabriela Simulada,2026-09-19T14:15:05-03:00,2026-09-28,3,ENCERRADA,DEVOLVIDA_NO_PRAZO,2026-09-25T00:54:00-03:00
DES000559,EXP001661,PGR-00025163/2026,DOCUMENTO,CIVINT/STIC,CIVINT-STIC-U03,Isabela Piloto,CIVINT-STIC-U01,Gabriela Simulada,2026-08-15T18:10:48-03:00,2026-08-18,-34,ENCERRADA,DEVOLVIDA_COM_ATRASO,2026-09-21T19:43:00-03:00
DES000560,EXP001662,PGR-00099407/2026,DOCUMENTO,CIVINT/STIC,CIVINT-STIC-U03,Isabela Piloto,CIVINT-STIC-U01,Gabriela Simulada,2026-09-25T07:27:18-03:00,2026-10-08,1,ENCERRADA,DEVOLVIDA_NO_PRAZO,2026-10-07T12:44:00-03:00
DES000561,EXP001663,PGR-00090169/2026,DOCUMENTO,CIVINT/STIC,CIVINT-STIC-U02,Heitor Protótipo,CIVINT-STIC-U01,Gabriela Simulada,2026-09-07T03:04:56-03:00,2026-09-14,-3,ENCERRADA,DEVOLVIDA_COM_ATRASO,2026-09-17T23:42:00-03:00
DES000562,EXP001664,PGR-00026053/2026,DOCUMENTO,CIVINT/STIC,CIVINT-STIC-U04,João Rascunho,CIVINT-STIC-U01,Gabriela Simulada,2026-09-18T06:55:49-03:00,2026-09-28,2,ENCERRADA,DEVOLVIDA_NO_PRAZO,2026-09-26T19:27:00-03:00
DES000563,EXP001665,PGR-00014528/2026,DOCUMENTO,CIVINT/STIC,CIVINT-STIC-U04,João Rascunho,CIVINT-STIC-U01,Gabriela Simulada,2026-10-03T12:48:53-03:00,2026-10-10,7,ENCERRADA,DEVOLVIDA_NO_PRAZO,2026-10-03T13:13:59-03:00
DES000564,EXP001667,PGR-00035319/2026,DOCUMENTO,CIVINT/STIC,CIVINT-STIC-U02,Heitor Protótipo,CIVINT-STIC-U01,Gabriela Simulada,2026-09-21T12:38:55-03:00,2026-10-03,-3,ENCERRADA,DEVOLVIDA_COM_ATRASO,2026-10-06T14:55:00-03:00
DES000565,EXP001669,PGR-00077698/2026,DOCUMENTO,CIVINT/STIC,CIVINT-STIC-U02,Heitor Protótipo,CIVINT-STIC-U01,Gabriela Simulada,2026-08-03T08:24:10-03:00,2026-08-14,-53,ENCERRADA,DEVOLVIDA_COM_ATRASO,2026-10-06T20:04:00-03:00
DES000566,EXP001672,PGR-00051453/2026,DOCUMENTO,CIVINT/STIC,CIVINT-STIC-U06,Lucas Esboço,CIVINT-STIC-U01,Gabriela Simulada,2026-10-03T18:14:09-03:00,2026-10-09,6,ENCERRADA,DEVOLVIDA_NO_PRAZO,2026-10-03T18:42:55-03:00
DES000567,EXP001674,PGR-00025269/2026,DOCUMENTO,CIVINT/STIC,CIVINT-STIC-U04,João Rascunho,CIVINT-STIC-U01,Gabriela Simulada,2026-09-14T16:24:42-03:00,2026-09-19,-9,ENCERRADA,DEVOLVIDA_COM_ATRASO,2026-09-28T23:12:00-03:00
DES000568,EXP001675,PGR-00069806/2026,DOCUMENTO,CIVINT/STIC,CIVINT-STIC-U06,Lucas Esboço,CIVINT-STIC-U01,Gabriela Simulada,2026-08-22T16:57:57-03:00,2026-08-28,-28,ENCERRADA,DEVOLVIDA_COM_ATRASO,2026-09-25T22:59:00-03:00
DES000569,EXP001679,PGR-00053549/2026,DOCUMENTO,CIVINT/STIC,CIVINT-STIC-U03,Isabela Piloto,CIVINT-STIC-U01,Gabriela Simulada,2026-09-08T15:34:00-03:00,2026-09-23,5,ENCERRADA,DEVOLVIDA_NO_PRAZO,2026-09-18T16:57:00-03:00
DES000570,EXP001680,PGR-00087436/2026,DOCUMENTO,CIVINT/STIC,CIVINT-STIC-U02,Heitor Protótipo,CIVINT-STIC-U01,Gabriela Simulada,2026-09-23T22:27:22-03:00,2026-10-06,13,ENCERRADA,DEVOLVIDA_NO_PRAZO,2026-09-23T23:23:17-03:00
DES000571,EXP001683,PGR-00088314/2026,DOCUMENTO,CIVINT/STIC,CIVINT-STIC-U02,Heitor Protótipo,CIVINT-STIC-U01,Gabriela Simulada,2026-09-04T14:03:32-03:00,2026-09-09,-25,ENCERRADA,DEVOLVIDA_COM_ATRASO,2026-10-04T01:16:00-03:00
DES000572,EXP001684,PGR-00067701/2026,DOCUMENTO,CIVINT/STIC,CIVINT-STIC-U07,Marina Maquete,CIVINT-STIC-U01,Gabriela Simulada,2026-09-29T01:00:20-03:00,2026-10-06,7,ENCERRADA,DEVOLVIDA_NO_PRAZO,2026-09-29T01:14:48-03:00
DES000573,EXP001685,PGR-00052601/2026,DOCUMENTO,CIVINT/STIC,CIVINT-STIC-U05,Karina Ensaio,CIVINT-STIC-U01,Gabriela Simulada,2026-10-01T12:04:12-03:00,2026-10-10,9,ENCERRADA,DEVOLVIDA_NO_PRAZO,2026-10-01T12:37:26-03:00
DES000574,EXP001687,PGR-00018464/2026,DOCUMENTO,CIVINT/STIC,CIVINT-STIC-U02,Heitor Protótipo,CIVINT-STIC-U01,Gabriela Simulada,2026-09-20T02:47:57-03:00,2026-09-29,-2,ENCERRADA,DEVOLVIDA_COM_ATRASO,2026-10-01T12:47:00-03:00
DES000575,EXP001689,PGR-00071294/2026,DOCUMENTO,CIVINT/STIC,CIVINT-STIC-U02,Heitor Protótipo,CIVINT-STIC-U01,Gabriela Simulada,2026-09-09T10:23:33-03:00,2026-09-24,6,ENCERRADA,DEVOLVIDA_NO_PRAZO,2026-09-18T17:49:00-03:00
DES000576,EXP001695,PGR-00025741/2026,DOCUMENTO,CIVINT/STIC,CIVINT-STIC-U04,João Rascunho,CIVINT-STIC-U01,Gabriela Simulada,2026-08-29T18:01:11-03:00,2026-09-06,-26,ENCERRADA,DEVOLVIDA_COM_ATRASO,2026-10-02T22:31:00-03:00
DES000577,EXP001696,PGR-00074361/2026,DOCUMENTO,CIVINT/STIC,CIVINT-STIC-U07,Marina Maquete,CIVINT-STIC-U01,Gabriela Simulada,2026-09-21T08:58:52-03:00,2026-09-27,-2,ENCERRADA,DEVOLVIDA_COM_ATRASO,2026-09-29T22:58:00-03:00
DES000578,EXP001702,PGR-00023112/2026,DOCUMENTO,CIVINT/STIC,CIVINT-STIC-U05,Karina Ensaio,CIVINT-STIC-U01,Gabriela Simulada,2026-10-03T03:46:34-03:00,2026-10-10,5,ENCERRADA,DEVOLVIDA_NO_PRAZO,2026-10-05T14:20:00-03:00
DES000579,EXP001703,PGR-00049863/2026,DOCUMENTO,CIVINT/STIC,CIVINT-STIC-U02,Heitor Protótipo,CIVINT-STIC-U01,Gabriela Simulada,2026-09-26T09:02:05-03:00,2026-10-05,9,ENCERRADA,DEVOLVIDA_NO_PRAZO,2026-09-26T09:53:42-03:00
DES000580,EXP001705,PGR-00084155/2026,DOCUMENTO,CIVINT/STIC,CIVINT-STIC-U07,Marina Maquete,CIVINT-STIC-U01,Gabriela Simulada,2026-10-02T21:35:56-03:00,2026-10-11,9,ENCERRADA,DEVOLVIDA_NO_PRAZO,2026-10-02T21:55:38-03:00
DES000581,EXP001708,PGR-00016618/2026,DOCUMENTO,CIVINT/STIC,CIVINT-STIC-U04,João Rascunho,CIVINT-STIC-U01,Gabriela Simulada,2026-09-09T17:04:24-03:00,2026-09-19,-1,ENCERRADA,DEVOLVIDA_COM_ATRASO,2026-09-20T20:27:00-03:00
DES000582,EXP001711,PGR-00049100/2026,DOCUMENTO,CIVINT/STIC,CIVINT-STIC-U05,Karina Ensaio,CIVINT-STIC-U01,Gabriela Simulada,2026-09-10T06:34:46-03:00,2026-09-19,0,ENCERRADA,DEVOLVIDA_NO_PRAZO,2026-09-19T19:09:00-03:00
DES000583,EXP001712,PGR-00012602/2026,DOCUMENTO,CIVINT/STIC,CIVINT-STIC-U03,Isabela Piloto,CIVINT-STIC-U01,Gabriela Simulada,2026-09-20T08:28:56-03:00,2026-10-05,-1,ENCERRADA,DEVOLVIDA_COM_ATRASO,2026-10-06T12:27:00-03:00
DES000584,EXP001713,PGR-00066561/2026,DOCUMENTO,CIVINT/STIC,CIVINT-STIC-U03,Isabela Piloto,CIVINT-STIC-U01,Gabriela Simulada,2026-08-19T17:26:21-03:00,2026-08-24,-41,ENCERRADA,DEVOLVIDA_COM_ATRASO,2026-10-04T18:07:00-03:00
DES000585,EXP001715,PGR-00002458/2026,DOCUMENTO,CIVINT/STIC,CIVINT-STIC-U07,Marina Maquete,CIVINT-STIC-U01,Gabriela Simulada,2026-09-29T08:30:17-03:00,2026-10-08,2,ENCERRADA,DEVOLVIDA_NO_PRAZO,2026-10-06T04:29:00-03:00
DES000586,EXP001716,PGR-00019671/2026,DOCUMENTO,CIVINT/STIC,CIVINT-STIC-U06,Lucas Esboço,CIVINT-STIC-U01,Gabriela Simulada,2026-10-07T13:03:47-03:00,2026-10-19,12,ENCERRADA,DEVOLVIDA_NO_PRAZO,2026-10-07T13:56:14-03:00
DES000587,EXP001722,PGR-00022435/2026,DOCUMENTO,CIVINT/STIC,CIVINT-STIC-U04,João Rascunho,CIVINT-STIC-U01,Gabriela Simulada,2026-08-08T07:21:33-03:00,2026-08-18,-34,ENCERRADA,DEVOLVIDA_COM_ATRASO,2026-09-21T17:38:00-03:00
DES000588,EXP001726,PGR-00059583/2026,DOCUMENTO,CIVINT/STIC,CIVINT-STIC-U07,Marina Maquete,CIVINT-STIC-U01,Gabriela Simulada,2026-10-03T02:29:30-03:00,2026-10-14,10,ENCERRADA,DEVOLVIDA_NO_PRAZO,2026-10-04T15:15:00-03:00
DES000589,EXP001727,PGR-00084550/2026,DOCUMENTO,CIVINT/STIC,CIVINT-STIC-U03,Isabela Piloto,CIVINT-STIC-U01,Gabriela Simulada,2026-09-16T10:50:28-03:00,2026-10-01,10,ENCERRADA,DEVOLVIDA_NO_PRAZO,2026-09-21T01:04:00-03:00
DES000590,EXP001729,PGR-00045354/2026,DOCUMENTO,CIVINT/STIC,CIVINT-STIC-U03,Isabela Piloto,CIVINT-STIC-U01,Gabriela Simulada,2026-08-12T04:30:30-03:00,2026-08-25,-34,ENCERRADA,DEVOLVIDA_COM_ATRASO,2026-09-28T01:00:00-03:00
DES000591,EXP001730,PGR-00084215/2026,DOCUMENTO,CIVINT/STIC,CIVINT-STIC-U02,Heitor Protótipo,CIVINT-STIC-U01,Gabriela Simulada,2026-10-02T21:56:04-03:00,2026-10-16,12,ENCERRADA,DEVOLVIDA_NO_PRAZO,2026-10-04T19:37:00-03:00
DES000592,EXP001731,PGR-00016684/2026,DOCUMENTO,CIVINT/STIC,CIVINT-STIC-U04,João Rascunho,CIVINT-STIC-U01,Gabriela Simulada,2026-10-02T08:21:47-03:00,2026-10-11,9,ENCERRADA,DEVOLVIDA_NO_PRAZO,2026-10-02T08:51:43-03:00
DES000593,EXP001732,PGR-00099397/2026,DOCUMENTO,CIVINT/STIC,CIVINT-STIC-U08,Nelson Mock,CIVINT-STIC-U01,Gabriela Simulada,2026-10-04T02:20:23-03:00,2026-10-13,9,ENCERRADA,DEVOLVIDA_NO_PRAZO,2026-10-04T02:25:11-03:00
DES000594,EXP001734,PGR-00009303/2026,DOCUMENTO,CIVINT/STIC,CIVINT-STIC-U02,Heitor Protótipo,CIVINT-STIC-U01,Gabriela Simulada,2026-10-02T00:42:40-03:00,2026-10-15,13,ENCERRADA,DEVOLVIDA_NO_PRAZO,2026-10-02T01:29:04-03:00
DES000595,EXP001735,PGR-00003776/2026,DOCUMENTO,CIVINT/STIC,CIVINT-STIC-U07,Marina Maquete,CIVINT-STIC-U01,Gabriela Simulada,2026-09-09T12:19:34-03:00,2026-09-12,-16,ENCERRADA,DEVOLVIDA_COM_ATRASO,2026-09-28T10:59:00-03:00
DES000596,EXP001736,PGR-00022241/2026,DOCUMENTO,CIVINT/STIC,CIVINT-STIC-U04,João Rascunho,CIVINT-STIC-U01,Gabriela Simulada,2026-08-28T06:27:12-03:00,2026-09-07,-18,ENCERRADA,DEVOLVIDA_COM_ATRASO,2026-09-25T21:54:00-03:00
DES000597,EXP001738,PGR-00069480/2026,DOCUMENTO,CIVINT/STIC,CIVINT-STIC-U04,João Rascunho,CIVINT-STIC-U01,Gabriela Simulada,2026-09-14T00:13:27-03:00,2026-09-21,-16,ENCERRADA,DEVOLVIDA_COM_ATRASO,2026-10-07T09:16:00-03:00
DES000598,EXP001747,PGR-00077749/2026,DOCUMENTO,CIVINT/STIC,CIVINT-STIC-U06,Lucas Esboço,CIVINT-STIC-U01,Gabriela Simulada,2026-07-06T13:54:10-03:00,2026-07-11,-77,ENCERRADA,DEVOLVIDA_COM_ATRASO,2026-09-26T01:45:00-03:00
DES000599,EXP001748,PGR-00089426/2026,DOCUMENTO,CIVINT/STIC,CIVINT-STIC-U06,Lucas Esboço,CIVINT-STIC-U01,Gabriela Simulada,2026-09-27T03:45:54-03:00,2026-10-08,9,ENCERRADA,DEVOLVIDA_NO_PRAZO,2026-09-29T00:49:00-03:00
DES000600,EXP001749,PGR-00025062/2026,DOCUMENTO,CIVINT/STIC,CIVINT-STIC-U02,Heitor Protótipo,CIVINT-STIC-U01,Gabriela Simulada,2026-09-22T07:22:49-03:00,2026-10-07,5,ENCERRADA,DEVOLVIDA_NO_PRAZO,2026-10-02T03:12:00-03:00
DES000601,EXP001750,PGR-00074313/2026,DOCUMENTO,CIVINT/STIC,CIVINT-STIC-U08,Nelson Mock,CIVINT-STIC-U01,Gabriela Simulada,2026-07-04T08:51:05-03:00,2026-07-13,-84,ENCERRADA,DEVOLVIDA_COM_ATRASO,2026-10-05T11:02:00-03:00
DES000602,EXP001752,PGR-00065946/2026,DOCUMENTO,CIVINT/STIC,CIVINT-STIC-U02,Heitor Protótipo,CIVINT-STIC-U01,Gabriela Simulada,2026-08-04T17:04:27-03:00,2026-08-07,-51,ENCERRADA,DEVOLVIDA_COM_ATRASO,2026-09-27T21:21:00-03:00
DES000603,EXP001753,PGR-00035508/2026,DOCUMENTO,CIVINT/STIC,CIVINT-STIC-U08,Nelson Mock,CIVINT-STIC-U01,Gabriela Simulada,2026-09-21T00:17:57-03:00,2026-09-26,-3,ENCERRADA,DEVOLVIDA_COM_ATRASO,2026-09-29T22:55:00-03:00
DES000604,EXP001754,PGR-00047106/2026,DOCUMENTO,CIVINT/STIC,CIVINT-STIC-U06,Lucas Esboço,CIVINT-STIC-U01,Gabriela Simulada,2026-08-05T02:26:35-03:00,2026-08-11,-57,ENCERRADA,DEVOLVIDA_COM_ATRASO,2026-10-07T14:33:00-03:00
DES000605,EXP001755,PGR-00048297/2026,DOCUMENTO,CIVINT/STIC,CIVINT-STIC-U02,Heitor Protótipo,CIVINT-STIC-U01,Gabriela Simulada,2026-08-21T13:02:33-03:00,2026-08-30,-19,ENCERRADA,DEVOLVIDA_COM_ATRASO,2026-09-18T13:52:00-03:00
DES000606,EXP001757,PGR-00054589/2026,DOCUMENTO,CIVINT/STIC,CIVINT-STIC-U08,Nelson Mock,CIVINT-STIC-U01,Gabriela Simulada,2026-10-02T23:29:20-03:00,2026-10-14,7,ENCERRADA,DEVOLVIDA_NO_PRAZO,2026-10-07T00:22:00-03:00
DES000607,EXP001760,PGR-00028408/2026,DOCUMENTO,CIVINT/STIC,CIVINT-STIC-U08,Nelson Mock,CIVINT-STIC-U01,Gabriela Simulada,2026-10-07T09:00:51-03:00,2026-10-11,4,ENCERRADA,DEVOLVIDA_NO_PRAZO,2026-10-07T09:58:48-03:00
DES000608,EXP001764,PGR-00020005/2026,DOCUMENTO,CIVINT/STIC,CIVINT-STIC-U07,Marina Maquete,CIVINT-STIC-U01,Gabriela Simulada,2026-09-19T04:06:57-03:00,2026-09-23,-9,ENCERRADA,DEVOLVIDA_COM_ATRASO,2026-10-02T19:22:00-03:00
DES000609,EXP001765,PGR-00066504/2026,DOCUMENTO,CIVINT/STIC,CIVINT-STIC-U03,Isabela Piloto,CIVINT-STIC-U01,Gabriela Simulada,2026-08-25T09:12:56-03:00,2026-09-01,-26,ENCERRADA,DEVOLVIDA_COM_ATRASO,2026-09-27T13:44:00-03:00
DES000610,EXP001766,PGR-00016062/2026,DOCUMENTO,CIVINT/STIC,CIVINT-STIC-U03,Isabela Piloto,CIVINT-STIC-U01,Gabriela Simulada,2026-08-08T03:43:19-03:00,2026-08-11,-40,ENCERRADA,DEVOLVIDA_COM_ATRASO,2026-09-20T17:43:00-03:00
DES000611,EXP001767,PGR-00036345/2026,DOCUMENTO,CIVINT/STIC,CIVINT-STIC-U08,Nelson Mock,CIVINT-STIC-U01,Gabriela Simulada,2026-08-31T12:00:03-03:00,2026-09-15,-14,ENCERRADA,DEVOLVIDA_COM_ATRASO,2026-09-29T16:12:00-03:00
DES000612,EXP001768,PGR-00034210/2026,DOCUMENTO,CIVINT/STIC,CIVINT-STIC-U02,Heitor Protótipo,CIVINT-STIC-U01,Gabriela Simulada,2026-07-08T17:36:33-03:00,2026-07-15,-83,ENCERRADA,DEVOLVIDA_COM_ATRASO,2026-10-06T21:35:00-03:00
DES000613,EXP001769,PGR-00081342/2026,DOCUMENTO,CIVINT/STIC,CIVINT-STIC-U08,Nelson Mock,CIVINT-STIC-U01,Gabriela Simulada,2026-09-05T18:30:04-03:00,2026-09-08,-22,ENCERRADA,DEVOLVIDA_COM_ATRASO,2026-09-30T09:36:00-03:00
DES000614,EXP001772,PGR-00020408/2026,DOCUMENTO,CIVINT/STIC,CIVINT-STIC-U04,João Rascunho,CIVINT-STIC-U01,Gabriela Simulada,2026-10-04T16:49:53-03:00,2026-10-12,8,ENCERRADA,DEVOLVIDA_NO_PRAZO,2026-10-04T17:45:36-03:00
DES000615,EXP001773,PGR-00011055/2026,DOCUMENTO,CIVINT/STIC,CIVINT-STIC-U07,Marina Maquete,CIVINT-STIC-U01,Gabriela Simulada,2026-09-18T04:08:24-03:00,2026-09-22,3,ENCERRADA,DEVOLVIDA_NO_PRAZO,2026-09-19T07:39:00-03:00
DES000616,EXP001774,PGR-00069419/2026,DOCUMENTO,CIVINT/STIC,CIVINT-STIC-U07,Marina Maquete,CIVINT-STIC-U01,Gabriela Simulada,2026-09-27T22:27:17-03:00,2026-09-30,3,ENCERRADA,DEVOLVIDA_NO_PRAZO,2026-09-27T22:52:37-03:00
DES000617,EXP001776,PGR-00070103/2026,DOCUMENTO,CIVINT/STIC,CIVINT-STIC-U08,Nelson Mock,CIVINT-STIC-U01,Gabriela Simulada,2026-07-24T06:13:36-03:00,2026-07-31,-65,ENCERRADA,DEVOLVIDA_COM_ATRASO,2026-10-04T00:43:00-03:00
DES000618,EXP001777,PGR-00038896/2026,DOCUMENTO,CIVINT/STIC,CIVINT-STIC-U06,Lucas Esboço,CIVINT-STIC-U01,Gabriela Simulada,2026-09-23T08:11:34-03:00,2026-10-06,10,ENCERRADA,DEVOLVIDA_NO_PRAZO,2026-09-26T09:56:00-03:00
DES000619,EXP001778,PGR-00033005/2026,DOCUMENTO,CIVINT/STIC,CIVINT-STIC-U03,Isabela Piloto,CIVINT-STIC-U01,Gabriela Simulada,2026-10-03T04:14:39-03:00,2026-10-15,12,ENCERRADA,DEVOLVIDA_NO_PRAZO,2026-10-03T04:28:57-03:00
DES000620,EXP001779,PGR-00057047/2026,DOCUMENTO,CIVINT/STIC,CIVINT-STIC-U06,Lucas Esboço,CIVINT-STIC-U01,Gabriela Simulada,2026-09-08T14:05:15-03:00,2026-09-16,-9,ENCERRADA,DEVOLVIDA_COM_ATRASO,2026-09-25T21:34:00-03:00
DES000621,EXP001780,PGR-00033146/2026,DOCUMENTO,CIVINT/STIC,CIVINT-STIC-U08,Nelson Mock,CIVINT-STIC-U01,Gabriela Simulada,2026-09-13T20:24:47-03:00,2026-09-18,-19,ATIVA,VENCIDA,
DES000622,EXP001781,PGR-00021794/2026,DOCUMENTO,CIVINT/STIC,CIVINT-STIC-U02,Heitor Protótipo,CIVINT-STIC-U01,Gabriela Simulada,2026-10-04T20:26:01-03:00,2026-10-10,3,ATIVA,NO_PRAZO,
DES000623,EXP001782,PGR-00009100/2026,DOCUMENTO,CIVINT/STIC,CIVINT-STIC-U03,Isabela Piloto,CIVINT-STIC-U01,Gabriela Simulada,2026-07-26T03:59:46-03:00,2026-08-05,-63,ATIVA,VENCIDA,
DES000624,EXP001783,PGR-00058894/2026,DOCUMENTO,CIVINT/STIC,CIVINT-STIC-U08,Nelson Mock,CIVINT-STIC-U01,Gabriela Simulada,2026-08-25T22:44:42-03:00,2026-09-04,-33,ATIVA,VENCIDA,
DES000625,EXP001785,PGR-00012283/2026,DOCUMENTO,CIVINT/STIC,CIVINT-STIC-U04,João Rascunho,CIVINT-STIC-U01,Gabriela Simulada,2026-10-07T06:13:36-03:00,2026-10-21,14,ATIVA,NO_PRAZO,
DES000626,EXP001786,PGR-00072668/2026,DOCUMENTO,CIVINT/STIC,CIVINT-STIC-U07,Marina Maquete,CIVINT-STIC-U01,Gabriela Simulada,2026-08-22T06:41:10-03:00,2026-09-04,-33,ATIVA,VENCIDA,
DES000627,EXP001787,PGR-00097482/2026,DOCUMENTO,CIVINT/STIC,CIVINT-STIC-U05,Karina Ensaio,CIVINT-STIC-U01,Gabriela Simulada,2026-08-10T19:37:03-03:00,2026-08-22,-46,ATIVA,VENCIDA,
DES000628,EXP001789,PGR-00073831/2026,DOCUMENTO,CIVINT/STIC,CIVINT-STIC-U08,Nelson Mock,CIVINT-STIC-U01,Gabriela Simulada,2026-08-25T07:03:47-03:00,2026-09-02,-35,ATIVA,VENCIDA,
DES000629,EXP001790,PGR-00086507/2026,DOCUMENTO,CIVINT/STIC,CIVINT-STIC-U07,Marina Maquete,CIVINT-STIC-U01,Gabriela Simulada,2026-10-02T03:16:26-03:00,2026-10-14,7,ATIVA,NO_PRAZO,
DES000630,EXP001793,PGR-00035313/2026,DOCUMENTO,CIVINT/STIC,CIVINT-STIC-U07,Marina Maquete,CIVINT-STIC-U01,Gabriela Simulada,2026-09-26T08:09:06-03:00,2026-09-30,-7,ATIVA,VENCIDA,
DES000631,EXP001794,PGR-00079190/2026,DOCUMENTO,CIVINT/STIC,CIVINT-STIC-U04,João Rascunho,CIVINT-STIC-U01,Gabriela Simulada,2026-07-31T23:25:34-03:00,2026-08-05,-63,ATIVA,VENCIDA,
DES000632,EXP001796,PGR-00098842/2026,DOCUMENTO,CIVINT/STIC,CIVINT-STIC-U05,Karina Ensaio,CIVINT-STIC-U01,Gabriela Simulada,2026-09-30T05:21:39-03:00,2026-10-04,-3,ATIVA,VENCIDA,
DES000633,EXP001797,PGR-00035084/2026,DOCUMENTO,CIVINT/STIC,CIVINT-STIC-U03,Isabela Piloto,CIVINT-STIC-U01,Gabriela Simulada,2026-09-15T06:22:20-03:00,2026-09-26,-11,ATIVA,VENCIDA,
DES000634,EXP001799,PGR-00066048/2026,DOCUMENTO,CIVINT/STIC,CIVINT-STIC-U05,Karina Ensaio,CIVINT-STIC-U01,Gabriela Simulada,2026-09-27T02:43:16-03:00,2026-10-04,-3,ATIVA,VENCIDA,
DES000635,EXP001800,PGR-00013054/2026,DOCUMENTO,CIVINT/STIC,CIVINT-STIC-U06,Lucas Esboço,CIVINT-STIC-U01,Gabriela Simulada,2026-10-01T10:44:54-03:00,2026-10-05,-2,ATIVA,VENCIDA,
DES000636,EXP001803,PGR-00067631/2026,DOCUMENTO,CIVINT/STIC,CIVINT-STIC-U06,Lucas Esboço,CIVINT-STIC-U01,Gabriela Simulada,2026-06-20T00:48:07-03:00,2026-07-01,-98,ATIVA,VENCIDA,
DES000637,EXP001804,PGR-00092930/2026,DOCUMENTO,CIVINT/STIC,CIVINT-STIC-U03,Isabela Piloto,CIVINT-STIC-U01,Gabriela Simulada,2026-09-27T10:31:03-03:00,2026-10-10,3,ATIVA,NO_PRAZO,
DES000638,EXP001805,PGR-00092983/2026,DOCUMENTO,CIVINT/STIC,CIVINT-STIC-U08,Nelson Mock,CIVINT-STIC-U01,Gabriela Simulada,2026-09-27T12:51:56-03:00,2026-10-08,1,ATIVA,NO_PRAZO,
DES000639,EXP001808,PGR-00007792/2026,DOCUMENTO,CIVINT/STIC,CIVINT-STIC-U08,Nelson Mock,CIVINT-STIC-U01,Gabriela Simulada,2026-10-07T17:00:00-03:00,2026-10-20,13,ATIVA,NO_PRAZO,
DES000640,EXP001810,PGR-00027968/2026,DOCUMENTO,CIVINT/STIC,CIVINT-STIC-U03,Isabela Piloto,CIVINT-STIC-U01,Gabriela Simulada,2026-09-13T14:38:59-03:00,2026-09-17,-20,ATIVA,VENCIDA,
DES000641,EXP001811,PGR-00018511/2026,DOCUMENTO,CIVINT/STIC,CIVINT-STIC-U04,João Rascunho,CIVINT-STIC-U01,Gabriela Simulada,2026-10-07T17:00:00-03:00,2026-10-19,12,ATIVA,NO_PRAZO,
DES000642,EXP001812,PGR-00050073/2026,DOCUMENTO,CIVINT/STIC,CIVINT-STIC-U04,João Rascunho,CIVINT-STIC-U01,Gabriela Simulada,2026-07-02T18:27:26-03:00,2026-07-10,-89,ATIVA,VENCIDA,
DES000643,EXP001813,PGR-00051258/2026,DOCUMENTO,CIVINT/STIC,CIVINT-STIC-U07,Marina Maquete,CIVINT-STIC-U01,Gabriela Simulada,2026-10-07T00:31:39-03:00,2026-10-11,4,ATIVA,NO_PRAZO,
DES000644,EXP001814,PGR-00062732/2026,DOCUMENTO,CIVINT/STIC,CIVINT-STIC-U04,João Rascunho,CIVINT-STIC-U01,Gabriela Simulada,2026-10-07T07:20:58-03:00,2026-10-13,6,ATIVA,NO_PRAZO,
DES000645,EXP001815,PGR-00032197/2026,DOCUMENTO,CIVINT/STIC,CIVINT-STIC-U07,Marina Maquete,CIVINT-STIC-U01,Gabriela Simulada,2026-09-21T13:05:05-03:00,2026-10-06,-1,ATIVA,VENCIDA,
DES000646,EXP001819,PGR-00034808/2026,DOCUMENTO,CIVINT/STIC,CIVINT-STIC-U08,Nelson Mock,CIVINT-STIC-U01,Gabriela Simulada,2026-09-04T16:57:36-03:00,2026-09-14,-23,ATIVA,VENCIDA,
DES000647,EXP001820,PGR-00067653/2026,DOCUMENTO,CIVINT/STIC,CIVINT-STIC-U06,Lucas Esboço,CIVINT-STIC-U01,Gabriela Simulada,2026-09-07T03:48:23-03:00,2026-09-22,-15,ATIVA,VENCIDA,
DES000648,EXP001821,PGR-00048588/2026,DOCUMENTO,CIVINT/STIC,CIVINT-STIC-U03,Isabela Piloto,CIVINT-STIC-U01,Gabriela Simulada,2026-09-07T00:06:19-03:00,2026-09-21,-16,ATIVA,VENCIDA,
DES000649,EXP001822,PGR-00003643/2026,DOCUMENTO,CIVINT/STIC,CIVINT-STIC-U04,João Rascunho,CIVINT-STIC-U01,Gabriela Simulada,2026-08-25T03:45:52-03:00,2026-09-05,-32,ATIVA,VENCIDA,
DES000650,EXP001823,PGR-00093352/2026,DOCUMENTO,CIVINT/STIC,CIVINT-STIC-U05,Karina Ensaio,CIVINT-STIC-U01,Gabriela Simulada,2026-09-16T04:54:39-03:00,2026-09-26,-11,ATIVA,VENCIDA,
DES000651,EXP001825,PGR-00028632/2026,DOCUMENTO,CIVINT/STIC,CIVINT-STIC-U07,Marina Maquete,CIVINT-STIC-U01,Gabriela Simulada,2026-08-19T10:31:21-03:00,2026-09-03,-34,ATIVA,VENCIDA,
DES000652,EXP001826,PGR-00000227/2026,DOCUMENTO,CIVINT/STIC,CIVINT-STIC-U07,Marina Maquete,CIVINT-STIC-U01,Gabriela Simulada,2026-10-05T12:49:53-03:00,2026-10-11,4,ATIVA,NO_PRAZO,
DES000653,EXP001827,PGR-00025913/2026,DOCUMENTO,CIVINT/STIC,CIVINT-STIC-U03,Isabela Piloto,CIVINT-STIC-U01,Gabriela Simulada,2026-09-23T08:50:48-03:00,2026-10-06,-1,ATIVA,VENCIDA,
DES000654,EXP001830,PGR-00030501/2026,DOCUMENTO,CIVINT/STIC,CIVINT-STIC-U03,Isabela Piloto,CIVINT-STIC-U01,Gabriela Simulada,2026-10-07T17:00:00-03:00,2026-10-17,10,ATIVA,NO_PRAZO,
DES000655,EXP001831,PGR-00040422/2026,DOCUMENTO,CIVINT/STIC,CIVINT-STIC-U02,Heitor Protótipo,CIVINT-STIC-U01,Gabriela Simulada,2026-10-07T17:00:00-03:00,2026-10-10,3,ATIVA,NO_PRAZO,
DES000656,EXP001832,PGR-00010049/2026,DOCUMENTO,CIVINT/STIC,CIVINT-STIC-U02,Heitor Protótipo,CIVINT-STIC-U01,Gabriela Simulada,2026-09-18T15:29:06-03:00,2026-09-24,-13,ATIVA,VENCIDA,
DES000657,EXP001833,PGR-00084576/2026,DOCUMENTO,CIVINT/STIC,CIVINT-STIC-U08,Nelson Mock,CIVINT-STIC-U01,Gabriela Simulada,2026-10-07T15:12:47-03:00,2026-10-16,9,ATIVA,NO_PRAZO,
DES000658,EXP001834,PGR-00020138/2026,DOCUMENTO,CIVINT/STIC,CIVINT-STIC-U07,Marina Maquete,CIVINT-STIC-U01,Gabriela Simulada,2026-10-03T20:09:06-03:00,2026-10-06,-1,ATIVA,VENCIDA,
DES000659,EXP001835,PGR-00002027/2026,DOCUMENTO,CIVINT/STIC,CIVINT-STIC-U03,Isabela Piloto,CIVINT-STIC-U01,Gabriela Simulada,2026-08-06T09:52:39-03:00,2026-08-09,-59,ATIVA,VENCIDA,
DES000660,EXP001837,PGR-00022966/2026,DOCUMENTO,CIVINT/STIC,CIVINT-STIC-U07,Marina Maquete,CIVINT-STIC-U01,Gabriela Simulada,2026-07-02T07:41:11-03:00,2026-07-13,-86,ATIVA,VENCIDA,
DES000661,EXP001838,PGR-00020613/2026,DOCUMENTO,CIVINT/STIC,CIVINT-STIC-U02,Heitor Protótipo,CIVINT-STIC-U01,Gabriela Simulada,2026-09-20T21:50:42-03:00,2026-10-03,-4,ATIVA,VENCIDA,
DES000662,EXP001841,PGR-00006506/2026,DOCUMENTO,CIVINT/STIC,CIVINT-STIC-U08,Nelson Mock,CIVINT-STIC-U01,Gabriela Simulada,2026-08-16T07:01:55-03:00,2026-08-26,-42,ATIVA,VENCIDA,
DES000663,EXP001843,PGR-00089004/2026,DOCUMENTO,CIVINT/STIC,CIVINT-STIC-U08,Nelson Mock,CIVINT-STIC-U01,Gabriela Simulada,2026-05-19T16:16:57-03:00,2026-05-29,-131,ATIVA,VENCIDA,
DES000664,EXP001844,PGR-00021465/2026,DOCUMENTO,CIVINT/STIC,CIVINT-STIC-U04,João Rascunho,CIVINT-STIC-U01,Gabriela Simulada,2026-10-06T21:21:38-03:00,2026-10-18,11,ATIVA,NO_PRAZO,
DES000665,EXP001845,PGR-00047781/2026,DOCUMENTO,CIVINT/STIC,CIVINT-STIC-U08,Nelson Mock,CIVINT-STIC-U01,Gabriela Simulada,2026-09-27T19:37:13-03:00,2026-10-01,-6,ATIVA,VENCIDA,
DES000666,EXP001846,PGR-00036511/2026,DOCUMENTO,CIVINT/STIC,CIVINT-STIC-U03,Isabela Piloto,CIVINT-STIC-U01,Gabriela Simulada,2026-08-17T18:19:08-03:00,2026-08-27,-41,ATIVA,VENCIDA,
DES000667,EXP001847,PGR-00063169/2026,DOCUMENTO,CIVINT/STIC,CIVINT-STIC-U05,Karina Ensaio,CIVINT-STIC-U01,Gabriela Simulada,2026-08-16T14:39:16-03:00,2026-08-22,-46,ATIVA,VENCIDA,
DES000668,EXP001848,PGR-00084152/2026,DOCUMENTO,CIVINT/STIC,CIVINT-STIC-U08,Nelson Mock,CIVINT-STIC-U01,Gabriela Simulada,2026-10-07T01:33:07-03:00,2026-10-21,14,ATIVA,NO_PRAZO,
DES000669,EXP001849,PGR-00045260/2026,DOCUMENTO,CIVINT/STIC,CIVINT-STIC-U05,Karina Ensaio,CIVINT-STIC-U01,Gabriela Simulada,2026-09-29T11:05:36-03:00,2026-10-05,-2,ATIVA,VENCIDA,
DES000670,EXP001851,PGR-00023197/2026,DOCUMENTO,CIVINT/STIC,CIVINT-STIC-U06,Lucas Esboço,CIVINT-STIC-U01,Gabriela Simulada,2026-06-20T08:29:51-03:00,2026-06-24,-105,ATIVA,VENCIDA,
DES000671,EXP001855,PGR-00055522/2026,DOCUMENTO,CIVINT/STIC,CIVINT-STIC-U03,Isabela Piloto,CIVINT-STIC-U01,Gabriela Simulada,2026-05-04T01:00:17-03:00,2026-05-16,-144,ATIVA,VENCIDA,
DES000672,EXP001856,PGR-00089096/2026,DOCUMENTO,CIVINT/STIC,CIVINT-STIC-U05,Karina Ensaio,CIVINT-STIC-U01,Gabriela Simulada,2026-07-26T10:06:14-03:00,2026-07-31,-68,ATIVA,VENCIDA,
DES000673,EXP001857,PGR-00088680/2026,DOCUMENTO,CIVINT/STIC,CIVINT-STIC-U07,Marina Maquete,CIVINT-STIC-U01,Gabriela Simulada,2026-08-26T14:30:23-03:00,2026-08-29,-39,ATIVA,VENCIDA,
DES000674,EXP001859,PGR-00000818/2026,DOCUMENTO,CIVINT/STIC,CIVINT-STIC-U05,Karina Ensaio,CIVINT-STIC-U01,Gabriela Simulada,2026-09-20T16:02:20-03:00,2026-10-02,-5,ATIVA,VENCIDA,
DES000675,EXP001860,PGR-00037610/2026,DOCUMENTO,CIVINT/STIC,CIVINT-STIC-U06,Lucas Esboço,CIVINT-STIC-U01,Gabriela Simulada,2026-10-07T16:49:08-03:00,2026-10-19,12,ATIVA,NO_PRAZO,
DES000676,EXP001861,PGR-00070204/2026,DOCUMENTO,CIVINT/STIC,CIVINT-STIC-U04,João Rascunho,CIVINT-STIC-U01,Gabriela Simulada,2026-09-14T02:32:24-03:00,2026-09-17,-20,ATIVA,VENCIDA,
DES000677,EXP001862,PGR-00049216/2026,DOCUMENTO,CIVINT/STIC,CIVINT-STIC-U06,Lucas Esboço,CIVINT-STIC-U01,Gabriela Simulada,2026-09-04T12:56:27-03:00,2026-09-11,-26,ATIVA,VENCIDA,
DES000678,EXP001864,PGR-00070546/2026,DOCUMENTO,CIVINT/STIC,CIVINT-STIC-U04,João Rascunho,CIVINT-STIC-U01,Gabriela Simulada,2026-06-07T17:29:18-03:00,2026-06-21,-108,ATIVA,VENCIDA,
DES000679,EXP001865,PGR-00089946/2026,DOCUMENTO,CIVINT/STIC,CIVINT-STIC-U06,Lucas Esboço,CIVINT-STIC-U01,Gabriela Simulada,2026-09-21T20:57:45-03:00,2026-10-01,-6,ATIVA,VENCIDA,
DES000680,EXP001866,PGR-00019551/2026,DOCUMENTO,CIVINT/STIC,CIVINT-STIC-U08,Nelson Mock,CIVINT-STIC-U01,Gabriela Simulada,2026-09-06T10:51:19-03:00,2026-09-14,-23,ATIVA,VENCIDA,
DES000681,EXP001868,PGR-00097101/2026,DOCUMENTO,CIVINT/STIC,CIVINT-STIC-U08,Nelson Mock,CIVINT-STIC-U01,Gabriela Simulada,2026-10-05T04:21:30-03:00,2026-10-19,12,ATIVA,NO_PRAZO,
DES000682,EXP001870,PGR-00025273/2026,DOCUMENTO,CIVINT/STIC,CIVINT-STIC-U05,Karina Ensaio,CIVINT-STIC-U01,Gabriela Simulada,2026-07-11T13:16:51-03:00,2026-07-20,-79,ATIVA,VENCIDA,
DES000683,EXP001871,PGR-00059289/2026,DOCUMENTO,CIVINT/STIC,CIVINT-STIC-U08,Nelson Mock,CIVINT-STIC-U01,Gabriela Simulada,2026-09-17T11:44:22-03:00,2026-09-27,-10,ATIVA,VENCIDA,
DES000684,EXP001874,PGR-00028065/2026,DOCUMENTO,CIVINT/STIC,CIVINT-STIC-U03,Isabela Piloto,CIVINT-STIC-U01,Gabriela Simulada,2026-10-07T13:43:25-03:00,2026-10-15,8,ATIVA,NO_PRAZO,
DES000685,EXP001875,PGR-00021902/2026,DOCUMENTO,CIVINT/STIC,CIVINT-STIC-U08,Nelson Mock,CIVINT-STIC-U01,Gabriela Simulada,2026-09-15T20:16:47-03:00,2026-09-24,-13,ATIVA,VENCIDA,
DES000686,EXP001876,PGR-00009118/2026,DOCUMENTO,CIVINT/STIC,CIVINT-STIC-U06,Lucas Esboço,CIVINT-STIC-U01,Gabriela Simulada,2026-08-30T12:54:22-03:00,2026-09-09,-28,ATIVA,VENCIDA,
DES000687,EXP001880,PGR-00035316/2026,DOCUMENTO,CIVINT/STIC,CIVINT-STIC-U03,Isabela Piloto,CIVINT-STIC-U01,Gabriela Simulada,2026-10-05T09:17:27-03:00,2026-10-14,7,ATIVA,NO_PRAZO,
DES000688,EXP001881,PGR-00070174/2026,DOCUMENTO,CIVINT/STIC,CIVINT-STIC-U03,Isabela Piloto,CIVINT-STIC-U01,Gabriela Simulada,2026-08-06T14:52:30-03:00,2026-08-15,-53,ATIVA,VENCIDA,
DES000689,EXP001882,PGR-00028858/2026,DOCUMENTO,CIVINT/STIC,CIVINT-STIC-U04,João Rascunho,CIVINT-STIC-U01,Gabriela Simulada,2026-08-06T02:42:43-03:00,2026-08-20,-48,ATIVA,VENCIDA,
DES000690,EXP001883,PGR-00091460/2026,DOCUMENTO,CIVINT/STIC,CIVINT-STIC-U07,Marina Maquete,CIVINT-STIC-U01,Gabriela Simulada,2026-08-18T05:55:27-03:00,2026-08-26,-42,ATIVA,VENCIDA,
DES000691,EXP001884,PGR-00092939/2026,DOCUMENTO,CIVINT/STIC,CIVINT-STIC-U08,Nelson Mock,CIVINT-STIC-U01,Gabriela Simulada,2026-09-26T22:51:16-03:00,2026-10-02,-5,ATIVA,VENCIDA,
DES000692,EXP001887,PGR-00022572/2026,DOCUMENTO,CIVINT/STIC,CIVINT-STIC-U08,Nelson Mock,CIVINT-STIC-U01,Gabriela Simulada,2026-06-03T07:44:06-03:00,2026-06-10,-119,ATIVA,VENCIDA,
DES000693,EXP001888,PGR-00087259/2026,DOCUMENTO,CIVINT/STIC,CIVINT-STIC-U07,Marina Maquete,CIVINT-STIC-U01,Gabriela Simulada,2026-07-22T16:35:29-03:00,2026-07-27,-72,ATIVA,VENCIDA,
DES000694,EXP001889,PGR-00010651/2026,DOCUMENTO,CIVINT/STIC,CIVINT-STIC-U05,Karina Ensaio,CIVINT-STIC-U01,Gabriela Simulada,2026-08-17T00:25:30-03:00,2026-08-21,-47,ATIVA,VENCIDA,
DES000695,EXP001890,PGR-00021185/2026,DOCUMENTO,CIVINT/STIC,CIVINT-STIC-U06,Lucas Esboço,CIVINT-STIC-U01,Gabriela Simulada,2026-07-12T21:07:12-03:00,2026-07-15,-84,ATIVA,VENCIDA,
DES000696,EXP001892,PGR-00073428/2026,DOCUMENTO,CIVINT/STIC,CIVINT-STIC-U06,Lucas Esboço,CIVINT-STIC-U01,Gabriela Simulada,2026-09-29T15:01:08-03:00,2026-10-02,-5,ATIVA,VENCIDA,
DES000697,EXP001894,PGR-00002181/2026,DOCUMENTO,CIVINT/STIC,CIVINT-STIC-U03,Isabela Piloto,CIVINT-STIC-U01,Gabriela Simulada,2026-10-01T20:28:07-03:00,2026-10-12,5,ATIVA,NO_PRAZO,
DES000698,EXP001896,PGR-00083159/2026,DOCUMENTO,CIVINT/STIC,CIVINT-STIC-U05,Karina Ensaio,CIVINT-STIC-U01,Gabriela Simulada,2026-10-07T11:26:47-03:00,2026-10-13,6,ATIVA,NO_PRAZO,
DES000699,EXP001899,PGR-00032467/2026,DOCUMENTO,CIVINT/STIC,CIVINT-STIC-U06,Lucas Esboço,CIVINT-STIC-U01,Gabriela Simulada,2026-09-05T20:28:48-03:00,2026-09-08,-29,ATIVA,VENCIDA,
DES000700,EXP001900,PGR-00091883/2026,DOCUMENTO,CIVINT/STIC,CIVINT-STIC-U07,Marina Maquete,CIVINT-STIC-U01,Gabriela Simulada,2026-09-29T15:23:50-03:00,2026-10-11,4,ATIVA,NO_PRAZO,
DES000701,EXP001901,PGR-00044093/2026,DOCUMENTO,CIVINT/STIC,CIVINT-STIC-U02,Heitor Protótipo,CIVINT-STIC-U01,Gabriela Simulada,2026-06-08T18:25:05-03:00,2026-06-21,-108,ATIVA,VENCIDA,
DES000702,EXP001904,PGR-00049572/2026,DOCUMENTO,CIVINT/STIC,CIVINT-STIC-U02,Heitor Protótipo,CIVINT-STIC-U01,Gabriela Simulada,2026-10-07T06:21:51-03:00,2026-10-17,10,ATIVA,NO_PRAZO,
DES000703,EXP001907,PGR-00085694/2026,DOCUMENTO,CIVINT/STIC,CIVINT-STIC-U04,João Rascunho,CIVINT-STIC-U01,Gabriela Simulada,2026-07-18T09:31:36-03:00,2026-07-27,-72,ATIVA,VENCIDA,
DES000704,EXP001911,PGR-00093272/2026,DOCUMENTO,CIVINT/STIC,CIVINT-STIC-U05,Karina Ensaio,CIVINT-STIC-U01,Gabriela Simulada,2026-09-24T07:21:10-03:00,2026-10-07,0,ATIVA,NO_PRAZO,
DES000705,EXP001913,PGR-00008599/2026,DOCUMENTO,CIVINT/STIC,CIVINT-STIC-U04,João Rascunho,CIVINT-STIC-U01,Gabriela Simulada,2026-09-28T23:09:54-03:00,2026-10-11,4,ATIVA,NO_PRAZO,
DES000706,EXP001914,PGR-00049020/2026,DOCUMENTO,CIVINT/STIC,CIVINT-STIC-U06,Lucas Esboço,CIVINT-STIC-U01,Gabriela Simulada,2026-03-19T03:19:26-03:00,2026-03-29,-192,ATIVA,VENCIDA,
DES000707,EXP001915,PGR-00050018/2026,DOCUMENTO,CIVINT/STIC,CIVINT-STIC-U06,Lucas Esboço,CIVINT-STIC-U01,Gabriela Simulada,2026-09-06T02:32:51-03:00,2026-09-09,-28,ATIVA,VENCIDA,
DES000708,EXP001916,PGR-00001523/2026,DOCUMENTO,CIVINT/STIC,CIVINT-STIC-U05,Karina Ensaio,CIVINT-STIC-U01,Gabriela Simulada,2026-04-14T05:29:11-03:00,2026-04-28,-162,ATIVA,VENCIDA,
DES000709,EXP001917,PGR-00039393/2026,DOCUMENTO,CIVINT/STIC,CIVINT-STIC-U08,Nelson Mock,CIVINT-STIC-U01,Gabriela Simulada,2026-10-06T14:03:11-03:00,2026-10-16,9,ATIVA,NO_PRAZO,
DES000710,EXP001918,PGR-00092699/2026,DOCUMENTO,CIVINT/STIC,CIVINT-STIC-U06,Lucas Esboço,CIVINT-STIC-U01,Gabriela Simulada,2026-10-03T06:07:34-03:00,2026-10-17,10,ATIVA,NO_PRAZO,
DES000711,EXP001920,PGR-00020285/2026,DOCUMENTO,CIVINT/STIC,CIVINT-STIC-U03,Isabela Piloto,CIVINT-STIC-U01,Gabriela Simulada,2026-08-12T13:37:57-03:00,2026-08-25,-43,ATIVA,VENCIDA,
DES000712,EXP001921,PGR-00097486/2026,DOCUMENTO,CIVINT/STIC,CIVINT-STIC-U05,Karina Ensaio,CIVINT-STIC-U01,Gabriela Simulada,2026-09-02T21:34:28-03:00,2026-09-15,-22,ATIVA,VENCIDA,
DES000713,EXP001923,PGR-00043660/2026,DOCUMENTO,CIVINT/STIC,CIVINT-STIC-U04,João Rascunho,CIVINT-STIC-U01,Gabriela Simulada,2026-09-19T03:41:02-03:00,2026-09-25,-12,ATIVA,VENCIDA,
DES000714,EXP001925,PGR-00033793/2026,DOCUMENTO,CIVINT/STIC,CIVINT-STIC-U05,Karina Ensaio,CIVINT-STIC-U01,Gabriela Simulada,2026-08-25T00:33:44-03:00,2026-09-07,-30,ATIVA,VENCIDA,
DES000715,EXP001927,PGR-00024670/2026,DOCUMENTO,CIVINT/STIC,CIVINT-STIC-U02,Heitor Protótipo,CIVINT-STIC-U01,Gabriela Simulada,2026-10-03T09:53:48-03:00,2026-10-15,8,ATIVA,NO_PRAZO,
DES000716,EXP001928,PGR-00081168/2026,DOCUMENTO,CIVINT/STIC,CIVINT-STIC-U07,Marina Maquete,CIVINT-STIC-U01,Gabriela Simulada,2026-09-02T05:12:39-03:00,2026-09-12,-25,ATIVA,VENCIDA,
DES000717,EXP001929,PGR-00074819/2026,DOCUMENTO,CIVINT/STIC,CIVINT-STIC-U04,João Rascunho,CIVINT-STIC-U01,Gabriela Simulada,2026-09-25T15:10:32-03:00,2026-10-03,-4,ATIVA,VENCIDA,
DES000718,EXP001931,PGR-00010450/2026,DOCUMENTO,CIVINT/STIC,CIVINT-STIC-U06,Lucas Esboço,CIVINT-STIC-U01,Gabriela Simulada,2026-09-23T20:25:06-03:00,2026-09-29,-8,ATIVA,VENCIDA,
DES000719,EXP001932,PGR-00088537/2026,DOCUMENTO,CIVINT/STIC,CIVINT-STIC-U02,Heitor Protótipo,CIVINT-STIC-U01,Gabriela Simulada,2026-09-05T11:47:57-03:00,2026-09-18,-19,ATIVA,VENCIDA,
DES000720,EXP001933,PGR-00008216/2026,DOCUMENTO,CIVINT/STIC,CIVINT-STIC-U07,Marina Maquete,CIVINT-STIC-U01,Gabriela Simulada,2026-10-05T03:23:52-03:00,2026-10-12,5,ATIVA,NO_PRAZO,
DES000721,EXP001934,PGR-00087403/2026,DOCUMENTO,CIVINT/STIC,CIVINT-STIC-U07,Marina Maquete,CIVINT-STIC-U01,Gabriela Simulada,2026-10-06T20:30:41-03:00,2026-10-18,11,ATIVA,NO_PRAZO,
DES000722,EXP001936,PGR-00011225/2026,DOCUMENTO,CIVINT/STIC,CIVINT-STIC-U03,Isabela Piloto,CIVINT-STIC-U01,Gabriela Simulada,2026-09-21T09:02:51-03:00,2026-10-01,-6,ATIVA,VENCIDA,
DES000723,EXP001939,PGR-00061399/2026,DOCUMENTO,CIVINT/STIC,CIVINT-STIC-U05,Karina Ensaio,CIVINT-STIC-U01,Gabriela Simulada,2026-09-22T18:27:58-03:00,2026-09-28,-9,ATIVA,VENCIDA,
DES000724,EXP001941,PGR-00010636/2026,DOCUMENTO,CIVINT/STIC,CIVINT-STIC-U06,Lucas Esboço,CIVINT-STIC-U01,Gabriela Simulada,2026-07-10T14:33:10-03:00,2026-07-19,-80,ATIVA,VENCIDA,
DES000725,EXP001942,PGR-00025875/2026,DOCUMENTO,CIVINT/STIC,CIVINT-STIC-U04,João Rascunho,CIVINT-STIC-U01,Gabriela Simulada,2026-10-04T16:07:32-03:00,2026-10-17,10,ATIVA,NO_PRAZO,
DES000726,EXP001945,PGR-00090731/2026,DOCUMENTO,CIVINT/STIC,CIVINT-STIC-U06,Lucas Esboço,CIVINT-STIC-U01,Gabriela Simulada,2026-10-02T02:26:21-03:00,2026-10-16,9,ATIVA,NO_PRAZO,
DES000727,EXP001946,PGR-00030913/2026,DOCUMENTO,CIVINT/STIC,CIVINT-STIC-U07,Marina Maquete,CIVINT-STIC-U01,Gabriela Simulada,2026-10-03T21:52:56-03:00,2026-10-08,1,ATIVA,NO_PRAZO,
DES000728,EXP001947,PGR-00002398/2026,DOCUMENTO,CIVINT/STIC,CIVINT-STIC-U07,Marina Maquete,CIVINT-STIC-U01,Gabriela Simulada,2026-10-07T16:50:51-03:00,2026-10-12,5,ATIVA,NO_PRAZO,
DES000729,EXP001948,PGR-00020490/2026,DOCUMENTO,CIVINT/STIC,CIVINT-STIC-U05,Karina Ensaio,CIVINT-STIC-U01,Gabriela Simulada,2026-10-07T16:29:11-03:00,2026-10-10,3,ATIVA,NO_PRAZO,
DES000730,EXP001949,PGR-00067421/2026,DOCUMENTO,CIVINT/STIC,CIVINT-STIC-U02,Heitor Protótipo,CIVINT-STIC-U01,Gabriela Simulada,2026-08-24T15:56:19-03:00,2026-08-30,-38,ATIVA,VENCIDA,
DES000731,EXP001950,PGR-00078436/2026,DOCUMENTO,CIVINT/STIC,CIVINT-STIC-U03,Isabela Piloto,CIVINT-STIC-U01,Gabriela Simulada,2026-09-27T02:39:00-03:00,2026-10-09,2,ATIVA,NO_PRAZO,
DES000732,EXP001954,PGR-00059152/2026,DOCUMENTO,CIVINT/STIC,CIVINT-STIC-U02,Heitor Protótipo,CIVINT-STIC-U01,Gabriela Simulada,2026-08-18T07:55:44-03:00,2026-08-25,-43,ATIVA,VENCIDA,
DES000733,EXP001955,PGR-00079306/2026,DOCUMENTO,CIVINT/STIC,CIVINT-STIC-U07,Marina Maquete,CIVINT-STIC-U01,Gabriela Simulada,2026-10-01T22:37:46-03:00,2026-10-04,-3,ATIVA,VENCIDA,
DES000734,EXP001957,PGR-00028933/2026,DOCUMENTO,CIVINT/STIC,CIVINT-STIC-U08,Nelson Mock,CIVINT-STIC-U01,Gabriela Simulada,2026-07-18T02:34:26-03:00,2026-08-01,-67,ATIVA,VENCIDA,
DES000735,EXP001958,PGR-00055462/2026,DOCUMENTO,CIVINT/STIC,CIVINT-STIC-U02,Heitor Protótipo,CIVINT-STIC-U01,Gabriela Simulada,2026-08-15T06:54:53-03:00,2026-08-22,-46,ATIVA,VENCIDA,
DES000736,EXP001961,PGR-00029927/2026,DOCUMENTO,CIVINT/STIC,CIVINT-STIC-U05,Karina Ensaio,CIVINT-STIC-U01,Gabriela Simulada,2026-08-06T17:47:54-03:00,2026-08-15,-53,ATIVA,VENCIDA,
DES000737,EXP001966,PGR-00085662/2026,DOCUMENTO,CIVINT/STIC,CIVINT-STIC-U04,João Rascunho,CIVINT-STIC-U01,Gabriela Simulada,2026-08-17T19:45:37-03:00,2026-08-28,-40,ATIVA,VENCIDA,
DES000738,EXP001967,PGR-00014351/2026,DOCUMENTO,CIVINT/STIC,CIVINT-STIC-U07,Marina Maquete,CIVINT-STIC-U01,Gabriela Simulada,2026-07-23T13:17:55-03:00,2026-07-26,-73,ATIVA,VENCIDA,
DES000739,EXP001968,PGR-00072427/2026,DOCUMENTO,CIVINT/STIC,CIVINT-STIC-U02,Heitor Protótipo,CIVINT-STIC-U01,Gabriela Simulada,2026-09-11T10:15:59-03:00,2026-09-15,-22,ATIVA,VENCIDA,
DES000740,EXP001970,PGR-00060278/2026,DOCUMENTO,CIVINT/STIC,CIVINT-STIC-U05,Karina Ensaio,CIVINT-STIC-U01,Gabriela Simulada,2026-08-19T22:04:47-03:00,2026-08-30,-38,ATIVA,VENCIDA,
DES000741,EXP001971,PGR-00066705/2026,DOCUMENTO,CIVINT/STIC,CIVINT-STIC-U08,Nelson Mock,CIVINT-STIC-U01,Gabriela Simulada,2026-09-11T08:21:28-03:00,2026-09-24,-13,ATIVA,VENCIDA,
DES000742,EXP001972,PGR-00015935/2026,DOCUMENTO,CIVINT/STIC,CIVINT-STIC-U05,Karina Ensaio,CIVINT-STIC-U01,Gabriela Simulada,2026-09-30T18:09:24-03:00,2026-10-05,-2,ATIVA,VENCIDA,
DES000743,EXP001973,PGR-00077946/2026,DOCUMENTO,CIVINT/STIC,CIVINT-STIC-U04,João Rascunho,CIVINT-STIC-U01,Gabriela Simulada,2026-08-27T16:22:22-03:00,2026-09-02,-35,ATIVA,VENCIDA,
DES000744,EXP001974,PGR-00096728/2026,DOCUMENTO,CIVINT/STIC,CIVINT-STIC-U04,João Rascunho,CIVINT-STIC-U01,Gabriela Simulada,2026-07-19T00:40:06-03:00,2026-07-31,-68,ATIVA,VENCIDA,
DES000745,EXP001976,PGR-00029812/2026,DOCUMENTO,CIVINT/STIC,CIVINT-STIC-U05,Karina Ensaio,CIVINT-STIC-U01,Gabriela Simulada,2026-09-18T13:15:40-03:00,2026-09-26,-11,ATIVA,VENCIDA,
DES000746,EXP001977,PGR-00061732/2026,DOCUMENTO,CIVINT/STIC,CIVINT-STIC-U06,Lucas Esboço,CIVINT-STIC-U01,Gabriela Simulada,2026-09-05T17:27:16-03:00,2026-09-08,-29,ATIVA,VENCIDA,
DES000747,EXP001978,PGR-00020301/2026,DOCUMENTO,CIVINT/STIC,CIVINT-STIC-U08,Nelson Mock,CIVINT-STIC-U01,Gabriela Simulada,2026-09-14T01:31:20-03:00,2026-09-19,-18,ATIVA,VENCIDA,
DES000748,EXP001982,PGR-00010220/2026,DOCUMENTO,CIVINT/STIC,CIVINT-STIC-U05,Karina Ensaio,CIVINT-STIC-U01,Gabriela Simulada,2026-09-01T06:08:23-03:00,2026-09-13,-24,ATIVA,VENCIDA,
DES000749,EXP001983,PGR-00048046/2026,DOCUMENTO,CIVINT/STIC,CIVINT-STIC-U04,João Rascunho,CIVINT-STIC-U01,Gabriela Simulada,2026-07-13T17:32:14-03:00,2026-07-24,-75,ATIVA,VENCIDA,
DES000750,EXP001984,PGR-00005401/2026,DOCUMENTO,CIVINT/STIC,CIVINT-STIC-U04,João Rascunho,CIVINT-STIC-U01,Gabriela Simulada,2026-09-18T15:20:10-03:00,2026-09-28,-9,ATIVA,VENCIDA,
DES000751,EXP001985,PGR-00062937/2026,DOCUMENTO,CIVINT/STIC,CIVINT-STIC-U06,Lucas Esboço,CIVINT-STIC-U01,Gabriela Simulada,2026-10-06T17:53:14-03:00,2026-10-17,10,ATIVA,NO_PRAZO,
DES000752,EXP001986,PGR-00002520/2026,DOCUMENTO,CIVINT/STIC,CIVINT-STIC-U05,Karina Ensaio,CIVINT-STIC-U01,Gabriela Simulada,2026-09-12T09:51:03-03:00,2026-09-24,-13,ATIVA,VENCIDA,
DES000753,EXP001992,PGR-00064424/2026,DOCUMENTO,CIVINT/STIC,CIVINT-STIC-U06,Lucas Esboço,CIVINT-STIC-U01,Gabriela Simulada,2026-09-05T22:45:22-03:00,2026-09-20,-17,ATIVA,VENCIDA,
DES000754,EXP001994,PGR-00009667/2026,DOCUMENTO,CIVINT/STIC,CIVINT-STIC-U07,Marina Maquete,CIVINT-STIC-U01,Gabriela Simulada,2026-10-06T10:03:38-03:00,2026-10-19,12,ATIVA,NO_PRAZO,
DES000755,EXP001995,PGR-00038608/2026,DOCUMENTO,CIVINT/STIC,CIVINT-STIC-U04,João Rascunho,CIVINT-STIC-U01,Gabriela Simulada,2026-10-06T15:54:26-03:00,2026-10-09,2,ATIVA,NO_PRAZO,
DES000756,EXP001999,PGR-00075912/2026,DOCUMENTO,CIVINT/STIC,CIVINT-STIC-U05,Karina Ensaio,CIVINT-STIC-U01,Gabriela Simulada,2026-10-07T17:00:00-03:00,2026-10-22,15,ATIVA,NO_PRAZO,
DES000757,EXP002000,PGR-00003582/2026,DOCUMENTO,CIVINT/STIC,CIVINT-STIC-U06,Lucas Esboço,CIVINT-STIC-U01,Gabriela Simulada,2026-09-05T07:44:03-03:00,2026-09-17,-20,ATIVA,VENCIDA,
DES000758,EXP002001,PGR-00055849/2026,DOCUMENTO,CIVINT/STIC,CIVINT-STIC-U06,Lucas Esboço,CIVINT-STIC-U01,Gabriela Simulada,2026-08-20T10:59:19-03:00,2026-08-28,-40,ATIVA,VENCIDA,
DES000759,EXP002002,PGR-00049205/2026,DOCUMENTO,CIVINT/STIC,CIVINT-STIC-U04,João Rascunho,CIVINT-STIC-U01,Gabriela Simulada,2026-09-02T19:42:49-03:00,2026-09-13,-24,ATIVA,VENCIDA,
DES000760,EXP002003,PGR-00085203/2026,DOCUMENTO,CIVINT/STIC,CIVINT-STIC-U06,Lucas Esboço,CIVINT-STIC-U01,Gabriela Simulada,2026-10-03T09:45:48-03:00,2026-10-07,0,ATIVA,NO_PRAZO,
DES000761,EXP002004,PGR-00053422/2026,DOCUMENTO,CIVINT/STIC,CIVINT-STIC-U08,Nelson Mock,CIVINT-STIC-U01,Gabriela Simulada,2026-09-30T03:09:10-03:00,2026-10-07,0,ATIVA,NO_PRAZO,
DES000762,EXP002005,PGR-00080463/2026,DOCUMENTO,CIVINT/STIC,CIVINT-STIC-U08,Nelson Mock,CIVINT-STIC-U01,Gabriela Simulada,2026-08-23T11:23:04-03:00,2026-08-28,-40,ATIVA,VENCIDA,
DES000763,EXP002006,PGR-00084240/2026,DOCUMENTO,CIVINT/STIC,CIVINT-STIC-U02,Heitor Protótipo,CIVINT-STIC-U01,Gabriela Simulada,2026-09-25T04:00:54-03:00,2026-10-10,3,ATIVA,NO_PRAZO,
DES000764,EXP002007,PGR-00054575/2026,DOCUMENTO,CIVINT/STIC,CIVINT-STIC-U03,Isabela Piloto,CIVINT-STIC-U01,Gabriela Simulada,2026-09-10T05:37:10-03:00,2026-09-19,-18,ATIVA,VENCIDA,
DES000765,EXP002008,PGR-00098978/2026,DOCUMENTO,CIVINT/STIC,CIVINT-STIC-U08,Nelson Mock,CIVINT-STIC-U01,Gabriela Simulada,2026-10-07T10:17:20-03:00,2026-10-16,9,ATIVA,NO_PRAZO,
DES000766,EXP002011,PGR-00015839/2026,DOCUMENTO,CIVINT/STIC,CIVINT-STIC-U03,Isabela Piloto,CIVINT-STIC-U01,Gabriela Simulada,2026-10-07T14:17:17-03:00,2026-10-20,13,ATIVA,NO_PRAZO,
DES000767,EXP002013,PGR-00005011/2026,DOCUMENTO,CIVINT/STIC,CIVINT-STIC-U03,Isabela Piloto,CIVINT-STIC-U01,Gabriela Simulada,2026-10-02T11:56:06-03:00,2026-10-11,4,ATIVA,NO_PRAZO,
DES000768,EXP002016,PGR-00047424/2026,DOCUMENTO,CIVINT/STIC,CIVINT-STIC-U08,Nelson Mock,CIVINT-STIC-U01,Gabriela Simulada,2026-09-21T23:42:18-03:00,2026-09-26,-11,ATIVA,VENCIDA,
DES000769,EXP002017,PGR-00079945/2026,DOCUMENTO,CIVINT/STIC,CIVINT-STIC-U08,Nelson Mock,CIVINT-STIC-U01,Gabriela Simulada,2026-08-31T20:07:57-03:00,2026-09-06,-31,ATIVA,VENCIDA,
DES000770,EXP002021,PGR-00040855/2026,DOCUMENTO,CIVINT/STIC,CIVINT-STIC-U08,Nelson Mock,CIVINT-STIC-U01,Gabriela Simulada,2026-09-26T13:33:28-03:00,2026-09-30,-7,ATIVA,VENCIDA,
DES000771,EXP002023,PGR-00004762/2026,DOCUMENTO,CIVINT/STIC,CIVINT-STIC-U08,Nelson Mock,CIVINT-STIC-U01,Gabriela Simulada,2026-08-28T23:00:26-03:00,2026-09-08,-29,ATIVA,VENCIDA,
DES000772,EXP002026,PGR-00048512/2026,DOCUMENTO,CIVINT/STIC,CIVINT-STIC-U06,Lucas Esboço,CIVINT-STIC-U01,Gabriela Simulada,2026-08-15T13:12:32-03:00,2026-08-18,-50,ATIVA,VENCIDA,
DES000773,EXP002027,PGR-00045349/2026,DOCUMENTO,CIVINT/STIC,CIVINT-STIC-U04,João Rascunho,CIVINT-STIC-U01,Gabriela Simulada,2026-09-30T11:52:19-03:00,2026-10-09,2,ATIVA,NO_PRAZO,
DES000774,EXP002028,PGR-00043268/2026,DOCUMENTO,CIVINT/STIC,CIVINT-STIC-U07,Marina Maquete,CIVINT-STIC-U01,Gabriela Simulada,2026-09-28T15:10:57-03:00,2026-10-05,-2,ATIVA,VENCIDA,
DES000775,EXP002029,PGR-00043866/2026,DOCUMENTO,CIVINT/STIC,CIVINT-STIC-U05,Karina Ensaio,CIVINT-STIC-U01,Gabriela Simulada,2026-08-30T00:52:51-03:00,2026-09-13,-24,ATIVA,VENCIDA,
DES000776,EXP002030,PGR-00003821/2026,DOCUMENTO,CIVINT/STIC,CIVINT-STIC-U04,João Rascunho,CIVINT-STIC-U01,Gabriela Simulada,2026-10-07T15:04:48-03:00,2026-10-13,6,ATIVA,NO_PRAZO,
DES000777,EXP002034,PGR-00011900/2026,DOCUMENTO,CIVINT/STIC,CIVINT-STIC-U04,João Rascunho,CIVINT-STIC-U01,Gabriela Simulada,2026-09-14T05:54:02-03:00,2026-09-24,-13,ATIVA,VENCIDA,
DES000778,EXP002035,PGR-00058000/2026,DOCUMENTO,CIVINT/STIC,CIVINT-STIC-U07,Marina Maquete,CIVINT-STIC-U01,Gabriela Simulada,2026-09-19T10:27:51-03:00,2026-09-25,-12,ATIVA,VENCIDA,
DES000779,EXP002036,PGR-00079601/2026,DOCUMENTO,CIVINT/STIC,CIVINT-STIC-U05,Karina Ensaio,CIVINT-STIC-U01,Gabriela Simulada,2026-07-15T08:43:36-03:00,2026-07-30,-69,ATIVA,VENCIDA,
DES000780,EXP002037,PGR-00072667/2026,DOCUMENTO,CIVINT/STIC,CIVINT-STIC-U03,Isabela Piloto,CIVINT-STIC-U01,Gabriela Simulada,2026-09-29T05:56:07-03:00,2026-10-04,-3,ATIVA,VENCIDA,
DES000781,EXP002038,PGR-00025317/2026,DOCUMENTO,CIVINT/STIC,CIVINT-STIC-U03,Isabela Piloto,CIVINT-STIC-U01,Gabriela Simulada,2026-09-02T13:29:21-03:00,2026-09-05,-32,ATIVA,VENCIDA,
DES000782,EXP002039,PGR-00067090/2026,DOCUMENTO,CIVINT/STIC,CIVINT-STIC-U04,João Rascunho,CIVINT-STIC-U01,Gabriela Simulada,2026-04-17T04:57:04-03:00,2026-04-25,-165,ATIVA,VENCIDA,
DES000783,EXP002041,PGR-00066686/2026,DOCUMENTO,CIVINT/STIC,CIVINT-STIC-U03,Isabela Piloto,CIVINT-STIC-U01,Gabriela Simulada,2026-09-24T20:18:58-03:00,2026-09-29,-8,ATIVA,VENCIDA,
DES000784,EXP002043,PGR-00099718/2026,DOCUMENTO,CIVINT/STIC,CIVINT-STIC-U07,Marina Maquete,CIVINT-STIC-U01,Gabriela Simulada,2026-09-27T11:55:54-03:00,2026-10-04,-3,ATIVA,VENCIDA,
DES000785,EXP002044,PGR-00067859/2026,DOCUMENTO,CIVINT/STIC,CIVINT-STIC-U04,João Rascunho,CIVINT-STIC-U01,Gabriela Simulada,2026-08-20T01:17:40-03:00,2026-08-29,-39,ATIVA,VENCIDA,
DES000786,EXP002045,PGR-00011626/2026,DOCUMENTO,CIVINT/STIC,CIVINT-STIC-U06,Lucas Esboço,CIVINT-STIC-U01,Gabriela Simulada,2026-09-06T14:17:01-03:00,2026-09-13,-24,ATIVA,VENCIDA,
DES000787,EXP002047,PGR-00032628/2026,DOCUMENTO,CIVINT/STIC,CIVINT-STIC-U05,Karina Ensaio,CIVINT-STIC-U01,Gabriela Simulada,2026-07-12T07:51:52-03:00,2026-07-17,-82,ATIVA,VENCIDA,
DES000788,EXP002048,PGR-00082683/2026,DOCUMENTO,CIVINT/STIC,CIVINT-STIC-U08,Nelson Mock,CIVINT-STIC-U01,Gabriela Simulada,2026-09-29T23:42:52-03:00,2026-10-11,4,ATIVA,NO_PRAZO,
DES000789,EXP002049,PGR-00062961/2026,DOCUMENTO,CIVINT/STIC,CIVINT-STIC-U04,João Rascunho,CIVINT-STIC-U01,Gabriela Simulada,2026-10-06T14:26:09-03:00,2026-10-19,12,ATIVA,NO_PRAZO,
DES000790,EXP002051,PGR-00004710/2026,DOCUMENTO,CIVINT/STIC,CIVINT-STIC-U05,Karina Ensaio,CIVINT-STIC-U01,Gabriela Simulada,2026-09-02T13:20:19-03:00,2026-09-09,-28,ATIVA,VENCIDA,
DES000791,EXP002052,PGR-00098617/2026,DOCUMENTO,CIVINT/STIC,CIVINT-STIC-U07,Marina Maquete,CIVINT-STIC-U01,Gabriela Simulada,2026-09-05T15:18:17-03:00,2026-09-08,-29,ATIVA,VENCIDA,
DES000792,EXP002053,PGR-00002772/2026,DOCUMENTO,CIVINT/STIC,CIVINT-STIC-U07,Marina Maquete,CIVINT-STIC-U01,Gabriela Simulada,2026-10-04T11:32:01-03:00,2026-10-07,0,ATIVA,NO_PRAZO,
DES000793,EXP002054,PGR-00059944/2026,DOCUMENTO,CIVINT/STIC,CIVINT-STIC-U04,João Rascunho,CIVINT-STIC-U01,Gabriela Simulada,2026-08-24T23:25:54-03:00,2026-08-28,-40,ATIVA,VENCIDA,
DES000794,EXP002055,PGR-00007798/2026,DOCUMENTO,CIVINT/STIC,CIVINT-STIC-U04,João Rascunho,CIVINT-STIC-U01,Gabriela Simulada,2026-09-08T22:22:09-03:00,2026-09-19,-18,ATIVA,VENCIDA,
DES000795,EXP002057,PGR-00003555/2026,DOCUMENTO,CIVINT/STIC,CIVINT-STIC-U04,João Rascunho,CIVINT-STIC-U01,Gabriela Simulada,2026-06-15T18:15:24-03:00,2026-06-29,-100,ATIVA,VENCIDA,
DES000796,EXP002061,PGR-00016543/2026,DOCUMENTO,CIVINT/STIC,CIVINT-STIC-U08,Nelson Mock,CIVINT-STIC-U01,Gabriela Simulada,2026-10-07T17:00:00-03:00,2026-10-13,6,ATIVA,NO_PRAZO,
DES000797,EXP002062,PGR-00051889/2026,DOCUMENTO,CIVINT/STIC,CIVINT-STIC-U08,Nelson Mock,CIVINT-STIC-U01,Gabriela Simulada,2026-09-10T18:23:11-03:00,2026-09-19,-18,ATIVA,VENCIDA,
DES000798,EXP002063,PGR-00067312/2026,DOCUMENTO,CIVINT/STIC,CIVINT-STIC-U08,Nelson Mock,CIVINT-STIC-U01,Gabriela Simulada,2026-07-22T21:09:42-03:00,2026-07-30,-69,ATIVA,VENCIDA,
DES000799,EXP002065,PGR-00086767/2026,DOCUMENTO,CIVINT/STIC,CIVINT-STIC-U03,Isabela Piloto,CIVINT-STIC-U01,Gabriela Simulada,2026-08-28T03:29:13-03:00,2026-09-01,-36,ATIVA,VENCIDA,
DES000800,EXP002067,PGR-00010110/2026,DOCUMENTO,CIVINT/STIC,CIVINT-STIC-U06,Lucas Esboço,CIVINT-STIC-U01,Gabriela Simulada,2026-07-24T19:18:18-03:00,2026-07-27,-72,ATIVA,VENCIDA,
DES000801,EXP002068,PGR-00057505/2026,DOCUMENTO,CIVINT/STIC,CIVINT-STIC-U05,Karina Ensaio,CIVINT-STIC-U01,Gabriela Simulada,2026-08-12T03:58:26-03:00,2026-08-19,-49,ATIVA,VENCIDA,
DES000802,EXP002069,PGR-00094556/2026,DOCUMENTO,CIVINT/STIC,CIVINT-STIC-U06,Lucas Esboço,CIVINT-STIC-U01,Gabriela Simulada,2026-09-24T22:13:07-03:00,2026-10-03,-4,ATIVA,VENCIDA,
DES000803,EXP002071,PGR-00039093/2026,DOCUMENTO,CIVINT/STIC,CIVINT-STIC-U06,Lucas Esboço,CIVINT-STIC-U01,Gabriela Simulada,2026-09-26T14:18:50-03:00,2026-10-11,4,ATIVA,NO_PRAZO,
DES000804,EXP002072,PGR-00042369/2026,DOCUMENTO,CIVINT/STIC,CIVINT-STIC-U07,Marina Maquete,CIVINT-STIC-U01,Gabriela Simulada,2026-07-01T04:24:34-03:00,2026-07-04,-95,ATIVA,VENCIDA,
DES000805,EXP002073,PGR-00094356/2026,DOCUMENTO,CIVINT/STIC,CIVINT-STIC-U06,Lucas Esboço,CIVINT-STIC-U01,Gabriela Simulada,2026-09-13T11:33:08-03:00,2026-09-19,-18,ATIVA,VENCIDA,
DES000806,EXP002075,PGR-00061305/2026,DOCUMENTO,CIVINT/STIC,CIVINT-STIC-U08,Nelson Mock,CIVINT-STIC-U01,Gabriela Simulada,2026-09-16T03:34:07-03:00,2026-09-19,-18,ATIVA,VENCIDA,
DES000807,EXP002080,PGR-00030466/2026,DOCUMENTO,CIVINT/STIC,CIVINT-STIC-U04,João Rascunho,CIVINT-STIC-U01,Gabriela Simulada,2026-07-16T18:36:05-03:00,2026-07-21,-78,ATIVA,VENCIDA,
DES000808,EXP002081,PGR-00015186/2026,DOCUMENTO,CIVINT/STIC,CIVINT-STIC-U04,João Rascunho,CIVINT-STIC-U01,Gabriela Simulada,2026-09-06T02:46:58-03:00,2026-09-20,-17,ATIVA,VENCIDA,
DES000809,EXP002082,PGR-00054544/2026,DOCUMENTO,CIVINT/STIC,CIVINT-STIC-U05,Karina Ensaio,CIVINT-STIC-U01,Gabriela Simulada,2026-07-21T11:52:21-03:00,2026-07-27,-72,ATIVA,VENCIDA,
DES000810,EXP002083,PGR-00014197/2026,DOCUMENTO,CIVINT/STIC,CIVINT-STIC-U04,João Rascunho,CIVINT-STIC-U01,Gabriela Simulada,2026-09-22T15:32:23-03:00,2026-10-06,-1,ATIVA,VENCIDA,
DES000811,EXP002084,PGR-00088162/2026,DOCUMENTO,CIVINT/STIC,CIVINT-STIC-U03,Isabela Piloto,CIVINT-STIC-U01,Gabriela Simulada,2026-09-20T20:05:46-03:00,2026-09-30,-7,ATIVA,VENCIDA,
DES000812,EXP002086,PGR-00002171/2026,DOCUMENTO,CIVINT/STIC,CIVINT-STIC-U02,Heitor Protótipo,CIVINT-STIC-U01,Gabriela Simulada,2026-10-01T13:02:09-03:00,2026-10-13,6,ATIVA,NO_PRAZO,
DES000813,EXP002088,PGR-00073659/2026,DOCUMENTO,CIVINT/STIC,CIVINT-STIC-U02,Heitor Protótipo,CIVINT-STIC-U01,Gabriela Simulada,2026-08-11T22:02:56-03:00,2026-08-26,-42,ATIVA,VENCIDA,
DES000814,EXP002089,PGR-00055650/2026,DOCUMENTO,CIVINT/STIC,CIVINT-STIC-U05,Karina Ensaio,CIVINT-STIC-U01,Gabriela Simulada,2026-10-01T21:19:36-03:00,2026-10-10,3,ATIVA,NO_PRAZO,
DES000815,EXP002091,PGR-00080511/2026,DOCUMENTO,CIVINT/STIC,CIVINT-STIC-U02,Heitor Protótipo,CIVINT-STIC-U01,Gabriela Simulada,2026-10-07T14:10:44-03:00,2026-10-22,15,ATIVA,NO_PRAZO,
DES000816,EXP002092,PGR-00059895/2026,DOCUMENTO,CIVINT/STIC,CIVINT-STIC-U07,Marina Maquete,CIVINT-STIC-U01,Gabriela Simulada,2026-09-12T10:36:36-03:00,2026-09-18,-19,ATIVA,VENCIDA,
DES000817,EXP002093,PGR-00014372/2026,DOCUMENTO,CIVINT/STIC,CIVINT-STIC-U02,Heitor Protótipo,CIVINT-STIC-U01,Gabriela Simulada,2026-05-13T07:34:36-03:00,2026-05-22,-138,ATIVA,VENCIDA,
DES000818,EXP002094,PGR-00017530/2026,DOCUMENTO,CIVINT/STIC,CIVINT-STIC-U08,Nelson Mock,CIVINT-STIC-U01,Gabriela Simulada,2026-10-07T07:23:29-03:00,2026-10-16,9,ATIVA,NO_PRAZO,
DES000819,EXP002095,PGR-00013141/2026,DOCUMENTO,CIVINT/STIC,CIVINT-STIC-U02,Heitor Protótipo,CIVINT-STIC-U01,Gabriela Simulada,2026-08-23T22:57:51-03:00,2026-09-01,-36,ATIVA,VENCIDA,
DES000820,EXP002096,PGR-00000909/2026,DOCUMENTO,CIVINT/STIC,CIVINT-STIC-U06,Lucas Esboço,CIVINT-STIC-U01,Gabriela Simulada,2026-09-12T12:51:33-03:00,2026-09-20,-17,ATIVA,VENCIDA,
DES000821,EXP002097,PGR-00069564/2026,DOCUMENTO,CIVINT/STIC,CIVINT-STIC-U08,Nelson Mock,CIVINT-STIC-U01,Gabriela Simulada,2026-09-07T21:59:18-03:00,2026-09-18,-19,ATIVA,VENCIDA,
DES000822,EXP002098,PGR-00025655/2026,DOCUMENTO,CIVINT/STIC,CIVINT-STIC-U03,Isabela Piloto,CIVINT-STIC-U01,Gabriela Simulada,2026-09-14T04:45:12-03:00,2026-09-28,-9,ATIVA,VENCIDA,
DES000823,EXP002099,PGR-00060594/2026,DOCUMENTO,CIVINT/STIC,CIVINT-STIC-U03,Isabela Piloto,CIVINT-STIC-U01,Gabriela Simulada,2026-06-11T11:52:42-03:00,2026-06-23,-106,ATIVA,VENCIDA,
DES000824,EXP002101,PGR-00052297/2026,DOCUMENTO,CIVINT/STIC,CIVINT-STIC-U05,Karina Ensaio,CIVINT-STIC-U01,Gabriela Simulada,2026-07-07T11:42:28-03:00,2026-07-16,-83,ATIVA,VENCIDA,
DES000825,EXP002102,PGR-00010177/2026,DOCUMENTO,CIVINT/STIC,CIVINT-STIC-U03,Isabela Piloto,CIVINT-STIC-U01,Gabriela Simulada,2026-09-11T08:23:24-03:00,2026-09-24,-13,ATIVA,VENCIDA,
DES000826,EXP002105,PGR-00010439/2026,DOCUMENTO,CIVINT/STIC,CIVINT-STIC-U02,Heitor Protótipo,CIVINT-STIC-U01,Gabriela Simulada,2026-09-03T01:04:24-03:00,2026-09-09,-28,ATIVA,VENCIDA,
DES000827,EXP002107,PGR-00082517/2026,DOCUMENTO,CIVINT/STIC,CIVINT-STIC-U07,Marina Maquete,CIVINT-STIC-U01,Gabriela Simulada,2026-07-22T20:31:39-03:00,2026-07-31,-68,ATIVA,VENCIDA,
DES000828,EXP002108,PGR-00038448/2026,DOCUMENTO,CIVINT/STIC,CIVINT-STIC-U04,João Rascunho,CIVINT-STIC-U01,Gabriela Simulada,2026-08-03T00:08:50-03:00,2026-08-11,-57,ATIVA,VENCIDA,
DES000829,EXP002109,PGR-00021878/2026,DOCUMENTO,CIVINT/STIC,CIVINT-STIC-U05,Karina Ensaio,CIVINT-STIC-U01,Gabriela Simulada,2026-08-26T16:30:16-03:00,2026-09-07,-30,ATIVA,VENCIDA,
DES000830,EXP002112,PGR-00034727/2026,DOCUMENTO,CIVINT/STIC,CIVINT-STIC-U06,Lucas Esboço,CIVINT-STIC-U01,Gabriela Simulada,2026-09-13T20:19:39-03:00,2026-09-22,-15,ATIVA,VENCIDA,
DES000831,EXP002113,PGR-00003718/2026,DOCUMENTO,CIVINT/STIC,CIVINT-STIC-U03,Isabela Piloto,CIVINT-STIC-U01,Gabriela Simulada,2026-10-05T23:48:16-03:00,2026-10-11,4,ATIVA,NO_PRAZO,
DES000832,EXP002114,PGR-00040829/2026,DOCUMENTO,CIVINT/STIC,CIVINT-STIC-U08,Nelson Mock,CIVINT-STIC-U01,Gabriela Simulada,2026-10-04T21:08:27-03:00,2026-10-17,10,ATIVA,NO_PRAZO,
DES000833,EXP002116,PGR-00091989/2026,DOCUMENTO,CIVINT/STIC,CIVINT-STIC-U02,Heitor Protótipo,CIVINT-STIC-U01,Gabriela Simulada,2026-09-16T18:15:43-03:00,2026-09-20,-17,ATIVA,VENCIDA,
DES000834,EXP002119,PGR-00022648/2026,DOCUMENTO,CIVINT/STIC,CIVINT-STIC-U04,João Rascunho,CIVINT-STIC-U01,Gabriela Simulada,2026-09-30T18:50:44-03:00,2026-10-15,8,ATIVA,NO_PRAZO,
DES000835,EXP002120,PGR-00005889/2026,DOCUMENTO,CIVINT/STIC,CIVINT-STIC-U08,Nelson Mock,CIVINT-STIC-U01,Gabriela Simulada,2026-07-06T22:44:46-03:00,2026-07-20,-79,ATIVA,VENCIDA,
DES000836,EXP002121,PGR-00038773/2026,DOCUMENTO,CIVINT/STIC,CIVINT-STIC-U05,Karina Ensaio,CIVINT-STIC-U01,Gabriela Simulada,2026-07-18T20:16:58-03:00,2026-07-21,-78,ATIVA,VENCIDA,
DES000837,EXP002125,PGR-00099593/2026,DOCUMENTO,CIVINT/STIC,CIVINT-STIC-U02,Heitor Protótipo,CIVINT-STIC-U01,Gabriela Simulada,2026-09-12T03:51:37-03:00,2026-09-24,-13,ATIVA,VENCIDA,
DES000838,EXP002126,PGR-00071250/2026,DOCUMENTO,CIVINT/STIC,CIVINT-STIC-U04,João Rascunho,CIVINT-STIC-U01,Gabriela Simulada,2026-08-06T14:26:42-03:00,2026-08-18,-50,ATIVA,VENCIDA,
DES000839,EXP002128,PGR-00006975/2026,DOCUMENTO,CIVINT/STIC,CIVINT-STIC-U06,Lucas Esboço,CIVINT-STIC-U01,Gabriela Simulada,2026-09-01T10:13:34-03:00,2026-09-04,-33,ATIVA,VENCIDA,
DES000840,EXP002129,PGR-00051689/2026,DOCUMENTO,CIVINT/STIC,CIVINT-STIC-U08,Nelson Mock,CIVINT-STIC-U01,Gabriela Simulada,2026-09-16T02:29:21-03:00,2026-09-22,-15,ATIVA,VENCIDA,
DES000841,EXP002134,PGR-00055649/2026,DOCUMENTO,CIVINT/STIC,CIVINT-STIC-U07,Marina Maquete,CIVINT-STIC-U01,Gabriela Simulada,2026-08-31T19:10:25-03:00,2026-09-06,-31,ATIVA,VENCIDA,
DES000842,EXP002136,PGR-00032994/2026,DOCUMENTO,CIVINT/STIC,CIVINT-STIC-U03,Isabela Piloto,CIVINT-STIC-U01,Gabriela Simulada,2026-09-23T19:21:30-03:00,2026-09-30,-7,ATIVA,VENCIDA,
DES000843,EXP002138,PGR-00053058/2026,DOCUMENTO,CIVINT/STIC,CIVINT-STIC-U06,Lucas Esboço,CIVINT-STIC-U01,Gabriela Simulada,2026-09-20T09:36:21-03:00,2026-09-30,-7,ATIVA,VENCIDA,
DES000844,EXP002139,PGR-00096937/2026,DOCUMENTO,CIVINT/STIC,CIVINT-STIC-U03,Isabela Piloto,CIVINT-STIC-U01,Gabriela Simulada,2026-09-07T00:31:06-03:00,2026-09-15,-22,ATIVA,VENCIDA,
DES000845,EXP002140,PGR-00088118/2026,DOCUMENTO,CIVINT/STIC,CIVINT-STIC-U05,Karina Ensaio,CIVINT-STIC-U01,Gabriela Simulada,2026-08-26T16:43:27-03:00,2026-09-04,-33,ATIVA,VENCIDA,
DES000846,EXP002141,PGR-00094689/2026,DOCUMENTO,CIVINT/STIC,CIVINT-STIC-U06,Lucas Esboço,CIVINT-STIC-U01,Gabriela Simulada,2026-09-30T22:15:21-03:00,2026-10-11,4,ATIVA,NO_PRAZO,
DES000847,EXP002142,PGR-00055728/2026,DOCUMENTO,CIVINT/STIC,CIVINT-STIC-U06,Lucas Esboço,CIVINT-STIC-U01,Gabriela Simulada,2026-09-21T09:55:06-03:00,2026-10-03,-4,ATIVA,VENCIDA,
DES000848,EXP002143,PGR-00009193/2026,DOCUMENTO,CIVINT/STIC,CIVINT-STIC-U02,Heitor Protótipo,CIVINT-STIC-U01,Gabriela Simulada,2026-09-05T19:52:09-03:00,2026-09-12,-25,ATIVA,VENCIDA,
DES000849,EXP002145,PGR-00086760/2026,DOCUMENTO,CIVINT/STIC,CIVINT-STIC-U07,Marina Maquete,CIVINT-STIC-U01,Gabriela Simulada,2026-10-07T17:00:00-03:00,2026-10-21,14,ATIVA,NO_PRAZO,
DES000850,EXP002146,PGR-00068541/2026,DOCUMENTO,CIVINT/STIC,CIVINT-STIC-U03,Isabela Piloto,CIVINT-STIC-U01,Gabriela Simulada,2026-08-20T12:33:09-03:00,2026-08-31,-37,ATIVA,VENCIDA,
DES000851,EXP002149,PGR-00092662/2026,DOCUMENTO,CIVINT/STIC,CIVINT-STIC-U08,Nelson Mock,CIVINT-STIC-U01,Gabriela Simulada,2026-07-25T14:35:10-03:00,2026-08-08,-60,ATIVA,VENCIDA,
DES000852,EXP002150,PGR-00015845/2026,DOCUMENTO,CIVINT/STIC,CIVINT-STIC-U05,Karina Ensaio,CIVINT-STIC-U01,Gabriela Simulada,2026-06-11T18:45:43-03:00,2026-06-17,-112,ATIVA,VENCIDA,
DES000853,EXP002152,PGR-00000663/2026,DOCUMENTO,CIVINT/STIC,CIVINT-STIC-U07,Marina Maquete,CIVINT-STIC-U01,Gabriela Simulada,2026-05-23T21:12:35-03:00,2026-06-06,-123,ATIVA,VENCIDA,
DES000854,EXP002153,PGR-00044502/2026,DOCUMENTO,CIVINT/STIC,CIVINT-STIC-U07,Marina Maquete,CIVINT-STIC-U01,Gabriela Simulada,2026-10-05T09:37:34-03:00,2026-10-09,2,ATIVA,NO_PRAZO,
DES000855,EXP002154,PGR-00098200/2026,DOCUMENTO,CIVINT/STIC,CIVINT-STIC-U02,Heitor Protótipo,CIVINT-STIC-U01,Gabriela Simulada,2026-07-18T14:41:36-03:00,2026-07-23,-76,ATIVA,VENCIDA,
DES000856,EXP002155,PGR-00020549/2026,DOCUMENTO,CIVINT/STIC,CIVINT-STIC-U03,Isabela Piloto,CIVINT-STIC-U01,Gabriela Simulada,2026-09-15T21:16:44-03:00,2026-09-29,-8,ATIVA,VENCIDA,
DES000857,EXP002156,PGR-00084339/2026,DOCUMENTO,CIVINT/STIC,CIVINT-STIC-U06,Lucas Esboço,CIVINT-STIC-U01,Gabriela Simulada,2026-09-10T08:22:31-03:00,2026-09-18,-19,ATIVA,VENCIDA,
DES000858,EXP002158,PGR-00057264/2026,DOCUMENTO,CIVINT/STIC,CIVINT-STIC-U06,Lucas Esboço,CIVINT-STIC-U01,Gabriela Simulada,2026-08-27T21:41:37-03:00,2026-09-01,-36,ATIVA,VENCIDA,
DES000859,EXP002160,PGR-00059816/2026,DOCUMENTO,CIVINT/STIC,CIVINT-STIC-U05,Karina Ensaio,CIVINT-STIC-U01,Gabriela Simulada,2026-10-02T09:40:02-03:00,2026-10-09,2,ATIVA,NO_PRAZO,
DES000860,EXP002161,PGR-00033717/2026,DOCUMENTO,CIVINT/STIC,CIVINT-STIC-U06,Lucas Esboço,CIVINT-STIC-U01,Gabriela Simulada,2026-07-09T11:04:03-03:00,2026-07-16,-83,ATIVA,VENCIDA,
DES000861,EXP002162,PGR-00084197/2026,DOCUMENTO,CIVINT/STIC,CIVINT-STIC-U04,João Rascunho,CIVINT-STIC-U01,Gabriela Simulada,2026-10-07T08:28:01-03:00,2026-10-11,4,ATIVA,NO_PRAZO,
DES000862,EXP002164,PGR-00063132/2026,DOCUMENTO,CIVINT/STIC,CIVINT-STIC-U02,Heitor Protótipo,CIVINT-STIC-U01,Gabriela Simulada,2026-09-19T02:34:14-03:00,2026-09-22,-15,ATIVA,VENCIDA,
DES000863,EXP002166,PGR-00084966/2026,DOCUMENTO,CIVINT/STIC,CIVINT-STIC-U05,Karina Ensaio,CIVINT-STIC-U01,Gabriela Simulada,2026-09-06T20:47:28-03:00,2026-09-21,-16,ATIVA,VENCIDA,
DES000864,EXP002167,PGR-00050303/2026,DOCUMENTO,CIVINT/STIC,CIVINT-STIC-U06,Lucas Esboço,CIVINT-STIC-U01,Gabriela Simulada,2026-09-29T15:15:40-03:00,2026-10-12,5,ATIVA,NO_PRAZO,
DES000865,EXP002168,PGR-00095696/2026,DOCUMENTO,CIVINT/STIC,CIVINT-STIC-U08,Nelson Mock,CIVINT-STIC-U01,Gabriela Simulada,2026-09-15T17:50:08-03:00,2026-09-28,-9,ATIVA,VENCIDA,
DES000866,EXP002169,PGR-00079802/2026,DOCUMENTO,CIVINT/STIC,CIVINT-STIC-U03,Isabela Piloto,CIVINT-STIC-U01,Gabriela Simulada,2026-08-02T12:30:37-03:00,2026-08-10,-58,ATIVA,VENCIDA,
DES000867,EXP002171,PGR-00028607/2026,DOCUMENTO,CIVINT/STIC,CIVINT-STIC-U03,Isabela Piloto,CIVINT-STIC-U01,Gabriela Simulada,2026-09-01T20:24:36-03:00,2026-09-13,-24,ATIVA,VENCIDA,
DES000868,EXP002172,PGR-00012970/2026,DOCUMENTO,CIVINT/STIC,CIVINT-STIC-U05,Karina Ensaio,CIVINT-STIC-U01,Gabriela Simulada,2026-09-28T12:15:31-03:00,2026-10-13,6,ATIVA,NO_PRAZO,
DES000869,EXP002173,PGR-00089250/2026,DOCUMENTO,CIVINT/STIC,CIVINT-STIC-U03,Isabela Piloto,CIVINT-STIC-U01,Gabriela Simulada,2026-10-05T18:43:47-03:00,2026-10-17,10,ATIVA,NO_PRAZO,
DES000870,EXP002174,PGR-00088571/2026,DOCUMENTO,CIVINT/STIC,CIVINT-STIC-U03,Isabela Piloto,CIVINT-STIC-U01,Gabriela Simulada,2026-08-22T06:33:45-03:00,2026-09-01,-36,ATIVA,VENCIDA,
DES000871,EXP002177,PGR-00038652/2026,DOCUMENTO,CIVINT/STIC,CIVINT-STIC-U02,Heitor Protótipo,CIVINT-STIC-U01,Gabriela Simulada,2026-10-03T23:48:26-03:00,2026-10-06,-1,ATIVA,VENCIDA,
DES000872,EXP002179,PGR-00014420/2026,DOCUMENTO,CIVINT/STIC,CIVINT-STIC-U02,Heitor Protótipo,CIVINT-STIC-U01,Gabriela Simulada,2026-09-06T08:56:17-03:00,2026-09-15,-22,ATIVA,VENCIDA,
DES000873,EXP002180,PGR-00067809/2026,DOCUMENTO,CIVINT/STIC,CIVINT-STIC-U04,João Rascunho,CIVINT-STIC-U01,Gabriela Simulada,2026-08-10T01:07:01-03:00,2026-08-13,-55,ATIVA,VENCIDA,
DES000874,EXP002183,PGR-00039240/2026,DOCUMENTO,CIVINT/STIC,CIVINT-STIC-U03,Isabela Piloto,CIVINT-STIC-U01,Gabriela Simulada,2026-09-23T15:03:21-03:00,2026-09-27,-10,ATIVA,VENCIDA,
DES000875,EXP002184,PGR-00072222/2026,DOCUMENTO,CIVINT/STIC,CIVINT-STIC-U07,Marina Maquete,CIVINT-STIC-U01,Gabriela Simulada,2026-09-25T01:02:44-03:00,2026-10-07,0,ATIVA,NO_PRAZO,
DES000876,EXP002186,PGR-00028114/2026,DOCUMENTO,CIVINT/STIC,CIVINT-STIC-U04,João Rascunho,CIVINT-STIC-U01,Gabriela Simulada,2026-08-04T22:40:20-03:00,2026-08-17,-51,ATIVA,VENCIDA,
DES000877,EXP002188,PGR-00054276/2026,DOCUMENTO,CIVINT/STIC,CIVINT-STIC-U03,Isabela Piloto,CIVINT-STIC-U01,Gabriela Simulada,2026-08-01T10:40:27-03:00,2026-08-11,-57,ATIVA,VENCIDA,
DES000878,EXP002189,PGR-00078193/2026,DOCUMENTO,CIVINT/STIC,CIVINT-STIC-U05,Karina Ensaio,CIVINT-STIC-U01,Gabriela Simulada,2026-09-23T14:15:28-03:00,2026-10-07,0,ATIVA,NO_PRAZO,
DES000879,EXP002191,PGR-00006582/2026,DOCUMENTO,CIVINT/STIC,CIVINT-STIC-U02,Heitor Protótipo,CIVINT-STIC-U01,Gabriela Simulada,2026-09-21T18:24:49-03:00,2026-09-30,-7,ATIVA,VENCIDA,
DES000880,EXP002192,PGR-00036430/2026,DOCUMENTO,CIVINT/STIC,CIVINT-STIC-U03,Isabela Piloto,CIVINT-STIC-U01,Gabriela Simulada,2026-09-05T15:54:41-03:00,2026-09-10,-27,ATIVA,VENCIDA,
DES000881,EXP002193,PGR-00066372/2026,DOCUMENTO,CIVINT/STIC,CIVINT-STIC-U06,Lucas Esboço,CIVINT-STIC-U01,Gabriela Simulada,2026-10-07T17:00:00-03:00,2026-10-16,9,ATIVA,NO_PRAZO,
DES000882,EXP002195,PGR-00056259/2026,DOCUMENTO,CIVINT/STIC,CIVINT-STIC-U05,Karina Ensaio,CIVINT-STIC-U01,Gabriela Simulada,2026-06-29T17:32:08-03:00,2026-07-03,-96,ATIVA,VENCIDA,
DES000883,EXP002196,PGR-00060174/2026,DOCUMENTO,CIVINT/STIC,CIVINT-STIC-U05,Karina Ensaio,CIVINT-STIC-U01,Gabriela Simulada,2026-10-07T17:00:00-03:00,2026-10-13,6,ATIVA,NO_PRAZO,
DES000884,EXP002198,PGR-00095088/2026,DOCUMENTO,CIVINT/STIC,CIVINT-STIC-U03,Isabela Piloto,CIVINT-STIC-U01,Gabriela Simulada,2026-09-03T18:06:38-03:00,2026-09-13,-24,ATIVA,VENCIDA,
DES000885,EXP002200,PGR-00022219/2026,DOCUMENTO,CIVINT/STIC,CIVINT-STIC-U06,Lucas Esboço,CIVINT-STIC-U01,Gabriela Simulada,2026-08-17T15:34:59-03:00,2026-08-25,-43,ATIVA,VENCIDA,
DES000886,EXP002201,PGR-00070549/2026,DOCUMENTO,CIVINT/STIC,CIVINT-STIC-U07,Marina Maquete,CIVINT-STIC-U01,Gabriela Simulada,2026-07-29T08:51:24-03:00,2026-08-07,-61,ATIVA,VENCIDA,
DES000887,EXP002202,PGR-00036902/2026,DOCUMENTO,CIVINT/STIC,CIVINT-STIC-U03,Isabela Piloto,CIVINT-STIC-U01,Gabriela Simulada,2026-09-01T10:14:46-03:00,2026-09-14,-23,ATIVA,VENCIDA,
DES000888,EXP002204,PGR-00065257/2026,DOCUMENTO,CIVINT/STIC,CIVINT-STIC-U04,João Rascunho,CIVINT-STIC-U01,Gabriela Simulada,2026-08-24T17:20:39-03:00,2026-09-03,-34,ATIVA,VENCIDA,
DES000889,EXP002205,PGR-00059343/2026,DOCUMENTO,CIVINT/STIC,CIVINT-STIC-U06,Lucas Esboço,CIVINT-STIC-U01,Gabriela Simulada,2026-10-05T15:48:19-03:00,2026-10-14,7,ATIVA,NO_PRAZO,
DES000890,EXP002207,PGR-00022566/2026,DOCUMENTO,CIVINT/STIC,CIVINT-STIC-U06,Lucas Esboço,CIVINT-STIC-U01,Gabriela Simulada,2026-10-07T06:02:32-03:00,2026-10-18,11,ATIVA,NO_PRAZO,
DES000891,EXP002208,PGR-00051484/2026,DOCUMENTO,CIVINT/STIC,CIVINT-STIC-U05,Karina Ensaio,CIVINT-STIC-U01,Gabriela Simulada,2026-09-29T22:45:57-03:00,2026-10-11,4,ATIVA,NO_PRAZO,
DES000892,EXP002209,PGR-00030019/2026,DOCUMENTO,CIVINT/STIC,CIVINT-STIC-U06,Lucas Esboço,CIVINT-STIC-U01,Gabriela Simulada,2026-09-03T20:01:56-03:00,2026-09-17,-20,ATIVA,VENCIDA,
DES000893,EXP002210,PGR-00030181/2026,DOCUMENTO,CIVINT/STIC,CIVINT-STIC-U02,Heitor Protótipo,CIVINT-STIC-U01,Gabriela Simulada,2026-06-12T19:32:06-03:00,2026-06-21,-108,ATIVA,VENCIDA,
DES000894,EXP002213,PGR-00015785/2026,DOCUMENTO,CIVINT/STIC,CIVINT-STIC-U07,Marina Maquete,CIVINT-STIC-U01,Gabriela Simulada,2026-07-27T06:49:11-03:00,2026-08-05,-63,ATIVA,VENCIDA,
DES000895,EXP002214,PGR-00016869/2026,DOCUMENTO,CIVINT/STIC,CIVINT-STIC-U05,Karina Ensaio,CIVINT-STIC-U01,Gabriela Simulada,2026-06-28T18:16:03-03:00,2026-07-05,-94,ATIVA,VENCIDA,
DES000896,EXP002215,PGR-00051552/2026,DOCUMENTO,CIVINT/STIC,CIVINT-STIC-U06,Lucas Esboço,CIVINT-STIC-U01,Gabriela Simulada,2026-09-11T09:08:39-03:00,2026-09-17,-20,ATIVA,VENCIDA,
DES000897,EXP002216,PGR-00033405/2026,DOCUMENTO,CIVINT/STIC,CIVINT-STIC-U06,Lucas Esboço,CIVINT-STIC-U01,Gabriela Simulada,2026-10-06T04:36:14-03:00,2026-10-10,3,ATIVA,NO_PRAZO,
DES000898,EXP002217,PGR-00089819/2026,DOCUMENTO,CIVINT/STIC,CIVINT-STIC-U08,Nelson Mock,CIVINT-STIC-U01,Gabriela Simulada,2026-07-21T05:45:39-03:00,2026-07-30,-69,ATIVA,VENCIDA,
DES000899,EXP002218,PGR-00022071/2026,DOCUMENTO,CIVINT/STIC,CIVINT-STIC-U05,Karina Ensaio,CIVINT-STIC-U01,Gabriela Simulada,2026-09-17T20:02:42-03:00,2026-09-29,-8,ATIVA,VENCIDA,
DES000900,EXP002220,PGR-00026017/2026,DOCUMENTO,CIVINT/STIC,CIVINT-STIC-U08,Nelson Mock,CIVINT-STIC-U01,Gabriela Simulada,2026-10-06T15:04:16-03:00,2026-10-13,6,ATIVA,NO_PRAZO,
DES000901,EXP002221,PGR-00005710/2026,DOCUMENTO,CIVINT/STIC,CIVINT-STIC-U05,Karina Ensaio,CIVINT-STIC-U01,Gabriela Simulada,2026-09-26T10:59:49-03:00,2026-10-05,-2,ATIVA,VENCIDA,
DES000902,EXP002223,PGR-00003696/2026,DOCUMENTO,CIVINT/STIC,CIVINT-STIC-U06,Lucas Esboço,CIVINT-STIC-U01,Gabriela Simulada,2026-10-07T10:01:26-03:00,2026-10-19,12,ATIVA,NO_PRAZO,
DES000903,EXP002224,PGR-00078555/2026,DOCUMENTO,CIVINT/STIC,CIVINT-STIC-U08,Nelson Mock,CIVINT-STIC-U01,Gabriela Simulada,2026-10-05T20:44:15-03:00,2026-10-16,9,ATIVA,NO_PRAZO,
DES000904,EXP002226,PGR-00064683/2026,DOCUMENTO,CIVINT/STIC,CIVINT-STIC-U05,Karina Ensaio,CIVINT-STIC-U01,Gabriela Simulada,2026-09-28T13:10:52-03:00,2026-10-03,-4,ATIVA,VENCIDA,
DES000905,EXP002227,PGR-00044721/2026,DOCUMENTO,CIVINT/STIC,CIVINT-STIC-U02,Heitor Protótipo,CIVINT-STIC-U01,Gabriela Simulada,2026-09-24T11:31:55-03:00,2026-09-27,-10,ATIVA,VENCIDA,
DES000906,EXP002228,PGR-00068918/2026,DOCUMENTO,CIVINT/STIC,CIVINT-STIC-U07,Marina Maquete,CIVINT-STIC-U01,Gabriela Simulada,2026-07-31T21:58:45-03:00,2026-08-04,-64,ATIVA,VENCIDA,
DES000907,EXP002230,PGR-00036781/2026,DOCUMENTO,CIVINT/STIC,CIVINT-STIC-U05,Karina Ensaio,CIVINT-STIC-U01,Gabriela Simulada,2026-10-04T10:32:33-03:00,2026-10-18,11,ATIVA,NO_PRAZO,
DES000908,EXP002231,PGR-00062342/2026,DOCUMENTO,CIVINT/STIC,CIVINT-STIC-U05,Karina Ensaio,CIVINT-STIC-U01,Gabriela Simulada,2026-10-04T06:08:56-03:00,2026-10-09,2,ATIVA,NO_PRAZO,
DES000909,EXP002232,PGR-00067721/2026,DOCUMENTO,CIVINT/STIC,CIVINT-STIC-U07,Marina Maquete,CIVINT-STIC-U01,Gabriela Simulada,2026-10-07T16:18:03-03:00,2026-10-14,7,ATIVA,NO_PRAZO,
DES000910,EXP002234,PGR-00003358/2026,DOCUMENTO,CIVINT/STIC,CIVINT-STIC-U08,Nelson Mock,CIVINT-STIC-U01,Gabriela Simulada,2026-09-23T08:55:22-03:00,2026-09-28,-9,ATIVA,VENCIDA,
DES000911,EXP002235,PGR-00038461/2026,DOCUMENTO,CIVINT/STIC,CIVINT-STIC-U07,Marina Maquete,CIVINT-STIC-U01,Gabriela Simulada,2026-10-04T08:19:45-03:00,2026-10-17,10,ATIVA,NO_PRAZO,
DES000912,EXP002238,PGR-00057781/2026,DOCUMENTO,CIVINT/STIC,CIVINT-STIC-U06,Lucas Esboço,CIVINT-STIC-U01,Gabriela Simulada,2026-10-01T22:50:38-03:00,2026-10-08,1,ATIVA,NO_PRAZO,
DES000913,EXP002240,PGR-00070423/2026,DOCUMENTO,CIVINT/STIC,CIVINT-STIC-U08,Nelson Mock,CIVINT-STIC-U01,Gabriela Simulada,2026-09-18T22:40:22-03:00,2026-09-21,-16,ATIVA,VENCIDA,
DES000914,EXP002241,PGR-00048861/2026,DOCUMENTO,CIVINT/STIC,CIVINT-STIC-U03,Isabela Piloto,CIVINT-STIC-U01,Gabriela Simulada,2026-08-22T09:27:06-03:00,2026-08-27,-41,ATIVA,VENCIDA,
DES000915,EXP002246,PGR-00024522/2026,DOCUMENTO,CIVINT/STIC,CIVINT-STIC-U06,Lucas Esboço,CIVINT-STIC-U01,Gabriela Simulada,2026-09-19T08:56:54-03:00,2026-09-25,-12,ATIVA,VENCIDA,
DES000916,EXP002247,PGR-00023875/2026,DOCUMENTO,CIVINT/STIC,CIVINT-STIC-U02,Heitor Protótipo,CIVINT-STIC-U01,Gabriela Simulada,2026-09-10T22:14:33-03:00,2026-09-16,-21,ATIVA,VENCIDA,
DES000917,EXP002249,PGR-00031923/2026,DOCUMENTO,CIVINT/STIC,CIVINT-STIC-U06,Lucas Esboço,CIVINT-STIC-U01,Gabriela Simulada,2026-07-16T09:20:13-03:00,2026-07-28,-71,ATIVA,VENCIDA,
DES000918,EXP002250,PGR-00076669/2026,DOCUMENTO,CIVINT/STIC,CIVINT-STIC-U07,Marina Maquete,CIVINT-STIC-U01,Gabriela Simulada,2026-09-27T17:27:53-03:00,2026-10-03,-4,ATIVA,VENCIDA,
DES000919,EXP002251,PGR-00067214/2026,DOCUMENTO,CIVINT/STIC,CIVINT-STIC-U05,Karina Ensaio,CIVINT-STIC-U01,Gabriela Simulada,2026-09-18T00:37:20-03:00,2026-10-03,-4,ATIVA,VENCIDA,
DES000920,EXP002252,PGR-00099482/2026,DOCUMENTO,CIVINT/STIC,CIVINT-STIC-U04,João Rascunho,CIVINT-STIC-U01,Gabriela Simulada,2026-06-14T14:23:02-03:00,2026-06-22,-107,ATIVA,VENCIDA,
DES000921,EXP002254,PGR-00018423/2026,DOCUMENTO,CIVINT/STIC,CIVINT-STIC-U04,João Rascunho,CIVINT-STIC-U01,Gabriela Simulada,2026-09-21T18:23:25-03:00,2026-10-03,-4,ATIVA,VENCIDA,
DES000922,EXP002255,PGR-00094657/2026,DOCUMENTO,CIVINT/STIC,CIVINT-STIC-U05,Karina Ensaio,CIVINT-STIC-U01,Gabriela Simulada,2026-09-28T13:52:34-03:00,2026-10-03,-4,ATIVA,VENCIDA,
DES000923,EXP002257,PGR-00013702/2026,DOCUMENTO,CIVINT/STIC,CIVINT-STIC-U07,Marina Maquete,CIVINT-STIC-U01,Gabriela Simulada,2026-09-18T03:33:09-03:00,2026-10-03,-4,ATIVA,VENCIDA,
DES000924,EXP002258,PGR-00023053/2026,DOCUMENTO,CIVINT/STIC,CIVINT-STIC-U02,Heitor Protótipo,CIVINT-STIC-U01,Gabriela Simulada,2026-09-25T14:24:22-03:00,2026-10-08,1,ATIVA,NO_PRAZO,
DES000925,EXP002259,PGR-00096496/2026,DOCUMENTO,CIVINT/STIC,CIVINT-STIC-U08,Nelson Mock,CIVINT-STIC-U01,Gabriela Simulada,2026-10-07T07:58:07-03:00,2026-10-16,9,ATIVA,NO_PRAZO,
DES000926,EXP002260,PGR-00045602/2026,DOCUMENTO,CIVINT/STIC,CIVINT-STIC-U07,Marina Maquete,CIVINT-STIC-U01,Gabriela Simulada,2026-09-18T15:09:51-03:00,2026-09-25,-12,ATIVA,VENCIDA,
DES000927,EXP002261,PGR-00039843/2026,DOCUMENTO,CIVINT/STIC,CIVINT-STIC-U03,Isabela Piloto,CIVINT-STIC-U01,Gabriela Simulada,2026-09-10T04:42:40-03:00,2026-09-21,-16,ATIVA,VENCIDA,
DES000928,EXP002262,PGR-00073341/2026,DOCUMENTO,CIVINT/STIC,CIVINT-STIC-U07,Marina Maquete,CIVINT-STIC-U01,Gabriela Simulada,2026-05-27T01:14:32-03:00,2026-05-31,-129,ATIVA,VENCIDA,
DES000929,EXP002263,PGR-00096818/2026,DOCUMENTO,CIVINT/STIC,CIVINT-STIC-U03,Isabela Piloto,CIVINT-STIC-U01,Gabriela Simulada,2026-09-29T10:15:11-03:00,2026-10-12,5,ATIVA,NO_PRAZO,
DES000930,EXP002267,PGR-00046612/2026,DOCUMENTO,CIVINT/STIC,CIVINT-STIC-U03,Isabela Piloto,CIVINT-STIC-U01,Gabriela Simulada,2026-09-27T16:33:22-03:00,2026-10-01,-6,ATIVA,VENCIDA,
DES000931,EXP002268,PGR-00090919/2026,DOCUMENTO,CIVINT/STIC,CIVINT-STIC-U08,Nelson Mock,CIVINT-STIC-U01,Gabriela Simulada,2026-09-22T11:47:42-03:00,2026-10-07,0,ATIVA,NO_PRAZO,
DES000932,EXP002270,PGR-00037204/2026,DOCUMENTO,CIVINT/STIC,CIVINT-STIC-U08,Nelson Mock,CIVINT-STIC-U01,Gabriela Simulada,2026-07-05T08:55:06-03:00,2026-07-15,-84,ATIVA,VENCIDA,
DES000933,EXP002271,PGR-00038627/2026,DOCUMENTO,CIVINT/STIC,CIVINT-STIC-U05,Karina Ensaio,CIVINT-STIC-U01,Gabriela Simulada,2026-10-02T07:10:50-03:00,2026-10-07,0,ATIVA,NO_PRAZO,
DES000934,EXP002272,PGR-00060998/2026,DOCUMENTO,CIVINT/STIC,CIVINT-STIC-U06,Lucas Esboço,CIVINT-STIC-U01,Gabriela Simulada,2026-07-26T21:44:29-03:00,2026-08-07,-61,ATIVA,VENCIDA,
DES000935,EXP002273,PGR-00081869/2026,DOCUMENTO,CIVINT/STIC,CIVINT-STIC-U03,Isabela Piloto,CIVINT-STIC-U01,Gabriela Simulada,2026-10-05T14:07:08-03:00,2026-10-10,3,ATIVA,NO_PRAZO,
DES000936,EXP002275,PGR-00003556/2026,DOCUMENTO,CIVINT/STIC,CIVINT-STIC-U06,Lucas Esboço,CIVINT-STIC-U01,Gabriela Simulada,2026-09-18T02:57:09-03:00,2026-09-26,-11,ATIVA,VENCIDA,
DES000937,EXP002276,PGR-00079484/2026,DOCUMENTO,CIVINT/STIC,CIVINT-STIC-U08,Nelson Mock,CIVINT-STIC-U01,Gabriela Simulada,2026-10-05T02:57:44-03:00,2026-10-12,5,ATIVA,NO_PRAZO,
DES000938,EXP002278,PGR-00068885/2026,DOCUMENTO,CIVINT/STIC,CIVINT-STIC-U04,João Rascunho,CIVINT-STIC-U01,Gabriela Simulada,2026-10-07T16:51:57-03:00,2026-10-20,13,ATIVA,NO_PRAZO,
DES000939,EXP002279,PGR-00027291/2026,DOCUMENTO,CIVINT/STIC,CIVINT-STIC-U05,Karina Ensaio,CIVINT-STIC-U01,Gabriela Simulada,2026-10-07T17:00:00-03:00,2026-10-10,3,ATIVA,NO_PRAZO,
DES000940,EXP002280,PGR-00055273/2026,DOCUMENTO,CIVINT/STIC,CIVINT-STIC-U08,Nelson Mock,CIVINT-STIC-U01,Gabriela Simulada,2026-09-26T01:23:52-03:00,2026-10-04,-3,ATIVA,VENCIDA,
DES000941,EXP002282,PGR-00080960/2026,DOCUMENTO,CIVINT/STIC,CIVINT-STIC-U08,Nelson Mock,CIVINT-STIC-U01,Gabriela Simulada,2026-09-24T20:33:56-03:00,2026-09-29,-8,ATIVA,VENCIDA,
DES000942,EXP002283,PGR-00039390/2026,DOCUMENTO,CIVINT/STIC,CIVINT-STIC-U07,Marina Maquete,CIVINT-STIC-U01,Gabriela Simulada,2026-09-25T16:16:57-03:00,2026-10-10,3,ATIVA,NO_PRAZO,
DES000943,EXP002287,PGR-00014434/2026,DOCUMENTO,CIVINT/STIC,CIVINT-STIC-U06,Lucas Esboço,CIVINT-STIC-U01,Gabriela Simulada,2026-08-11T13:04:50-03:00,2026-08-17,-51,ATIVA,VENCIDA,
DES000944,EXP002288,PGR-00082961/2026,DOCUMENTO,CIVINT/STIC,CIVINT-STIC-U03,Isabela Piloto,CIVINT-STIC-U01,Gabriela Simulada,2026-10-06T06:00:35-03:00,2026-10-16,9,ATIVA,NO_PRAZO,
DES000945,EXP002289,PGR-00027627/2026,DOCUMENTO,CIVINT/STIC,CIVINT-STIC-U05,Karina Ensaio,CIVINT-STIC-U01,Gabriela Simulada,2026-09-09T05:50:49-03:00,2026-09-19,-18,ATIVA,VENCIDA,
DES000946,EXP002290,PGR-00080071/2026,DOCUMENTO,CIVINT/STIC,CIVINT-STIC-U02,Heitor Protótipo,CIVINT-STIC-U01,Gabriela Simulada,2026-09-21T16:28:41-03:00,2026-10-02,-5,ATIVA,VENCIDA,
DES000947,EXP002291,PGR-00020550/2026,DOCUMENTO,CIVINT/STIC,CIVINT-STIC-U04,João Rascunho,CIVINT-STIC-U01,Gabriela Simulada,2026-09-07T22:36:52-03:00,2026-09-13,-24,ATIVA,VENCIDA,
DES000948,EXP002293,PGR-00086025/2026,DOCUMENTO,CIVINT/STIC,CIVINT-STIC-U04,João Rascunho,CIVINT-STIC-U01,Gabriela Simulada,2026-09-28T21:24:29-03:00,2026-10-06,-1,ATIVA,VENCIDA,
DES000949,EXP002295,PGR-00066024/2026,DOCUMENTO,CIVINT/STIC,CIVINT-STIC-U03,Isabela Piloto,CIVINT-STIC-U01,Gabriela Simulada,2026-09-24T03:28:56-03:00,2026-09-28,-9,ATIVA,VENCIDA,
DES000950,EXP002296,PGR-00051976/2026,DOCUMENTO,CIVINT/STIC,CIVINT-STIC-U07,Marina Maquete,CIVINT-STIC-U01,Gabriela Simulada,2026-10-06T21:27:52-03:00,2026-10-16,9,ATIVA,NO_PRAZO,
DES000951,EXP002298,PGR-00034917/2026,DOCUMENTO,CIVINT/STIC,CIVINT-STIC-U05,Karina Ensaio,CIVINT-STIC-U01,Gabriela Simulada,2026-08-21T18:20:26-03:00,2026-08-30,-38,ATIVA,VENCIDA,
DES000952,EXP002299,PGR-00047017/2026,DOCUMENTO,CIVINT/STIC,CIVINT-STIC-U05,Karina Ensaio,CIVINT-STIC-U01,Gabriela Simulada,2026-07-06T08:10:22-03:00,2026-07-13,-86,ATIVA,VENCIDA,
DES000953,EXP002304,PGR-00048531/2026,DOCUMENTO,CIVINT/STIC,CIVINT-STIC-U02,Heitor Protótipo,CIVINT-STIC-U01,Gabriela Simulada,2026-10-03T17:02:05-03:00,2026-10-06,-1,ATIVA,VENCIDA,
DES000954,EXP002306,PGR-00088103/2026,DOCUMENTO,CIVINT/STIC,CIVINT-STIC-U03,Isabela Piloto,CIVINT-STIC-U01,Gabriela Simulada,2026-09-22T03:26:45-03:00,2026-10-02,-5,ATIVA,VENCIDA,
DES000955,EXP002308,PGR-00003370/2026,DOCUMENTO,CIVINT/STIC,CIVINT-STIC-U06,Lucas Esboço,CIVINT-STIC-U01,Gabriela Simulada,2026-10-07T16:57:14-03:00,2026-10-15,8,ATIVA,NO_PRAZO,
DES000956,EXP002309,PGR-00009821/2026,DOCUMENTO,CIVINT/STIC,CIVINT-STIC-U08,Nelson Mock,CIVINT-STIC-U01,Gabriela Simulada,2026-10-07T14:13:18-03:00,2026-10-11,4,ATIVA,NO_PRAZO,
DES000957,EXP002310,PGR-00004555/2026,DOCUMENTO,CIVINT/STIC,CIVINT-STIC-U04,João Rascunho,CIVINT-STIC-U01,Gabriela Simulada,2026-09-16T05:43:48-03:00,2026-09-25,-12,ATIVA,VENCIDA,
DES000958,EXP002311,PGR-00041160/2026,DOCUMENTO,CIVINT/STIC,CIVINT-STIC-U02,Heitor Protótipo,CIVINT-STIC-U01,Gabriela Simulada,2026-06-15T06:48:21-03:00,2026-06-29,-100,ATIVA,VENCIDA,
DES000959,EXP002313,PGR-00099246/2026,DOCUMENTO,CIVINT/STIC,CIVINT-STIC-U02,Heitor Protótipo,CIVINT-STIC-U01,Gabriela Simulada,2026-09-27T20:20:53-03:00,2026-10-05,-2,ATIVA,VENCIDA,
DES000960,EXP002314,PGR-00014260/2026,DOCUMENTO,CIVINT/STIC,CIVINT-STIC-U05,Karina Ensaio,CIVINT-STIC-U01,Gabriela Simulada,2026-10-07T17:00:00-03:00,2026-10-17,10,ATIVA,NO_PRAZO,
DES000961,EXP002316,PGR-00061982/2026,DOCUMENTO,CIVINT/STIC,CIVINT-STIC-U04,João Rascunho,CIVINT-STIC-U01,Gabriela Simulada,2026-09-10T17:28:43-03:00,2026-09-15,-22,ATIVA,VENCIDA,
DES000962,EXP002319,PGR-00036650/2026,DOCUMENTO,CIVINT/STIC,CIVINT-STIC-U05,Karina Ensaio,CIVINT-STIC-U01,Gabriela Simulada,2026-10-05T02:18:14-03:00,2026-10-08,1,ATIVA,NO_PRAZO,
DES000963,EXP002320,PGR-00002481/2026,DOCUMENTO,CIVINT/STIC,CIVINT-STIC-U07,Marina Maquete,CIVINT-STIC-U01,Gabriela Simulada,2026-09-11T23:39:56-03:00,2026-09-25,-12,ATIVA,VENCIDA,
DES000964,EXP002321,PGR-00042488/2026,DOCUMENTO,CIVINT/STIC,CIVINT-STIC-U08,Nelson Mock,CIVINT-STIC-U01,Gabriela Simulada,2026-10-06T06:18:12-03:00,2026-10-17,10,ATIVA,NO_PRAZO,
DES000965,EXP002322,PGR-00089516/2026,DOCUMENTO,CIVINT/STIC,CIVINT-STIC-U03,Isabela Piloto,CIVINT-STIC-U01,Gabriela Simulada,2026-09-26T14:09:56-03:00,2026-10-08,1,ATIVA,NO_PRAZO,
DES000966,EXP002323,PGR-00055552/2026,DOCUMENTO,CIVINT/STIC,CIVINT-STIC-U05,Karina Ensaio,CIVINT-STIC-U01,Gabriela Simulada,2026-09-14T09:10:32-03:00,2026-09-17,-20,ATIVA,VENCIDA,
DES000967,EXP002324,PGR-00090825/2026,DOCUMENTO,CIVINT/STIC,CIVINT-STIC-U07,Marina Maquete,CIVINT-STIC-U01,Gabriela Simulada,2026-06-03T15:47:49-03:00,2026-06-16,-113,ATIVA,VENCIDA,
DES000968,EXP002326,PGR-00096931/2026,DOCUMENTO,CIVINT/STIC,CIVINT-STIC-U08,Nelson Mock,CIVINT-STIC-U01,Gabriela Simulada,2026-03-28T09:57:43-03:00,2026-04-07,-183,ATIVA,VENCIDA,
DES000969,EXP002327,PGR-00025593/2026,DOCUMENTO,CIVINT/STIC,CIVINT-STIC-U07,Marina Maquete,CIVINT-STIC-U01,Gabriela Simulada,2026-09-20T03:39:43-03:00,2026-09-30,-7,ATIVA,VENCIDA,
DES000970,EXP002328,PGR-00033813/2026,DOCUMENTO,CIVINT/STIC,CIVINT-STIC-U03,Isabela Piloto,CIVINT-STIC-U01,Gabriela Simulada,2026-10-03T11:08:39-03:00,2026-10-18,11,ATIVA,NO_PRAZO,
DES000971,EXP002329,PGR-00027024/2026,DOCUMENTO,CIVINT/STIC,CIVINT-STIC-U07,Marina Maquete,CIVINT-STIC-U01,Gabriela Simulada,2026-07-20T02:26:18-03:00,2026-07-25,-74,ATIVA,VENCIDA,
DES000972,EXP002330,PGR-00046871/2026,DOCUMENTO,CIVINT/STIC,CIVINT-STIC-U02,Heitor Protótipo,CIVINT-STIC-U01,Gabriela Simulada,2026-08-12T03:13:37-03:00,2026-08-17,-51,ATIVA,VENCIDA,
DES000973,EXP002331,PGR-00087010/2026,DOCUMENTO,CIVINT/STIC,CIVINT-STIC-U05,Karina Ensaio,CIVINT-STIC-U01,Gabriela Simulada,2026-09-16T23:57:00-03:00,2026-09-29,-8,ATIVA,VENCIDA,
DES000974,EXP002332,PGR-00079274/2026,DOCUMENTO,CIVINT/STIC,CIVINT-STIC-U06,Lucas Esboço,CIVINT-STIC-U01,Gabriela Simulada,2026-10-06T00:51:20-03:00,2026-10-18,11,ATIVA,NO_PRAZO,
DES000975,EXP002333,PGR-00074671/2026,DOCUMENTO,CIVINT/STIC,CIVINT-STIC-U07,Marina Maquete,CIVINT-STIC-U01,Gabriela Simulada,2026-09-17T21:42:08-03:00,2026-09-28,-9,ATIVA,VENCIDA,
DES000976,EXP002335,PGR-00003763/2026,DOCUMENTO,CIVINT/STIC,CIVINT-STIC-U05,Karina Ensaio,CIVINT-STIC-U01,Gabriela Simulada,2026-09-17T14:33:39-03:00,2026-09-23,-14,ATIVA,VENCIDA,
DES000977,EXP002336,PGR-00035404/2026,DOCUMENTO,CIVINT/STIC,CIVINT-STIC-U02,Heitor Protótipo,CIVINT-STIC-U01,Gabriela Simulada,2026-10-01T09:56:11-03:00,2026-10-09,2,ATIVA,NO_PRAZO,
DES000978,EXP002337,PGR-00024619/2026,DOCUMENTO,CIVINT/STIC,CIVINT-STIC-U05,Karina Ensaio,CIVINT-STIC-U01,Gabriela Simulada,2026-07-26T00:56:33-03:00,2026-08-07,-61,ATIVA,VENCIDA,
DES000979,EXP002339,PGR-00071944/2026,DOCUMENTO,CIVINT/STIC,CIVINT-STIC-U05,Karina Ensaio,CIVINT-STIC-U01,Gabriela Simulada,2026-09-22T17:47:15-03:00,2026-09-29,-8,ATIVA,VENCIDA,
DES000980,EXP002340,PGR-00059446/2026,DOCUMENTO,CIVINT/STIC,CIVINT-STIC-U05,Karina Ensaio,CIVINT-STIC-U01,Gabriela Simulada,2026-09-17T17:13:31-03:00,2026-09-23,-14,ATIVA,VENCIDA,
DES000981,EXP002341,PGR-00015826/2026,DOCUMENTO,CIVINT/STIC,CIVINT-STIC-U07,Marina Maquete,CIVINT-STIC-U01,Gabriela Simulada,2026-08-05T20:37:55-03:00,2026-08-16,-52,ATIVA,VENCIDA,
DES000982,EXP002342,PGR-00064709/2026,DOCUMENTO,CIVINT/STIC,CIVINT-STIC-U06,Lucas Esboço,CIVINT-STIC-U01,Gabriela Simulada,2026-09-26T09:54:32-03:00,2026-10-02,-5,ATIVA,VENCIDA,
DES000983,EXP002343,PGR-00039178/2026,DOCUMENTO,CIVINT/STIC,CIVINT-STIC-U07,Marina Maquete,CIVINT-STIC-U01,Gabriela Simulada,2026-09-22T15:58:48-03:00,2026-09-28,-9,ATIVA,VENCIDA,
DES000984,EXP002344,PGR-00077495/2026,DOCUMENTO,CIVINT/STIC,CIVINT-STIC-U03,Isabela Piloto,CIVINT-STIC-U01,Gabriela Simulada,2026-08-17T03:54:29-03:00,2026-08-20,-48,ATIVA,VENCIDA,
DES000985,EXP002345,PGR-00001593/2026,DOCUMENTO,CIVINT/STIC,CIVINT-STIC-U07,Marina Maquete,CIVINT-STIC-U01,Gabriela Simulada,2026-09-04T17:33:56-03:00,2026-09-10,-27,ATIVA,VENCIDA,
DES000986,EXP002346,PGR-00018063/2026,DOCUMENTO,CIVINT/STIC,CIVINT-STIC-U06,Lucas Esboço,CIVINT-STIC-U01,Gabriela Simulada,2026-09-02T06:24:31-03:00,2026-09-06,-31,ATIVA,VENCIDA,
DES000987,EXP002348,PGR-00061977/2026,DOCUMENTO,CIVINT/STIC,CIVINT-STIC-U08,Nelson Mock,CIVINT-STIC-U01,Gabriela Simulada,2026-09-23T09:30:17-03:00,2026-10-04,-3,ATIVA,VENCIDA,
DES000988,EXP002349,PGR-00065744/2026,DOCUMENTO,CIVINT/STIC,CIVINT-STIC-U03,Isabela Piloto,CIVINT-STIC-U01,Gabriela Simulada,2026-09-17T07:40:33-03:00,2026-09-23,-14,ATIVA,VENCIDA,
DES000989,EXP002350,PGR-00012670/2026,DOCUMENTO,CIVINT/STIC,CIVINT-STIC-U05,Karina Ensaio,CIVINT-STIC-U01,Gabriela Simulada,2026-09-19T23:09:44-03:00,2026-09-30,-7,ATIVA,VENCIDA,
DES000990,EXP002351,PGR-00047767/2026,DOCUMENTO,CIVINT/STIC,CIVINT-STIC-U03,Isabela Piloto,CIVINT-STIC-U01,Gabriela Simulada,2026-08-18T18:57:12-03:00,2026-08-31,-37,ATIVA,VENCIDA,
DES000991,EXP002352,PGR-00046781/2026,DOCUMENTO,CIVINT/STIC,CIVINT-STIC-U03,Isabela Piloto,CIVINT-STIC-U01,Gabriela Simulada,2026-09-25T03:41:36-03:00,2026-10-03,-4,ATIVA,VENCIDA,
DES000992,EXP002353,PGR-00023805/2026,DOCUMENTO,CIVINT/STIC,CIVINT-STIC-U02,Heitor Protótipo,CIVINT-STIC-U01,Gabriela Simulada,2026-10-01T18:09:31-03:00,2026-10-16,9,ATIVA,NO_PRAZO,
DES000993,EXP002354,PGR-00097918/2026,DOCUMENTO,CIVINT/STIC,CIVINT-STIC-U08,Nelson Mock,CIVINT-STIC-U01,Gabriela Simulada,2026-10-06T22:10:25-03:00,2026-10-12,5,ATIVA,NO_PRAZO,
DES000994,EXP002355,PGR-00022447/2026,DOCUMENTO,CIVINT/STIC,CIVINT-STIC-U02,Heitor Protótipo,CIVINT-STIC-U01,Gabriela Simulada,2026-09-20T04:09:08-03:00,2026-09-27,-10,ATIVA,VENCIDA,
DES000995,EXP002357,PGR-00064739/2026,DOCUMENTO,CIVINT/STIC,CIVINT-STIC-U05,Karina Ensaio,CIVINT-STIC-U01,Gabriela Simulada,2026-08-31T02:48:50-03:00,2026-09-03,-34,ATIVA,VENCIDA,
DES000996,EXP002358,PGR-00004261/2026,DOCUMENTO,CIVINT/STIC,CIVINT-STIC-U03,Isabela Piloto,CIVINT-STIC-U01,Gabriela Simulada,2026-08-23T23:54:25-03:00,2026-09-03,-34,ATIVA,VENCIDA,
DES000997,EXP002359,PGR-00048893/2026,DOCUMENTO,CIVINT/STIC,CIVINT-STIC-U07,Marina Maquete,CIVINT-STIC-U01,Gabriela Simulada,2026-10-07T17:00:00-03:00,2026-10-19,12,ATIVA,NO_PRAZO,
DES000998,EXP002361,PGR-00026433/2026,DOCUMENTO,CIVINT/STIC,CIVINT-STIC-U06,Lucas Esboço,CIVINT-STIC-U01,Gabriela Simulada,2026-10-06T15:02:35-03:00,2026-10-09,2,ATIVA,NO_PRAZO,
DES000999,EXP002363,PGR-00026989/2026,DOCUMENTO,CIVINT/STIC,CIVINT-STIC-U03,Isabela Piloto,CIVINT-STIC-U01,Gabriela Simulada,2026-09-18T06:20:32-03:00,2026-09-23,-14,ATIVA,VENCIDA,
DES001000,EXP002364,PGR-00051591/2026,DOCUMENTO,CIVINT/STIC,CIVINT-STIC-U03,Isabela Piloto,CIVINT-STIC-U01,Gabriela Simulada,2026-09-16T11:10:51-03:00,2026-09-26,-11,ATIVA,VENCIDA,
DES001001,EXP002365,PGR-00072480/2026,DOCUMENTO,CIVINT/STIC,CIVINT-STIC-U02,Heitor Protótipo,CIVINT-STIC-U01,Gabriela Simulada,2026-09-14T03:41:13-03:00,2026-09-24,-13,ATIVA,VENCIDA,
DES001002,EXP002366,PGR-00020113/2026,DOCUMENTO,CIVINT/STIC,CIVINT-STIC-U06,Lucas Esboço,CIVINT-STIC-U01,Gabriela Simulada,2026-10-02T15:48:29-03:00,2026-10-07,0,ATIVA,NO_PRAZO,
DES001003,EXP002368,PGR-00022525/2026,DOCUMENTO,CIVINT/STIC,CIVINT-STIC-U02,Heitor Protótipo,CIVINT-STIC-U01,Gabriela Simulada,2026-10-07T14:50:55-03:00,2026-10-15,8,ATIVA,NO_PRAZO,
DES001004,EXP002369,PGR-00077170/2026,DOCUMENTO,CIVINT/STIC,CIVINT-STIC-U03,Isabela Piloto,CIVINT-STIC-U01,Gabriela Simulada,2026-10-07T17:00:00-03:00,2026-10-21,14,ATIVA,NO_PRAZO,
DES001005,EXP002371,PGR-00073835/2026,DOCUMENTO,CIVINT/STIC,CIVINT-STIC-U02,Heitor Protótipo,CIVINT-STIC-U01,Gabriela Simulada,2026-10-06T16:05:09-03:00,2026-10-21,14,ATIVA,NO_PRAZO,
DES001006,EXP002372,PGR-00011430/2026,DOCUMENTO,CIVINT/STIC,CIVINT-STIC-U07,Marina Maquete,CIVINT-STIC-U01,Gabriela Simulada,2026-09-01T00:46:03-03:00,2026-09-10,-27,ATIVA,VENCIDA,
DES001007,EXP002373,PGR-00089428/2026,DOCUMENTO,CIVINT/STIC,CIVINT-STIC-U05,Karina Ensaio,CIVINT-STIC-U01,Gabriela Simulada,2026-10-05T11:58:04-03:00,2026-10-20,13,ATIVA,NO_PRAZO,
DES001008,EXP002374,PGR-00026858/2026,DOCUMENTO,CIVINT/STIC,CIVINT-STIC-U02,Heitor Protótipo,CIVINT-STIC-U01,Gabriela Simulada,2026-09-07T21:40:39-03:00,2026-09-19,-18,ATIVA,VENCIDA,
DES001009,EXP002375,PGR-00012223/2026,DOCUMENTO,CIVINT/STIC,CIVINT-STIC-U06,Lucas Esboço,CIVINT-STIC-U01,Gabriela Simulada,2026-10-07T17:00:00-03:00,2026-10-11,4,ATIVA,NO_PRAZO,
DES001010,EXP002376,PGR-00004277/2026,DOCUMENTO,CIVINT/STIC,CIVINT-STIC-U04,João Rascunho,CIVINT-STIC-U01,Gabriela Simulada,2026-10-07T13:03:22-03:00,2026-10-16,9,ATIVA,NO_PRAZO,
DES001011,EXP002377,PGR-00066967/2026,DOCUMENTO,CIVINT/STIC,CIVINT-STIC-U07,Marina Maquete,CIVINT-STIC-U01,Gabriela Simulada,2026-08-16T08:01:35-03:00,2026-08-27,-41,ATIVA,VENCIDA,
DES001012,EXP002378,PGR-00023619/2026,DOCUMENTO,CIVINT/STIC,CIVINT-STIC-U08,Nelson Mock,CIVINT-STIC-U01,Gabriela Simulada,2026-08-23T16:29:05-03:00,2026-08-28,-40,ATIVA,VENCIDA,
DES001013,EXP002379,PGR-00079988/2026,DOCUMENTO,CIVINT/STIC,CIVINT-STIC-U06,Lucas Esboço,CIVINT-STIC-U01,Gabriela Simulada,2026-09-30T21:56:58-03:00,2026-10-03,-4,ATIVA,VENCIDA,
DES001014,EXP002380,PGR-00022666/2026,DOCUMENTO,CIVINT/STIC,CIVINT-STIC-U08,Nelson Mock,CIVINT-STIC-U01,Gabriela Simulada,2026-09-10T20:12:28-03:00,2026-09-14,-23,ATIVA,VENCIDA,
DES001015,EXP002382,PGR-00005130/2026,DOCUMENTO,CIVINT/STIC,CIVINT-STIC-U05,Karina Ensaio,CIVINT-STIC-U01,Gabriela Simulada,2026-09-20T18:18:01-03:00,2026-09-26,-11,ATIVA,VENCIDA,
DES001016,EXP002383,PGR-00093810/2026,DOCUMENTO,CIVINT/STIC,CIVINT-STIC-U05,Karina Ensaio,CIVINT-STIC-U01,Gabriela Simulada,2026-10-06T17:57:07-03:00,2026-10-20,13,ATIVA,NO_PRAZO,
DES001017,EXP002384,PGR-00064551/2026,DOCUMENTO,CIVINT/STIC,CIVINT-STIC-U03,Isabela Piloto,CIVINT-STIC-U01,Gabriela Simulada,2026-08-18T15:13:59-03:00,2026-08-30,-38,ATIVA,VENCIDA,
DES001018,EXP002385,PGR-00048239/2026,DOCUMENTO,CIVINT/STIC,CIVINT-STIC-U04,João Rascunho,CIVINT-STIC-U01,Gabriela Simulada,2026-09-15T22:41:28-03:00,2026-09-29,-8,ATIVA,VENCIDA,
DES001019,EXP002386,PGR-00033117/2026,DOCUMENTO,CIVINT/STIC,CIVINT-STIC-U05,Karina Ensaio,CIVINT-STIC-U01,Gabriela Simulada,2026-07-09T00:10:49-03:00,2026-07-18,-81,ATIVA,VENCIDA,
DES001020,EXP002387,PGR-00013822/2026,DOCUMENTO,CIVINT/STIC,CIVINT-STIC-U08,Nelson Mock,CIVINT-STIC-U01,Gabriela Simulada,2026-09-25T14:13:15-03:00,2026-10-10,3,ATIVA,NO_PRAZO,
DES001021,EXP002388,PGR-00091546/2026,DOCUMENTO,CIVINT/STIC,CIVINT-STIC-U04,João Rascunho,CIVINT-STIC-U01,Gabriela Simulada,2026-08-11T02:43:25-03:00,2026-08-24,-44,ATIVA,VENCIDA,
DES001022,EXP002389,PGR-00080453/2026,DOCUMENTO,CIVINT/STIC,CIVINT-STIC-U08,Nelson Mock,CIVINT-STIC-U01,Gabriela Simulada,2026-08-26T12:18:31-03:00,2026-08-31,-37,ATIVA,VENCIDA,
DES001023,EXP002392,PGR-00091462/2026,DOCUMENTO,CIVINT/STIC,CIVINT-STIC-U04,João Rascunho,CIVINT-STIC-U01,Gabriela Simulada,2026-09-06T07:03:54-03:00,2026-09-15,-22,ATIVA,VENCIDA,
DES001024,EXP002393,PGR-00013269/2026,DOCUMENTO,CIVINT/STIC,CIVINT-STIC-U03,Isabela Piloto,CIVINT-STIC-U01,Gabriela Simulada,2026-08-06T03:23:28-03:00,2026-08-20,-48,ATIVA,VENCIDA,
DES001025,EXP002394,PGR-00098190/2026,DOCUMENTO,CIVINT/STIC,CIVINT-STIC-U03,Isabela Piloto,CIVINT-STIC-U01,Gabriela Simulada,2026-09-10T01:08:53-03:00,2026-09-21,-16,ATIVA,VENCIDA,
DES001026,EXP002395,PGR-00061708/2026,DOCUMENTO,CIVINT/STIC,CIVINT-STIC-U08,Nelson Mock,CIVINT-STIC-U01,Gabriela Simulada,2026-08-29T23:10:13-03:00,2026-09-02,-35,ATIVA,VENCIDA,
DES001027,EXP002396,PGR-00090840/2026,DOCUMENTO,CIVINT/STIC,CIVINT-STIC-U03,Isabela Piloto,CIVINT-STIC-U01,Gabriela Simulada,2026-10-05T18:30:09-03:00,2026-10-10,3,ATIVA,NO_PRAZO,
DES001028,EXP002398,PGR-00076429/2026,DOCUMENTO,CIVINT/STIC,CIVINT-STIC-U04,João Rascunho,CIVINT-STIC-U01,Gabriela Simulada,2026-09-09T03:12:41-03:00,2026-09-18,-19,ATIVA,VENCIDA,
DES001029,EXP002399,PGR-00098632/2026,DOCUMENTO,CIVINT/STIC,CIVINT-STIC-U05,Karina Ensaio,CIVINT-STIC-U01,Gabriela Simulada,2026-10-07T15:39:12-03:00,2026-10-21,14,ATIVA,NO_PRAZO,
DES001030,EXP002403,PGR-00026624/2026,DOCUMENTO,CIVINT/STIC,CIVINT-STIC-U08,Nelson Mock,CIVINT-STIC-U01,Gabriela Simulada,2026-09-26T19:59:29-03:00,2026-10-01,-6,ATIVA,VENCIDA,
DES001031,EXP002404,PGR-00082593/2026,DOCUMENTO,CIVINT/STIC,CIVINT-STIC-U07,Marina Maquete,CIVINT-STIC-U01,Gabriela Simulada,2026-09-17T12:54:18-03:00,2026-09-21,-16,ATIVA,VENCIDA,
DES001032,EXP002405,PGR-00031241/2026,DOCUMENTO,CIVINT/STIC,CIVINT-STIC-U05,Karina Ensaio,CIVINT-STIC-U01,Gabriela Simulada,2026-09-21T07:05:33-03:00,2026-10-02,-5,ATIVA,VENCIDA,
DES001033,EXP002408,PGR-00018497/2026,DOCUMENTO,CIVINT/STIC,CIVINT-STIC-U08,Nelson Mock,CIVINT-STIC-U01,Gabriela Simulada,2026-09-10T17:41:14-03:00,2026-09-23,-14,ATIVA,VENCIDA,
DES001034,EXP002411,PGR-00088354/2026,DOCUMENTO,CIVINT/STIC,CIVINT-STIC-U06,Lucas Esboço,CIVINT-STIC-U01,Gabriela Simulada,2026-07-20T11:17:59-03:00,2026-07-29,-70,ATIVA,VENCIDA,
DES001035,EXP002413,PGR-00043919/2026,DOCUMENTO,CIVINT/STIC,CIVINT-STIC-U07,Marina Maquete,CIVINT-STIC-U01,Gabriela Simulada,2026-09-29T07:50:01-03:00,2026-10-12,5,ATIVA,NO_PRAZO,
DES001036,EXP002414,PGR-00065261/2026,DOCUMENTO,CIVINT/STIC,CIVINT-STIC-U04,João Rascunho,CIVINT-STIC-U01,Gabriela Simulada,2026-10-07T00:26:29-03:00,2026-10-14,7,ATIVA,NO_PRAZO,
DES001037,EXP002415,PGR-00018974/2026,DOCUMENTO,CIVINT/STIC,CIVINT-STIC-U02,Heitor Protótipo,CIVINT-STIC-U01,Gabriela Simulada,2026-10-02T21:34:15-03:00,2026-10-15,8,ATIVA,NO_PRAZO,
DES001038,EXP002416,PGR-00083022/2026,DOCUMENTO,CIVINT/STIC,CIVINT-STIC-U07,Marina Maquete,CIVINT-STIC-U01,Gabriela Simulada,2026-09-09T23:03:22-03:00,2026-09-16,-21,ATIVA,VENCIDA,
DES001039,EXP002420,PGR-00010351/2026,DOCUMENTO,CIVINT/STIC,CIVINT-STIC-U07,Marina Maquete,CIVINT-STIC-U01,Gabriela Simulada,2026-10-04T21:26:58-03:00,2026-10-17,10,ATIVA,NO_PRAZO,
DES001040,EXP002421,PGR-00098806/2026,DOCUMENTO,CIVINT/STIC,CIVINT-STIC-U05,Karina Ensaio,CIVINT-STIC-U01,Gabriela Simulada,2026-09-30T18:21:36-03:00,2026-10-10,3,ATIVA,NO_PRAZO,
DES001041,EXP002423,PGR-00033377/2026,DOCUMENTO,CIVINT/STIC,CIVINT-STIC-U08,Nelson Mock,CIVINT-STIC-U01,Gabriela Simulada,2026-10-01T11:29:53-03:00,2026-10-15,8,ATIVA,NO_PRAZO,
DES001042,EXP002425,PGR-00013788/2026,DOCUMENTO,CIVINT/STIC,CIVINT-STIC-U03,Isabela Piloto,CIVINT-STIC-U01,Gabriela Simulada,2026-08-16T14:31:16-03:00,2026-08-31,-37,ATIVA,VENCIDA,
DES001043,EXP002426,PGR-00013881/2026,DOCUMENTO,CIVINT/STIC,CIVINT-STIC-U02,Heitor Protótipo,CIVINT-STIC-U01,Gabriela Simulada,2026-08-04T19:47:29-03:00,2026-08-15,-53,ATIVA,VENCIDA,
DES001044,EXP002427,PGR-00077470/2026,DOCUMENTO,CIVINT/STIC,CIVINT-STIC-U02,Heitor Protótipo,CIVINT-STIC-U01,Gabriela Simulada,2026-07-15T20:14:44-03:00,2026-07-30,-69,ATIVA,VENCIDA,
DES001045,EXP002430,PGR-00098543/2026,DOCUMENTO,CIVINT/STIC,CIVINT-STIC-U02,Heitor Protótipo,CIVINT-STIC-U01,Gabriela Simulada,2026-10-06T15:26:30-03:00,2026-10-10,3,ATIVA,NO_PRAZO,
DES001046,EXP002431,PGR-00071157/2026,DOCUMENTO,CIVINT/STIC,CIVINT-STIC-U08,Nelson Mock,CIVINT-STIC-U01,Gabriela Simulada,2026-10-01T20:11:08-03:00,2026-10-05,-2,ATIVA,VENCIDA,
DES001047,EXP002433,PGR-00040059/2026,DOCUMENTO,CIVINT/STIC,CIVINT-STIC-U04,João Rascunho,CIVINT-STIC-U01,Gabriela Simulada,2026-10-05T03:22:30-03:00,2026-10-12,5,ATIVA,NO_PRAZO,
DES001048,EXP002435,PGR-00075037/2026,DOCUMENTO,CIVINT/STIC,CIVINT-STIC-U07,Marina Maquete,CIVINT-STIC-U01,Gabriela Simulada,2026-09-07T04:02:03-03:00,2026-09-22,-15,ATIVA,VENCIDA,
DES001049,EXP002437,PGR-00042758/2026,DOCUMENTO,CIVINT/STIC,CIVINT-STIC-U02,Heitor Protótipo,CIVINT-STIC-U01,Gabriela Simulada,2026-10-02T14:37:26-03:00,2026-10-07,0,ATIVA,NO_PRAZO,
DES001050,EXP002439,PGR-00068087/2026,DOCUMENTO,CIVINT/STIC,CIVINT-STIC-U05,Karina Ensaio,CIVINT-STIC-U01,Gabriela Simulada,2026-09-04T07:44:59-03:00,2026-09-14,-23,ATIVA,VENCIDA,
DES001051,EXP002442,PGR-00079831/2026,DOCUMENTO,CIVINT/STIC,CIVINT-STIC-U08,Nelson Mock,CIVINT-STIC-U01,Gabriela Simulada,2026-09-18T18:00:11-03:00,2026-09-28,-9,ATIVA,VENCIDA,
DES001052,EXP002443,PGR-00014753/2026,DOCUMENTO,CIVINT/STIC,CIVINT-STIC-U03,Isabela Piloto,CIVINT-STIC-U01,Gabriela Simulada,2026-09-21T21:06:19-03:00,2026-09-27,-10,ATIVA,VENCIDA,
DES001053,EXP002444,PGR-00010599/2026,DOCUMENTO,CIVINT/STIC,CIVINT-STIC-U05,Karina Ensaio,CIVINT-STIC-U01,Gabriela Simulada,2026-06-20T21:46:33-03:00,2026-06-27,-102,ATIVA,VENCIDA,
DES001054,EXP002445,PGR-00083581/2026,DOCUMENTO,CIVINT/STIC,CIVINT-STIC-U08,Nelson Mock,CIVINT-STIC-U01,Gabriela Simulada,2026-10-07T16:38:27-03:00,2026-10-20,13,ATIVA,NO_PRAZO,
DES001055,EXP002446,PGR-00026831/2026,DOCUMENTO,CIVINT/STIC,CIVINT-STIC-U04,João Rascunho,CIVINT-STIC-U01,Gabriela Simulada,2026-09-12T11:37:26-03:00,2026-09-20,-17,ATIVA,VENCIDA,
DES001056,EXP002447,PGR-00059683/2026,DOCUMENTO,CIVINT/STIC,CIVINT-STIC-U07,Marina Maquete,CIVINT-STIC-U01,Gabriela Simulada,2026-09-06T12:46:58-03:00,2026-09-09,-28,ATIVA,VENCIDA,
DES001057,EXP002449,PGR-00051556/2026,DOCUMENTO,CIVINT/STIC,CIVINT-STIC-U07,Marina Maquete,CIVINT-STIC-U01,Gabriela Simulada,2026-07-03T04:07:33-03:00,2026-07-18,-81,ATIVA,VENCIDA,
DES001058,EXP002451,PGR-00042526/2026,DOCUMENTO,CIVINT/STIC,CIVINT-STIC-U03,Isabela Piloto,CIVINT-STIC-U01,Gabriela Simulada,2026-09-23T14:31:39-03:00,2026-09-29,-8,ATIVA,VENCIDA,
DES001059,EXP002452,PGR-00044239/2026,DOCUMENTO,CIVINT/STIC,CIVINT-STIC-U02,Heitor Protótipo,CIVINT-STIC-U01,Gabriela Simulada,2026-10-05T18:21:48-03:00,2026-10-19,12,ATIVA,NO_PRAZO,
DES001060,EXP002453,PGR-00066064/2026,DOCUMENTO,CIVINT/STIC,CIVINT-STIC-U07,Marina Maquete,CIVINT-STIC-U01,Gabriela Simulada,2026-09-24T23:43:25-03:00,2026-10-03,-4,ATIVA,VENCIDA,
DES001061,EXP002454,PGR-00007173/2026,DOCUMENTO,CIVINT/STIC,CIVINT-STIC-U04,João Rascunho,CIVINT-STIC-U01,Gabriela Simulada,2026-10-01T14:15:21-03:00,2026-10-15,8,ATIVA,NO_PRAZO,
DES001062,EXP002455,PGR-00054673/2026,DOCUMENTO,CIVINT/STIC,CIVINT-STIC-U05,Karina Ensaio,CIVINT-STIC-U01,Gabriela Simulada,2026-09-20T16:49:44-03:00,2026-10-02,-5,ATIVA,VENCIDA,
DES001063,EXP002456,PGR-00055988/2026,DOCUMENTO,CIVINT/STIC,CIVINT-STIC-U06,Lucas Esboço,CIVINT-STIC-U01,Gabriela Simulada,2026-09-21T18:47:42-03:00,2026-10-02,-5,ATIVA,VENCIDA,
DES001064,EXP002457,PGR-00037045/2026,DOCUMENTO,CIVINT/STIC,CIVINT-STIC-U02,Heitor Protótipo,CIVINT-STIC-U01,Gabriela Simulada,2026-09-15T09:35:38-03:00,2026-09-24,-13,ATIVA,VENCIDA,
DES001065,EXP002461,PGR-00034474/2026,DOCUMENTO,CIVINT/STIC,CIVINT-STIC-U03,Isabela Piloto,CIVINT-STIC-U01,Gabriela Simulada,2026-09-29T04:57:01-03:00,2026-10-10,3,ATIVA,NO_PRAZO,
DES001066,EXP002462,PGR-00067275/2026,DOCUMENTO,CIVINT/STIC,CIVINT-STIC-U04,João Rascunho,CIVINT-STIC-U01,Gabriela Simulada,2026-09-30T15:15:57-03:00,2026-10-09,2,ATIVA,NO_PRAZO,
DES001067,EXP002463,PGR-00061005/2026,DOCUMENTO,CIVINT/STIC,CIVINT-STIC-U04,João Rascunho,CIVINT-STIC-U01,Gabriela Simulada,2026-07-18T10:24:35-03:00,2026-07-23,-76,ATIVA,VENCIDA,
DES001068,EXP002468,PGR-00031589/2026,DOCUMENTO,CIVINT/STIC,CIVINT-STIC-U06,Lucas Esboço,CIVINT-STIC-U01,Gabriela Simulada,2026-08-15T23:09:52-03:00,2026-08-25,-43,ATIVA,VENCIDA,
DES001069,EXP002469,PGR-00072208/2026,DOCUMENTO,CIVINT/STIC,CIVINT-STIC-U06,Lucas Esboço,CIVINT-STIC-U01,Gabriela Simulada,2026-10-03T14:29:29-03:00,2026-10-06,-1,ATIVA,VENCIDA,
DES001070,EXP002470,PGR-00096353/2026,DOCUMENTO,CIVINT/STIC,CIVINT-STIC-U07,Marina Maquete,CIVINT-STIC-U01,Gabriela Simulada,2026-09-19T23:50:21-03:00,2026-10-02,-5,ATIVA,VENCIDA,
DES001071,EXP002471,PGR-00070913/2026,DOCUMENTO,CIVINT/STIC,CIVINT-STIC-U03,Isabela Piloto,CIVINT-STIC-U01,Gabriela Simulada,2026-09-25T19:03:36-03:00,2026-09-28,-9,ATIVA,VENCIDA,
DES001072,EXP002472,PGR-00045722/2026,DOCUMENTO,CIVINT/STIC,CIVINT-STIC-U07,Marina Maquete,CIVINT-STIC-U01,Gabriela Simulada,2026-09-11T07:33:11-03:00,2026-09-17,-20,ATIVA,VENCIDA,
DES001073,EXP002473,PGR-00039077/2026,DOCUMENTO,CIVINT/STIC,CIVINT-STIC-U02,Heitor Protótipo,CIVINT-STIC-U01,Gabriela Simulada,2026-09-05T23:38:45-03:00,2026-09-09,-28,ATIVA,VENCIDA,
DES001074,EXP002474,PGR-00098702/2026,DOCUMENTO,CIVINT/STIC,CIVINT-STIC-U04,João Rascunho,CIVINT-STIC-U01,Gabriela Simulada,2026-08-30T23:58:34-03:00,2026-09-11,-26,ATIVA,VENCIDA,
DES001075,EXP002476,PGR-00073620/2026,DOCUMENTO,CIVINT/STIC,CIVINT-STIC-U04,João Rascunho,CIVINT-STIC-U01,Gabriela Simulada,2026-09-01T10:59:13-03:00,2026-09-12,-25,ATIVA,VENCIDA,
DES001076,EXP002477,PGR-00027934/2026,DOCUMENTO,CIVINT/STIC,CIVINT-STIC-U08,Nelson Mock,CIVINT-STIC-U01,Gabriela Simulada,2026-06-06T17:02:11-03:00,2026-06-13,-116,ATIVA,VENCIDA,
DES001077,EXP002478,PGR-00077624/2026,DOCUMENTO,CIVINT/STIC,CIVINT-STIC-U03,Isabela Piloto,CIVINT-STIC-U01,Gabriela Simulada,2026-09-29T07:37:10-03:00,2026-10-10,3,ATIVA,NO_PRAZO,
DES001078,EXP002479,PGR-00086650/2026,DOCUMENTO,CIVINT/STIC,CIVINT-STIC-U04,João Rascunho,CIVINT-STIC-U01,Gabriela Simulada,2026-09-17T10:28:52-03:00,2026-09-23,-14,ATIVA,VENCIDA,
DES001079,EXP002480,PGR-00092536/2026,DOCUMENTO,CIVINT/STIC,CIVINT-STIC-U07,Marina Maquete,CIVINT-STIC-U01,Gabriela Simulada,2026-09-17T06:43:54-03:00,2026-09-23,-14,ATIVA,VENCIDA,
DES001080,EXP002481,PGR-00033694/2026,DOCUMENTO,CIVINT/STIC,CIVINT-STIC-U08,Nelson Mock,CIVINT-STIC-U01,Gabriela Simulada,2026-07-31T14:54:54-03:00,2026-08-08,-60,ATIVA,VENCIDA,
DES001081,EXP002485,PGR-00096958/2026,DOCUMENTO,CIVINT/STIC,CIVINT-STIC-U07,Marina Maquete,CIVINT-STIC-U01,Gabriela Simulada,2026-09-11T09:39:14-03:00,2026-09-19,-18,ATIVA,VENCIDA,
DES001082,EXP002487,PGR-00053336/2026,DOCUMENTO,CIVINT/STIC,CIVINT-STIC-U05,Karina Ensaio,CIVINT-STIC-U01,Gabriela Simulada,2026-08-14T12:47:05-03:00,2026-08-22,-46,ATIVA,VENCIDA,
DES001083,EXP002489,PGR-00050287/2026,DOCUMENTO,CIVINT/STIC,CIVINT-STIC-U05,Karina Ensaio,CIVINT-STIC-U01,Gabriela Simulada,2026-09-26T19:32:05-03:00,2026-10-05,-2,ATIVA,VENCIDA,
DES001084,EXP002490,PGR-00039156/2026,DOCUMENTO,CIVINT/STIC,CIVINT-STIC-U06,Lucas Esboço,CIVINT-STIC-U01,Gabriela Simulada,2026-09-10T07:23:36-03:00,2026-09-15,-22,ATIVA,VENCIDA,
DES001085,EXP002491,PGR-00099303/2026,DOCUMENTO,CIVINT/STIC,CIVINT-STIC-U08,Nelson Mock,CIVINT-STIC-U01,Gabriela Simulada,2026-09-27T01:23:10-03:00,2026-10-08,1,ATIVA,NO_PRAZO,
DES001086,EXP002492,PGR-00034038/2026,DOCUMENTO,CIVINT/STIC,CIVINT-STIC-U08,Nelson Mock,CIVINT-STIC-U01,Gabriela Simulada,2026-09-29T18:08:28-03:00,2026-10-02,-5,ATIVA,VENCIDA,
DES001087,EXP002494,PGR-00084953/2026,DOCUMENTO,CIVINT/STIC,CIVINT-STIC-U03,Isabela Piloto,CIVINT-STIC-U01,Gabriela Simulada,2026-08-25T06:54:41-03:00,2026-09-05,-32,ATIVA,VENCIDA,
DES001088,EXP002496,PGR-00041643/2026,DOCUMENTO,CIVINT/STIC,CIVINT-STIC-U07,Marina Maquete,CIVINT-STIC-U01,Gabriela Simulada,2026-09-22T17:33:13-03:00,2026-10-04,-3,ATIVA,VENCIDA,
DES001089,EXP002497,PGR-00051272/2026,DOCUMENTO,CIVINT/STIC,CIVINT-STIC-U06,Lucas Esboço,CIVINT-STIC-U01,Gabriela Simulada,2026-10-07T13:36:02-03:00,2026-10-13,6,ATIVA,NO_PRAZO,
DES001090,EXP002498,PGR-00097360/2026,DOCUMENTO,CIVINT/STIC,CIVINT-STIC-U02,Heitor Protótipo,CIVINT-STIC-U01,Gabriela Simulada,2026-08-13T04:19:57-03:00,2026-08-18,-50,ATIVA,VENCIDA,
DES001091,EXP002499,PGR-00052956/2026,DOCUMENTO,CIVINT/STIC,CIVINT-STIC-U08,Nelson Mock,CIVINT-STIC-U01,Gabriela Simulada,2026-09-23T20:58:41-03:00,2026-10-07,0,ATIVA,NO_PRAZO,
DES001092,EXP002501,PGR-00067220/2026,DOCUMENTO,CIVINT/STIC,CIVINT-STIC-U02,Heitor Protótipo,CIVINT-STIC-U01,Gabriela Simulada,2026-08-28T04:20:02-03:00,2026-09-01,-36,ATIVA,VENCIDA,
DES001093,EXP002503,PGR-00036422/2026,DOCUMENTO,CIVINT/STIC,CIVINT-STIC-U03,Isabela Piloto,CIVINT-STIC-U01,Gabriela Simulada,2026-09-16T15:05:58-03:00,2026-09-21,-16,ATIVA,VENCIDA,
DES001094,EXP002511,PGR-00023088/2026,DOCUMENTO,CIVINT/STIC,CIVINT-STIC-U03,Isabela Piloto,CIVINT-STIC-U01,Gabriela Simulada,2026-09-22T03:40:26-03:00,2026-10-02,-5,ATIVA,VENCIDA,
DES001095,EXP002514,PGR-00092471/2026,DOCUMENTO,CIVINT/STIC,CIVINT-STIC-U06,Lucas Esboço,CIVINT-STIC-U01,Gabriela Simulada,2026-08-15T20:23:37-03:00,2026-08-20,-48,ATIVA,VENCIDA,
DES001096,EXP002515,PGR-00092763/2026,DOCUMENTO,CIVINT/STIC,CIVINT-STIC-U03,Isabela Piloto,CIVINT-STIC-U01,Gabriela Simulada,2026-09-20T20:12:13-03:00,2026-10-01,-6,ATIVA,VENCIDA,
DES001097,EXP002518,PGR-00064916/2026,DOCUMENTO,CIVINT/STIC,CIVINT-STIC-U06,Lucas Esboço,CIVINT-STIC-U01,Gabriela Simulada,2026-09-01T01:10:53-03:00,2026-09-08,-29,ATIVA,VENCIDA,
DES001098,EXP002520,PGR-00090204/2026,DOCUMENTO,CIVINT/STIC,CIVINT-STIC-U08,Nelson Mock,CIVINT-STIC-U01,Gabriela Simulada,2026-09-29T18:31:26-03:00,2026-10-02,-5,ATIVA,VENCIDA,
DES001099,EXP002522,PGR-00002743/2026,DOCUMENTO,CIVINT/STIC,CIVINT-STIC-U06,Lucas Esboço,CIVINT-STIC-U01,Gabriela Simulada,2026-09-22T23:07:32-03:00,2026-10-04,-3,ATIVA,VENCIDA,
DES001100,EXP002523,PGR-00066466/2026,DOCUMENTO,CIVINT/STIC,CIVINT-STIC-U06,Lucas Esboço,CIVINT-STIC-U01,Gabriela Simulada,2026-10-06T13:06:57-03:00,2026-10-12,5,ATIVA,NO_PRAZO,
DES001101,EXP002524,PGR-00025787/2026,DOCUMENTO,CIVINT/STIC,CIVINT-STIC-U02,Heitor Protótipo,CIVINT-STIC-U01,Gabriela Simulada,2026-09-29T21:27:41-03:00,2026-10-12,5,ATIVA,NO_PRAZO,
DES001102,EXP002525,PGR-00027864/2026,DOCUMENTO,CIVINT/STIC,CIVINT-STIC-U04,João Rascunho,CIVINT-STIC-U01,Gabriela Simulada,2026-08-11T14:28:24-03:00,2026-08-16,-52,ATIVA,VENCIDA,
DES001103,EXP002527,PGR-00054516/2026,DOCUMENTO,CIVINT/STIC,CIVINT-STIC-U07,Marina Maquete,CIVINT-STIC-U01,Gabriela Simulada,2026-10-07T14:48:28-03:00,2026-10-10,3,ATIVA,NO_PRAZO,
DES001104,EXP002529,PGR-00090042/2026,DOCUMENTO,CIVINT/STIC,CIVINT-STIC-U08,Nelson Mock,CIVINT-STIC-U01,Gabriela Simulada,2026-10-02T21:34:03-03:00,2026-10-15,8,ATIVA,NO_PRAZO,
DES001105,EXP002531,PGR-00015310/2026,DOCUMENTO,CIVINT/STIC,CIVINT-STIC-U03,Isabela Piloto,CIVINT-STIC-U01,Gabriela Simulada,2026-09-23T12:42:36-03:00,2026-09-29,-8,ATIVA,VENCIDA,
DES001106,EXP002532,PGR-00008882/2026,DOCUMENTO,CIVINT/STIC,CIVINT-STIC-U06,Lucas Esboço,CIVINT-STIC-U01,Gabriela Simulada,2026-09-29T17:03:53-03:00,2026-10-11,4,ATIVA,NO_PRAZO,
DES001107,EXP002533,PGR-00048613/2026,DOCUMENTO,CIVINT/STIC,CIVINT-STIC-U02,Heitor Protótipo,CIVINT-STIC-U01,Gabriela Simulada,2026-09-09T16:21:26-03:00,2026-09-20,-17,ATIVA,VENCIDA,
DES001108,EXP002536,PGR-00099773/2026,DOCUMENTO,CIVINT/STIC,CIVINT-STIC-U03,Isabela Piloto,CIVINT-STIC-U01,Gabriela Simulada,2026-07-25T13:05:14-03:00,2026-07-30,-69,ATIVA,VENCIDA,
DES001109,EXP002537,PGR-00081511/2026,DOCUMENTO,CIVINT/STIC,CIVINT-STIC-U02,Heitor Protótipo,CIVINT-STIC-U01,Gabriela Simulada,2026-09-28T04:02:28-03:00,2026-10-03,-4,ATIVA,VENCIDA,
DES001110,EXP002539,PGR-00025314/2026,DOCUMENTO,CIVINT/STIC,CIVINT-STIC-U04,João Rascunho,CIVINT-STIC-U01,Gabriela Simulada,2026-07-09T15:22:41-03:00,2026-07-12,-87,ATIVA,VENCIDA,
DES001111,EXP002544,PGR-00002508/2026,DOCUMENTO,CIVINT/STIC,CIVINT-STIC-U02,Heitor Protótipo,CIVINT-STIC-U01,Gabriela Simulada,2026-09-25T10:38:24-03:00,2026-10-02,-5,ATIVA,VENCIDA,
DES001112,EXP002547,PGR-00074740/2026,DOCUMENTO,CIVINT/STIC,CIVINT-STIC-U06,Lucas Esboço,CIVINT-STIC-U01,Gabriela Simulada,2026-10-01T19:45:00-03:00,2026-10-13,6,ATIVA,NO_PRAZO,
DES001113,EXP002550,PGR-00075930/2026,DOCUMENTO,CIVINT/STIC,CIVINT-STIC-U08,Nelson Mock,CIVINT-STIC-U01,Gabriela Simulada,2026-09-10T19:51:28-03:00,2026-09-25,-12,ATIVA,VENCIDA,
DES001114,EXP002552,PGR-00078346/2026,DOCUMENTO,CIVINT/STIC,CIVINT-STIC-U06,Lucas Esboço,CIVINT-STIC-U01,Gabriela Simulada,2026-10-04T03:01:37-03:00,2026-10-18,11,ATIVA,NO_PRAZO,
DES001115,EXP002553,PGR-00056081/2026,DOCUMENTO,CIVINT/STIC,CIVINT-STIC-U07,Marina Maquete,CIVINT-STIC-U01,Gabriela Simulada,2026-09-23T10:46:05-03:00,2026-09-28,-9,ATIVA,VENCIDA,
DES001116,EXP002554,PGR-00046653/2026,DOCUMENTO,CIVINT/STIC,CIVINT-STIC-U05,Karina Ensaio,CIVINT-STIC-U01,Gabriela Simulada,2026-06-05T08:42:20-03:00,2026-06-18,-111,ATIVA,VENCIDA,
DES001117,EXP002555,PGR-00039064/2026,DOCUMENTO,CIVINT/STIC,CIVINT-STIC-U08,Nelson Mock,CIVINT-STIC-U01,Gabriela Simulada,2026-09-20T16:00:09-03:00,2026-10-05,-2,ATIVA,VENCIDA,
DES001118,EXP002557,PGR-00050938/2026,DOCUMENTO,CIVINT/STIC,CIVINT-STIC-U04,João Rascunho,CIVINT-STIC-U01,Gabriela Simulada,2026-08-29T23:42:57-03:00,2026-09-06,-31,ATIVA,VENCIDA,
DES001119,EXP002558,PGR-00017109/2026,DOCUMENTO,CIVINT/STIC,CIVINT-STIC-U04,João Rascunho,CIVINT-STIC-U01,Gabriela Simulada,2026-10-04T04:19:21-03:00,2026-10-09,2,ATIVA,NO_PRAZO,
DES001120,EXP002559,PGR-00050777/2026,DOCUMENTO,CIVINT/STIC,CIVINT-STIC-U05,Karina Ensaio,CIVINT-STIC-U01,Gabriela Simulada,2026-09-06T01:30:31-03:00,2026-09-14,-23,ATIVA,VENCIDA,
DES001121,EXP002561,PGR-00042599/2026,DOCUMENTO,CIVINT/STIC,CIVINT-STIC-U08,Nelson Mock,CIVINT-STIC-U01,Gabriela Simulada,2026-07-21T12:39:18-03:00,2026-08-03,-65,ATIVA,VENCIDA,
DES001122,EXP002562,PGR-00041482/2026,DOCUMENTO,CIVINT/STIC,CIVINT-STIC-U08,Nelson Mock,CIVINT-STIC-U01,Gabriela Simulada,2026-10-02T11:47:44-03:00,2026-10-16,9,ATIVA,NO_PRAZO,
DES001123,EXP002563,PGR-00045835/2026,DOCUMENTO,CIVINT/STIC,CIVINT-STIC-U03,Isabela Piloto,CIVINT-STIC-U01,Gabriela Simulada,2026-09-05T08:52:47-03:00,2026-09-09,-28,ATIVA,VENCIDA,
DES001124,EXP002564,PGR-00009651/2026,DOCUMENTO,CIVINT/STIC,CIVINT-STIC-U03,Isabela Piloto,CIVINT-STIC-U01,Gabriela Simulada,2026-10-06T06:34:30-03:00,2026-10-13,6,ATIVA,NO_PRAZO,
DES001125,EXP002565,PGR-00058112/2026,DOCUMENTO,CIVINT/STIC,CIVINT-STIC-U04,João Rascunho,CIVINT-STIC-U01,Gabriela Simulada,2026-08-03T20:22:02-03:00,2026-08-15,-53,ATIVA,VENCIDA,
DES001126,EXP002566,PGR-00077929/2026,DOCUMENTO,CIVINT/STIC,CIVINT-STIC-U03,Isabela Piloto,CIVINT-STIC-U01,Gabriela Simulada,2026-09-24T23:06:29-03:00,2026-10-05,-2,ATIVA,VENCIDA,
DES001127,EXP002568,PGR-00035074/2026,DOCUMENTO,CIVINT/STIC,CIVINT-STIC-U07,Marina Maquete,CIVINT-STIC-U01,Gabriela Simulada,2026-09-20T15:04:12-03:00,2026-09-25,-12,ATIVA,VENCIDA,
DES001128,EXP002570,PGR-00081693/2026,DOCUMENTO,CIVINT/STIC,CIVINT-STIC-U08,Nelson Mock,CIVINT-STIC-U01,Gabriela Simulada,2026-09-29T11:00:08-03:00,2026-10-10,3,ATIVA,NO_PRAZO,
DES001129,EXP002571,PGR-00090557/2026,DOCUMENTO,CIVINT/STIC,CIVINT-STIC-U08,Nelson Mock,CIVINT-STIC-U01,Gabriela Simulada,2026-08-25T15:50:30-03:00,2026-09-09,-28,ATIVA,VENCIDA,
DES001130,EXP002573,PGR-00020863/2026,DOCUMENTO,CIVINT/STIC,CIVINT-STIC-U05,Karina Ensaio,CIVINT-STIC-U01,Gabriela Simulada,2026-10-06T01:52:42-03:00,2026-10-14,7,ATIVA,NO_PRAZO,
DES001131,EXP002574,PGR-00033984/2026,DOCUMENTO,CIVINT/STIC,CIVINT-STIC-U06,Lucas Esboço,CIVINT-STIC-U01,Gabriela Simulada,2026-09-17T17:30:46-03:00,2026-09-21,-16,ATIVA,VENCIDA,
DES001132,EXP002575,PGR-00015602/2026,DOCUMENTO,CIVINT/STIC,CIVINT-STIC-U04,João Rascunho,CIVINT-STIC-U01,Gabriela Simulada,2026-09-05T03:13:53-03:00,2026-09-16,-21,ATIVA,VENCIDA,
DES001133,EXP002576,PGR-00098049/2026,DOCUMENTO,CIVINT/STIC,CIVINT-STIC-U04,João Rascunho,CIVINT-STIC-U01,Gabriela Simulada,2026-09-30T14:15:59-03:00,2026-10-06,-1,ATIVA,VENCIDA,
DES001134,EXP002581,PGR-00001442/2026,DOCUMENTO,CIVINT/STIC,CIVINT-STIC-U03,Isabela Piloto,CIVINT-STIC-U01,Gabriela Simulada,2026-08-15T19:27:18-03:00,2026-08-20,-48,ATIVA,VENCIDA,
DES001135,EXP002582,PGR-00045095/2026,DOCUMENTO,CIVINT/STIC,CIVINT-STIC-U03,Isabela Piloto,CIVINT-STIC-U01,Gabriela Simulada,2026-06-22T22:51:33-03:00,2026-06-26,-103,ATIVA,VENCIDA,
DES001136,EXP002583,PGR-00094398/2026,DOCUMENTO,CIVINT/STIC,CIVINT-STIC-U03,Isabela Piloto,CIVINT-STIC-U01,Gabriela Simulada,2026-09-29T00:16:52-03:00,2026-10-07,0,ATIVA,NO_PRAZO,
DES001137,EXP002584,PGR-00092966/2026,DOCUMENTO,CIVINT/STIC,CIVINT-STIC-U02,Heitor Protótipo,CIVINT-STIC-U01,Gabriela Simulada,2026-08-25T08:52:53-03:00,2026-08-28,-40,ATIVA,VENCIDA,
DES001138,EXP002586,PGR-00096356/2026,DOCUMENTO,CIVINT/STIC,CIVINT-STIC-U04,João Rascunho,CIVINT-STIC-U01,Gabriela Simulada,2026-10-06T22:11:12-03:00,2026-10-09,2,ATIVA,NO_PRAZO,
DES001139,EXP002587,PGR-00031451/2026,DOCUMENTO,CIVINT/STIC,CIVINT-STIC-U04,João Rascunho,CIVINT-STIC-U01,Gabriela Simulada,2026-06-20T01:44:05-03:00,2026-06-30,-99,ATIVA,VENCIDA,
DES001140,EXP002589,PGR-00046110/2026,DOCUMENTO,CIVINT/STIC,CIVINT-STIC-U02,Heitor Protótipo,CIVINT-STIC-U01,Gabriela Simulada,2026-07-16T08:32:02-03:00,2026-07-22,-77,ATIVA,VENCIDA,
DES001141,EXP002591,PGR-00051205/2026,DOCUMENTO,CIVINT/STIC,CIVINT-STIC-U02,Heitor Protótipo,CIVINT-STIC-U01,Gabriela Simulada,2026-09-23T18:05:14-03:00,2026-10-03,-4,ATIVA,VENCIDA,
DES001142,EXP002592,PGR-00054715/2026,DOCUMENTO,CIVINT/STIC,CIVINT-STIC-U05,Karina Ensaio,CIVINT-STIC-U01,Gabriela Simulada,2026-10-07T15:25:55-03:00,2026-10-13,6,ATIVA,NO_PRAZO,
DES001143,EXP002593,PGR-00025920/2026,DOCUMENTO,CIVINT/STIC,CIVINT-STIC-U03,Isabela Piloto,CIVINT-STIC-U01,Gabriela Simulada,2026-09-20T14:05:29-03:00,2026-09-25,-12,ATIVA,VENCIDA,
DES001144,EXP002595,PGR-00018406/2026,DOCUMENTO,CIVINT/STIC,CIVINT-STIC-U02,Heitor Protótipo,CIVINT-STIC-U01,Gabriela Simulada,2026-07-01T15:37:40-03:00,2026-07-08,-91,ATIVA,VENCIDA,
DES001145,EXP002596,PGR-00041491/2026,DOCUMENTO,CIVINT/STIC,CIVINT-STIC-U02,Heitor Protótipo,CIVINT-STIC-U01,Gabriela Simulada,2026-09-13T21:09:03-03:00,2026-09-19,-18,ATIVA,VENCIDA,
DES001146,EXP002597,PGR-00025415/2026,DOCUMENTO,CIVINT/STIC,CIVINT-STIC-U04,João Rascunho,CIVINT-STIC-U01,Gabriela Simulada,2026-09-14T07:49:40-03:00,2026-09-23,-14,ATIVA,VENCIDA,
DES001147,EXP002599,PGR-00033624/2026,DOCUMENTO,CIVINT/STIC,CIVINT-STIC-U06,Lucas Esboço,CIVINT-STIC-U01,Gabriela Simulada,2026-09-16T21:28:03-03:00,2026-09-28,-9,ATIVA,VENCIDA,
DES001148,EXP002601,PGR-00067005/2026,DOCUMENTO,CIVINT/STIC,CIVINT-STIC-U06,Lucas Esboço,CIVINT-STIC-U01,Gabriela Simulada,2026-10-01T11:45:07-03:00,2026-10-05,-2,ATIVA,VENCIDA,
DES001149,EXP002602,PGR-00054314/2026,DOCUMENTO,CIVINT/STIC,CIVINT-STIC-U04,João Rascunho,CIVINT-STIC-U01,Gabriela Simulada,2026-10-04T09:26:25-03:00,2026-10-13,6,ATIVA,NO_PRAZO,
DES001150,EXP002603,PGR-00033134/2026,DOCUMENTO,CIVINT/STIC,CIVINT-STIC-U05,Karina Ensaio,CIVINT-STIC-U01,Gabriela Simulada,2026-08-04T13:35:25-03:00,2026-08-18,-50,ATIVA,VENCIDA,
DES001151,EXP002604,PGR-00099905/2026,DOCUMENTO,CIVINT/STIC,CIVINT-STIC-U02,Heitor Protótipo,CIVINT-STIC-U01,Gabriela Simulada,2026-09-13T10:45:44-03:00,2026-09-17,-20,ATIVA,VENCIDA,
DES001152,EXP002605,PGR-00066844/2026,DOCUMENTO,CIVINT/STIC,CIVINT-STIC-U04,João Rascunho,CIVINT-STIC-U01,Gabriela Simulada,2026-10-07T06:19:40-03:00,2026-10-15,8,ATIVA,NO_PRAZO,
DES001153,EXP002606,PGR-00058453/2026,DOCUMENTO,CIVINT/STIC,CIVINT-STIC-U08,Nelson Mock,CIVINT-STIC-U01,Gabriela Simulada,2026-05-16T16:35:07-03:00,2026-05-25,-135,ATIVA,VENCIDA,
DES001154,EXP002608,PGR-00098773/2026,DOCUMENTO,CIVINT/STIC,CIVINT-STIC-U02,Heitor Protótipo,CIVINT-STIC-U01,Gabriela Simulada,2026-09-12T17:39:00-03:00,2026-09-24,-13,ATIVA,VENCIDA,
DES001155,EXP002610,PGR-00054905/2026,DOCUMENTO,CIVINT/STIC,CIVINT-STIC-U05,Karina Ensaio,CIVINT-STIC-U01,Gabriela Simulada,2026-09-11T21:03:45-03:00,2026-09-15,-22,ATIVA,VENCIDA,
DES001156,EXP002611,PGR-00023652/2026,DOCUMENTO,CIVINT/STIC,CIVINT-STIC-U02,Heitor Protótipo,CIVINT-STIC-U01,Gabriela Simulada,2026-05-06T20:07:18-03:00,2026-05-15,-145,ATIVA,VENCIDA,
DES001157,EXP002612,PGR-00075974/2026,DOCUMENTO,CIVINT/STIC,CIVINT-STIC-U05,Karina Ensaio,CIVINT-STIC-U01,Gabriela Simulada,2026-08-24T12:42:00-03:00,2026-09-07,-30,ATIVA,VENCIDA,
DES001158,EXP002613,PGR-00054653/2026,DOCUMENTO,CIVINT/STIC,CIVINT-STIC-U08,Nelson Mock,CIVINT-STIC-U01,Gabriela Simulada,2026-10-03T05:56:21-03:00,2026-10-18,11,ATIVA,NO_PRAZO,
DES001159,EXP002615,PGR-00094900/2026,DOCUMENTO,CIVINT/STIC,CIVINT-STIC-U03,Isabela Piloto,CIVINT-STIC-U01,Gabriela Simulada,2026-10-05T03:23:22-03:00,2026-10-19,12,ATIVA,NO_PRAZO,
DES001160,EXP002618,PGR-00046724/2026,DOCUMENTO,CIVINT/STIC,CIVINT-STIC-U03,Isabela Piloto,CIVINT-STIC-U01,Gabriela Simulada,2026-07-11T03:20:44-03:00,2026-07-17,-82,ATIVA,VENCIDA,
DES001161,EXP002619,PGR-00015972/2026,DOCUMENTO,CIVINT/STIC,CIVINT-STIC-U05,Karina Ensaio,CIVINT-STIC-U01,Gabriela Simulada,2026-09-18T04:55:07-03:00,2026-09-28,-9,ATIVA,VENCIDA,
DES001162,EXP002620,PGR-00059795/2026,DOCUMENTO,CIVINT/STIC,CIVINT-STIC-U02,Heitor Protótipo,CIVINT-STIC-U01,Gabriela Simulada,2026-09-10T16:24:37-03:00,2026-09-22,-15,ATIVA,VENCIDA,
DES001163,EXP002621,PGR-00062151/2026,DOCUMENTO,CIVINT/STIC,CIVINT-STIC-U02,Heitor Protótipo,CIVINT-STIC-U01,Gabriela Simulada,2026-09-27T01:29:24-03:00,2026-10-04,-3,ATIVA,VENCIDA,
DES001164,EXP002623,PGR-00011486/2026,DOCUMENTO,CIVINT/STIC,CIVINT-STIC-U05,Karina Ensaio,CIVINT-STIC-U01,Gabriela Simulada,2026-10-03T11:32:39-03:00,2026-10-18,11,ATIVA,NO_PRAZO,
DES001165,EXP002626,PGR-00004235/2026,DOCUMENTO,CIVINT/STIC,CIVINT-STIC-U04,João Rascunho,CIVINT-STIC-U01,Gabriela Simulada,2026-09-26T02:05:54-03:00,2026-10-08,1,ATIVA,NO_PRAZO,
DES001166,EXP002628,PGR-00013066/2026,DOCUMENTO,CIVINT/STIC,CIVINT-STIC-U05,Karina Ensaio,CIVINT-STIC-U01,Gabriela Simulada,2026-06-29T17:46:10-03:00,2026-07-07,-92,ATIVA,VENCIDA,
DES001167,EXP002629,PGR-00003535/2026,DOCUMENTO,CIVINT/STIC,CIVINT-STIC-U08,Nelson Mock,CIVINT-STIC-U01,Gabriela Simulada,2026-09-02T07:35:03-03:00,2026-09-13,-24,ATIVA,VENCIDA,
DES001168,EXP002630,PGR-00076521/2026,DOCUMENTO,CIVINT/STIC,CIVINT-STIC-U03,Isabela Piloto,CIVINT-STIC-U01,Gabriela Simulada,2026-09-23T13:58:25-03:00,2026-09-27,-10,ATIVA,VENCIDA,
DES001169,EXP002631,PGR-00010715/2026,DOCUMENTO,CIVINT/STIC,CIVINT-STIC-U05,Karina Ensaio,CIVINT-STIC-U01,Gabriela Simulada,2026-06-05T02:52:34-03:00,2026-06-11,-118,ATIVA,VENCIDA,
DES001170,EXP002633,PGR-00040463/2026,DOCUMENTO,CIVINT/STIC,CIVINT-STIC-U07,Marina Maquete,CIVINT-STIC-U01,Gabriela Simulada,2026-08-22T22:41:35-03:00,2026-09-02,-35,ATIVA,VENCIDA,
DES001171,EXP002634,PGR-00077121/2026,DOCUMENTO,CIVINT/STIC,CIVINT-STIC-U03,Isabela Piloto,CIVINT-STIC-U01,Gabriela Simulada,2026-07-18T10:01:59-03:00,2026-08-01,-67,ATIVA,VENCIDA,
DES001172,EXP002635,PGR-00073118/2026,DOCUMENTO,CIVINT/STIC,CIVINT-STIC-U05,Karina Ensaio,CIVINT-STIC-U01,Gabriela Simulada,2026-05-13T12:11:29-03:00,2026-05-16,-144,ATIVA,VENCIDA,
DES001173,EXP002638,PGR-00043171/2026,DOCUMENTO,CIVINT/STIC,CIVINT-STIC-U04,João Rascunho,CIVINT-STIC-U01,Gabriela Simulada,2026-09-03T08:22:25-03:00,2026-09-08,-29,ATIVA,VENCIDA,
DES001174,EXP002640,PGR-00067544/2026,DOCUMENTO,CIVINT/STIC,CIVINT-STIC-U08,Nelson Mock,CIVINT-STIC-U01,Gabriela Simulada,2026-05-31T23:26:40-03:00,2026-06-06,-123,ATIVA,VENCIDA,
DES001175,EXP002642,PGR-00097088/2026,DOCUMENTO,CIVINT/STIC,CIVINT-STIC-U06,Lucas Esboço,CIVINT-STIC-U01,Gabriela Simulada,2026-09-29T08:42:02-03:00,2026-10-09,2,ATIVA,NO_PRAZO,
DES001176,EXP002643,PGR-00064040/2026,DOCUMENTO,CIVINT/STIC,CIVINT-STIC-U08,Nelson Mock,CIVINT-STIC-U01,Gabriela Simulada,2026-09-26T18:15:58-03:00,2026-10-05,-2,ATIVA,VENCIDA,
DES001177,EXP002645,PGR-00020649/2026,DOCUMENTO,CIVINT/STIC,CIVINT-STIC-U06,Lucas Esboço,CIVINT-STIC-U01,Gabriela Simulada,2026-09-27T01:14:27-03:00,2026-09-30,-7,ATIVA,VENCIDA,
DES001178,EXP002646,PGR-00031403/2026,DOCUMENTO,CIVINT/STIC,CIVINT-STIC-U02,Heitor Protótipo,CIVINT-STIC-U01,Gabriela Simulada,2026-09-22T12:12:55-03:00,2026-10-04,-3,ATIVA,VENCIDA,
DES001179,EXP002647,PGR-00062553/2026,DOCUMENTO,CIVINT/STIC,CIVINT-STIC-U04,João Rascunho,CIVINT-STIC-U01,Gabriela Simulada,2026-09-03T14:09:33-03:00,2026-09-07,-30,ATIVA,VENCIDA,
DES001180,EXP002648,PGR-00009557/2026,DOCUMENTO,CIVINT/STIC,CIVINT-STIC-U04,João Rascunho,CIVINT-STIC-U01,Gabriela Simulada,2026-09-26T19:17:03-03:00,2026-09-29,-8,ATIVA,VENCIDA,
DES001181,EXP002651,PGR-00039635/2026,DOCUMENTO,CIVINT/STIC,CIVINT-STIC-U02,Heitor Protótipo,CIVINT-STIC-U01,Gabriela Simulada,2026-08-26T13:10:37-03:00,2026-09-08,-29,ATIVA,VENCIDA,
DES001182,EXP002653,PGR-00063591/2026,DOCUMENTO,CIVINT/STIC,CIVINT-STIC-U07,Marina Maquete,CIVINT-STIC-U01,Gabriela Simulada,2026-09-17T07:15:37-03:00,2026-09-24,-13,ATIVA,VENCIDA,
DES001183,EXP002655,PGR-00028856/2026,DOCUMENTO,CIVINT/STIC,CIVINT-STIC-U05,Karina Ensaio,CIVINT-STIC-U01,Gabriela Simulada,2026-10-04T15:49:41-03:00,2026-10-09,2,ATIVA,NO_PRAZO,
DES001184,EXP002657,PGR-00053420/2026,DOCUMENTO,CIVINT/STIC,CIVINT-STIC-U07,Marina Maquete,CIVINT-STIC-U01,Gabriela Simulada,2026-10-07T14:43:07-03:00,2026-10-10,3,ATIVA,NO_PRAZO,
DES001185,EXP002659,PGR-00059878/2026,DOCUMENTO,CIVINT/STIC,CIVINT-STIC-U08,Nelson Mock,CIVINT-STIC-U01,Gabriela Simulada,2026-10-01T11:55:38-03:00,2026-10-14,7,ATIVA,NO_PRAZO,
DES001186,EXP002660,PGR-00064563/2026,DOCUMENTO,CIVINT/STIC,CIVINT-STIC-U04,João Rascunho,CIVINT-STIC-U01,Gabriela Simulada,2026-10-01T05:36:33-03:00,2026-10-16,9,ATIVA,NO_PRAZO,
DES001187,EXP002662,PGR-00030683/2026,DOCUMENTO,CIVINT/STIC,CIVINT-STIC-U06,Lucas Esboço,CIVINT-STIC-U01,Gabriela Simulada,2026-09-05T20:14:49-03:00,2026-09-20,-17,ATIVA,VENCIDA,
DES001188,EXP002664,PGR-00052610/2026,DOCUMENTO,CIVINT/STIC,CIVINT-STIC-U02,Heitor Protótipo,CIVINT-STIC-U01,Gabriela Simulada,2026-09-17T17:54:54-03:00,2026-10-02,-5,ATIVA,VENCIDA,
DES001189,EXP002666,PGR-00083329/2026,DOCUMENTO,CIVINT/STIC,CIVINT-STIC-U07,Marina Maquete,CIVINT-STIC-U01,Gabriela Simulada,2026-10-07T12:03:48-03:00,2026-10-11,4,ATIVA,NO_PRAZO,
DES001190,EXP002668,PGR-00006995/2026,DOCUMENTO,CIVINT/STIC,CIVINT-STIC-U07,Marina Maquete,CIVINT-STIC-U01,Gabriela Simulada,2026-10-03T20:51:32-03:00,2026-10-13,6,ATIVA,NO_PRAZO,
DES001191,EXP002670,PGR-00020350/2026,DOCUMENTO,CIVINT/STIC,CIVINT-STIC-U05,Karina Ensaio,CIVINT-STIC-U01,Gabriela Simulada,2026-10-01T09:30:08-03:00,2026-10-16,9,ATIVA,NO_PRAZO,
DES001192,EXP002673,PGR-00076461/2026,DOCUMENTO,CIVINT/STIC,CIVINT-STIC-U03,Isabela Piloto,CIVINT-STIC-U01,Gabriela Simulada,2026-10-02T03:47:01-03:00,2026-10-09,2,ATIVA,NO_PRAZO,
DES001193,EXP002675,PGR-00097871/2026,DOCUMENTO,CIVINT/STIC,CIVINT-STIC-U03,Isabela Piloto,CIVINT-STIC-U01,Gabriela Simulada,2026-09-19T11:15:31-03:00,2026-09-26,-11,ATIVA,VENCIDA,
DES001194,EXP002676,PGR-00013666/2026,DOCUMENTO,CIVINT/STIC,CIVINT-STIC-U02,Heitor Protótipo,CIVINT-STIC-U01,Gabriela Simulada,2026-09-21T10:11:16-03:00,2026-10-05,-2,ATIVA,VENCIDA,
DES001195,EXP002677,PGR-00048250/2026,DOCUMENTO,CIVINT/STIC,CIVINT-STIC-U07,Marina Maquete,CIVINT-STIC-U01,Gabriela Simulada,2026-07-03T06:20:35-03:00,2026-07-10,-89,ATIVA,VENCIDA,
DES001196,EXP002680,PGR-00011001/2026,DOCUMENTO,CIVINT/STIC,CIVINT-STIC-U02,Heitor Protótipo,CIVINT-STIC-U01,Gabriela Simulada,2026-08-23T13:33:54-03:00,2026-09-05,-32,ATIVA,VENCIDA,
DES001197,EXP002681,PGR-00011094/2026,DOCUMENTO,CIVINT/STIC,CIVINT-STIC-U07,Marina Maquete,CIVINT-STIC-U01,Gabriela Simulada,2026-09-30T23:59:36-03:00,2026-10-04,-3,ATIVA,VENCIDA,
DES001198,EXP002682,PGR-00086186/2026,DOCUMENTO,CIVINT/STIC,CIVINT-STIC-U07,Marina Maquete,CIVINT-STIC-U01,Gabriela Simulada,2026-09-20T08:17:39-03:00,2026-10-05,-2,ATIVA,VENCIDA,
DES001199,EXP002683,PGR-00058263/2026,DOCUMENTO,CIVINT/STIC,CIVINT-STIC-U07,Marina Maquete,CIVINT-STIC-U01,Gabriela Simulada,2026-08-23T12:52:25-03:00,2026-09-03,-34,ATIVA,VENCIDA,
DES001200,EXP002684,PGR-00065752/2026,DOCUMENTO,CIVINT/STIC,CIVINT-STIC-U07,Marina Maquete,CIVINT-STIC-U01,Gabriela Simulada,2026-09-26T16:53:06-03:00,2026-10-08,1,ATIVA,NO_PRAZO,
DES001201,EXP002685,PGR-00087261/2026,DOCUMENTO,CIVINT/STIC,CIVINT-STIC-U02,Heitor Protótipo,CIVINT-STIC-U01,Gabriela Simulada,2026-09-29T13:04:18-03:00,2026-10-13,6,ATIVA,NO_PRAZO,
DES001202,EXP002686,PGR-00001337/2026,DOCUMENTO,CIVINT/STIC,CIVINT-STIC-U06,Lucas Esboço,CIVINT-STIC-U01,Gabriela Simulada,2026-09-22T19:22:18-03:00,2026-09-30,-7,ATIVA,VENCIDA,
DES001203,EXP002687,PGR-00074848/2026,DOCUMENTO,CIVINT/STIC,CIVINT-STIC-U06,Lucas Esboço,CIVINT-STIC-U01,Gabriela Simulada,2026-08-24T21:59:52-03:00,2026-09-07,-30,ATIVA,VENCIDA,
DES001204,EXP002688,PGR-00076399/2026,DOCUMENTO,CIVINT/STIC,CIVINT-STIC-U05,Karina Ensaio,CIVINT-STIC-U01,Gabriela Simulada,2026-09-12T21:23:23-03:00,2026-09-19,-18,ATIVA,VENCIDA,
DES001205,EXP002689,PGR-00031117/2026,DOCUMENTO,CIVINT/STIC,CIVINT-STIC-U08,Nelson Mock,CIVINT-STIC-U01,Gabriela Simulada,2026-09-26T17:56:46-03:00,2026-10-09,2,ATIVA,NO_PRAZO,
DES001206,EXP002690,PGR-00015963/2026,DOCUMENTO,CIVINT/STIC,CIVINT-STIC-U04,João Rascunho,CIVINT-STIC-U01,Gabriela Simulada,2026-09-28T07:57:05-03:00,2026-10-11,4,ATIVA,NO_PRAZO,
DES001207,EXP002691,PGR-00000018/2026,DOCUMENTO,CIVINT/STIC,CIVINT-STIC-U08,Nelson Mock,CIVINT-STIC-U01,Gabriela Simulada,2026-10-07T17:00:00-03:00,2026-10-21,14,ATIVA,NO_PRAZO,
DES001208,EXP002692,PGR-00000601/2026,DOCUMENTO,CIVINT/STIC,CIVINT-STIC-U07,Marina Maquete,CIVINT-STIC-U01,Gabriela Simulada,2026-10-07T06:33:15-03:00,2026-10-18,11,ATIVA,NO_PRAZO,
DES001209,EXP002693,PGR-00071890/2026,DOCUMENTO,CIVINT/STIC,CIVINT-STIC-U03,Isabela Piloto,CIVINT-STIC-U01,Gabriela Simulada,2026-08-05T08:54:33-03:00,2026-08-12,-56,ATIVA,VENCIDA,
DES001210,EXP002694,PGR-00027688/2026,DOCUMENTO,CIVINT/STIC,CIVINT-STIC-U02,Heitor Protótipo,CIVINT-STIC-U01,Gabriela Simulada,2026-09-30T15:51:44-03:00,2026-10-14,7,ATIVA,NO_PRAZO,
DES001211,EXP002697,PGR-00017824/2026,DOCUMENTO,CIVINT/STIC,CIVINT-STIC-U07,Marina Maquete,CIVINT-STIC-U01,Gabriela Simulada,2026-09-03T19:32:50-03:00,2026-09-12,-25,ATIVA,VENCIDA,
DES001212,EXP002699,PGR-00042781/2026,DOCUMENTO,CIVINT/STIC,CIVINT-STIC-U02,Heitor Protótipo,CIVINT-STIC-U01,Gabriela Simulada,2026-08-07T02:50:05-03:00,2026-08-15,-53,ATIVA,VENCIDA,
DES001213,EXP002701,PGR-00083510/2026,DOCUMENTO,CIVINT/STIC,CIVINT-STIC-U02,Heitor Protótipo,CIVINT-STIC-U01,Gabriela Simulada,2026-09-28T01:07:38-03:00,2026-10-12,5,ATIVA,NO_PRAZO,
DES001214,EXP002703,PGR-00003491/2026,DOCUMENTO,CIVINT/STIC,CIVINT-STIC-U06,Lucas Esboço,CIVINT-STIC-U01,Gabriela Simulada,2026-09-28T06:47:42-03:00,2026-10-03,-4,ATIVA,VENCIDA,
DES001215,EXP002704,PGR-00097487/2026,DOCUMENTO,CIVINT/STIC,CIVINT-STIC-U02,Heitor Protótipo,CIVINT-STIC-U01,Gabriela Simulada,2026-08-22T04:53:28-03:00,2026-09-05,-32,ATIVA,VENCIDA,
DES001216,EXP002705,PGR-00026058/2026,DOCUMENTO,CIVINT/STIC,CIVINT-STIC-U07,Marina Maquete,CIVINT-STIC-U01,Gabriela Simulada,2026-10-04T21:35:38-03:00,2026-10-17,10,ATIVA,NO_PRAZO,
DES001217,EXP002707,PGR-00044295/2026,DOCUMENTO,CIVINT/STIC,CIVINT-STIC-U03,Isabela Piloto,CIVINT-STIC-U01,Gabriela Simulada,2026-09-21T03:53:09-03:00,2026-10-03,-4,ATIVA,VENCIDA,
DES001218,EXP002708,PGR-00045613/2026,DOCUMENTO,CIVINT/STIC,CIVINT-STIC-U07,Marina Maquete,CIVINT-STIC-U01,Gabriela Simulada,2026-09-26T19:54:30-03:00,2026-10-02,-5,ATIVA,VENCIDA,
DES001219,EXP002710,PGR-00007572/2026,DOCUMENTO,CIVINT/STIC,CIVINT-STIC-U06,Lucas Esboço,CIVINT-STIC-U01,Gabriela Simulada,2026-10-07T17:00:00-03:00,2026-10-20,13,ATIVA,NO_PRAZO,
DES001220,EXP002711,PGR-00075415/2026,DOCUMENTO,CIVINT/STIC,CIVINT-STIC-U07,Marina Maquete,CIVINT-STIC-U01,Gabriela Simulada,2026-09-22T23:34:49-03:00,2026-10-06,-1,ATIVA,VENCIDA,
DES001221,EXP002712,PGR-00071221/2026,DOCUMENTO,CIVINT/STIC,CIVINT-STIC-U07,Marina Maquete,CIVINT-STIC-U01,Gabriela Simulada,2026-07-22T18:13:36-03:00,2026-07-27,-72,ATIVA,VENCIDA,
DES001222,EXP002714,PGR-00085102/2026,DOCUMENTO,CIVINT/STIC,CIVINT-STIC-U08,Nelson Mock,CIVINT-STIC-U01,Gabriela Simulada,2026-09-13T01:07:33-03:00,2026-09-16,-21,ATIVA,VENCIDA,
DES001223,EXP002715,PGR-00061006/2026,DOCUMENTO,CIVINT/STIC,CIVINT-STIC-U05,Karina Ensaio,CIVINT-STIC-U01,Gabriela Simulada,2026-07-06T00:58:00-03:00,2026-07-19,-80,ATIVA,VENCIDA,
DES001224,EXP002716,PGR-00006865/2026,DOCUMENTO,CIVINT/STIC,CIVINT-STIC-U08,Nelson Mock,CIVINT-STIC-U01,Gabriela Simulada,2026-09-27T00:32:17-03:00,2026-10-03,-4,ATIVA,VENCIDA,
DES001225,EXP002717,PGR-00034701/2026,DOCUMENTO,CIVINT/STIC,CIVINT-STIC-U03,Isabela Piloto,CIVINT-STIC-U01,Gabriela Simulada,2026-09-26T16:58:16-03:00,2026-10-03,-4,ATIVA,VENCIDA,
DES001226,EXP002718,PGR-00089153/2026,DOCUMENTO,CIVINT/STIC,CIVINT-STIC-U08,Nelson Mock,CIVINT-STIC-U01,Gabriela Simulada,2026-10-07T15:08:00-03:00,2026-10-15,8,ATIVA,NO_PRAZO,
DES001227,EXP002719,PGR-00099187/2026,DOCUMENTO,CIVINT/STIC,CIVINT-STIC-U04,João Rascunho,CIVINT-STIC-U01,Gabriela Simulada,2026-10-01T10:05:19-03:00,2026-10-08,1,ATIVA,NO_PRAZO,
DES001228,EXP002722,PGR-00073882/2026,DOCUMENTO,CIVINT/STIC,CIVINT-STIC-U02,Heitor Protótipo,CIVINT-STIC-U01,Gabriela Simulada,2026-09-20T02:45:43-03:00,2026-09-24,-13,ATIVA,VENCIDA,
DES001229,EXP002723,PGR-00029110/2026,DOCUMENTO,CIVINT/STIC,CIVINT-STIC-U07,Marina Maquete,CIVINT-STIC-U01,Gabriela Simulada,2026-09-24T21:42:29-03:00,2026-10-05,-2,ATIVA,VENCIDA,
DES001230,EXP002724,PGR-00087666/2026,DOCUMENTO,CIVINT/STIC,CIVINT-STIC-U03,Isabela Piloto,CIVINT-STIC-U01,Gabriela Simulada,2026-09-17T10:26:04-03:00,2026-09-28,-9,ATIVA,VENCIDA,
DES001231,EXP002725,PGR-00020156/2026,DOCUMENTO,CIVINT/STIC,CIVINT-STIC-U06,Lucas Esboço,CIVINT-STIC-U01,Gabriela Simulada,2026-09-30T17:37:31-03:00,2026-10-10,3,ATIVA,NO_PRAZO,
DES001232,EXP002727,PGR-00009415/2026,DOCUMENTO,CIVINT/STIC,CIVINT-STIC-U07,Marina Maquete,CIVINT-STIC-U01,Gabriela Simulada,2026-08-19T17:31:36-03:00,2026-08-25,-43,ATIVA,VENCIDA,
DES001233,EXP002728,PGR-00008885/2026,DOCUMENTO,CIVINT/STIC,CIVINT-STIC-U08,Nelson Mock,CIVINT-STIC-U01,Gabriela Simulada,2026-09-30T06:07:31-03:00,2026-10-12,5,ATIVA,NO_PRAZO,
DES001234,EXP002729,PGR-00086319/2026,DOCUMENTO,CIVINT/STIC,CIVINT-STIC-U07,Marina Maquete,CIVINT-STIC-U01,Gabriela Simulada,2026-10-05T17:39:09-03:00,2026-10-09,2,ATIVA,NO_PRAZO,
DES001235,EXP002731,PGR-00001327/2026,DOCUMENTO,CIVINT/STIC,CIVINT-STIC-U06,Lucas Esboço,CIVINT-STIC-U01,Gabriela Simulada,2026-10-04T15:11:10-03:00,2026-10-15,8,ATIVA,NO_PRAZO,
DES001236,EXP002734,PGR-00066788/2026,DOCUMENTO,CIVINT/STIC,CIVINT-STIC-U03,Isabela Piloto,CIVINT-STIC-U01,Gabriela Simulada,2026-09-08T22:30:56-03:00,2026-09-21,-16,ATIVA,VENCIDA,
DES001237,EXP002735,PGR-00005973/2026,DOCUMENTO,CIVINT/STIC,CIVINT-STIC-U04,João Rascunho,CIVINT-STIC-U01,Gabriela Simulada,2026-09-23T02:44:58-03:00,2026-10-08,1,ATIVA,NO_PRAZO,
DES001238,EXP002736,PGR-00050540/2026,DOCUMENTO,CIVINT/STIC,CIVINT-STIC-U06,Lucas Esboço,CIVINT-STIC-U01,Gabriela Simulada,2026-02-03T10:18:27-03:00,2026-02-06,-243,ATIVA,VENCIDA,
DES001239,EXP002738,PGR-00079543/2026,DOCUMENTO,CIVINT/STIC,CIVINT-STIC-U04,João Rascunho,CIVINT-STIC-U01,Gabriela Simulada,2026-03-09T17:57:46-03:00,2026-03-17,-204,ATIVA,VENCIDA,
DES001240,EXP002739,PGR-00079965/2026,DOCUMENTO,CIVINT/STIC,CIVINT-STIC-U08,Nelson Mock,CIVINT-STIC-U01,Gabriela Simulada,2026-10-06T09:45:53-03:00,2026-10-19,12,ATIVA,NO_PRAZO,
DES001241,EXP002740,PGR-00017656/2026,DOCUMENTO,CIVINT/STIC,CIVINT-STIC-U04,João Rascunho,CIVINT-STIC-U01,Gabriela Simulada,2026-08-25T02:53:49-03:00,2026-09-05,-32,ATIVA,VENCIDA,
DES001242,EXP002742,PGR-00030682/2026,DOCUMENTO,CIVINT/STIC,CIVINT-STIC-U08,Nelson Mock,CIVINT-STIC-U01,Gabriela Simulada,2026-08-05T08:34:27-03:00,2026-08-12,-56,ATIVA,VENCIDA,
DES001243,EXP002743,PGR-00040281/2026,DOCUMENTO,CIVINT/STIC,CIVINT-STIC-U08,Nelson Mock,CIVINT-STIC-U01,Gabriela Simulada,2026-09-21T12:59:26-03:00,2026-09-28,-9,ATIVA,VENCIDA,
DES001244,EXP002744,PGR-00083977/2026,DOCUMENTO,CIVINT/STIC,CIVINT-STIC-U07,Marina Maquete,CIVINT-STIC-U01,Gabriela Simulada,2026-04-10T03:06:34-03:00,2026-04-20,-170,ATIVA,VENCIDA,
DES001245,EXP002745,PGR-00029162/2026,DOCUMENTO,CIVINT/STIC,CIVINT-STIC-U08,Nelson Mock,CIVINT-STIC-U01,Gabriela Simulada,2026-09-11T12:09:20-03:00,2026-09-22,-15,ATIVA,VENCIDA,
DES001246,EXP002746,PGR-00098704/2026,DOCUMENTO,CIVINT/STIC,CIVINT-STIC-U02,Heitor Protótipo,CIVINT-STIC-U01,Gabriela Simulada,2026-09-14T14:35:59-03:00,2026-09-28,-9,ATIVA,VENCIDA,
DES001247,EXP002747,PGR-00044312/2026,DOCUMENTO,CIVINT/STIC,CIVINT-STIC-U03,Isabela Piloto,CIVINT-STIC-U01,Gabriela Simulada,2026-07-15T00:17:20-03:00,2026-07-22,-77,ATIVA,VENCIDA,
DES001248,EXP002748,PGR-00063795/2026,DOCUMENTO,CIVINT/STIC,CIVINT-STIC-U08,Nelson Mock,CIVINT-STIC-U01,Gabriela Simulada,2026-08-18T05:32:20-03:00,2026-08-25,-43,ATIVA,VENCIDA,
DES001249,EXP002749,PGR-00015538/2026,DOCUMENTO,CIVINT/STIC,CIVINT-STIC-U07,Marina Maquete,CIVINT-STIC-U01,Gabriela Simulada,2026-09-07T19:37:37-03:00,2026-09-21,-16,ATIVA,VENCIDA,
DES001250,EXP002756,PGR-00024780/2026,DOCUMENTO,CIVINT/STIC,CIVINT-STIC-U07,Marina Maquete,CIVINT-STIC-U01,Gabriela Simulada,2026-08-23T07:36:53-03:00,2026-09-02,-35,ATIVA,VENCIDA,
DES001251,EXP002757,PGR-00086473/2026,DOCUMENTO,CIVINT/STIC,CIVINT-STIC-U02,Heitor Protótipo,CIVINT-STIC-U01,Gabriela Simulada,2026-10-06T19:47:47-03:00,2026-10-18,11,ATIVA,NO_PRAZO,
DES001252,EXP002758,PGR-00075417/2026,DOCUMENTO,CIVINT/STIC,CIVINT-STIC-U06,Lucas Esboço,CIVINT-STIC-U01,Gabriela Simulada,2026-09-22T04:09:59-03:00,2026-09-27,-10,ATIVA,VENCIDA,
DES001253,EXP002761,PGR-00054244/2026,DOCUMENTO,CIVINT/STIC,CIVINT-STIC-U05,Karina Ensaio,CIVINT-STIC-U01,Gabriela Simulada,2026-09-25T12:30:30-03:00,2026-10-06,-1,ATIVA,VENCIDA,
DES001254,EXP002762,PGR-00091095/2026,DOCUMENTO,CIVINT/STIC,CIVINT-STIC-U05,Karina Ensaio,CIVINT-STIC-U01,Gabriela Simulada,2026-09-08T14:09:05-03:00,2026-09-18,-19,ATIVA,VENCIDA,
DES001255,EXP002763,PGR-00068933/2026,DOCUMENTO,CIVINT/STIC,CIVINT-STIC-U02,Heitor Protótipo,CIVINT-STIC-U01,Gabriela Simulada,2026-10-07T06:28:26-03:00,2026-10-22,15,ATIVA,NO_PRAZO,
DES001256,EXP002764,PGR-00068038/2026,DOCUMENTO,CIVINT/STIC,CIVINT-STIC-U07,Marina Maquete,CIVINT-STIC-U01,Gabriela Simulada,2026-08-27T01:14:48-03:00,2026-09-03,-34,ATIVA,VENCIDA,
DES001257,EXP002765,PGR-00060851/2026,DOCUMENTO,CIVINT/STIC,CIVINT-STIC-U08,Nelson Mock,CIVINT-STIC-U01,Gabriela Simulada,2026-09-14T21:19:53-03:00,2026-09-23,-14,ATIVA,VENCIDA,
DES001258,EXP002766,PGR-00085677/2026,DOCUMENTO,CIVINT/STIC,CIVINT-STIC-U03,Isabela Piloto,CIVINT-STIC-U01,Gabriela Simulada,2026-09-29T15:59:30-03:00,2026-10-02,-5,ATIVA,VENCIDA,
DES001259,EXP002768,PGR-00030307/2026,DOCUMENTO,CIVINT/STIC,CIVINT-STIC-U02,Heitor Protótipo,CIVINT-STIC-U01,Gabriela Simulada,2026-10-06T23:02:43-03:00,2026-10-15,8,ATIVA,NO_PRAZO,
DES001260,EXP002771,PGR-00015787/2026,DOCUMENTO,CIVINT/STIC,CIVINT-STIC-U03,Isabela Piloto,CIVINT-STIC-U01,Gabriela Simulada,2026-10-07T04:43:27-03:00,2026-10-19,12,ATIVA,NO_PRAZO,
DES001261,EXP002772,PGR-00095003/2026,DOCUMENTO,CIVINT/STIC,CIVINT-STIC-U08,Nelson Mock,CIVINT-STIC-U01,Gabriela Simulada,2026-10-07T09:05:28-03:00,2026-10-11,4,ATIVA,NO_PRAZO,
DES001262,EXP002773,PGR-00094245/2026,DOCUMENTO,CIVINT/STIC,CIVINT-STIC-U02,Heitor Protótipo,CIVINT-STIC-U01,Gabriela Simulada,2026-09-23T20:20:16-03:00,2026-09-27,-10,ATIVA,VENCIDA,
DES001263,EXP002775,PGR-00034895/2026,DOCUMENTO,CIVINT/STIC,CIVINT-STIC-U05,Karina Ensaio,CIVINT-STIC-U01,Gabriela Simulada,2026-10-02T17:57:48-03:00,2026-10-08,1,ATIVA,NO_PRAZO,
DES001264,EXP002777,PGR-00083963/2026,DOCUMENTO,CIVINT/STIC,CIVINT-STIC-U03,Isabela Piloto,CIVINT-STIC-U01,Gabriela Simulada,2026-10-03T13:10:24-03:00,2026-10-16,9,ATIVA,NO_PRAZO,
DES001265,EXP002778,PGR-00006081/2026,DOCUMENTO,CIVINT/STIC,CIVINT-STIC-U08,Nelson Mock,CIVINT-STIC-U01,Gabriela Simulada,2026-09-10T08:26:50-03:00,2026-09-23,-14,ATIVA,VENCIDA,
DES001266,EXP002779,PGR-00045147/2026,DOCUMENTO,CIVINT/STIC,CIVINT-STIC-U07,Marina Maquete,CIVINT-STIC-U01,Gabriela Simulada,2026-07-30T08:18:48-03:00,2026-08-05,-63,ATIVA,VENCIDA,
DES001267,EXP002780,PGR-00086462/2026,DOCUMENTO,CIVINT/STIC,CIVINT-STIC-U03,Isabela Piloto,CIVINT-STIC-U01,Gabriela Simulada,2026-09-11T15:10:43-03:00,2026-09-18,-19,ATIVA,VENCIDA,
DES001268,EXP002782,PGR-00021792/2026,DOCUMENTO,CIVINT/STIC,CIVINT-STIC-U05,Karina Ensaio,CIVINT-STIC-U01,Gabriela Simulada,2026-07-24T11:14:33-03:00,2026-07-29,-70,ATIVA,VENCIDA,
DES001269,EXP002783,PGR-00025939/2026,DOCUMENTO,CIVINT/STIC,CIVINT-STIC-U03,Isabela Piloto,CIVINT-STIC-U01,Gabriela Simulada,2026-09-27T20:21:06-03:00,2026-10-07,0,ATIVA,NO_PRAZO,
DES001270,EXP002784,PGR-00008816/2026,DOCUMENTO,CIVINT/STIC,CIVINT-STIC-U06,Lucas Esboço,CIVINT-STIC-U01,Gabriela Simulada,2026-09-06T05:22:02-03:00,2026-09-14,-23,ATIVA,VENCIDA,
DES001271,EXP002785,PGR-00030929/2026,DOCUMENTO,CIVINT/STIC,CIVINT-STIC-U03,Isabela Piloto,CIVINT-STIC-U01,Gabriela Simulada,2026-09-20T14:55:58-03:00,2026-10-05,-2,ATIVA,VENCIDA,
DES001272,EXP002786,PGR-00083697/2026,DOCUMENTO,CIVINT/STIC,CIVINT-STIC-U04,João Rascunho,CIVINT-STIC-U01,Gabriela Simulada,2026-10-06T10:58:29-03:00,2026-10-16,9,ATIVA,NO_PRAZO,
DES001273,EXP002788,PGR-00065212/2026,DOCUMENTO,CIVINT/STIC,CIVINT-STIC-U02,Heitor Protótipo,CIVINT-STIC-U01,Gabriela Simulada,2026-10-07T17:00:00-03:00,2026-10-22,15,ATIVA,NO_PRAZO,
DES001274,EXP002789,PGR-00051788/2026,DOCUMENTO,CIVINT/STIC,CIVINT-STIC-U06,Lucas Esboço,CIVINT-STIC-U01,Gabriela Simulada,2026-08-13T16:50:52-03:00,2026-08-25,-43,ATIVA,VENCIDA,
DES001275,EXP002792,PGR-00034762/2026,DOCUMENTO,CIVINT/STIC,CIVINT-STIC-U02,Heitor Protótipo,CIVINT-STIC-U01,Gabriela Simulada,2026-10-03T10:03:37-03:00,2026-10-14,7,ATIVA,NO_PRAZO,
DES001276,EXP002793,PGR-00018643/2026,DOCUMENTO,CIVINT/STIC,CIVINT-STIC-U05,Karina Ensaio,CIVINT-STIC-U01,Gabriela Simulada,2026-10-02T21:14:54-03:00,2026-10-11,4,ATIVA,NO_PRAZO,
DES001277,EXP002797,PGR-00050973/2026,DOCUMENTO,CIVINT/STIC,CIVINT-STIC-U02,Heitor Protótipo,CIVINT-STIC-U01,Gabriela Simulada,2026-09-15T20:33:08-03:00,2026-09-21,-16,ATIVA,VENCIDA,
DES001278,EXP002798,PGR-00041962/2026,DOCUMENTO,CIVINT/STIC,CIVINT-STIC-U04,João Rascunho,CIVINT-STIC-U01,Gabriela Simulada,2026-09-09T05:53:00-03:00,2026-09-12,-25,ATIVA,VENCIDA,
DES001279,EXP002799,PGR-00088645/2026,DOCUMENTO,CIVINT/STIC,CIVINT-STIC-U05,Karina Ensaio,CIVINT-STIC-U01,Gabriela Simulada,2026-09-17T13:10:08-03:00,2026-09-28,-9,ATIVA,VENCIDA,
DES001280,EXP002800,PGR-00018106/2026,DOCUMENTO,CIVINT/STIC,CIVINT-STIC-U05,Karina Ensaio,CIVINT-STIC-U01,Gabriela Simulada,2026-09-19T19:05:45-03:00,2026-09-24,-13,ATIVA,VENCIDA,
DES001281,EXP002801,PGR-00034973/2026,DOCUMENTO,CIVINT/STIC,CIVINT-STIC-U04,João Rascunho,CIVINT-STIC-U01,Gabriela Simulada,2026-09-13T11:24:44-03:00,2026-09-18,-19,ATIVA,VENCIDA,
DES001282,EXP002802,PGR-00013118/2026,DOCUMENTO,CIVINT/STIC,CIVINT-STIC-U06,Lucas Esboço,CIVINT-STIC-U01,Gabriela Simulada,2026-10-03T07:56:22-03:00,2026-10-06,-1,ATIVA,VENCIDA,
DES001283,EXP002803,PGR-00086158/2026,DOCUMENTO,CIVINT/STIC,CIVINT-STIC-U02,Heitor Protótipo,CIVINT-STIC-U01,Gabriela Simulada,2026-10-07T03:28:37-03:00,2026-10-12,5,ATIVA,NO_PRAZO,
DES001284,EXP002807,PGR-00070578/2026,DOCUMENTO,CIVINT/STIC,CIVINT-STIC-U07,Marina Maquete,CIVINT-STIC-U01,Gabriela Simulada,2026-10-07T00:08:41-03:00,2026-10-10,3,ATIVA,NO_PRAZO,
DES001285,EXP002808,PGR-00056457/2026,DOCUMENTO,CIVINT/STIC,CIVINT-STIC-U04,João Rascunho,CIVINT-STIC-U01,Gabriela Simulada,2026-09-03T11:56:58-03:00,2026-09-11,-26,ATIVA,VENCIDA,
DES001286,EXP002809,PGR-00069438/2026,DOCUMENTO,CIVINT/STIC,CIVINT-STIC-U08,Nelson Mock,CIVINT-STIC-U01,Gabriela Simulada,2026-09-21T09:01:06-03:00,2026-09-26,-11,ATIVA,VENCIDA,
DES001287,EXP002810,PGR-00099820/2026,DOCUMENTO,CIVINT/STIC,CIVINT-STIC-U04,João Rascunho,CIVINT-STIC-U01,Gabriela Simulada,2026-10-03T17:01:32-03:00,2026-10-15,8,ATIVA,NO_PRAZO,
DES001288,EXP002814,PGR-00092448/2026,DOCUMENTO,CIVINT/STIC,CIVINT-STIC-U07,Marina Maquete,CIVINT-STIC-U01,Gabriela Simulada,2026-10-07T11:07:00-03:00,2026-10-14,7,ATIVA,NO_PRAZO,
DES001289,EXP002815,PGR-00036776/2026,DOCUMENTO,CIVINT/STIC,CIVINT-STIC-U04,João Rascunho,CIVINT-STIC-U01,Gabriela Simulada,2026-06-29T14:33:37-03:00,2026-07-11,-88,ATIVA,VENCIDA,
DES001290,EXP002816,PGR-00045626/2026,DOCUMENTO,CIVINT/STIC,CIVINT-STIC-U06,Lucas Esboço,CIVINT-STIC-U01,Gabriela Simulada,2026-09-30T00:35:54-03:00,2026-10-09,2,ATIVA,NO_PRAZO,
DES001291,EXP002817,PGR-00055003/2026,DOCUMENTO,CIVINT/STIC,CIVINT-STIC-U02,Heitor Protótipo,CIVINT-STIC-U01,Gabriela Simulada,2026-10-07T17:00:00-03:00,2026-10-16,9,ATIVA,NO_PRAZO,
DES001292,EXP002818,PGR-00011123/2026,DOCUMENTO,CIVINT/STIC,CIVINT-STIC-U04,João Rascunho,CIVINT-STIC-U01,Gabriela Simulada,2026-07-26T12:21:36-03:00,2026-08-02,-66,ATIVA,VENCIDA,
DES001293,EXP002820,PGR-00051390/2026,DOCUMENTO,CIVINT/STIC,CIVINT-STIC-U04,João Rascunho,CIVINT-STIC-U01,Gabriela Simulada,2026-09-09T03:59:35-03:00,2026-09-12,-25,ATIVA,VENCIDA,
DES001294,EXP002824,PGR-00025595/2026,DOCUMENTO,CIVINT/STIC,CIVINT-STIC-U08,Nelson Mock,CIVINT-STIC-U01,Gabriela Simulada,2026-08-26T14:16:47-03:00,2026-08-29,-39,ATIVA,VENCIDA,
DES001295,EXP002825,PGR-00090528/2026,DOCUMENTO,CIVINT/STIC,CIVINT-STIC-U03,Isabela Piloto,CIVINT-STIC-U01,Gabriela Simulada,2026-10-03T21:32:55-03:00,2026-10-11,4,ATIVA,NO_PRAZO,
DES001296,EXP002827,PGR-00022508/2026,DOCUMENTO,CIVINT/STIC,CIVINT-STIC-U05,Karina Ensaio,CIVINT-STIC-U01,Gabriela Simulada,2026-09-22T12:38:04-03:00,2026-10-06,-1,ATIVA,VENCIDA,
DES001297,EXP002828,PGR-00058896/2026,DOCUMENTO,CIVINT/STIC,CIVINT-STIC-U06,Lucas Esboço,CIVINT-STIC-U01,Gabriela Simulada,2026-09-10T22:32:38-03:00,2026-09-14,-23,ATIVA,VENCIDA,
DES001298,EXP002830,PGR-00009028/2026,DOCUMENTO,CIVINT/STIC,CIVINT-STIC-U05,Karina Ensaio,CIVINT-STIC-U01,Gabriela Simulada,2026-09-01T19:59:15-03:00,2026-09-08,-29,ATIVA,VENCIDA,
DES001299,EXP002832,PGR-00031201/2026,DOCUMENTO,CIVINT/STIC,CIVINT-STIC-U07,Marina Maquete,CIVINT-STIC-U01,Gabriela Simulada,2026-07-10T20:40:54-03:00,2026-07-16,-83,ATIVA,VENCIDA,
DES001300,EXP002833,PGR-00014326/2026,DOCUMENTO,CIVINT/STIC,CIVINT-STIC-U02,Heitor Protótipo,CIVINT-STIC-U01,Gabriela Simulada,2026-08-06T16:57:47-03:00,2026-08-16,-52,ATIVA,VENCIDA,
DES001301,EXP002834,PGR-00072159/2026,DOCUMENTO,CIVINT/STIC,CIVINT-STIC-U04,João Rascunho,CIVINT-STIC-U01,Gabriela Simulada,2026-09-18T19:23:24-03:00,2026-10-03,-4,ATIVA,VENCIDA,
DES001302,EXP002836,PGR-00030210/2026,DOCUMENTO,CIVINT/STIC,CIVINT-STIC-U02,Heitor Protótipo,CIVINT-STIC-U01,Gabriela Simulada,2026-07-29T08:21:12-03:00,2026-08-12,-56,ATIVA,VENCIDA,
DES001303,EXP002837,PGR-00079142/2026,DOCUMENTO,CIVINT/STIC,CIVINT-STIC-U06,Lucas Esboço,CIVINT-STIC-U01,Gabriela Simulada,2026-07-19T10:16:31-03:00,2026-07-30,-69,ATIVA,VENCIDA,
DES001304,EXP002838,PGR-00016298/2026,DOCUMENTO,CIVINT/STIC,CIVINT-STIC-U05,Karina Ensaio,CIVINT-STIC-U01,Gabriela Simulada,2026-04-04T10:28:03-03:00,2026-04-18,-172,ATIVA,VENCIDA,
DES001305,EXP002842,PGR-00073316/2026,DOCUMENTO,CIVINT/STIC,CIVINT-STIC-U04,João Rascunho,CIVINT-STIC-U01,Gabriela Simulada,2026-08-05T05:34:10-03:00,2026-08-10,-58,ATIVA,VENCIDA,
DES001306,EXP002844,PGR-00007864/2026,DOCUMENTO,CIVINT/STIC,CIVINT-STIC-U07,Marina Maquete,CIVINT-STIC-U01,Gabriela Simulada,2026-07-29T01:43:48-03:00,2026-08-09,-59,ATIVA,VENCIDA,
DES001307,EXP002846,PGR-00020055/2026,DOCUMENTO,CIVINT/STIC,CIVINT-STIC-U08,Nelson Mock,CIVINT-STIC-U01,Gabriela Simulada,2026-10-04T07:55:48-03:00,2026-10-16,9,ATIVA,NO_PRAZO,
DES001308,EXP002847,PGR-00055686/2026,DOCUMENTO,CIVINT/STIC,CIVINT-STIC-U04,João Rascunho,CIVINT-STIC-U01,Gabriela Simulada,2026-10-05T23:57:21-03:00,2026-10-12,5,ATIVA,NO_PRAZO,
DES001309,EXP002848,PGR-00044925/2026,DOCUMENTO,CIVINT/STIC,CIVINT-STIC-U07,Marina Maquete,CIVINT-STIC-U01,Gabriela Simulada,2026-07-27T14:32:20-03:00,2026-08-07,-61,ATIVA,VENCIDA,
DES001310,EXP002849,PGR-00093463/2026,DOCUMENTO,CIVINT/STIC,CIVINT-STIC-U05,Karina Ensaio,CIVINT-STIC-U01,Gabriela Simulada,2026-06-10T15:06:16-03:00,2026-06-16,-113,ATIVA,VENCIDA,
DES001311,EXP002850,PGR-00075819/2026,DOCUMENTO,CIVINT/STIC,CIVINT-STIC-U03,Isabela Piloto,CIVINT-STIC-U01,Gabriela Simulada,2026-09-08T18:10:43-03:00,2026-09-23,-14,ATIVA,VENCIDA,
DES001312,EXP002851,PGR-00032450/2026,DOCUMENTO,CIVINT/STIC,CIVINT-STIC-U04,João Rascunho,CIVINT-STIC-U01,Gabriela Simulada,2026-08-29T00:26:24-03:00,2026-09-11,-26,ATIVA,VENCIDA,
DES001313,EXP002853,PGR-00002665/2026,DOCUMENTO,CIVINT/STIC,CIVINT-STIC-U02,Heitor Protótipo,CIVINT-STIC-U01,Gabriela Simulada,2026-10-03T16:44:41-03:00,2026-10-09,2,ATIVA,NO_PRAZO,
DES001314,EXP002854,PGR-00072834/2026,DOCUMENTO,CIVINT/STIC,CIVINT-STIC-U04,João Rascunho,CIVINT-STIC-U01,Gabriela Simulada,2026-08-25T15:00:11-03:00,2026-09-07,-30,ATIVA,VENCIDA,
DES001315,EXP002857,PGR-00037135/2026,DOCUMENTO,CIVINT/STIC,CIVINT-STIC-U04,João Rascunho,CIVINT-STIC-U01,Gabriela Simulada,2026-07-03T22:54:52-03:00,2026-07-18,-81,ATIVA,VENCIDA,
DES001316,EXP002859,PGR-00095886/2026,DOCUMENTO,CIVINT/STIC,CIVINT-STIC-U02,Heitor Protótipo,CIVINT-STIC-U01,Gabriela Simulada,2026-10-07T07:37:11-03:00,2026-10-13,6,ATIVA,NO_PRAZO,
DES001317,EXP002860,PGR-00011544/2026,DOCUMENTO,CIVINT/STIC,CIVINT-STIC-U04,João Rascunho,CIVINT-STIC-U01,Gabriela Simulada,2026-10-03T22:44:04-03:00,2026-10-12,5,ATIVA,NO_PRAZO,
DES001318,EXP002865,PGR-00037794/2026,DOCUMENTO,CIVINT/STIC,CIVINT-STIC-U04,João Rascunho,CIVINT-STIC-U01,Gabriela Simulada,2026-09-25T04:31:16-03:00,2026-10-05,-2,ATIVA,VENCIDA,
DES001319,EXP002867,PGR-00064674/2026,DOCUMENTO,CIVINT/STIC,CIVINT-STIC-U08,Nelson Mock,CIVINT-STIC-U01,Gabriela Simulada,2026-09-17T19:40:44-03:00,2026-10-02,-5,ATIVA,VENCIDA,
DES001320,EXP002868,PGR-00084284/2026,DOCUMENTO,CIVINT/STIC,CIVINT-STIC-U04,João Rascunho,CIVINT-STIC-U01,Gabriela Simulada,2026-09-05T08:42:10-03:00,2026-09-16,-21,ATIVA,VENCIDA,
DES001321,EXP002869,PGR-00094709/2026,DOCUMENTO,CIVINT/STIC,CIVINT-STIC-U03,Isabela Piloto,CIVINT-STIC-U01,Gabriela Simulada,2026-09-21T10:53:53-03:00,2026-10-06,-1,ATIVA,VENCIDA,
DES001322,EXP002876,PGR-00041376/2026,DOCUMENTO,CIVINT/STIC,CIVINT-STIC-U02,Heitor Protótipo,CIVINT-STIC-U01,Gabriela Simulada,2026-09-21T14:56:56-03:00,2026-10-06,-1,ATIVA,VENCIDA,
DES001323,EXP002877,PGR-00099218/2026,DOCUMENTO,CIVINT/STIC,CIVINT-STIC-U06,Lucas Esboço,CIVINT-STIC-U01,Gabriela Simulada,2026-09-09T19:29:14-03:00,2026-09-18,-19,ATIVA,VENCIDA,
DES001324,EXP002879,PGR-00030576/2026,DOCUMENTO,CIVINT/STIC,CIVINT-STIC-U03,Isabela Piloto,CIVINT-STIC-U01,Gabriela Simulada,2026-09-16T20:27:31-03:00,2026-09-29,-8,ATIVA,VENCIDA,
DES001325,EXP002880,PGR-00070086/2026,DOCUMENTO,CIVINT/STIC,CIVINT-STIC-U06,Lucas Esboço,CIVINT-STIC-U01,Gabriela Simulada,2026-10-04T21:59:31-03:00,2026-10-09,2,ATIVA,NO_PRAZO,
DES001326,EXP002881,PGR-00080165/2026,DOCUMENTO,CIVINT/STIC,CIVINT-STIC-U02,Heitor Protótipo,CIVINT-STIC-U01,Gabriela Simulada,2026-05-13T22:46:21-03:00,2026-05-27,-133,ATIVA,VENCIDA,
DES001327,EXP002884,PGR-00033075/2026,DOCUMENTO,CIVINT/STIC,CIVINT-STIC-U03,Isabela Piloto,CIVINT-STIC-U01,Gabriela Simulada,2026-06-27T00:27:07-03:00,2026-07-08,-91,ATIVA,VENCIDA,
DES001328,EXP002885,PGR-00054499/2026,DOCUMENTO,CIVINT/STIC,CIVINT-STIC-U08,Nelson Mock,CIVINT-STIC-U01,Gabriela Simulada,2026-08-25T17:22:54-03:00,2026-09-07,-30,ATIVA,VENCIDA,
DES001329,EXP002887,PGR-00091940/2026,DOCUMENTO,CIVINT/STIC,CIVINT-STIC-U05,Karina Ensaio,CIVINT-STIC-U01,Gabriela Simulada,2026-07-02T19:46:41-03:00,2026-07-14,-85,ATIVA,VENCIDA,
DES001330,EXP002888,PGR-00063064/2026,DOCUMENTO,CIVINT/STIC,CIVINT-STIC-U06,Lucas Esboço,CIVINT-STIC-U01,Gabriela Simulada,2026-09-12T12:43:14-03:00,2026-09-26,-11,ATIVA,VENCIDA,
DES001331,EXP002889,PGR-00055475/2026,DOCUMENTO,CIVINT/STIC,CIVINT-STIC-U03,Isabela Piloto,CIVINT-STIC-U01,Gabriela Simulada,2026-10-06T16:45:10-03:00,2026-10-13,6,ATIVA,NO_PRAZO,
DES001332,EXP002890,PGR-00062663/2026,DOCUMENTO,CIVINT/STIC,CIVINT-STIC-U08,Nelson Mock,CIVINT-STIC-U01,Gabriela Simulada,2026-10-03T06:34:43-03:00,2026-10-14,7,ATIVA,NO_PRAZO,
DES001333,EXP002892,PGR-00023753/2026,DOCUMENTO,CIVINT/STIC,CIVINT-STIC-U05,Karina Ensaio,CIVINT-STIC-U01,Gabriela Simulada,2026-08-30T10:23:34-03:00,2026-09-03,-34,ATIVA,VENCIDA,
DES001334,EXP002893,PGR-00024302/2026,DOCUMENTO,CIVINT/STIC,CIVINT-STIC-U02,Heitor Protótipo,CIVINT-STIC-U01,Gabriela Simulada,2026-09-22T06:03:08-03:00,2026-09-27,-10,ATIVA,VENCIDA,
DES001335,EXP002894,PGR-00078938/2026,DOCUMENTO,CIVINT/STIC,CIVINT-STIC-U03,Isabela Piloto,CIVINT-STIC-U01,Gabriela Simulada,2026-10-05T11:23:01-03:00,2026-10-18,11,ATIVA,NO_PRAZO,
DES001336,EXP002896,PGR-00094655/2026,DOCUMENTO,CIVINT/STIC,CIVINT-STIC-U06,Lucas Esboço,CIVINT-STIC-U01,Gabriela Simulada,2026-09-05T20:47:18-03:00,2026-09-09,-28,ATIVA,VENCIDA,
DES001337,EXP002897,PGR-00033490/2026,DOCUMENTO,CIVINT/STIC,CIVINT-STIC-U03,Isabela Piloto,CIVINT-STIC-U01,Gabriela Simulada,2026-09-24T21:03:38-03:00,2026-10-04,-3,ATIVA,VENCIDA,
DES001338,EXP002898,PGR-00013000/2026,DOCUMENTO,CIVINT/STIC,CIVINT-STIC-U03,Isabela Piloto,CIVINT-STIC-U01,Gabriela Simulada,2026-09-07T22:21:21-03:00,2026-09-12,-25,ATIVA,VENCIDA,
DES001339,EXP002899,PGR-00056153/2026,DOCUMENTO,CIVINT/STIC,CIVINT-STIC-U04,João Rascunho,CIVINT-STIC-U01,Gabriela Simulada,2026-09-29T13:11:44-03:00,2026-10-09,2,ATIVA,NO_PRAZO,
DES001340,EXP002900,PGR-00009277/2026,DOCUMENTO,CIVINT/STIC,CIVINT-STIC-U08,Nelson Mock,CIVINT-STIC-U01,Gabriela Simulada,2026-09-08T16:23:45-03:00,2026-09-16,-21,ATIVA,VENCIDA,
DES001341,EXP002902,PGR-00026606/2026,DOCUMENTO,CIVINT/STIC,CIVINT-STIC-U03,Isabela Piloto,CIVINT-STIC-U01,Gabriela Simulada,2026-07-11T06:58:27-03:00,2026-07-21,-78,ATIVA,VENCIDA,
DES001342,EXP002903,PGR-00060302/2026,DOCUMENTO,CIVINT/STIC,CIVINT-STIC-U06,Lucas Esboço,CIVINT-STIC-U01,Gabriela Simulada,2026-09-10T09:27:21-03:00,2026-09-13,-24,ATIVA,VENCIDA,
DES001343,EXP002905,PGR-00088540/2026,DOCUMENTO,CIVINT/STIC,CIVINT-STIC-U06,Lucas Esboço,CIVINT-STIC-U01,Gabriela Simulada,2026-09-26T19:57:49-03:00,2026-10-06,-1,ATIVA,VENCIDA,
DES001344,EXP002907,PGR-00097270/2026,DOCUMENTO,CIVINT/STIC,CIVINT-STIC-U06,Lucas Esboço,CIVINT-STIC-U01,Gabriela Simulada,2026-08-07T15:33:08-03:00,2026-08-13,-55,ATIVA,VENCIDA,
DES001345,EXP002908,PGR-00021531/2026,DOCUMENTO,CIVINT/STIC,CIVINT-STIC-U05,Karina Ensaio,CIVINT-STIC-U01,Gabriela Simulada,2026-07-26T13:23:30-03:00,2026-08-08,-60,ATIVA,VENCIDA,
DES001346,EXP002909,PGR-00091921/2026,DOCUMENTO,CIVINT/STIC,CIVINT-STIC-U05,Karina Ensaio,CIVINT-STIC-U01,Gabriela Simulada,2026-09-18T13:40:50-03:00,2026-09-25,-12,ATIVA,VENCIDA,
DES001347,EXP002910,PGR-00019811/2026,DOCUMENTO,CIVINT/STIC,CIVINT-STIC-U06,Lucas Esboço,CIVINT-STIC-U01,Gabriela Simulada,2026-09-02T08:52:07-03:00,2026-09-13,-24,ATIVA,VENCIDA,
DES001348,EXP002911,PGR-00043114/2026,DOCUMENTO,CIVINT/STIC,CIVINT-STIC-U08,Nelson Mock,CIVINT-STIC-U01,Gabriela Simulada,2026-09-18T22:34:10-03:00,2026-09-29,-8,ATIVA,VENCIDA,
DES001349,EXP002912,PGR-00082309/2026,DOCUMENTO,CIVINT/STIC,CIVINT-STIC-U06,Lucas Esboço,CIVINT-STIC-U01,Gabriela Simulada,2026-09-20T14:23:03-03:00,2026-10-03,-4,ATIVA,VENCIDA,
DES001350,EXP002914,PGR-00017747/2026,DOCUMENTO,CIVINT/STIC,CIVINT-STIC-U06,Lucas Esboço,CIVINT-STIC-U01,Gabriela Simulada,2026-09-11T07:46:15-03:00,2026-09-25,-12,ATIVA,VENCIDA,
DES001351,EXP002915,PGR-00098851/2026,DOCUMENTO,CIVINT/STIC,CIVINT-STIC-U03,Isabela Piloto,CIVINT-STIC-U01,Gabriela Simulada,2026-10-06T04:25:37-03:00,2026-10-17,10,ATIVA,NO_PRAZO,
DES001352,EXP002917,PGR-00055816/2026,DOCUMENTO,CIVINT/STIC,CIVINT-STIC-U02,Heitor Protótipo,CIVINT-STIC-U01,Gabriela Simulada,2026-09-10T02:17:12-03:00,2026-09-13,-24,ATIVA,VENCIDA,
DES001353,EXP002918,PGR-00097932/2026,DOCUMENTO,CIVINT/STIC,CIVINT-STIC-U06,Lucas Esboço,CIVINT-STIC-U01,Gabriela Simulada,2026-09-15T17:08:18-03:00,2026-09-27,-10,ATIVA,VENCIDA,
DES001354,EXP002919,PGR-00033769/2026,DOCUMENTO,CIVINT/STIC,CIVINT-STIC-U04,João Rascunho,CIVINT-STIC-U01,Gabriela Simulada,2026-10-07T14:21:36-03:00,2026-10-14,7,ATIVA,NO_PRAZO,
DES001355,EXP002920,PGR-00038080/2026,DOCUMENTO,CIVINT/STIC,CIVINT-STIC-U07,Marina Maquete,CIVINT-STIC-U01,Gabriela Simulada,2026-10-02T12:05:32-03:00,2026-10-06,-1,ATIVA,VENCIDA,
DES001356,EXP002922,PGR-00094306/2026,DOCUMENTO,CIVINT/STIC,CIVINT-STIC-U06,Lucas Esboço,CIVINT-STIC-U01,Gabriela Simulada,2026-08-03T01:17:07-03:00,2026-08-18,-50,ATIVA,VENCIDA,
DES001357,EXP002925,PGR-00069439/2026,DOCUMENTO,CIVINT/STIC,CIVINT-STIC-U05,Karina Ensaio,CIVINT-STIC-U01,Gabriela Simulada,2026-09-24T18:18:05-03:00,2026-10-01,-6,ATIVA,VENCIDA,
DES001358,EXP002926,PGR-00016035/2026,DOCUMENTO,CIVINT/STIC,CIVINT-STIC-U08,Nelson Mock,CIVINT-STIC-U01,Gabriela Simulada,2026-10-03T13:59:16-03:00,2026-10-07,0,ATIVA,NO_PRAZO,
DES001359,EXP002927,PGR-00084862/2026,DOCUMENTO,CIVINT/STIC,CIVINT-STIC-U06,Lucas Esboço,CIVINT-STIC-U01,Gabriela Simulada,2026-10-02T21:55:55-03:00,2026-10-06,-1,ATIVA,VENCIDA,
DES001360,EXP002928,PGR-00042239/2026,DOCUMENTO,CIVINT/STIC,CIVINT-STIC-U02,Heitor Protótipo,CIVINT-STIC-U01,Gabriela Simulada,2026-10-07T07:42:54-03:00,2026-10-22,15,ATIVA,NO_PRAZO,
DES001361,EXP002930,PGR-00047945/2026,DOCUMENTO,CIVINT/STIC,CIVINT-STIC-U05,Karina Ensaio,CIVINT-STIC-U01,Gabriela Simulada,2026-10-07T06:18:03-03:00,2026-10-20,13,ATIVA,NO_PRAZO,
DES001362,EXP002931,PGR-00025016/2026,DOCUMENTO,CIVINT/STIC,CIVINT-STIC-U07,Marina Maquete,CIVINT-STIC-U01,Gabriela Simulada,2026-09-20T23:15:19-03:00,2026-09-29,-8,ATIVA,VENCIDA,
DES001363,EXP002933,PGR-00084612/2026,DOCUMENTO,CIVINT/STIC,CIVINT-STIC-U05,Karina Ensaio,CIVINT-STIC-U01,Gabriela Simulada,2026-10-06T15:43:30-03:00,2026-10-18,11,ATIVA,NO_PRAZO,
DES001364,EXP002934,PGR-00015711/2026,DOCUMENTO,CIVINT/STIC,CIVINT-STIC-U04,João Rascunho,CIVINT-STIC-U01,Gabriela Simulada,2026-08-25T02:08:17-03:00,2026-08-29,-39,ATIVA,VENCIDA,
DES001365,EXP002935,PGR-00089937/2026,DOCUMENTO,CIVINT/STIC,CIVINT-STIC-U08,Nelson Mock,CIVINT-STIC-U01,Gabriela Simulada,2026-09-24T05:44:40-03:00,2026-10-03,-4,ATIVA,VENCIDA,
DES001366,EXP002936,PGR-00071705/2026,DOCUMENTO,CIVINT/STIC,CIVINT-STIC-U03,Isabela Piloto,CIVINT-STIC-U01,Gabriela Simulada,2026-08-24T18:20:35-03:00,2026-09-03,-34,ATIVA,VENCIDA,
DES001367,EXP002938,PGR-00035178/2026,DOCUMENTO,CIVINT/STIC,CIVINT-STIC-U06,Lucas Esboço,CIVINT-STIC-U01,Gabriela Simulada,2026-10-06T16:04:17-03:00,2026-10-09,2,ATIVA,NO_PRAZO,
DES001368,EXP002939,PGR-00039934/2026,DOCUMENTO,CIVINT/STIC,CIVINT-STIC-U08,Nelson Mock,CIVINT-STIC-U01,Gabriela Simulada,2026-10-03T04:55:09-03:00,2026-10-16,9,ATIVA,NO_PRAZO,
DES001369,EXP002941,PGR-00025089/2026,DOCUMENTO,CIVINT/STIC,CIVINT-STIC-U05,Karina Ensaio,CIVINT-STIC-U01,Gabriela Simulada,2026-09-05T16:04:29-03:00,2026-09-10,-27,ATIVA,VENCIDA,
DES001370,EXP002945,PGR-00060590/2026,DOCUMENTO,CIVINT/STIC,CIVINT-STIC-U06,Lucas Esboço,CIVINT-STIC-U01,Gabriela Simulada,2026-07-12T09:10:32-03:00,2026-07-20,-79,ATIVA,VENCIDA,
DES001371,EXP002946,PGR-00096730/2026,DOCUMENTO,CIVINT/STIC,CIVINT-STIC-U08,Nelson Mock,CIVINT-STIC-U01,Gabriela Simulada,2026-09-23T05:33:45-03:00,2026-10-03,-4,ATIVA,VENCIDA,
DES001372,EXP002947,PGR-00037890/2026,DOCUMENTO,CIVINT/STIC,CIVINT-STIC-U05,Karina Ensaio,CIVINT-STIC-U01,Gabriela Simulada,2026-08-01T23:49:08-03:00,2026-08-15,-53,ATIVA,VENCIDA,
DES001373,EXP002948,PGR-00055102/2026,DOCUMENTO,CIVINT/STIC,CIVINT-STIC-U03,Isabela Piloto,CIVINT-STIC-U01,Gabriela Simulada,2026-09-02T03:24:20-03:00,2026-09-11,-26,ATIVA,VENCIDA,
DES001374,EXP002950,PGR-00004714/2026,DOCUMENTO,CIVINT/STIC,CIVINT-STIC-U08,Nelson Mock,CIVINT-STIC-U01,Gabriela Simulada,2026-09-05T04:13:39-03:00,2026-09-16,-21,ATIVA,VENCIDA,
DES001375,EXP002951,PGR-00049573/2026,DOCUMENTO,CIVINT/STIC,CIVINT-STIC-U08,Nelson Mock,CIVINT-STIC-U01,Gabriela Simulada,2026-10-07T17:00:00-03:00,2026-10-21,14,ATIVA,NO_PRAZO,
DES001376,EXP002952,PGR-00097106/2026,DOCUMENTO,CIVINT/STIC,CIVINT-STIC-U04,João Rascunho,CIVINT-STIC-U01,Gabriela Simulada,2026-08-25T16:58:51-03:00,2026-09-08,-29,ATIVA,VENCIDA,
DES001377,EXP002956,PGR-00011916/2026,DOCUMENTO,CIVINT/STIC,CIVINT-STIC-U06,Lucas Esboço,CIVINT-STIC-U01,Gabriela Simulada,2026-09-15T10:00:44-03:00,2026-09-19,-18,ATIVA,VENCIDA,
DES001378,EXP002957,PGR-00040108/2026,DOCUMENTO,CIVINT/STIC,CIVINT-STIC-U08,Nelson Mock,CIVINT-STIC-U01,Gabriela Simulada,2026-09-26T22:55:16-03:00,2026-10-09,2,ATIVA,NO_PRAZO,
DES001379,EXP002959,PGR-00014994/2026,DOCUMENTO,CIVINT/STIC,CIVINT-STIC-U02,Heitor Protótipo,CIVINT-STIC-U01,Gabriela Simulada,2026-10-01T00:24:41-03:00,2026-10-13,6,ATIVA,NO_PRAZO,
DES001380,EXP002960,PGR-00022728/2026,DOCUMENTO,CIVINT/STIC,CIVINT-STIC-U02,Heitor Protótipo,CIVINT-STIC-U01,Gabriela Simulada,2026-09-22T18:16:26-03:00,2026-10-02,-5,ATIVA,VENCIDA,
DES001381,EXP002961,PGR-00090514/2026,DOCUMENTO,CIVINT/STIC,CIVINT-STIC-U07,Marina Maquete,CIVINT-STIC-U01,Gabriela Simulada,2026-09-23T11:13:13-03:00,2026-10-04,-3,ATIVA,VENCIDA,
DES001382,EXP002962,PGR-00042415/2026,DOCUMENTO,CIVINT/STIC,CIVINT-STIC-U02,Heitor Protótipo,CIVINT-STIC-U01,Gabriela Simulada,2026-10-07T16:08:10-03:00,2026-10-12,5,ATIVA,NO_PRAZO,
DES001383,EXP002965,PGR-00070661/2026,DOCUMENTO,CIVINT/STIC,CIVINT-STIC-U04,João Rascunho,CIVINT-STIC-U01,Gabriela Simulada,2026-09-05T20:24:46-03:00,2026-09-17,-20,ATIVA,VENCIDA,
DES001384,EXP002967,PGR-00061254/2026,DOCUMENTO,CIVINT/STIC,CIVINT-STIC-U02,Heitor Protótipo,CIVINT-STIC-U01,Gabriela Simulada,2026-07-10T17:56:54-03:00,2026-07-24,-75,ATIVA,VENCIDA,
DES001385,EXP002968,PGR-00024704/2026,DOCUMENTO,CIVINT/STIC,CIVINT-STIC-U06,Lucas Esboço,CIVINT-STIC-U01,Gabriela Simulada,2026-09-30T23:48:14-03:00,2026-10-05,-2,ATIVA,VENCIDA,
DES001386,EXP002971,PGR-00084643/2026,DOCUMENTO,CIVINT/STIC,CIVINT-STIC-U08,Nelson Mock,CIVINT-STIC-U01,Gabriela Simulada,2026-09-20T00:39:16-03:00,2026-09-25,-12,ATIVA,VENCIDA,
DES001387,EXP002972,PGR-00005839/2026,DOCUMENTO,CIVINT/STIC,CIVINT-STIC-U08,Nelson Mock,CIVINT-STIC-U01,Gabriela Simulada,2026-09-13T11:13:47-03:00,2026-09-17,-20,ATIVA,VENCIDA,
DES001388,EXP002973,PGR-00027272/2026,DOCUMENTO,CIVINT/STIC,CIVINT-STIC-U08,Nelson Mock,CIVINT-STIC-U01,Gabriela Simulada,2026-10-04T06:15:47-03:00,2026-10-07,0,ATIVA,NO_PRAZO,
DES001389,EXP002974,PGR-00018816/2026,DOCUMENTO,CIVINT/STIC,CIVINT-STIC-U03,Isabela Piloto,CIVINT-STIC-U01,Gabriela Simulada,2026-09-19T00:18:04-03:00,2026-09-24,-13,ATIVA,VENCIDA,
DES001390,EXP002976,PGR-00067659/2026,DOCUMENTO,CIVINT/STIC,CIVINT-STIC-U06,Lucas Esboço,CIVINT-STIC-U01,Gabriela Simulada,2026-07-20T07:34:10-03:00,2026-07-24,-75,ATIVA,VENCIDA,
DES001391,EXP002979,PGR-00007366/2026,DOCUMENTO,CIVINT/STIC,CIVINT-STIC-U04,João Rascunho,CIVINT-STIC-U01,Gabriela Simulada,2026-09-30T19:08:41-03:00,2026-10-13,6,ATIVA,NO_PRAZO,
DES001392,EXP002980,PGR-00077795/2026,DOCUMENTO,CIVINT/STIC,CIVINT-STIC-U08,Nelson Mock,CIVINT-STIC-U01,Gabriela Simulada,2026-09-04T13:15:55-03:00,2026-09-09,-28,ATIVA,VENCIDA,
DES001393,EXP002983,PGR-00011728/2026,DOCUMENTO,CIVINT/STIC,CIVINT-STIC-U02,Heitor Protótipo,CIVINT-STIC-U01,Gabriela Simulada,2026-09-07T06:53:32-03:00,2026-09-18,-19,ATIVA,VENCIDA,
DES001394,EXP002985,PGR-00040120/2026,DOCUMENTO,CIVINT/STIC,CIVINT-STIC-U03,Isabela Piloto,CIVINT-STIC-U01,Gabriela Simulada,2026-09-07T17:25:41-03:00,2026-09-17,-20,ATIVA,VENCIDA,
DES001395,EXP002987,PGR-00047360/2026,DOCUMENTO,CIVINT/STIC,CIVINT-STIC-U04,João Rascunho,CIVINT-STIC-U01,Gabriela Simulada,2026-09-23T08:33:40-03:00,2026-10-02,-5,ATIVA,VENCIDA,
DES001396,EXP002989,PGR-00092525/2026,DOCUMENTO,CIVINT/STIC,CIVINT-STIC-U05,Karina Ensaio,CIVINT-STIC-U01,Gabriela Simulada,2026-09-07T03:53:54-03:00,2026-09-18,-19,ATIVA,VENCIDA,
DES001397,EXP002991,PGR-00062700/2026,DOCUMENTO,CIVINT/STIC,CIVINT-STIC-U02,Heitor Protótipo,CIVINT-STIC-U01,Gabriela Simulada,2026-09-06T10:31:16-03:00,2026-09-20,-17,ATIVA,VENCIDA,
DES001398,EXP002992,PGR-00068911/2026,DOCUMENTO,CIVINT/STIC,CIVINT-STIC-U07,Marina Maquete,CIVINT-STIC-U01,Gabriela Simulada,2026-09-30T08:49:30-03:00,2026-10-10,3,ATIVA,NO_PRAZO,
DES001399,EXP002995,PGR-00043043/2026,DOCUMENTO,CIVINT/STIC,CIVINT-STIC-U02,Heitor Protótipo,CIVINT-STIC-U01,Gabriela Simulada,2026-09-03T16:39:04-03:00,2026-09-15,-22,ATIVA,VENCIDA,
DES001400,EXP002997,PGR-00079898/2026,DOCUMENTO,CIVINT/STIC,CIVINT-STIC-U07,Marina Maquete,CIVINT-STIC-U01,Gabriela Simulada,2026-09-18T04:31:44-03:00,2026-09-25,-12,ATIVA,VENCIDA,
DES001401,EXP002998,PGR-00098048/2026,DOCUMENTO,CIVINT/STIC,CIVINT-STIC-U04,João Rascunho,CIVINT-STIC-U01,Gabriela Simulada,2026-08-30T12:44:37-03:00,2026-09-14,-23,ATIVA,VENCIDA,
DES001402,EXP003001,PGR-00057400/2026,DOCUMENTO,CIVINT/STIC,CIVINT-STIC-U02,Heitor Protótipo,CIVINT-STIC-U01,Gabriela Simulada,2026-10-01T06:09:19-03:00,2026-10-15,8,ATIVA,NO_PRAZO,
DES001403,EXP003002,PGR-00014057/2026,DOCUMENTO,CIVINT/STIC,CIVINT-STIC-U08,Nelson Mock,CIVINT-STIC-U01,Gabriela Simulada,2026-06-26T03:20:40-03:00,2026-07-03,-96,ATIVA,VENCIDA,
DES001404,EXP003005,PGR-00082015/2026,DOCUMENTO,CIVINT/STIC,CIVINT-STIC-U02,Heitor Protótipo,CIVINT-STIC-U01,Gabriela Simulada,2026-08-21T05:16:58-03:00,2026-09-03,-34,ATIVA,VENCIDA,
DES001405,EXP003006,PGR-00091293/2026,DOCUMENTO,CIVINT/STIC,CIVINT-STIC-U07,Marina Maquete,CIVINT-STIC-U01,Gabriela Simulada,2026-09-21T16:06:59-03:00,2026-09-30,-7,ATIVA,VENCIDA,
DES001406,EXP003009,PGR-00065750/2026,DOCUMENTO,CIVINT/STIC,CIVINT-STIC-U08,Nelson Mock,CIVINT-STIC-U01,Gabriela Simulada,2026-09-05T15:05:16-03:00,2026-09-17,-20,ATIVA,VENCIDA,
DES001407,EXP003010,PGR-00048917/2026,DOCUMENTO,CIVINT/STIC,CIVINT-STIC-U08,Nelson Mock,CIVINT-STIC-U01,Gabriela Simulada,2026-09-22T16:12:56-03:00,2026-10-03,-4,ATIVA,VENCIDA,
DES001408,EXP003011,PGR-00077450/2026,DOCUMENTO,CIVINT/STIC,CIVINT-STIC-U03,Isabela Piloto,CIVINT-STIC-U01,Gabriela Simulada,2026-09-30T07:09:38-03:00,2026-10-03,-4,ATIVA,VENCIDA,
DES001409,EXP003012,PGR-00017359/2026,DOCUMENTO,CIVINT/STIC,CIVINT-STIC-U02,Heitor Protótipo,CIVINT-STIC-U01,Gabriela Simulada,2026-09-16T08:15:18-03:00,2026-09-27,-10,ATIVA,VENCIDA,
DES001410,EXP003014,PGR-00080092/2026,DOCUMENTO,CIVINT/STIC,CIVINT-STIC-U07,Marina Maquete,CIVINT-STIC-U01,Gabriela Simulada,2026-08-29T21:04:12-03:00,2026-09-08,-29,ATIVA,VENCIDA,
DES001411,EXP003015,PGR-00043401/2026,DOCUMENTO,CIVINT/STIC,CIVINT-STIC-U08,Nelson Mock,CIVINT-STIC-U01,Gabriela Simulada,2026-09-16T05:19:24-03:00,2026-09-29,-8,ATIVA,VENCIDA,
DES001412,EXP003016,PGR-00035032/2026,DOCUMENTO,CIVINT/STIC,CIVINT-STIC-U02,Heitor Protótipo,CIVINT-STIC-U01,Gabriela Simulada,2026-10-04T15:55:41-03:00,2026-10-08,1,ATIVA,NO_PRAZO,
DES001413,EXP003019,PGR-00002354/2026,DOCUMENTO,CIVINT/STIC,CIVINT-STIC-U05,Karina Ensaio,CIVINT-STIC-U01,Gabriela Simulada,2026-09-10T02:13:52-03:00,2026-09-18,-19,ATIVA,VENCIDA,
DES001414,EXP003020,PGR-00015247/2026,DOCUMENTO,CIVINT/STIC,CIVINT-STIC-U05,Karina Ensaio,CIVINT-STIC-U01,Gabriela Simulada,2026-08-18T16:28:59-03:00,2026-08-29,-39,ATIVA,VENCIDA,
DES001415,EXP003021,PGR-00026106/2026,DOCUMENTO,CIVINT/STIC,CIVINT-STIC-U07,Marina Maquete,CIVINT-STIC-U01,Gabriela Simulada,2026-09-06T08:33:53-03:00,2026-09-16,-21,ATIVA,VENCIDA,
DES001416,EXP003022,PGR-00091837/2026,DOCUMENTO,CIVINT/STIC,CIVINT-STIC-U05,Karina Ensaio,CIVINT-STIC-U01,Gabriela Simulada,2026-09-10T04:11:41-03:00,2026-09-14,-23,ATIVA,VENCIDA,
DES001417,EXP003023,PGR-00014741/2026,DOCUMENTO,CIVINT/STIC,CIVINT-STIC-U04,João Rascunho,CIVINT-STIC-U01,Gabriela Simulada,2026-08-16T13:23:12-03:00,2026-08-19,-49,ATIVA,VENCIDA,
DES001418,EXP003024,PGR-00015523/2026,DOCUMENTO,CIVINT/STIC,CIVINT-STIC-U02,Heitor Protótipo,CIVINT-STIC-U01,Gabriela Simulada,2026-06-13T03:08:00-03:00,2026-06-20,-109,ATIVA,VENCIDA,
DES001419,EXP003025,PGR-00094251/2026,DOCUMENTO,CIVINT/STIC,CIVINT-STIC-U06,Lucas Esboço,CIVINT-STIC-U01,Gabriela Simulada,2026-08-02T00:31:24-03:00,2026-08-08,-60,ATIVA,VENCIDA,
DES001420,EXP003026,PGR-00082123/2026,DOCUMENTO,CIVINT/STIC,CIVINT-STIC-U08,Nelson Mock,CIVINT-STIC-U01,Gabriela Simulada,2026-09-19T21:52:28-03:00,2026-09-30,-7,ATIVA,VENCIDA,
DES001421,EXP003027,PGR-00070019/2026,DOCUMENTO,CIVINT/STIC,CIVINT-STIC-U03,Isabela Piloto,CIVINT-STIC-U01,Gabriela Simulada,2026-09-06T19:41:58-03:00,2026-09-12,-25,ATIVA,VENCIDA,
DES001422,EXP003028,PGR-00020612/2026,DOCUMENTO,CIVINT/STIC,CIVINT-STIC-U03,Isabela Piloto,CIVINT-STIC-U01,Gabriela Simulada,2026-08-29T21:54:43-03:00,2026-09-01,-36,ATIVA,VENCIDA,
DES001423,EXP003029,PGR-00097655/2026,DOCUMENTO,CIVINT/STIC,CIVINT-STIC-U05,Karina Ensaio,CIVINT-STIC-U01,Gabriela Simulada,2026-08-16T01:19:36-03:00,2026-08-24,-44,ATIVA,VENCIDA,
DES001424,EXP003030,PGR-00099776/2026,DOCUMENTO,CIVINT/STIC,CIVINT-STIC-U06,Lucas Esboço,CIVINT-STIC-U01,Gabriela Simulada,2026-09-23T10:33:53-03:00,2026-10-06,-1,ATIVA,VENCIDA,
DES001425,EXP003031,PGR-00089622/2026,DOCUMENTO,CIVINT/STIC,CIVINT-STIC-U04,João Rascunho,CIVINT-STIC-U01,Gabriela Simulada,2026-09-07T00:42:10-03:00,2026-09-11,-26,ATIVA,VENCIDA,
DES001426,EXP003033,PGR-00066734/2026,DOCUMENTO,CIVINT/STIC,CIVINT-STIC-U03,Isabela Piloto,CIVINT-STIC-U01,Gabriela Simulada,2026-10-07T10:59:59-03:00,2026-10-21,14,ATIVA,NO_PRAZO,
DES001427,EXP003034,PGR-00059937/2026,DOCUMENTO,CIVINT/STIC,CIVINT-STIC-U02,Heitor Protótipo,CIVINT-STIC-U01,Gabriela Simulada,2026-08-14T07:07:58-03:00,2026-08-17,-51,ATIVA,VENCIDA,
DES001428,EXP003035,PGR-00074546/2026,DOCUMENTO,CIVINT/STIC,CIVINT-STIC-U06,Lucas Esboço,CIVINT-STIC-U01,Gabriela Simulada,2026-07-06T15:59:47-03:00,2026-07-15,-84,ATIVA,VENCIDA,
DES001429,EXP003037,PGR-00037520/2026,DOCUMENTO,CIVINT/STIC,CIVINT-STIC-U04,João Rascunho,CIVINT-STIC-U01,Gabriela Simulada,2026-09-19T18:16:36-03:00,2026-10-04,-3,ATIVA,VENCIDA,
DES001430,EXP003038,PGR-00083326/2026,DOCUMENTO,CIVINT/STIC,CIVINT-STIC-U07,Marina Maquete,CIVINT-STIC-U01,Gabriela Simulada,2026-03-01T10:45:03-03:00,2026-03-06,-215,ATIVA,VENCIDA,
DES001431,EXP003040,PGR-00005618/2026,DOCUMENTO,CIVINT/STIC,CIVINT-STIC-U07,Marina Maquete,CIVINT-STIC-U01,Gabriela Simulada,2026-09-16T05:00:28-03:00,2026-09-23,-14,ATIVA,VENCIDA,
DES001432,EXP003041,PGR-00092446/2026,DOCUMENTO,CIVINT/STIC,CIVINT-STIC-U02,Heitor Protótipo,CIVINT-STIC-U01,Gabriela Simulada,2026-09-27T13:15:47-03:00,2026-10-12,5,ATIVA,NO_PRAZO,
DES001433,EXP003043,PGR-00003757/2026,DOCUMENTO,CIVINT/STIC,CIVINT-STIC-U02,Heitor Protótipo,CIVINT-STIC-U01,Gabriela Simulada,2026-07-18T03:49:58-03:00,2026-07-28,-71,ATIVA,VENCIDA,
DES001434,EXP003044,PGR-00021640/2026,DOCUMENTO,CIVINT/STIC,CIVINT-STIC-U02,Heitor Protótipo,CIVINT-STIC-U01,Gabriela Simulada,2026-09-13T03:01:09-03:00,2026-09-18,-19,ATIVA,VENCIDA,
DES001435,EXP003045,PGR-00078743/2026,DOCUMENTO,CIVINT/STIC,CIVINT-STIC-U07,Marina Maquete,CIVINT-STIC-U01,Gabriela Simulada,2026-08-10T23:25:16-03:00,2026-08-20,-48,ATIVA,VENCIDA,
DES001436,EXP003046,PGR-00027944/2026,DOCUMENTO,CIVINT/STIC,CIVINT-STIC-U08,Nelson Mock,CIVINT-STIC-U01,Gabriela Simulada,2026-06-28T06:46:57-03:00,2026-07-05,-94,ATIVA,VENCIDA,
DES001437,EXP003047,PGR-00084938/2026,DOCUMENTO,CIVINT/STIC,CIVINT-STIC-U05,Karina Ensaio,CIVINT-STIC-U01,Gabriela Simulada,2026-10-07T09:58:51-03:00,2026-10-17,10,ATIVA,NO_PRAZO,
DES001438,EXP003048,PGR-00065690/2026,DOCUMENTO,CIVINT/STIC,CIVINT-STIC-U04,João Rascunho,CIVINT-STIC-U01,Gabriela Simulada,2026-09-26T12:42:51-03:00,2026-10-07,0,ATIVA,NO_PRAZO,
DES001439,EXP003049,PGR-00040624/2026,DOCUMENTO,CIVINT/STIC,CIVINT-STIC-U04,João Rascunho,CIVINT-STIC-U01,Gabriela Simulada,2026-09-02T03:27:34-03:00,2026-09-17,-20,ATIVA,VENCIDA,
DES001440,EXP003050,PGR-00051210/2026,DOCUMENTO,CIVINT/STIC,CIVINT-STIC-U07,Marina Maquete,CIVINT-STIC-U01,Gabriela Simulada,2026-06-13T05:26:20-03:00,2026-06-16,-113,ATIVA,VENCIDA,
DES001441,EXP003052,PGR-00028784/2026,DOCUMENTO,CIVINT/STIC,CIVINT-STIC-U04,João Rascunho,CIVINT-STIC-U01,Gabriela Simulada,2026-09-19T03:34:12-03:00,2026-10-04,-3,ATIVA,VENCIDA,
DES001442,EXP003054,PGR-00076113/2026,DOCUMENTO,CIVINT/STIC,CIVINT-STIC-U04,João Rascunho,CIVINT-STIC-U01,Gabriela Simulada,2026-09-13T19:58:15-03:00,2026-09-20,-17,ATIVA,VENCIDA,
DES001443,EXP003055,PGR-00011353/2026,DOCUMENTO,CIVINT/STIC,CIVINT-STIC-U02,Heitor Protótipo,CIVINT-STIC-U01,Gabriela Simulada,2026-09-23T07:16:41-03:00,2026-09-28,-9,ATIVA,VENCIDA,
DES001444,EXP003056,PGR-00009034/2026,DOCUMENTO,CIVINT/STIC,CIVINT-STIC-U03,Isabela Piloto,CIVINT-STIC-U01,Gabriela Simulada,2026-10-03T23:45:51-03:00,2026-10-09,2,ATIVA,NO_PRAZO,
DES001445,EXP003057,PGR-00090743/2026,DOCUMENTO,CIVINT/STIC,CIVINT-STIC-U04,João Rascunho,CIVINT-STIC-U01,Gabriela Simulada,2026-07-20T12:35:55-03:00,2026-08-04,-64,ATIVA,VENCIDA,
DES001446,EXP003058,PGR-00000939/2026,DOCUMENTO,CIVINT/STIC,CIVINT-STIC-U08,Nelson Mock,CIVINT-STIC-U01,Gabriela Simulada,2026-09-13T12:24:31-03:00,2026-09-20,-17,ATIVA,VENCIDA,
DES001447,EXP003059,PGR-00090122/2026,DOCUMENTO,CIVINT/STIC,CIVINT-STIC-U07,Marina Maquete,CIVINT-STIC-U01,Gabriela Simulada,2026-08-31T02:39:19-03:00,2026-09-05,-32,ATIVA,VENCIDA,
DES001448,EXP003060,PGR-00053503/2026,DOCUMENTO,CIVINT/STIC,CIVINT-STIC-U03,Isabela Piloto,CIVINT-STIC-U01,Gabriela Simulada,2026-09-14T14:48:54-03:00,2026-09-25,-12,ATIVA,VENCIDA,
DES001449,EXP003061,PGR-00090391/2026,DOCUMENTO,CIVINT/STIC,CIVINT-STIC-U03,Isabela Piloto,CIVINT-STIC-U01,Gabriela Simulada,2026-08-13T10:15:11-03:00,2026-08-28,-40,ATIVA,VENCIDA,
DES001450,EXP003062,PGR-00027531/2026,DOCUMENTO,CIVINT/STIC,CIVINT-STIC-U04,João Rascunho,CIVINT-STIC-U01,Gabriela Simulada,2026-10-07T12:38:05-03:00,2026-10-15,8,ATIVA,NO_PRAZO,
DES001451,EXP003064,PGR-00010921/2026,DOCUMENTO,CIVINT/STIC,CIVINT-STIC-U04,João Rascunho,CIVINT-STIC-U01,Gabriela Simulada,2026-07-31T01:10:49-03:00,2026-08-05,-63,ATIVA,VENCIDA,
DES001452,EXP003065,PGR-00009053/2026,DOCUMENTO,CIVINT/STIC,CIVINT-STIC-U08,Nelson Mock,CIVINT-STIC-U01,Gabriela Simulada,2026-09-17T02:33:25-03:00,2026-09-22,-15,ATIVA,VENCIDA,
DES001453,EXP003066,PGR-00062706/2026,DOCUMENTO,CIVINT/STIC,CIVINT-STIC-U07,Marina Maquete,CIVINT-STIC-U01,Gabriela Simulada,2026-08-30T16:46:37-03:00,2026-09-13,-24,ATIVA,VENCIDA,
DES001454,EXP003067,PGR-00082782/2026,DOCUMENTO,CIVINT/STIC,CIVINT-STIC-U02,Heitor Protótipo,CIVINT-STIC-U01,Gabriela Simulada,2026-08-19T17:18:07-03:00,2026-08-26,-42,ATIVA,VENCIDA,
DES001455,EXP003069,PGR-00096412/2026,DOCUMENTO,CIVINT/STIC,CIVINT-STIC-U02,Heitor Protótipo,CIVINT-STIC-U01,Gabriela Simulada,2026-08-06T02:03:04-03:00,2026-08-17,-51,ATIVA,VENCIDA,
DES001456,EXP003070,PGR-00023242/2026,DOCUMENTO,CIVINT/STIC,CIVINT-STIC-U03,Isabela Piloto,CIVINT-STIC-U01,Gabriela Simulada,2026-07-07T06:41:55-03:00,2026-07-13,-86,ATIVA,VENCIDA,
DES001457,EXP003071,PGR-00083852/2026,DOCUMENTO,CIVINT/STIC,CIVINT-STIC-U06,Lucas Esboço,CIVINT-STIC-U01,Gabriela Simulada,2026-07-23T04:39:56-03:00,2026-08-06,-62,ATIVA,VENCIDA,
DES001458,EXP003073,PGR-00024775/2026,DOCUMENTO,CIVINT/STIC,CIVINT-STIC-U02,Heitor Protótipo,CIVINT-STIC-U01,Gabriela Simulada,2026-09-17T04:21:34-03:00,2026-09-25,-12,ATIVA,VENCIDA,
DES001459,EXP003074,PGR-00040149/2026,DOCUMENTO,CIVINT/STIC,CIVINT-STIC-U06,Lucas Esboço,CIVINT-STIC-U01,Gabriela Simulada,2026-10-02T01:57:12-03:00,2026-10-16,9,ATIVA,NO_PRAZO,
DES001460,EXP003078,PGR-00093559/2026,DOCUMENTO,CIVINT/STIC,CIVINT-STIC-U02,Heitor Protótipo,CIVINT-STIC-U01,Gabriela Simulada,2026-09-26T08:28:56-03:00,2026-09-29,-8,ATIVA,VENCIDA,
DES001461,EXP003079,PGR-00044709/2026,DOCUMENTO,CIVINT/STIC,CIVINT-STIC-U04,João Rascunho,CIVINT-STIC-U01,Gabriela Simulada,2026-08-13T10:43:20-03:00,2026-08-18,-50,ATIVA,VENCIDA,
DES001462,EXP003080,PGR-00029770/2026,DOCUMENTO,CIVINT/STIC,CIVINT-STIC-U07,Marina Maquete,CIVINT-STIC-U01,Gabriela Simulada,2026-09-26T21:34:00-03:00,2026-10-09,2,ATIVA,NO_PRAZO,
DES001463,EXP003082,PGR-00005846/2026,DOCUMENTO,CIVINT/STIC,CIVINT-STIC-U03,Isabela Piloto,CIVINT-STIC-U01,Gabriela Simulada,2026-08-07T22:10:22-03:00,2026-08-16,-52,ATIVA,VENCIDA,
DES001464,EXP003085,PGR-00058627/2026,DOCUMENTO,CIVINT/STIC,CIVINT-STIC-U07,Marina Maquete,CIVINT-STIC-U01,Gabriela Simulada,2026-10-07T16:33:13-03:00,2026-10-14,7,ATIVA,NO_PRAZO,
DES001465,EXP003086,PGR-00099580/2026,DOCUMENTO,CIVINT/STIC,CIVINT-STIC-U06,Lucas Esboço,CIVINT-STIC-U01,Gabriela Simulada,2026-07-03T09:19:38-03:00,2026-07-14,-85,ATIVA,VENCIDA,
DES001466,EXP003089,PGR-00093133/2026,DOCUMENTO,CIVINT/STIC,CIVINT-STIC-U03,Isabela Piloto,CIVINT-STIC-U01,Gabriela Simulada,2026-10-02T15:08:25-03:00,2026-10-05,-2,ATIVA,VENCIDA,
DES001467,EXP003092,PGR-00058404/2026,DOCUMENTO,CIVINT/STIC,CIVINT-STIC-U03,Isabela Piloto,CIVINT-STIC-U01,Gabriela Simulada,2026-10-06T22:49:08-03:00,2026-10-12,5,ATIVA,NO_PRAZO,
DES001468,EXP003096,PGR-00092976/2026,DOCUMENTO,CIVINT/STIC,CIVINT-STIC-U07,Marina Maquete,CIVINT-STIC-U01,Gabriela Simulada,2026-08-03T01:45:12-03:00,2026-08-12,-56,ATIVA,VENCIDA,
DES001469,EXP003097,PGR-00066113/2026,DOCUMENTO,CIVINT/STIC,CIVINT-STIC-U04,João Rascunho,CIVINT-STIC-U01,Gabriela Simulada,2026-10-02T18:12:24-03:00,2026-10-16,9,ATIVA,NO_PRAZO,
DES001470,EXP003098,PGR-00078829/2026,DOCUMENTO,CIVINT/STIC,CIVINT-STIC-U02,Heitor Protótipo,CIVINT-STIC-U01,Gabriela Simulada,2026-08-29T09:41:04-03:00,2026-09-02,-35,ATIVA,VENCIDA,
DES001471,EXP003099,PGR-00013691/2026,DOCUMENTO,CIVINT/STIC,CIVINT-STIC-U04,João Rascunho,CIVINT-STIC-U01,Gabriela Simulada,2026-09-01T23:47:45-03:00,2026-09-08,-29,ATIVA,VENCIDA,
DES001472,EXP003100,PGR-00087055/2026,DOCUMENTO,CIVINT/STIC,CIVINT-STIC-U06,Lucas Esboço,CIVINT-STIC-U01,Gabriela Simulada,2026-10-04T12:25:52-03:00,2026-10-14,7,ATIVA,NO_PRAZO,
DES001473,EXP003102,PGR-00043120/2026,DOCUMENTO,CIVINT/STIC,CIVINT-STIC-U05,Karina Ensaio,CIVINT-STIC-U01,Gabriela Simulada,2026-09-04T07:08:04-03:00,2026-09-07,-30,ATIVA,VENCIDA,
DES001474,EXP003107,PGR-00093224/2026,DOCUMENTO,CIVINT/STIC,CIVINT-STIC-U06,Lucas Esboço,CIVINT-STIC-U01,Gabriela Simulada,2026-09-29T19:28:32-03:00,2026-10-02,-5,ATIVA,VENCIDA,
DES001475,EXP003108,PGR-00042907/2026,DOCUMENTO,CIVINT/STIC,CIVINT-STIC-U02,Heitor Protótipo,CIVINT-STIC-U01,Gabriela Simulada,2026-07-27T20:19:51-03:00,2026-08-01,-67,ATIVA,VENCIDA,
DES001476,EXP003109,PGR-00001356/2026,DOCUMENTO,CIVINT/STIC,CIVINT-STIC-U03,Isabela Piloto,CIVINT-STIC-U01,Gabriela Simulada,2026-07-25T16:12:31-03:00,2026-08-02,-66,ATIVA,VENCIDA,
DES001477,EXP003110,PGR-00093641/2026,DOCUMENTO,CIVINT/STIC,CIVINT-STIC-U06,Lucas Esboço,CIVINT-STIC-U01,Gabriela Simulada,2026-08-19T10:44:30-03:00,2026-08-30,-38,ATIVA,VENCIDA,
DES001478,EXP003111,PGR-00064878/2026,DOCUMENTO,CIVINT/STIC,CIVINT-STIC-U08,Nelson Mock,CIVINT-STIC-U01,Gabriela Simulada,2026-08-18T07:30:12-03:00,2026-08-23,-45,ATIVA,VENCIDA,
DES001479,EXP003112,PGR-00057582/2026,DOCUMENTO,CIVINT/STIC,CIVINT-STIC-U02,Heitor Protótipo,CIVINT-STIC-U01,Gabriela Simulada,2026-09-12T17:36:58-03:00,2026-09-26,-11,ATIVA,VENCIDA,
DES001480,EXP003114,PGR-00037419/2026,DOCUMENTO,CIVINT/STIC,CIVINT-STIC-U06,Lucas Esboço,CIVINT-STIC-U01,Gabriela Simulada,2026-09-06T18:31:31-03:00,2026-09-17,-20,ATIVA,VENCIDA,
DES001481,EXP003116,PGR-00010690/2026,DOCUMENTO,CIVINT/STIC,CIVINT-STIC-U04,João Rascunho,CIVINT-STIC-U01,Gabriela Simulada,2026-09-23T13:21:16-03:00,2026-09-26,-11,ATIVA,VENCIDA,
DES001482,EXP003121,PGR-00092767/2026,DOCUMENTO,CIVINT/STIC,CIVINT-STIC-U05,Karina Ensaio,CIVINT-STIC-U01,Gabriela Simulada,2026-09-02T16:21:14-03:00,2026-09-17,-20,ATIVA,VENCIDA,
DES001483,EXP003122,PGR-00050877/2026,DOCUMENTO,CIVINT/STIC,CIVINT-STIC-U08,Nelson Mock,CIVINT-STIC-U01,Gabriela Simulada,2026-10-06T20:11:31-03:00,2026-10-16,9,ATIVA,NO_PRAZO,
DES001484,EXP003123,PGR-00061836/2026,DOCUMENTO,CIVINT/STIC,CIVINT-STIC-U05,Karina Ensaio,CIVINT-STIC-U01,Gabriela Simulada,2026-10-07T16:27:37-03:00,2026-10-21,14,ATIVA,NO_PRAZO,
DES001485,EXP003125,PGR-00068757/2026,DOCUMENTO,CIVINT/STIC,CIVINT-STIC-U04,João Rascunho,CIVINT-STIC-U01,Gabriela Simulada,2026-08-29T13:31:57-03:00,2026-09-05,-32,ATIVA,VENCIDA,
DES001486,EXP003126,PGR-00070419/2026,DOCUMENTO,CIVINT/STIC,CIVINT-STIC-U02,Heitor Protótipo,CIVINT-STIC-U01,Gabriela Simulada,2026-09-09T14:01:41-03:00,2026-09-20,-17,ATIVA,VENCIDA,
DES001487,EXP003127,PGR-00053057/2026,DOCUMENTO,CIVINT/STIC,CIVINT-STIC-U03,Isabela Piloto,CIVINT-STIC-U01,Gabriela Simulada,2026-09-20T01:52:33-03:00,2026-09-29,-8,ATIVA,VENCIDA,
DES001488,EXP003128,PGR-00040459/2026,DOCUMENTO,CIVINT/STIC,CIVINT-STIC-U08,Nelson Mock,CIVINT-STIC-U01,Gabriela Simulada,2026-07-25T19:41:16-03:00,2026-07-28,-71,ATIVA,VENCIDA,
DES001489,EXP003129,PGR-00066643/2026,DOCUMENTO,CIVINT/STIC,CIVINT-STIC-U06,Lucas Esboço,CIVINT-STIC-U01,Gabriela Simulada,2026-09-23T19:08:14-03:00,2026-09-26,-11,ATIVA,VENCIDA,
DES001490,EXP003130,PGR-00083745/2026,DOCUMENTO,CIVINT/STIC,CIVINT-STIC-U04,João Rascunho,CIVINT-STIC-U01,Gabriela Simulada,2026-09-30T06:20:54-03:00,2026-10-13,6,ATIVA,NO_PRAZO,
DES001491,EXP003131,PGR-00083227/2026,DOCUMENTO,CIVINT/STIC,CIVINT-STIC-U07,Marina Maquete,CIVINT-STIC-U01,Gabriela Simulada,2026-10-04T09:42:44-03:00,2026-10-10,3,ATIVA,NO_PRAZO,
DES001492,EXP003132,PGR-00047130/2026,DOCUMENTO,CIVINT/STIC,CIVINT-STIC-U07,Marina Maquete,CIVINT-STIC-U01,Gabriela Simulada,2026-09-28T20:21:42-03:00,2026-10-06,-1,ATIVA,VENCIDA,
DES001493,EXP003133,PGR-00006070/2026,DOCUMENTO,CIVINT/STIC,CIVINT-STIC-U07,Marina Maquete,CIVINT-STIC-U01,Gabriela Simulada,2026-09-10T09:13:50-03:00,2026-09-16,-21,ATIVA,VENCIDA,
DES001494,EXP003134,PGR-00078994/2026,DOCUMENTO,CIVINT/STIC,CIVINT-STIC-U07,Marina Maquete,CIVINT-STIC-U01,Gabriela Simulada,2026-09-04T04:10:29-03:00,2026-09-16,-21,ATIVA,VENCIDA,
DES001495,EXP003135,PGR-00000280/2026,DOCUMENTO,CIVINT/STIC,CIVINT-STIC-U06,Lucas Esboço,CIVINT-STIC-U01,Gabriela Simulada,2026-09-20T11:27:01-03:00,2026-09-25,-12,ATIVA,VENCIDA,
DES001496,EXP003136,PGR-00045995/2026,DOCUMENTO,CIVINT/STIC,CIVINT-STIC-U07,Marina Maquete,CIVINT-STIC-U01,Gabriela Simulada,2026-08-14T23:56:06-03:00,2026-08-17,-51,ATIVA,VENCIDA,
DES001497,EXP003137,PGR-00072750/2026,DOCUMENTO,CIVINT/STIC,CIVINT-STIC-U04,João Rascunho,CIVINT-STIC-U01,Gabriela Simulada,2026-09-14T13:01:00-03:00,2026-09-23,-14,ATIVA,VENCIDA,
DES001498,EXP003139,PGR-00029960/2026,DOCUMENTO,CIVINT/STIC,CIVINT-STIC-U08,Nelson Mock,CIVINT-STIC-U01,Gabriela Simulada,2026-09-23T07:40:40-03:00,2026-10-04,-3,ATIVA,VENCIDA,
DES001499,EXP003140,PGR-00043521/2026,DOCUMENTO,CIVINT/STIC,CIVINT-STIC-U05,Karina Ensaio,CIVINT-STIC-U01,Gabriela Simulada,2026-09-26T22:39:33-03:00,2026-10-01,-6,ATIVA,VENCIDA,
DES001500,EXP003141,PGR-00064924/2026,DOCUMENTO,CIVINT/STIC,CIVINT-STIC-U06,Lucas Esboço,CIVINT-STIC-U01,Gabriela Simulada,2026-08-17T02:18:08-03:00,2026-08-23,-45,ATIVA,VENCIDA,
DES001501,EXP003143,PGR-00012218/2026,DOCUMENTO,CIVINT/STIC,CIVINT-STIC-U07,Marina Maquete,CIVINT-STIC-U01,Gabriela Simulada,2026-07-31T21:03:52-03:00,2026-08-08,-60,ATIVA,VENCIDA,
DES001502,EXP003144,PGR-00091257/2026,DOCUMENTO,CIVINT/STIC,CIVINT-STIC-U06,Lucas Esboço,CIVINT-STIC-U01,Gabriela Simulada,2026-09-10T00:08:03-03:00,2026-09-19,-18,ATIVA,VENCIDA,
DES001503,EXP003147,PGR-00072946/2026,DOCUMENTO,CIVINT/STIC,CIVINT-STIC-U05,Karina Ensaio,CIVINT-STIC-U01,Gabriela Simulada,2026-09-05T00:40:58-03:00,2026-09-12,-25,ATIVA,VENCIDA,
DES001504,EXP003148,PGR-00070274/2026,DOCUMENTO,CIVINT/STIC,CIVINT-STIC-U04,João Rascunho,CIVINT-STIC-U01,Gabriela Simulada,2026-09-22T11:26:18-03:00,2026-09-30,-7,ATIVA,VENCIDA,
DES001505,EXP003149,PGR-00043258/2026,DOCUMENTO,CIVINT/STIC,CIVINT-STIC-U05,Karina Ensaio,CIVINT-STIC-U01,Gabriela Simulada,2026-09-15T04:18:25-03:00,2026-09-18,-19,ATIVA,VENCIDA,
DES001506,EXP003151,PGR-00015288/2026,DOCUMENTO,CIVINT/STIC,CIVINT-STIC-U08,Nelson Mock,CIVINT-STIC-U01,Gabriela Simulada,2026-09-24T00:02:14-03:00,2026-10-09,2,ATIVA,NO_PRAZO,
DES001507,EXP003152,PGR-00022812/2025,DOCUMENTO,CIVINT/STIC,CIVINT-STIC-U03,Isabela Piloto,CIVINT-STIC-U01,Gabriela Simulada,2025-12-26T19:44:50-03:00,2026-01-02,-278,ATIVA,VENCIDA,
DES001508,EXP003153,PGR-00007113/2026,DOCUMENTO,CIVINT/STIC,CIVINT-STIC-U06,Lucas Esboço,CIVINT-STIC-U01,Gabriela Simulada,2026-10-04T17:35:48-03:00,2026-10-14,7,ATIVA,NO_PRAZO,
DES001509,EXP003159,PGR-00067057/2026,DOCUMENTO,CIVINT/STIC,CIVINT-STIC-U08,Nelson Mock,CIVINT-STIC-U01,Gabriela Simulada,2026-10-02T01:01:56-03:00,2026-10-17,10,ATIVA,NO_PRAZO,
DES001510,EXP003161,PGR-00027630/2026,DOCUMENTO,CIVINT/STIC,CIVINT-STIC-U03,Isabela Piloto,CIVINT-STIC-U01,Gabriela Simulada,2026-10-07T05:42:29-03:00,2026-10-20,13,ATIVA,NO_PRAZO,
DES001511,EXP003162,PGR-00057255/2026,DOCUMENTO,CIVINT/STIC,CIVINT-STIC-U05,Karina Ensaio,CIVINT-STIC-U01,Gabriela Simulada,2026-10-04T00:25:49-03:00,2026-10-10,3,ATIVA,NO_PRAZO,
DES001512,EXP003163,PGR-00011539/2026,DOCUMENTO,CIVINT/STIC,CIVINT-STIC-U06,Lucas Esboço,CIVINT-STIC-U01,Gabriela Simulada,2026-09-13T05:52:42-03:00,2026-09-25,-12,ATIVA,VENCIDA,
DES001513,EXP003165,PGR-00059539/2026,DOCUMENTO,CIVINT/STIC,CIVINT-STIC-U07,Marina Maquete,CIVINT-STIC-U01,Gabriela Simulada,2026-08-30T23:53:21-03:00,2026-09-06,-31,ATIVA,VENCIDA,
DES001514,EXP003167,PGR-00085721/2026,DOCUMENTO,CIVINT/STIC,CIVINT-STIC-U08,Nelson Mock,CIVINT-STIC-U01,Gabriela Simulada,2026-09-29T21:41:20-03:00,2026-10-07,0,ATIVA,NO_PRAZO,
DES001515,EXP003168,PGR-00085212/2026,DOCUMENTO,CIVINT/STIC,CIVINT-STIC-U02,Heitor Protótipo,CIVINT-STIC-U01,Gabriela Simulada,2026-09-19T22:35:48-03:00,2026-09-27,-10,ATIVA,VENCIDA,
DES001516,EXP003170,PGR-00091432/2026,DOCUMENTO,CIVINT/STIC,CIVINT-STIC-U07,Marina Maquete,CIVINT-STIC-U01,Gabriela Simulada,2026-09-17T14:44:23-03:00,2026-09-21,-16,ATIVA,VENCIDA,
DES001517,EXP003172,PGR-00044010/2026,DOCUMENTO,CIVINT/STIC,CIVINT-STIC-U06,Lucas Esboço,CIVINT-STIC-U01,Gabriela Simulada,2026-09-19T14:24:11-03:00,2026-09-25,-12,ATIVA,VENCIDA,
DES001518,EXP003173,PGR-00085381/2026,DOCUMENTO,CIVINT/STIC,CIVINT-STIC-U07,Marina Maquete,CIVINT-STIC-U01,Gabriela Simulada,2026-09-16T01:55:48-03:00,2026-09-19,-18,ATIVA,VENCIDA,
DES001519,EXP003174,PGR-00034869/2026,DOCUMENTO,CIVINT/STIC,CIVINT-STIC-U06,Lucas Esboço,CIVINT-STIC-U01,Gabriela Simulada,2026-09-25T23:58:13-03:00,2026-10-07,0,ATIVA,NO_PRAZO,
DES001520,EXP003177,PGR-00024268/2026,DOCUMENTO,CIVINT/STIC,CIVINT-STIC-U08,Nelson Mock,CIVINT-STIC-U01,Gabriela Simulada,2026-09-09T02:48:34-03:00,2026-09-23,-14,ATIVA,VENCIDA,
DES001521,EXP003178,PGR-00015876/2026,DOCUMENTO,CIVINT/STIC,CIVINT-STIC-U08,Nelson Mock,CIVINT-STIC-U01,Gabriela Simulada,2026-09-24T09:46:47-03:00,2026-10-05,-2,ATIVA,VENCIDA,
DES001522,EXP003179,PGR-00097857/2026,DOCUMENTO,CIVINT/STIC,CIVINT-STIC-U07,Marina Maquete,CIVINT-STIC-U01,Gabriela Simulada,2026-06-10T04:20:13-03:00,2026-06-17,-112,ATIVA,VENCIDA,
DES001523,EXP003181,PGR-00089079/2026,DOCUMENTO,CIVINT/STIC,CIVINT-STIC-U03,Isabela Piloto,CIVINT-STIC-U01,Gabriela Simulada,2026-10-04T09:30:03-03:00,2026-10-15,8,ATIVA,NO_PRAZO,
DES001524,EXP003183,1.24.353.754546/2022-95,EXTRAJUDICIAL,CIVINT/STIC,CIVINT-STIC-U07,Marina Maquete,CIVINT-STIC-U01,Gabriela Simulada,2026-10-05T17:55:16-03:00,2026-10-20,15,ENCERRADA,DEVOLVIDA_NO_PRAZO,2026-10-05T18:08:20-03:00
DES001525,EXP003184,1.21.429.907691/2025-69,EXTRAJUDICIAL,CIVINT/STIC,CIVINT-STIC-U04,João Rascunho,CIVINT-STIC-U01,Gabriela Simulada,2026-06-18T06:17:24-03:00,2026-06-23,-106,ATIVA,VENCIDA,
DES001526,EXP003185,1.13.369.753793/2023-19,EXTRAJUDICIAL,CIVINT/STIC,CIVINT-STIC-U05,Karina Ensaio,CIVINT-STIC-U01,Gabriela Simulada,2026-10-07T03:20:01-03:00,2026-10-13,6,ATIVA,NO_PRAZO,
DES001527,EXP003186,1.30.042.397889/2021-18,EXTRAJUDICIAL,CIVINT/STIC,CIVINT-STIC-U04,João Rascunho,CIVINT-STIC-U01,Gabriela Simulada,2026-09-07T00:26:36-03:00,2026-09-20,-17,ATIVA,VENCIDA,
DES001528,EXP003187,1.11.719.919460/2024-23,EXTRAJUDICIAL,CIVINT/STIC,CIVINT-STIC-U08,Nelson Mock,CIVINT-STIC-U01,Gabriela Simulada,2026-08-14T08:55:49-03:00,2026-08-28,-40,ATIVA,VENCIDA,
DES001529,EXP003193,PGR-00035091/2026,DOCUMENTO,CIVINT/STIC,CIVINT-STIC-U05,Karina Ensaio,CIVINT-STIC-U01,Gabriela Simulada,2026-09-08T17:40:37-03:00,2026-09-23,-6,ENCERRADA,DEVOLVIDA_COM_ATRASO,2026-09-29T03:39:00-03:00
DES001530,EXP003194,PGR-00040378/2026,DOCUMENTO,CIVINT/STIC,CIVINT-STIC-U07,Marina Maquete,CIVINT-STIC-U01,Gabriela Simulada,2026-07-17T12:16:55-03:00,2026-07-23,5,ENCERRADA,DEVOLVIDA_NO_PRAZO,2026-07-18T21:18:00-03:00
DES001531,EXP003195,PGR-00046578/2026,DOCUMENTO,CIVINT/STIC,CIVINT-STIC-U04,João Rascunho,CIVINT-STIC-U01,Gabriela Simulada,2026-09-07T06:49:12-03:00,2026-09-13,-11,ENCERRADA,DEVOLVIDA_COM_ATRASO,2026-09-24T13:59:00-03:00
DES001532,EXP003197,PGR-00051724/2026,DOCUMENTO,CIVINT/STIC,CIVINT-STIC-U08,Nelson Mock,CIVINT-STIC-U01,Gabriela Simulada,2026-08-09T03:47:14-03:00,2026-08-21,1,ENCERRADA,DEVOLVIDA_NO_PRAZO,2026-08-20T21:07:00-03:00
DES001533,EXP003198,PGR-00009109/2026,DOCUMENTO,CIVINT/STIC,CIVINT-STIC-U02,Heitor Protótipo,CIVINT-STIC-U01,Gabriela Simulada,2026-09-30T01:31:09-03:00,2026-10-13,6,ENCERRADA,DEVOLVIDA_NO_PRAZO,2026-10-07T16:00:00-03:00
DES001534,EXP003199,PGR-00074417/2026,DOCUMENTO,CIVINT/STIC,CIVINT-STIC-U02,Heitor Protótipo,CIVINT-STIC-U01,Gabriela Simulada,2026-09-21T06:15:01-03:00,2026-10-02,-5,ENCERRADA,DEVOLVIDA_COM_ATRASO,2026-10-07T16:00:00-03:00
DES001535,EXP003200,PGR-00089319/2026,DOCUMENTO,CIVINT/STIC,CIVINT-STIC-U03,Isabela Piloto,CIVINT-STIC-U01,Gabriela Simulada,2026-09-24T12:23:07-03:00,2026-10-08,4,ENCERRADA,DEVOLVIDA_NO_PRAZO,2026-10-04T02:59:00-03:00
DES001536,EXP003203,PGR-00093305/2026,DOCUMENTO,CIVINT/STIC,CIVINT-STIC-U07,Marina Maquete,CIVINT-STIC-U01,Gabriela Simulada,2026-06-13T21:31:30-03:00,2026-06-23,-5,ENCERRADA,DEVOLVIDA_COM_ATRASO,2026-06-28T13:07:00-03:00
DES001537,EXP003204,PGR-00019519/2026,DOCUMENTO,CIVINT/STIC,CIVINT-STIC-U03,Isabela Piloto,CIVINT-STIC-U01,Gabriela Simulada,2026-08-18T08:35:03-03:00,2026-08-25,-28,ENCERRADA,DEVOLVIDA_COM_ATRASO,2026-09-22T02:59:00-03:00
DES001538,EXP003207,PGR-00089599/2026,DOCUMENTO,CIVINT/STIC,CIVINT-STIC-U04,João Rascunho,CIVINT-STIC-U01,Gabriela Simulada,2026-08-31T12:30:37-03:00,2026-09-15,2,ENCERRADA,DEVOLVIDA_NO_PRAZO,2026-09-13T21:37:00-03:00
DES001539,EXP003208,PGR-00079629/2026,DOCUMENTO,CIVINT/STIC,CIVINT-STIC-U02,Heitor Protótipo,CIVINT-STIC-U01,Gabriela Simulada,2026-08-07T07:26:35-03:00,2026-08-10,-15,ENCERRADA,DEVOLVIDA_COM_ATRASO,2026-08-25T02:25:00-03:00
DES001540,EXP003209,PGR-00024722/2026,DOCUMENTO,CIVINT/STIC,CIVINT-STIC-U07,Marina Maquete,CIVINT-STIC-U01,Gabriela Simulada,2026-06-13T10:34:37-03:00,2026-06-21,-1,ENCERRADA,DEVOLVIDA_COM_ATRASO,2026-06-22T00:08:00-03:00
DES001541,EXP003211,PGR-00099555/2026,DOCUMENTO,CIVINT/STIC,CIVINT-STIC-U07,Marina Maquete,CIVINT-STIC-U01,Gabriela Simulada,2026-07-18T04:31:11-03:00,2026-07-31,-8,ENCERRADA,DEVOLVIDA_COM_ATRASO,2026-08-08T20:18:00-03:00
DES001542,EXP003212,PGR-00069428/2026,DOCUMENTO,CIVINT/STIC,CIVINT-STIC-U04,João Rascunho,CIVINT-STIC-U01,Gabriela Simulada,2026-06-19T11:00:30-03:00,2026-07-02,-7,ENCERRADA,DEVOLVIDA_COM_ATRASO,2026-07-09T09:13:00-03:00
DES001543,EXP003213,PGR-00048574/2026,DOCUMENTO,CIVINT/STIC,CIVINT-STIC-U04,João Rascunho,CIVINT-STIC-U01,Gabriela Simulada,2026-09-09T02:54:10-03:00,2026-09-16,6,ENCERRADA,DEVOLVIDA_NO_PRAZO,2026-09-10T04:42:00-03:00
DES001544,EXP003215,PGR-00039238/2026,DOCUMENTO,CIVINT/STIC,CIVINT-STIC-U04,João Rascunho,CIVINT-STIC-U01,Gabriela Simulada,2026-07-16T07:29:04-03:00,2026-07-23,-1,ENCERRADA,DEVOLVIDA_COM_ATRASO,2026-07-24T23:39:00-03:00
DES001545,EXP003218,PGR-00091612/2026,DOCUMENTO,CIVINT/STIC,CIVINT-STIC-U02,Heitor Protótipo,CIVINT-STIC-U01,Gabriela Simulada,2026-06-12T21:10:10-03:00,2026-06-24,10,ENCERRADA,DEVOLVIDA_NO_PRAZO,2026-06-14T23:42:00-03:00
DES001546,EXP003219,PGR-00064412/2026,DOCUMENTO,CIVINT/STIC,CIVINT-STIC-U07,Marina Maquete,CIVINT-STIC-U01,Gabriela Simulada,2026-06-14T18:42:40-03:00,2026-06-17,-2,ENCERRADA,DEVOLVIDA_COM_ATRASO,2026-06-19T19:19:00-03:00
DES001547,EXP003221,PGR-00060429/2026,DOCUMENTO,CIVINT/STIC,CIVINT-STIC-U04,João Rascunho,CIVINT-STIC-U01,Gabriela Simulada,2026-09-13T13:56:28-03:00,2026-09-23,-14,ENCERRADA,DEVOLVIDA_COM_ATRASO,2026-10-07T16:00:00-03:00
DES001548,EXP003222,PGR-00059430/2026,DOCUMENTO,CIVINT/STIC,CIVINT-STIC-U05,Karina Ensaio,CIVINT-STIC-U01,Gabriela Simulada,2026-06-19T06:17:33-03:00,2026-06-28,-8,ENCERRADA,DEVOLVIDA_COM_ATRASO,2026-07-06T14:00:00-03:00
DES001549,EXP003223,PGR-00054825/2026,DOCUMENTO,CIVINT/STIC,CIVINT-STIC-U02,Heitor Protótipo,CIVINT-STIC-U01,Gabriela Simulada,2026-07-19T08:38:40-03:00,2026-07-26,-24,ENCERRADA,DEVOLVIDA_COM_ATRASO,2026-08-19T11:18:00-03:00
DES001550,EXP003225,PGR-00034518/2026,DOCUMENTO,CIVINT/STIC,CIVINT-STIC-U02,Heitor Protótipo,CIVINT-STIC-U01,Gabriela Simulada,2026-07-06T10:24:19-03:00,2026-07-16,8,ENCERRADA,DEVOLVIDA_NO_PRAZO,2026-07-08T15:09:00-03:00
DES001551,EXP003227,PGR-00078741/2026,DOCUMENTO,CIVINT/STIC,CIVINT-STIC-U04,João Rascunho,CIVINT-STIC-U01,Gabriela Simulada,2026-09-22T12:40:30-03:00,2026-09-26,1,ENCERRADA,DEVOLVIDA_NO_PRAZO,2026-09-25T09:34:00-03:00
DES001552,EXP003231,PGR-00029816/2026,DOCUMENTO,CIVINT/STIC,CIVINT-STIC-U03,Isabela Piloto,CIVINT-STIC-U01,Gabriela Simulada,2026-07-22T19:57:23-03:00,2026-08-06,-25,ENCERRADA,DEVOLVIDA_COM_ATRASO,2026-08-31T05:03:00-03:00
DES001553,EXP003232,PGR-00076654/2026,DOCUMENTO,CIVINT/STIC,CIVINT-STIC-U06,Lucas Esboço,CIVINT-STIC-U01,Gabriela Simulada,2026-09-09T23:11:09-03:00,2026-09-15,-15,ENCERRADA,DEVOLVIDA_COM_ATRASO,2026-09-30T19:35:00-03:00
DES001554,EXP003241,PGR-00031563/2026,DOCUMENTO,CIVINT/STIC,CIVINT-STIC-U02,Heitor Protótipo,CIVINT-STIC-U01,Gabriela Simulada,2026-06-22T15:56:31-03:00,2026-06-27,-4,ENCERRADA,DEVOLVIDA_COM_ATRASO,2026-07-01T04:49:00-03:00
DES001555,EXP003242,PGR-00018247/2026,DOCUMENTO,CIVINT/STIC,CIVINT-STIC-U02,Heitor Protótipo,CIVINT-STIC-U01,Gabriela Simulada,2026-09-19T12:15:47-03:00,2026-09-22,-15,ENCERRADA,DEVOLVIDA_COM_ATRASO,2026-10-07T16:00:00-03:00
DES001556,EXP003243,PGR-00064216/2026,DOCUMENTO,CIVINT/STIC,CIVINT-STIC-U08,Nelson Mock,CIVINT-STIC-U01,Gabriela Simulada,2026-08-24T03:54:18-03:00,2026-09-01,4,ENCERRADA,DEVOLVIDA_NO_PRAZO,2026-08-28T08:36:00-03:00
DES001557,EXP003244,PGR-00014665/2026,DOCUMENTO,CIVINT/STIC,CIVINT-STIC-U03,Isabela Piloto,CIVINT-STIC-U01,Gabriela Simulada,2026-07-29T10:46:54-03:00,2026-08-04,-28,ENCERRADA,DEVOLVIDA_COM_ATRASO,2026-09-01T22:49:00-03:00
DES001558,EXP003247,PGR-00011566/2026,DOCUMENTO,CIVINT/STIC,CIVINT-STIC-U08,Nelson Mock,CIVINT-STIC-U01,Gabriela Simulada,2026-07-12T09:23:28-03:00,2026-07-27,-21,ENCERRADA,DEVOLVIDA_COM_ATRASO,2026-08-17T03:39:00-03:00
DES001559,EXP003251,PGR-00081222/2026,DOCUMENTO,CIVINT/STIC,CIVINT-STIC-U06,Lucas Esboço,CIVINT-STIC-U01,Gabriela Simulada,2026-09-18T13:19:52-03:00,2026-09-23,-14,ENCERRADA,DEVOLVIDA_COM_ATRASO,2026-10-07T16:00:00-03:00
DES001560,EXP003255,PGR-00077325/2026,DOCUMENTO,CIVINT/STIC,CIVINT-STIC-U05,Karina Ensaio,CIVINT-STIC-U01,Gabriela Simulada,2026-06-26T04:57:28-03:00,2026-07-11,-23,ENCERRADA,DEVOLVIDA_COM_ATRASO,2026-08-03T05:27:00-03:00
DES001561,EXP003261,PGR-00069189/2026,DOCUMENTO,CIVINT/STIC,CIVINT-STIC-U04,João Rascunho,CIVINT-STIC-U01,Gabriela Simulada,2026-08-20T01:22:02-03:00,2026-08-27,-18,ENCERRADA,DEVOLVIDA_COM_ATRASO,2026-09-14T02:48:00-03:00
DES001562,EXP003263,PGR-00018090/2026,DOCUMENTO,CIVINT/STIC,CIVINT-STIC-U08,Nelson Mock,CIVINT-STIC-U01,Gabriela Simulada,2026-06-11T22:36:57-03:00,2026-06-21,-7,ENCERRADA,DEVOLVIDA_COM_ATRASO,2026-06-28T23:04:00-03:00
DES001563,EXP003264,PGR-00058620/2026,DOCUMENTO,CIVINT/STIC,CIVINT-STIC-U08,Nelson Mock,CIVINT-STIC-U01,Gabriela Simulada,2026-09-27T10:49:47-03:00,2026-10-03,-4,ENCERRADA,DEVOLVIDA_COM_ATRASO,2026-10-07T16:00:00-03:00
DES001564,EXP003265,PGR-00085054/2026,DOCUMENTO,CIVINT/STIC,CIVINT-STIC-U05,Karina Ensaio,CIVINT-STIC-U01,Gabriela Simulada,2026-07-31T10:53:39-03:00,2026-08-03,-5,ENCERRADA,DEVOLVIDA_COM_ATRASO,2026-08-08T07:07:00-03:00
DES001565,EXP003266,PGR-00086347/2026,DOCUMENTO,CIVINT/STIC,CIVINT-STIC-U06,Lucas Esboço,CIVINT-STIC-U01,Gabriela Simulada,2026-08-09T02:30:38-03:00,2026-08-14,-9,ENCERRADA,DEVOLVIDA_COM_ATRASO,2026-08-23T18:34:00-03:00
DES001566,EXP003267,PGR-00079604/2026,DOCUMENTO,CIVINT/STIC,CIVINT-STIC-U04,João Rascunho,CIVINT-STIC-U01,Gabriela Simulada,2026-08-31T17:26:07-03:00,2026-09-14,-14,ENCERRADA,DEVOLVIDA_COM_ATRASO,2026-09-28T16:41:00-03:00
DES001567,EXP003271,PGR-00069832/2026,DOCUMENTO,CIVINT/STIC,CIVINT-STIC-U06,Lucas Esboço,CIVINT-STIC-U01,Gabriela Simulada,2026-07-14T20:29:59-03:00,2026-07-22,-17,ENCERRADA,DEVOLVIDA_COM_ATRASO,2026-08-08T16:30:00-03:00
DES001568,EXP003272,PGR-00049376/2026,DOCUMENTO,CIVINT/STIC,CIVINT-STIC-U02,Heitor Protótipo,CIVINT-STIC-U01,Gabriela Simulada,2026-08-25T14:31:36-03:00,2026-09-08,6,ENCERRADA,DEVOLVIDA_NO_PRAZO,2026-09-02T09:07:00-03:00
DES001569,EXP003275,PGR-00027263/2026,DOCUMENTO,CIVINT/STIC,CIVINT-STIC-U08,Nelson Mock,CIVINT-STIC-U01,Gabriela Simulada,2026-09-20T21:44:09-03:00,2026-10-01,-6,ENCERRADA,DEVOLVIDA_COM_ATRASO,2026-10-07T16:00:00-03:00
DES001570,EXP003277,PGR-00062476/2026,DOCUMENTO,CIVINT/STIC,CIVINT-STIC-U07,Marina Maquete,CIVINT-STIC-U01,Gabriela Simulada,2026-07-08T09:58:13-03:00,2026-07-18,8,ENCERRADA,DEVOLVIDA_NO_PRAZO,2026-07-10T10:09:00-03:00
DES001571,EXP003279,PGR-00078778/2026,DOCUMENTO,CIVINT/STIC,CIVINT-STIC-U06,Lucas Esboço,CIVINT-STIC-U01,Gabriela Simulada,2026-09-05T08:06:38-03:00,2026-09-16,-21,ENCERRADA,DEVOLVIDA_COM_ATRASO,2026-10-07T16:00:00-03:00
DES001572,EXP003280,PGR-00013164/2026,DOCUMENTO,CIVINT/STIC,CIVINT-STIC-U03,Isabela Piloto,CIVINT-STIC-U01,Gabriela Simulada,2026-07-15T17:08:40-03:00,2026-07-25,3,ENCERRADA,DEVOLVIDA_NO_PRAZO,2026-07-22T10:23:00-03:00
DES001573,EXP003281,PGR-00043391/2026,DOCUMENTO,CIVINT/STIC,CIVINT-STIC-U07,Marina Maquete,CIVINT-STIC-U01,Gabriela Simulada,2026-06-28T14:32:55-03:00,2026-07-06,-6,ENCERRADA,DEVOLVIDA_COM_ATRASO,2026-07-12T11:01:00-03:00
DES001574,EXP003283,PGR-00033524/2026,DOCUMENTO,CIVINT/STIC,CIVINT-STIC-U02,Heitor Protótipo,CIVINT-STIC-U01,Gabriela Simulada,2026-09-07T12:20:39-03:00,2026-09-14,-22,ENCERRADA,DEVOLVIDA_COM_ATRASO,2026-10-06T17:17:00-03:00
DES001575,EXP003284,PGR-00030591/2026,DOCUMENTO,CIVINT/STIC,CIVINT-STIC-U08,Nelson Mock,CIVINT-STIC-U01,Gabriela Simulada,2026-09-07T09:07:26-03:00,2026-09-16,-21,ENCERRADA,DEVOLVIDA_COM_ATRASO,2026-10-07T16:00:00-03:00
DES001576,EXP003285,PGR-00046634/2026,DOCUMENTO,CIVINT/STIC,CIVINT-STIC-U03,Isabela Piloto,CIVINT-STIC-U01,Gabriela Simulada,2026-08-10T21:52:11-03:00,2026-08-18,-32,ENCERRADA,DEVOLVIDA_COM_ATRASO,2026-09-19T00:41:00-03:00
DES001577,EXP003286,PGR-00027714/2026,DOCUMENTO,CIVINT/STIC,CIVINT-STIC-U03,Isabela Piloto,CIVINT-STIC-U01,Gabriela Simulada,2026-07-18T14:36:33-03:00,2026-07-21,-40,ENCERRADA,DEVOLVIDA_COM_ATRASO,2026-08-30T22:31:00-03:00
DES001578,EXP003287,PGR-00011781/2026,DOCUMENTO,CIVINT/STIC,CIVINT-STIC-U08,Nelson Mock,CIVINT-STIC-U01,Gabriela Simulada,2026-06-18T19:08:22-03:00,2026-06-25,-13,ENCERRADA,DEVOLVIDA_COM_ATRASO,2026-07-08T14:52:00-03:00
DES001579,EXP003293,PGR-00032172/2026,DOCUMENTO,CIVINT/STIC,CIVINT-STIC-U03,Isabela Piloto,CIVINT-STIC-U01,Gabriela Simulada,2026-07-18T07:52:48-03:00,2026-07-21,-34,ENCERRADA,DEVOLVIDA_COM_ATRASO,2026-08-24T09:31:00-03:00
DES001580,EXP003295,PGR-00096500/2026,DOCUMENTO,CIVINT/STIC,CIVINT-STIC-U02,Heitor Protótipo,CIVINT-STIC-U01,Gabriela Simulada,2026-08-30T07:27:52-03:00,2026-09-06,5,ENCERRADA,DEVOLVIDA_NO_PRAZO,2026-09-01T13:10:00-03:00
DES001581,EXP003296,PGR-00046682/2026,DOCUMENTO,CIVINT/STIC,CIVINT-STIC-U06,Lucas Esboço,CIVINT-STIC-U01,Gabriela Simulada,2026-07-26T16:30:12-03:00,2026-08-03,-36,ENCERRADA,DEVOLVIDA_COM_ATRASO,2026-09-08T05:27:00-03:00
DES001582,EXP003297,PGR-00042159/2026,DOCUMENTO,CIVINT/STIC,CIVINT-STIC-U02,Heitor Protótipo,CIVINT-STIC-U01,Gabriela Simulada,2026-06-21T17:32:20-03:00,2026-07-05,-17,ENCERRADA,DEVOLVIDA_COM_ATRASO,2026-07-22T04:06:00-03:00
DES001583,EXP003298,PGR-00063137/2026,DOCUMENTO,CIVINT/STIC,CIVINT-STIC-U04,João Rascunho,CIVINT-STIC-U01,Gabriela Simulada,2026-07-26T00:44:48-03:00,2026-08-04,-28,ENCERRADA,DEVOLVIDA_COM_ATRASO,2026-09-01T00:48:00-03:00
DES001584,EXP003300,PGR-00025587/2026,DOCUMENTO,CIVINT/STIC,CIVINT-STIC-U07,Marina Maquete,CIVINT-STIC-U01,Gabriela Simulada,2026-08-05T06:37:52-03:00,2026-08-20,-28,ENCERRADA,DEVOLVIDA_COM_ATRASO,2026-09-17T19:45:00-03:00
DES001585,EXP003303,PGR-00089502/2026,DOCUMENTO,CIVINT/STIC,CIVINT-STIC-U06,Lucas Esboço,CIVINT-STIC-U01,Gabriela Simulada,2026-06-27T04:33:27-03:00,2026-06-30,-36,ENCERRADA,DEVOLVIDA_COM_ATRASO,2026-08-05T09:56:00-03:00
DES001586,EXP003304,PGR-00046494/2026,DOCUMENTO,CIVINT/STIC,CIVINT-STIC-U02,Heitor Protótipo,CIVINT-STIC-U01,Gabriela Simulada,2026-06-20T00:18:43-03:00,2026-06-30,-21,ENCERRADA,DEVOLVIDA_COM_ATRASO,2026-07-21T13:26:00-03:00
DES001587,EXP003306,PGR-00012855/2026,DOCUMENTO,CIVINT/STIC,CIVINT-STIC-U03,Isabela Piloto,CIVINT-STIC-U01,Gabriela Simulada,2026-09-15T16:15:29-03:00,2026-09-19,-18,ENCERRADA,DEVOLVIDA_COM_ATRASO,2026-10-07T16:00:00-03:00
DES001588,EXP003307,PGR-00021166/2026,DOCUMENTO,CIVINT/STIC,CIVINT-STIC-U07,Marina Maquete,CIVINT-STIC-U01,Gabriela Simulada,2026-09-07T11:01:30-03:00,2026-09-13,-21,ENCERRADA,DEVOLVIDA_COM_ATRASO,2026-10-04T15:35:00-03:00
DES001589,EXP003312,PGR-00013503/2026,DOCUMENTO,CIVINT/STIC,CIVINT-STIC-U02,Heitor Protótipo,CIVINT-STIC-U01,Gabriela Simulada,2026-09-29T04:52:32-03:00,2026-10-14,7,ENCERRADA,DEVOLVIDA_NO_PRAZO,2026-10-07T16:00:00-03:00
DES001590,EXP003316,PGR-00057564/2026,DOCUMENTO,CIVINT/STIC,CIVINT-STIC-U06,Lucas Esboço,CIVINT-STIC-U01,Gabriela Simulada,2026-09-19T22:44:15-03:00,2026-09-24,-6,ENCERRADA,DEVOLVIDA_COM_ATRASO,2026-09-30T02:46:00-03:00
DES001591,EXP003318,PGR-00042083/2026,DOCUMENTO,CIVINT/STIC,CIVINT-STIC-U03,Isabela Piloto,CIVINT-STIC-U01,Gabriela Simulada,2026-09-02T10:39:56-03:00,2026-09-08,-3,ENCERRADA,DEVOLVIDA_COM_ATRASO,2026-09-11T06:57:00-03:00
DES001592,EXP003320,PGR-00036234/2026,DOCUMENTO,CIVINT/STIC,CIVINT-STIC-U02,Heitor Protótipo,CIVINT-STIC-U01,Gabriela Simulada,2026-08-10T17:17:29-03:00,2026-08-25,-14,ENCERRADA,DEVOLVIDA_COM_ATRASO,2026-09-08T19:17:00-03:00
DES001593,EXP003323,PGR-00053376/2026,DOCUMENTO,CIVINT/STIC,CIVINT-STIC-U04,João Rascunho,CIVINT-STIC-U01,Gabriela Simulada,2026-08-09T00:17:02-03:00,2026-08-15,-8,ENCERRADA,DEVOLVIDA_COM_ATRASO,2026-08-23T15:28:00-03:00
DES001594,EXP003324,PGR-00007172/2026,DOCUMENTO,CIVINT/STIC,CIVINT-STIC-U06,Lucas Esboço,CIVINT-STIC-U01,Gabriela Simulada,2026-07-19T14:50:52-03:00,2026-08-03,-10,ENCERRADA,DEVOLVIDA_COM_ATRASO,2026-08-13T13:25:00-03:00
DES001595,EXP003325,PGR-00015605/2026,DOCUMENTO,CIVINT/STIC,CIVINT-STIC-U04,João Rascunho,CIVINT-STIC-U01,Gabriela Simulada,2026-07-19T19:39:42-03:00,2026-08-02,-5,ENCERRADA,DEVOLVIDA_COM_ATRASO,2026-08-07T00:43:00-03:00
DES001596,EXP003326,PGR-00080601/2026,DOCUMENTO,CIVINT/STIC,CIVINT-STIC-U03,Isabela Piloto,CIVINT-STIC-U01,Gabriela Simulada,2026-07-01T16:28:24-03:00,2026-07-12,-16,ENCERRADA,DEVOLVIDA_COM_ATRASO,2026-07-28T05:30:00-03:00
DES001597,EXP003327,PGR-00087150/2026,DOCUMENTO,CIVINT/STIC,CIVINT-STIC-U02,Heitor Protótipo,CIVINT-STIC-U01,Gabriela Simulada,2026-08-25T07:37:28-03:00,2026-08-30,-21,ENCERRADA,DEVOLVIDA_COM_ATRASO,2026-09-20T09:35:00-03:00
DES001598,EXP003329,PGR-00014049/2026,DOCUMENTO,CIVINT/STIC,CIVINT-STIC-U08,Nelson Mock,CIVINT-STIC-U01,Gabriela Simulada,2026-07-18T09:12:55-03:00,2026-07-24,-13,ENCERRADA,DEVOLVIDA_COM_ATRASO,2026-08-06T05:54:00-03:00
DES001599,EXP003330,PGR-00098964/2026,DOCUMENTO,CIVINT/STIC,CIVINT-STIC-U03,Isabela Piloto,CIVINT-STIC-U01,Gabriela Simulada,2026-09-01T15:56:54-03:00,2026-09-13,-24,ENCERRADA,DEVOLVIDA_COM_ATRASO,2026-10-07T16:00:00-03:00
DES001600,EXP003332,PGR-00002684/2026,DOCUMENTO,CIVINT/STIC,CIVINT-STIC-U03,Isabela Piloto,CIVINT-STIC-U01,Gabriela Simulada,2026-09-14T07:24:42-03:00,2026-09-23,8,ENCERRADA,DEVOLVIDA_NO_PRAZO,2026-09-15T17:02:00-03:00
DES001601,EXP003333,PGR-00078427/2026,DOCUMENTO,CIVINT/STIC,CIVINT-STIC-U03,Isabela Piloto,CIVINT-STIC-U01,Gabriela Simulada,2026-09-01T16:55:56-03:00,2026-09-10,-27,ENCERRADA,DEVOLVIDA_COM_ATRASO,2026-10-07T16:00:00-03:00
DES001602,EXP003334,PGR-00019492/2026,DOCUMENTO,CIVINT/STIC,CIVINT-STIC-U06,Lucas Esboço,CIVINT-STIC-U01,Gabriela Simulada,2026-07-23T18:49:05-03:00,2026-08-03,-8,ENCERRADA,DEVOLVIDA_COM_ATRASO,2026-08-11T00:14:00-03:00
DES001603,EXP003336,PGR-00009329/2026,DOCUMENTO,CIVINT/STIC,CIVINT-STIC-U03,Isabela Piloto,CIVINT-STIC-U01,Gabriela Simulada,2026-09-28T23:01:35-03:00,2026-10-07,0,ENCERRADA,DEVOLVIDA_NO_PRAZO,2026-10-07T16:00:00-03:00
DES001604,EXP003339,PGR-00098550/2026,DOCUMENTO,CIVINT/STIC,CIVINT-STIC-U04,João Rascunho,CIVINT-STIC-U01,Gabriela Simulada,2026-06-26T17:21:46-03:00,2026-07-10,-12,ENCERRADA,DEVOLVIDA_COM_ATRASO,2026-07-22T16:27:00-03:00
DES001605,EXP003341,PGR-00002954/2026,DOCUMENTO,CIVINT/STIC,CIVINT-STIC-U08,Nelson Mock,CIVINT-STIC-U01,Gabriela Simulada,2026-09-14T10:30:15-03:00,2026-09-26,-11,ENCERRADA,DEVOLVIDA_COM_ATRASO,2026-10-07T16:00:00-03:00
DES001606,EXP003343,PGR-00023073/2026,DOCUMENTO,CIVINT/STIC,CIVINT-STIC-U03,Isabela Piloto,CIVINT-STIC-U01,Gabriela Simulada,2026-06-17T01:06:29-03:00,2026-06-21,-19,ENCERRADA,DEVOLVIDA_COM_ATRASO,2026-07-10T05:55:00-03:00
DES001607,EXP003345,PGR-00044845/2026,DOCUMENTO,CIVINT/STIC,CIVINT-STIC-U08,Nelson Mock,CIVINT-STIC-U01,Gabriela Simulada,2026-06-21T02:54:29-03:00,2026-06-25,-38,ENCERRADA,DEVOLVIDA_COM_ATRASO,2026-08-02T13:51:00-03:00
DES001608,EXP003346,PGR-00050680/2026,DOCUMENTO,CIVINT/STIC,CIVINT-STIC-U08,Nelson Mock,CIVINT-STIC-U01,Gabriela Simulada,2026-07-24T22:46:57-03:00,2026-08-03,3,ENCERRADA,DEVOLVIDA_NO_PRAZO,2026-07-31T12:09:00-03:00
DES001609,EXP003347,PGR-00064373/2026,DOCUMENTO,CIVINT/STIC,CIVINT-STIC-U07,Marina Maquete,CIVINT-STIC-U01,Gabriela Simulada,2026-08-31T06:10:08-03:00,2026-09-04,-5,ENCERRADA,DEVOLVIDA_COM_ATRASO,2026-09-09T13:33:00-03:00
DES001610,EXP003348,PGR-00047188/2026,DOCUMENTO,CIVINT/STIC,CIVINT-STIC-U03,Isabela Piloto,CIVINT-STIC-U01,Gabriela Simulada,2026-09-24T09:22:40-03:00,2026-10-05,5,ENCERRADA,DEVOLVIDA_NO_PRAZO,2026-09-30T20:42:00-03:00
DES001611,EXP003349,PGR-00081226/2026,DOCUMENTO,CIVINT/STIC,CIVINT-STIC-U02,Heitor Protótipo,CIVINT-STIC-U01,Gabriela Simulada,2026-09-03T19:39:11-03:00,2026-09-18,-19,ENCERRADA,DEVOLVIDA_COM_ATRASO,2026-10-07T16:00:00-03:00
DES001612,EXP003350,PGR-00048474/2026,DOCUMENTO,CIVINT/STIC,CIVINT-STIC-U03,Isabela Piloto,CIVINT-STIC-U01,Gabriela Simulada,2026-07-23T21:25:44-03:00,2026-08-01,-18,ENCERRADA,DEVOLVIDA_COM_ATRASO,2026-08-19T09:19:00-03:00
DES001613,EXP003352,PGR-00075826/2026,DOCUMENTO,CIVINT/STIC,CIVINT-STIC-U04,João Rascunho,CIVINT-STIC-U01,Gabriela Simulada,2026-07-16T08:05:40-03:00,2026-07-25,-20,ENCERRADA,DEVOLVIDA_COM_ATRASO,2026-08-14T10:32:00-03:00
DES001614,EXP003354,PGR-00021575/2026,DOCUMENTO,CIVINT/STIC,CIVINT-STIC-U07,Marina Maquete,CIVINT-STIC-U01,Gabriela Simulada,2026-09-08T15:51:24-03:00,2026-09-23,-9,ENCERRADA,DEVOLVIDA_COM_ATRASO,2026-10-02T03:41:00-03:00
DES001615,EXP003356,PGR-00044966/2026,DOCUMENTO,CIVINT/STIC,CIVINT-STIC-U02,Heitor Protótipo,CIVINT-STIC-U01,Gabriela Simulada,2026-07-17T23:37:34-03:00,2026-07-22,0,ENCERRADA,DEVOLVIDA_NO_PRAZO,2026-07-22T05:42:00-03:00
DES001616,EXP003357,PGR-00007733/2026,DOCUMENTO,CIVINT/STIC,CIVINT-STIC-U05,Karina Ensaio,CIVINT-STIC-U01,Gabriela Simulada,2026-09-28T19:14:50-03:00,2026-10-03,-4,ENCERRADA,DEVOLVIDA_COM_ATRASO,2026-10-07T16:00:00-03:00
DES001617,EXP003360,PGR-00033176/2026,DOCUMENTO,CIVINT/STIC,CIVINT-STIC-U06,Lucas Esboço,CIVINT-STIC-U01,Gabriela Simulada,2026-07-25T01:29:26-03:00,2026-08-08,-3,ENCERRADA,DEVOLVIDA_COM_ATRASO,2026-08-11T23:03:00-03:00
DES001618,EXP003361,PGR-00045154/2026,DOCUMENTO,CIVINT/STIC,CIVINT-STIC-U02,Heitor Protótipo,CIVINT-STIC-U01,Gabriela Simulada,2026-09-02T08:03:25-03:00,2026-09-07,-7,ENCERRADA,DEVOLVIDA_COM_ATRASO,2026-09-14T05:06:00-03:00
DES001619,EXP003362,PGR-00044116/2026,DOCUMENTO,CIVINT/STIC,CIVINT-STIC-U08,Nelson Mock,CIVINT-STIC-U01,Gabriela Simulada,2026-09-07T14:58:14-03:00,2026-09-19,7,ENCERRADA,DEVOLVIDA_NO_PRAZO,2026-09-12T15:27:00-03:00
DES001620,EXP003363,PGR-00030245/2026,DOCUMENTO,CIVINT/STIC,CIVINT-STIC-U08,Nelson Mock,CIVINT-STIC-U01,Gabriela Simulada,2026-06-21T22:13:03-03:00,2026-07-05,-25,ENCERRADA,DEVOLVIDA_COM_ATRASO,2026-07-30T08:45:00-03:00
DES001621,EXP003364,PGR-00020149/2026,DOCUMENTO,CIVINT/STIC,CIVINT-STIC-U03,Isabela Piloto,CIVINT-STIC-U01,Gabriela Simulada,2026-06-30T02:36:21-03:00,2026-07-04,-38,ENCERRADA,DEVOLVIDA_COM_ATRASO,2026-08-11T17:12:00-03:00
DES001622,EXP003365,PGR-00038237/2026,DOCUMENTO,CIVINT/STIC,CIVINT-STIC-U08,Nelson Mock,CIVINT-STIC-U01,Gabriela Simulada,2026-09-04T01:53:10-03:00,2026-09-15,3,ENCERRADA,DEVOLVIDA_NO_PRAZO,2026-09-12T02:00:00-03:00
DES001623,EXP003366,PGR-00027379/2026,DOCUMENTO,CIVINT/STIC,CIVINT-STIC-U06,Lucas Esboço,CIVINT-STIC-U01,Gabriela Simulada,2026-07-08T11:33:41-03:00,2026-07-12,-22,ENCERRADA,DEVOLVIDA_COM_ATRASO,2026-08-03T19:28:00-03:00
DES001624,EXP003370,PGR-00055336/2026,DOCUMENTO,CIVINT/STIC,CIVINT-STIC-U07,Marina Maquete,CIVINT-STIC-U01,Gabriela Simulada,2026-08-21T16:33:27-03:00,2026-09-05,-18,ENCERRADA,DEVOLVIDA_COM_ATRASO,2026-09-23T07:57:00-03:00
DES001625,EXP003373,PGR-00090497/2026,DOCUMENTO,CIVINT/STIC,CIVINT-STIC-U06,Lucas Esboço,CIVINT-STIC-U01,Gabriela Simulada,2026-07-23T08:48:17-03:00,2026-08-04,-9,ENCERRADA,DEVOLVIDA_COM_ATRASO,2026-08-13T17:12:00-03:00
DES001626,EXP003376,PGR-00088507/2026,DOCUMENTO,CIVINT/STIC,CIVINT-STIC-U03,Isabela Piloto,CIVINT-STIC-U01,Gabriela Simulada,2026-09-01T16:12:30-03:00,2026-09-07,-9,ENCERRADA,DEVOLVIDA_COM_ATRASO,2026-09-16T03:17:00-03:00
DES001627,EXP003377,PGR-00024049/2026,DOCUMENTO,CIVINT/STIC,CIVINT-STIC-U02,Heitor Protótipo,CIVINT-STIC-U01,Gabriela Simulada,2026-09-18T21:31:34-03:00,2026-09-30,11,ENCERRADA,DEVOLVIDA_NO_PRAZO,2026-09-19T18:07:00-03:00
DES001628,EXP003379,PGR-00038494/2026,DOCUMENTO,CIVINT/STIC,CIVINT-STIC-U03,Isabela Piloto,CIVINT-STIC-U01,Gabriela Simulada,2026-09-22T00:09:38-03:00,2026-09-30,6,ENCERRADA,DEVOLVIDA_NO_PRAZO,2026-09-24T07:03:00-03:00
DES001629,EXP003380,PGR-00074551/2026,DOCUMENTO,CIVINT/STIC,CIVINT-STIC-U04,João Rascunho,CIVINT-STIC-U01,Gabriela Simulada,2026-09-01T00:39:01-03:00,2026-09-12,-16,ENCERRADA,DEVOLVIDA_COM_ATRASO,2026-09-28T19:12:00-03:00
DES001630,EXP003383,PGR-00019693/2026,DOCUMENTO,CIVINT/STIC,CIVINT-STIC-U05,Karina Ensaio,CIVINT-STIC-U01,Gabriela Simulada,2026-07-16T13:14:16-03:00,2026-07-28,8,ENCERRADA,DEVOLVIDA_NO_PRAZO,2026-07-20T21:37:00-03:00
DES001631,EXP003384,PGR-00030026/2026,DOCUMENTO,CIVINT/STIC,CIVINT-STIC-U03,Isabela Piloto,CIVINT-STIC-U01,Gabriela Simulada,2026-09-02T23:08:37-03:00,2026-09-05,-9,ENCERRADA,DEVOLVIDA_COM_ATRASO,2026-09-14T20:43:00-03:00
DES001632,EXP003386,PGR-00032595/2026,DOCUMENTO,CIVINT/STIC,CIVINT-STIC-U02,Heitor Protótipo,CIVINT-STIC-U01,Gabriela Simulada,2026-07-01T15:26:13-03:00,2026-07-09,-36,ENCERRADA,DEVOLVIDA_COM_ATRASO,2026-08-14T11:46:00-03:00
DES001633,EXP003387,PGR-00006809/2026,DOCUMENTO,CIVINT/STIC,CIVINT-STIC-U08,Nelson Mock,CIVINT-STIC-U01,Gabriela Simulada,2026-09-09T23:58:18-03:00,2026-09-23,2,ENCERRADA,DEVOLVIDA_NO_PRAZO,2026-09-21T20:06:00-03:00
DES001634,EXP003388,PGR-00050525/2026,DOCUMENTO,CIVINT/STIC,CIVINT-STIC-U06,Lucas Esboço,CIVINT-STIC-U01,Gabriela Simulada,2026-09-26T08:57:37-03:00,2026-09-30,-7,ENCERRADA,DEVOLVIDA_COM_ATRASO,2026-10-07T16:00:00-03:00
DES001635,EXP003391,PGR-00094841/2026,DOCUMENTO,CIVINT/STIC,CIVINT-STIC-U07,Marina Maquete,CIVINT-STIC-U01,Gabriela Simulada,2026-09-10T13:37:52-03:00,2026-09-25,5,ENCERRADA,DEVOLVIDA_NO_PRAZO,2026-09-20T07:30:00-03:00
DES001636,EXP003392,PGR-00000701/2026,DOCUMENTO,CIVINT/STIC,CIVINT-STIC-U03,Isabela Piloto,CIVINT-STIC-U01,Gabriela Simulada,2026-06-19T03:20:43-03:00,2026-07-01,-7,ENCERRADA,DEVOLVIDA_COM_ATRASO,2026-07-08T19:50:00-03:00
DES001637,EXP003394,PGR-00034009/2026,DOCUMENTO,CIVINT/STIC,CIVINT-STIC-U03,Isabela Piloto,CIVINT-STIC-U01,Gabriela Simulada,2026-07-08T03:52:17-03:00,2026-07-14,1,ENCERRADA,DEVOLVIDA_NO_PRAZO,2026-07-13T14:17:00-03:00
DES001638,EXP003396,PGR-00084063/2026,DOCUMENTO,CIVINT/STIC,CIVINT-STIC-U03,Isabela Piloto,CIVINT-STIC-U01,Gabriela Simulada,2026-06-20T03:16:45-03:00,2026-06-25,3,ENCERRADA,DEVOLVIDA_NO_PRAZO,2026-06-22T07:54:00-03:00
DES001639,EXP003397,PGR-00008158/2026,DOCUMENTO,CIVINT/STIC,CIVINT-STIC-U02,Heitor Protótipo,CIVINT-STIC-U01,Gabriela Simulada,2026-09-24T16:05:08-03:00,2026-10-07,0,ENCERRADA,DEVOLVIDA_NO_PRAZO,2026-10-07T16:00:00-03:00
DES001640,EXP003399,PGR-00002717/2026,DOCUMENTO,CIVINT/STIC,CIVINT-STIC-U06,Lucas Esboço,CIVINT-STIC-U01,Gabriela Simulada,2026-09-09T17:21:34-03:00,2026-09-13,-4,ENCERRADA,DEVOLVIDA_COM_ATRASO,2026-09-17T14:35:00-03:00
DES001641,EXP003403,PGR-00013077/2026,DOCUMENTO,CIVINT/STIC,CIVINT-STIC-U07,Marina Maquete,CIVINT-STIC-U01,Gabriela Simulada,2026-08-07T02:55:25-03:00,2026-08-20,7,ENCERRADA,DEVOLVIDA_NO_PRAZO,2026-08-13T03:48:00-03:00
DES001642,EXP003404,PGR-00005672/2026,DOCUMENTO,CIVINT/STIC,CIVINT-STIC-U03,Isabela Piloto,CIVINT-STIC-U01,Gabriela Simulada,2026-06-21T10:36:22-03:00,2026-06-28,-9,ENCERRADA,DEVOLVIDA_COM_ATRASO,2026-07-07T07:34:00-03:00
DES001643,EXP003405,PGR-00074873/2026,DOCUMENTO,CIVINT/STIC,CIVINT-STIC-U03,Isabela Piloto,CIVINT-STIC-U01,Gabriela Simulada,2026-08-24T20:53:20-03:00,2026-09-06,-30,ENCERRADA,DEVOLVIDA_COM_ATRASO,2026-10-06T17:35:00-03:00
DES001644,EXP003408,PGR-00078874/2026,DOCUMENTO,CIVINT/STIC,CIVINT-STIC-U04,João Rascunho,CIVINT-STIC-U01,Gabriela Simulada,2026-07-13T11:28:23-03:00,2026-07-26,7,ENCERRADA,DEVOLVIDA_NO_PRAZO,2026-07-19T00:41:00-03:00
DES001645,EXP003411,PGR-00050009/2026,DOCUMENTO,CIVINT/STIC,CIVINT-STIC-U06,Lucas Esboço,CIVINT-STIC-U01,Gabriela Simulada,2026-07-16T17:52:10-03:00,2026-07-20,-23,ENCERRADA,DEVOLVIDA_COM_ATRASO,2026-08-12T00:42:00-03:00
DES001646,EXP003413,PGR-00093507/2026,DOCUMENTO,CIVINT/STIC,CIVINT-STIC-U06,Lucas Esboço,CIVINT-STIC-U01,Gabriela Simulada,2026-07-08T14:41:28-03:00,2026-07-20,-11,ENCERRADA,DEVOLVIDA_COM_ATRASO,2026-07-31T06:02:00-03:00
DES001647,EXP003414,PGR-00042762/2026,DOCUMENTO,CIVINT/STIC,CIVINT-STIC-U05,Karina Ensaio,CIVINT-STIC-U01,Gabriela Simulada,2026-08-03T17:49:45-03:00,2026-08-14,-17,ENCERRADA,DEVOLVIDA_COM_ATRASO,2026-08-31T13:51:00-03:00
DES001648,EXP003418,PGR-00086798/2026,DOCUMENTO,CIVINT/STIC,CIVINT-STIC-U04,João Rascunho,CIVINT-STIC-U01,Gabriela Simulada,2026-08-23T15:31:39-03:00,2026-09-07,-15,ENCERRADA,DEVOLVIDA_COM_ATRASO,2026-09-22T03:44:00-03:00
DES001649,EXP003419,PGR-00083157/2026,DOCUMENTO,CIVINT/STIC,CIVINT-STIC-U03,Isabela Piloto,CIVINT-STIC-U01,Gabriela Simulada,2026-09-11T17:16:33-03:00,2026-09-23,-12,ENCERRADA,DEVOLVIDA_COM_ATRASO,2026-10-05T20:22:00-03:00
DES001650,EXP003420,PGR-00083836/2026,DOCUMENTO,CIVINT/STIC,CIVINT-STIC-U02,Heitor Protótipo,CIVINT-STIC-U01,Gabriela Simulada,2026-08-16T22:59:04-03:00,2026-08-21,-20,ENCERRADA,DEVOLVIDA_COM_ATRASO,2026-09-10T03:10:00-03:00
DES001651,EXP003424,PGR-00039754/2026,DOCUMENTO,CIVINT/STIC,CIVINT-STIC-U04,João Rascunho,CIVINT-STIC-U01,Gabriela Simulada,2026-07-12T22:56:46-03:00,2026-07-17,-7,ENCERRADA,DEVOLVIDA_COM_ATRASO,2026-07-24T05:59:00-03:00
DES001652,EXP003425,PGR-00012529/2026,DOCUMENTO,CIVINT/STIC,CIVINT-STIC-U08,Nelson Mock,CIVINT-STIC-U01,Gabriela Simulada,2026-08-19T12:54:20-03:00,2026-08-30,9,ENCERRADA,DEVOLVIDA_NO_PRAZO,2026-08-21T14:40:00-03:00
DES001653,EXP003426,PGR-00074834/2026,DOCUMENTO,CIVINT/STIC,CIVINT-STIC-U08,Nelson Mock,CIVINT-STIC-U01,Gabriela Simulada,2026-09-25T08:54:31-03:00,2026-09-30,-7,ENCERRADA,DEVOLVIDA_COM_ATRASO,2026-10-07T16:00:00-03:00
DES001654,EXP003428,PGR-00039119/2026,DOCUMENTO,CIVINT/STIC,CIVINT-STIC-U07,Marina Maquete,CIVINT-STIC-U01,Gabriela Simulada,2026-09-24T05:16:54-03:00,2026-09-27,-10,ENCERRADA,DEVOLVIDA_COM_ATRASO,2026-10-07T16:00:00-03:00
DES001655,EXP003430,PGR-00065075/2026,DOCUMENTO,CIVINT/STIC,CIVINT-STIC-U08,Nelson Mock,CIVINT-STIC-U01,Gabriela Simulada,2026-07-21T14:52:27-03:00,2026-07-30,-20,ENCERRADA,DEVOLVIDA_COM_ATRASO,2026-08-19T08:38:00-03:00
DES001656,EXP003431,PGR-00025194/2026,DOCUMENTO,CIVINT/STIC,CIVINT-STIC-U08,Nelson Mock,CIVINT-STIC-U01,Gabriela Simulada,2026-06-23T12:26:45-03:00,2026-07-03,-5,ENCERRADA,DEVOLVIDA_COM_ATRASO,2026-07-08T20:48:00-03:00
DES001657,EXP003432,PGR-00072416/2026,DOCUMENTO,CIVINT/STIC,CIVINT-STIC-U07,Marina Maquete,CIVINT-STIC-U01,Gabriela Simulada,2026-08-23T15:08:45-03:00,2026-09-05,-4,ENCERRADA,DEVOLVIDA_COM_ATRASO,2026-09-09T01:35:00-03:00
DES001658,EXP003435,PGR-00053908/2026,DOCUMENTO,CIVINT/STIC,CIVINT-STIC-U05,Karina Ensaio,CIVINT-STIC-U01,Gabriela Simulada,2026-07-12T03:58:45-03:00,2026-07-22,-33,ENCERRADA,DEVOLVIDA_COM_ATRASO,2026-08-24T06:49:00-03:00
DES001659,EXP003436,PGR-00049107/2026,DOCUMENTO,CIVINT/STIC,CIVINT-STIC-U03,Isabela Piloto,CIVINT-STIC-U01,Gabriela Simulada,2026-07-22T15:09:58-03:00,2026-08-02,-3,ENCERRADA,DEVOLVIDA_COM_ATRASO,2026-08-05T09:01:00-03:00
DES001660,EXP003444,PGR-00057753/2026,DOCUMENTO,CIVINT/STIC,CIVINT-STIC-U07,Marina Maquete,CIVINT-STIC-U01,Gabriela Simulada,2026-07-29T12:05:48-03:00,2026-08-09,-33,ENCERRADA,DEVOLVIDA_COM_ATRASO,2026-09-11T07:50:00-03:00
DES001661,EXP003449,PGR-00061476/2026,DOCUMENTO,CIVINT/STIC,CIVINT-STIC-U06,Lucas Esboço,CIVINT-STIC-U01,Gabriela Simulada,2026-06-23T19:28:15-03:00,2026-07-03,-13,ENCERRADA,DEVOLVIDA_COM_ATRASO,2026-07-16T04:17:00-03:00
DES001662,EXP003452,PGR-00008380/2026,DOCUMENTO,CIVINT/STIC,CIVINT-STIC-U04,João Rascunho,CIVINT-STIC-U01,Gabriela Simulada,2026-06-30T21:49:46-03:00,2026-07-05,-5,ENCERRADA,DEVOLVIDA_COM_ATRASO,2026-07-10T18:10:00-03:00
DES001663,EXP003458,PGR-00086453/2026,DOCUMENTO,CIVINT/STIC,CIVINT-STIC-U07,Marina Maquete,CIVINT-STIC-U01,Gabriela Simulada,2026-09-09T22:52:57-03:00,2026-09-24,-13,ENCERRADA,DEVOLVIDA_COM_ATRASO,2026-10-07T16:00:00-03:00
DES001664,EXP003459,PGR-00089104/2026,DOCUMENTO,CIVINT/STIC,CIVINT-STIC-U04,João Rascunho,CIVINT-STIC-U01,Gabriela Simulada,2026-09-14T00:35:11-03:00,2026-09-21,-16,ENCERRADA,DEVOLVIDA_COM_ATRASO,2026-10-07T16:00:00-03:00
DES001665,EXP003460,PGR-00026424/2026,DOCUMENTO,CIVINT/STIC,CIVINT-STIC-U04,João Rascunho,CIVINT-STIC-U01,Gabriela Simulada,2026-09-07T03:23:00-03:00,2026-09-12,-9,ENCERRADA,DEVOLVIDA_COM_ATRASO,2026-09-21T18:31:00-03:00
DES001666,EXP003467,PGR-00029491/2026,DOCUMENTO,CIVINT/STIC,CIVINT-STIC-U07,Marina Maquete,CIVINT-STIC-U01,Gabriela Simulada,2026-08-17T20:18:47-03:00,2026-08-26,-32,ENCERRADA,DEVOLVIDA_COM_ATRASO,2026-09-27T22:13:00-03:00
DES001667,EXP003469,PGR-00087486/2026,DOCUMENTO,CIVINT/STIC,CIVINT-STIC-U07,Marina Maquete,CIVINT-STIC-U01,Gabriela Simulada,2026-08-14T15:59:20-03:00,2026-08-29,9,ENCERRADA,DEVOLVIDA_NO_PRAZO,2026-08-20T16:09:00-03:00
DES001668,EXP003471,PGR-00090668/2026,DOCUMENTO,CIVINT/STIC,CIVINT-STIC-U06,Lucas Esboço,CIVINT-STIC-U01,Gabriela Simulada,2026-09-18T03:25:22-03:00,2026-09-28,-9,ENCERRADA,DEVOLVIDA_COM_ATRASO,2026-10-07T16:00:00-03:00
DES001669,EXP003472,PGR-00013856/2026,DOCUMENTO,CIVINT/STIC,CIVINT-STIC-U07,Marina Maquete,CIVINT-STIC-U01,Gabriela Simulada,2026-09-18T17:33:08-03:00,2026-09-21,-16,ENCERRADA,DEVOLVIDA_COM_ATRASO,2026-10-07T16:00:00-03:00
DES001670,EXP003474,PGR-00030864/2026,DOCUMENTO,CIVINT/STIC,CIVINT-STIC-U08,Nelson Mock,CIVINT-STIC-U01,Gabriela Simulada,2026-08-28T22:59:50-03:00,2026-09-01,-20,ENCERRADA,DEVOLVIDA_COM_ATRASO,2026-09-21T13:31:00-03:00
DES001671,EXP003476,PGR-00067259/2026,DOCUMENTO,CIVINT/STIC,CIVINT-STIC-U07,Marina Maquete,CIVINT-STIC-U01,Gabriela Simulada,2026-08-29T23:14:17-03:00,2026-09-11,-26,ENCERRADA,DEVOLVIDA_COM_ATRASO,2026-10-07T16:00:00-03:00
DES001672,EXP003477,PGR-00013586/2026,DOCUMENTO,CIVINT/STIC,CIVINT-STIC-U08,Nelson Mock,CIVINT-STIC-U01,Gabriela Simulada,2026-08-08T13:01:35-03:00,2026-08-20,-31,ENCERRADA,DEVOLVIDA_COM_ATRASO,2026-09-20T04:35:00-03:00
DES001673,EXP003478,PGR-00077225/2026,DOCUMENTO,CIVINT/STIC,CIVINT-STIC-U04,João Rascunho,CIVINT-STIC-U01,Gabriela Simulada,2026-06-13T00:15:04-03:00,2026-06-25,-7,ENCERRADA,DEVOLVIDA_COM_ATRASO,2026-07-02T13:08:00-03:00
DES001674,EXP003479,PGR-00024581/2026,DOCUMENTO,CIVINT/STIC,CIVINT-STIC-U02,Heitor Protótipo,CIVINT-STIC-U01,Gabriela Simulada,2026-08-15T02:14:34-03:00,2026-08-27,-21,ENCERRADA,DEVOLVIDA_COM_ATRASO,2026-09-17T05:45:00-03:00
DES001675,EXP003480,PGR-00020106/2026,DOCUMENTO,CIVINT/STIC,CIVINT-STIC-U08,Nelson Mock,CIVINT-STIC-U01,Gabriela Simulada,2026-08-24T02:48:33-03:00,2026-09-05,-17,ENCERRADA,DEVOLVIDA_COM_ATRASO,2026-09-22T21:54:00-03:00
DES001676,EXP003495,PGR-00089374/2026,DOCUMENTO,CIVINT/STIC,CIVINT-STIC-U04,João Rascunho,CIVINT-STIC-U01,Gabriela Simulada,2026-07-23T04:02:39-03:00,2026-07-28,-14,ENCERRADA,DEVOLVIDA_COM_ATRASO,2026-08-11T23:17:00-03:00
DES001677,EXP003496,PGR-00009628/2026,DOCUMENTO,CIVINT/STIC,CIVINT-STIC-U07,Marina Maquete,CIVINT-STIC-U01,Gabriela Simulada,2026-07-27T18:51:25-03:00,2026-08-10,-29,ENCERRADA,DEVOLVIDA_COM_ATRASO,2026-09-08T09:07:00-03:00
DES001678,EXP003497,PGR-00003103/2026,DOCUMENTO,CIVINT/STIC,CIVINT-STIC-U03,Isabela Piloto,CIVINT-STIC-U01,Gabriela Simulada,2026-06-12T20:55:24-03:00,2026-06-19,-1,ENCERRADA,DEVOLVIDA_COM_ATRASO,2026-06-20T18:40:00-03:00
DES001679,EXP003498,PGR-00096894/2026,DOCUMENTO,CIVINT/STIC,CIVINT-STIC-U03,Isabela Piloto,CIVINT-STIC-U01,Gabriela Simulada,2026-08-15T12:17:42-03:00,2026-08-28,-28,ENCERRADA,DEVOLVIDA_COM_ATRASO,2026-09-25T09:20:00-03:00
DES001680,EXP003499,PGR-00047524/2026,DOCUMENTO,CIVINT/STIC,CIVINT-STIC-U05,Karina Ensaio,CIVINT-STIC-U01,Gabriela Simulada,2026-06-15T09:05:10-03:00,2026-06-30,-3,ENCERRADA,DEVOLVIDA_COM_ATRASO,2026-07-03T20:15:00-03:00
DES001681,EXP003500,PGR-00023953/2026,DOCUMENTO,CIVINT/STIC,CIVINT-STIC-U07,Marina Maquete,CIVINT-STIC-U01,Gabriela Simulada,2026-08-13T02:06:48-03:00,2026-08-16,-9,ENCERRADA,DEVOLVIDA_COM_ATRASO,2026-08-25T17:03:00-03:00
DES001682,EXP003504,PGR-00038401/2026,DOCUMENTO,CIVINT/STIC,CIVINT-STIC-U04,João Rascunho,CIVINT-STIC-U01,Gabriela Simulada,2026-07-04T16:52:59-03:00,2026-07-18,-14,ENCERRADA,DEVOLVIDA_COM_ATRASO,2026-08-01T02:40:00-03:00
DES001683,EXP003505,PGR-00072709/2026,DOCUMENTO,CIVINT/STIC,CIVINT-STIC-U08,Nelson Mock,CIVINT-STIC-U01,Gabriela Simulada,2026-06-22T21:20:06-03:00,2026-07-01,5,ENCERRADA,DEVOLVIDA_NO_PRAZO,2026-06-26T05:48:00-03:00
DES001684,EXP003509,PGR-00093482/2026,DOCUMENTO,CIVINT/STIC,CIVINT-STIC-U04,João Rascunho,CIVINT-STIC-U01,Gabriela Simulada,2026-08-16T04:01:27-03:00,2026-08-19,0,ENCERRADA,DEVOLVIDA_NO_PRAZO,2026-08-19T11:38:00-03:00
DES001685,EXP003510,PGR-00067714/2026,DOCUMENTO,CIVINT/STIC,CIVINT-STIC-U02,Heitor Protótipo,CIVINT-STIC-U01,Gabriela Simulada,2026-07-18T03:16:02-03:00,2026-07-29,-8,ENCERRADA,DEVOLVIDA_COM_ATRASO,2026-08-06T03:18:00-03:00
DES001686,EXP003512,PGR-00075257/2026,DOCUMENTO,CIVINT/STIC,CIVINT-STIC-U03,Isabela Piloto,CIVINT-STIC-U01,Gabriela Simulada,2026-07-17T21:57:07-03:00,2026-07-27,7,ENCERRADA,DEVOLVIDA_NO_PRAZO,2026-07-20T17:50:00-03:00
DES001687,EXP003513,PGR-00088534/2026,DOCUMENTO,CIVINT/STIC,CIVINT-STIC-U07,Marina Maquete,CIVINT-STIC-U01,Gabriela Simulada,2026-06-12T03:00:42-03:00,2026-06-22,-5,ENCERRADA,DEVOLVIDA_COM_ATRASO,2026-06-27T18:59:00-03:00
DES001688,EXP003515,PGR-00034596/2026,DOCUMENTO,CIVINT/STIC,CIVINT-STIC-U03,Isabela Piloto,CIVINT-STIC-U01,Gabriela Simulada,2026-06-25T23:00:19-03:00,2026-07-02,2,ENCERRADA,DEVOLVIDA_NO_PRAZO,2026-06-30T02:29:00-03:00
DES001689,EXP003516,PGR-00023696/2026,DOCUMENTO,CIVINT/STIC,CIVINT-STIC-U03,Isabela Piloto,CIVINT-STIC-U01,Gabriela Simulada,2026-09-19T01:03:00-03:00,2026-09-25,-4,ENCERRADA,DEVOLVIDA_COM_ATRASO,2026-09-29T10:14:00-03:00
DES001690,EXP003518,PGR-00008736/2026,DOCUMENTO,CIVINT/STIC,CIVINT-STIC-U02,Heitor Protótipo,CIVINT-STIC-U01,Gabriela Simulada,2026-09-13T16:52:04-03:00,2026-09-21,7,ENCERRADA,DEVOLVIDA_NO_PRAZO,2026-09-14T12:14:00-03:00
DES001691,EXP003522,PGR-00002110/2026,DOCUMENTO,CIVINT/STIC,CIVINT-STIC-U07,Marina Maquete,CIVINT-STIC-U01,Gabriela Simulada,2026-07-12T13:44:07-03:00,2026-07-16,-19,ENCERRADA,DEVOLVIDA_COM_ATRASO,2026-08-04T20:12:00-03:00
DES001692,EXP003524,PGR-00043869/2026,DOCUMENTO,CIVINT/STIC,CIVINT-STIC-U05,Karina Ensaio,CIVINT-STIC-U01,Gabriela Simulada,2026-08-25T23:46:39-03:00,2026-09-06,-3,ENCERRADA,DEVOLVIDA_COM_ATRASO,2026-09-09T17:21:00-03:00
DES001693,EXP003525,PGR-00045417/2026,DOCUMENTO,CIVINT/STIC,CIVINT-STIC-U05,Karina Ensaio,CIVINT-STIC-U01,Gabriela Simulada,2026-09-05T16:51:44-03:00,2026-09-11,-26,ENCERRADA,DEVOLVIDA_COM_ATRASO,2026-10-07T16:00:00-03:00
DES001694,EXP003526,PGR-00032685/2026,DOCUMENTO,CIVINT/STIC,CIVINT-STIC-U08,Nelson Mock,CIVINT-STIC-U01,Gabriela Simulada,2026-08-09T07:39:36-03:00,2026-08-23,13,ENCERRADA,DEVOLVIDA_NO_PRAZO,2026-08-10T06:53:00-03:00
DES001695,EXP003527,PGR-00087940/2026,DOCUMENTO,CIVINT/STIC,CIVINT-STIC-U07,Marina Maquete,CIVINT-STIC-U01,Gabriela Simulada,2026-08-23T23:51:23-03:00,2026-09-01,-6,ENCERRADA,DEVOLVIDA_COM_ATRASO,2026-09-07T14:28:00-03:00
DES001696,EXP003528,PGR-00092055/2026,DOCUMENTO,CIVINT/STIC,CIVINT-STIC-U03,Isabela Piloto,CIVINT-STIC-U01,Gabriela Simulada,2026-08-11T03:39:31-03:00,2026-08-26,-2,ENCERRADA,DEVOLVIDA_COM_ATRASO,2026-08-28T03:56:00-03:00
DES001697,EXP003530,PGR-00013404/2026,DOCUMENTO,CIVINT/STIC,CIVINT-STIC-U04,João Rascunho,CIVINT-STIC-U01,Gabriela Simulada,2026-09-24T20:16:57-03:00,2026-10-06,-1,ENCERRADA,DEVOLVIDA_COM_ATRASO,2026-10-07T16:00:00-03:00
DES001698,EXP003531,PGR-00024426/2026,DOCUMENTO,CIVINT/STIC,CIVINT-STIC-U08,Nelson Mock,CIVINT-STIC-U01,Gabriela Simulada,2026-09-03T17:12:25-03:00,2026-09-13,-1,ENCERRADA,DEVOLVIDA_COM_ATRASO,2026-09-14T10:03:00-03:00
DES001699,EXP003533,PGR-00065101/2026,DOCUMENTO,CIVINT/STIC,CIVINT-STIC-U07,Marina Maquete,CIVINT-STIC-U01,Gabriela Simulada,2026-09-24T20:46:00-03:00,2026-09-30,-7,ENCERRADA,DEVOLVIDA_COM_ATRASO,2026-10-07T16:00:00-03:00
DES001700,EXP003536,PGR-00064838/2026,DOCUMENTO,CIVINT/STIC,CIVINT-STIC-U05,Karina Ensaio,CIVINT-STIC-U01,Gabriela Simulada,2026-07-20T12:30:04-03:00,2026-07-27,-11,ENCERRADA,DEVOLVIDA_COM_ATRASO,2026-08-07T09:17:00-03:00
DES001701,EXP003538,PGR-00044510/2026,DOCUMENTO,CIVINT/STIC,CIVINT-STIC-U04,João Rascunho,CIVINT-STIC-U01,Gabriela Simulada,2026-07-05T21:07:11-03:00,2026-07-19,-1,ENCERRADA,DEVOLVIDA_COM_ATRASO,2026-07-20T13:37:00-03:00
DES001702,EXP003539,PGR-00082005/2026,DOCUMENTO,CIVINT/STIC,CIVINT-STIC-U02,Heitor Protótipo,CIVINT-STIC-U01,Gabriela Simulada,2026-07-18T07:33:28-03:00,2026-07-21,-39,ENCERRADA,DEVOLVIDA_COM_ATRASO,2026-08-29T04:53:00-03:00
DES001703,EXP003548,PGR-00018207/2026,DOCUMENTO,CIVINT/STIC,CIVINT-STIC-U04,João Rascunho,CIVINT-STIC-U01,Gabriela Simulada,2026-08-12T09:46:26-03:00,2026-08-27,-18,ENCERRADA,DEVOLVIDA_COM_ATRASO,2026-09-14T04:32:00-03:00
DES001704,EXP003549,PGR-00019500/2026,DOCUMENTO,CIVINT/STIC,CIVINT-STIC-U07,Marina Maquete,CIVINT-STIC-U01,Gabriela Simulada,2026-08-29T19:49:59-03:00,2026-09-07,-12,ENCERRADA,DEVOLVIDA_COM_ATRASO,2026-09-19T18:45:00-03:00
DES001705,EXP003551,PGR-00015175/2026,DOCUMENTO,CIVINT/STIC,CIVINT-STIC-U05,Karina Ensaio,CIVINT-STIC-U01,Gabriela Simulada,2026-08-23T05:15:50-03:00,2026-09-04,-10,ENCERRADA,DEVOLVIDA_COM_ATRASO,2026-09-14T05:28:00-03:00
DES001706,EXP003552,PGR-00019730/2026,DOCUMENTO,CIVINT/STIC,CIVINT-STIC-U06,Lucas Esboço,CIVINT-STIC-U01,Gabriela Simulada,2026-06-29T20:30:12-03:00,2026-07-03,-16,ENCERRADA,DEVOLVIDA_COM_ATRASO,2026-07-19T10:56:00-03:00
DES001707,EXP003553,PGR-00053245/2026,DOCUMENTO,CIVINT/STIC,CIVINT-STIC-U05,Karina Ensaio,CIVINT-STIC-U01,Gabriela Simulada,2026-09-26T02:34:05-03:00,2026-10-05,-2,ENCERRADA,DEVOLVIDA_COM_ATRASO,2026-10-07T16:00:00-03:00
DES001708,EXP003554,PGR-00063067/2026,DOCUMENTO,CIVINT/STIC,CIVINT-STIC-U03,Isabela Piloto,CIVINT-STIC-U01,Gabriela Simulada,2026-08-14T20:16:14-03:00,2026-08-27,10,ENCERRADA,DEVOLVIDA_NO_PRAZO,2026-08-17T19:25:00-03:00
DES001709,EXP003556,PGR-00047777/2026,DOCUMENTO,CIVINT/STIC,CIVINT-STIC-U08,Nelson Mock,CIVINT-STIC-U01,Gabriela Simulada,2026-08-06T20:25:58-03:00,2026-08-09,-37,ENCERRADA,DEVOLVIDA_COM_ATRASO,2026-09-15T10:43:00-03:00
DES001710,EXP003557,PGR-00066319/2026,DOCUMENTO,CIVINT/STIC,CIVINT-STIC-U02,Heitor Protótipo,CIVINT-STIC-U01,Gabriela Simulada,2026-09-22T07:01:32-03:00,2026-09-30,-7,ENCERRADA,DEVOLVIDA_COM_ATRASO,2026-10-07T16:00:00-03:00
DES001711,EXP003558,PGR-00088867/2026,DOCUMENTO,CIVINT/STIC,CIVINT-STIC-U08,Nelson Mock,CIVINT-STIC-U01,Gabriela Simulada,2026-06-23T19:42:51-03:00,2026-07-04,7,ENCERRADA,DEVOLVIDA_NO_PRAZO,2026-06-27T14:32:00-03:00
DES001712,EXP003559,PGR-00011382/2026,DOCUMENTO,CIVINT/STIC,CIVINT-STIC-U08,Nelson Mock,CIVINT-STIC-U01,Gabriela Simulada,2026-07-04T06:20:06-03:00,2026-07-07,-22,ENCERRADA,DEVOLVIDA_COM_ATRASO,2026-07-29T02:13:00-03:00
DES001713,EXP003563,PGR-00047951/2026,DOCUMENTO,CIVINT/STIC,CIVINT-STIC-U06,Lucas Esboço,CIVINT-STIC-U01,Gabriela Simulada,2026-06-14T00:22:19-03:00,2026-06-17,-19,ENCERRADA,DEVOLVIDA_COM_ATRASO,2026-07-06T21:38:00-03:00
DES001714,EXP003564,PGR-00040074/2026,DOCUMENTO,CIVINT/STIC,CIVINT-STIC-U04,João Rascunho,CIVINT-STIC-U01,Gabriela Simulada,2026-08-24T19:54:35-03:00,2026-09-06,12,ENCERRADA,DEVOLVIDA_NO_PRAZO,2026-08-25T21:58:00-03:00
DES001715,EXP003565,PGR-00063849/2026,DOCUMENTO,CIVINT/STIC,CIVINT-STIC-U05,Karina Ensaio,CIVINT-STIC-U01,Gabriela Simulada,2026-09-10T13:11:27-03:00,2026-09-18,-11,ENCERRADA,DEVOLVIDA_COM_ATRASO,2026-09-29T22:46:00-03:00
DES001716,EXP003570,PGR-00080040/2026,DOCUMENTO,CIVINT/STIC,CIVINT-STIC-U04,João Rascunho,CIVINT-STIC-U01,Gabriela Simulada,2026-06-15T04:33:39-03:00,2026-06-22,-20,ENCERRADA,DEVOLVIDA_COM_ATRASO,2026-07-12T20:39:00-03:00
DES001717,EXP003572,PGR-00076661/2026,DOCUMENTO,CIVINT/STIC,CIVINT-STIC-U07,Marina Maquete,CIVINT-STIC-U01,Gabriela Simulada,2026-07-15T02:21:13-03:00,2026-07-22,-1,ENCERRADA,DEVOLVIDA_COM_ATRASO,2026-07-23T06:05:00-03:00
DES001718,EXP003573,PGR-00004179/2026,DOCUMENTO,CIVINT/STIC,CIVINT-STIC-U04,João Rascunho,CIVINT-STIC-U01,Gabriela Simulada,2026-09-15T06:06:28-03:00,2026-09-18,-19,ENCERRADA,DEVOLVIDA_COM_ATRASO,2026-10-07T16:00:00-03:00
DES001719,EXP003576,PGR-00046394/2026,DOCUMENTO,CIVINT/STIC,CIVINT-STIC-U03,Isabela Piloto,CIVINT-STIC-U01,Gabriela Simulada,2026-09-06T04:12:34-03:00,2026-09-19,-18,ENCERRADA,DEVOLVIDA_COM_ATRASO,2026-10-07T16:00:00-03:00
DES001720,EXP003577,PGR-00099201/2026,DOCUMENTO,CIVINT/STIC,CIVINT-STIC-U06,Lucas Esboço,CIVINT-STIC-U01,Gabriela Simulada,2026-07-08T01:31:08-03:00,2026-07-18,-25,ENCERRADA,DEVOLVIDA_COM_ATRASO,2026-08-12T17:45:00-03:00
DES001721,EXP003581,PGR-00003376/2026,DOCUMENTO,CIVINT/STIC,CIVINT-STIC-U04,João Rascunho,CIVINT-STIC-U01,Gabriela Simulada,2026-07-20T20:57:32-03:00,2026-07-31,0,ENCERRADA,DEVOLVIDA_NO_PRAZO,2026-07-31T22:29:00-03:00
DES001722,EXP003582,PGR-00031351/2026,DOCUMENTO,CIVINT/STIC,CIVINT-STIC-U07,Marina Maquete,CIVINT-STIC-U01,Gabriela Simulada,2026-08-07T08:51:37-03:00,2026-08-15,4,ENCERRADA,DEVOLVIDA_NO_PRAZO,2026-08-11T12:39:00-03:00
DES001723,EXP003586,PGR-00067435/2026,DOCUMENTO,CIVINT/STIC,CIVINT-STIC-U08,Nelson Mock,CIVINT-STIC-U01,Gabriela Simulada,2026-07-26T03:01:03-03:00,2026-08-03,-22,ENCERRADA,DEVOLVIDA_COM_ATRASO,2026-08-25T04:59:00-03:00
DES001724,EXP003590,PGR-00084302/2026,DOCUMENTO,CIVINT/STIC,CIVINT-STIC-U02,Heitor Protótipo,CIVINT-STIC-U01,Gabriela Simulada,2026-08-18T21:52:53-03:00,2026-08-21,-30,ENCERRADA,DEVOLVIDA_COM_ATRASO,2026-09-20T15:36:00-03:00
DES001725,EXP003591,PGR-00053072/2026,DOCUMENTO,CIVINT/STIC,CIVINT-STIC-U02,Heitor Protótipo,CIVINT-STIC-U01,Gabriela Simulada,2026-07-23T07:27:42-03:00,2026-08-06,-3,ENCERRADA,DEVOLVIDA_COM_ATRASO,2026-08-09T05:27:00-03:00
DES001726,EXP003592,PGR-00091107/2026,DOCUMENTO,CIVINT/STIC,CIVINT-STIC-U04,João Rascunho,CIVINT-STIC-U01,Gabriela Simulada,2026-09-29T09:31:22-03:00,2026-10-12,5,ENCERRADA,DEVOLVIDA_NO_PRAZO,2026-10-07T16:00:00-03:00
DES001727,EXP003593,PGR-00018237/2026,DOCUMENTO,CIVINT/STIC,CIVINT-STIC-U08,Nelson Mock,CIVINT-STIC-U01,Gabriela Simulada,2026-09-29T10:23:03-03:00,2026-10-10,3,ENCERRADA,DEVOLVIDA_NO_PRAZO,2026-10-07T16:00:00-03:00
DES001728,EXP003596,PGR-00035116/2026,DOCUMENTO,CIVINT/STIC,CIVINT-STIC-U06,Lucas Esboço,CIVINT-STIC-U01,Gabriela Simulada,2026-07-12T18:58:19-03:00,2026-07-23,-31,ENCERRADA,DEVOLVIDA_COM_ATRASO,2026-08-23T08:21:00-03:00
DES001729,EXP003598,PGR-00014979/2026,DOCUMENTO,CIVINT/STIC,CIVINT-STIC-U07,Marina Maquete,CIVINT-STIC-U01,Gabriela Simulada,2026-08-27T01:16:22-03:00,2026-09-02,-27,ENCERRADA,DEVOLVIDA_COM_ATRASO,2026-09-29T01:53:00-03:00
DES001730,EXP003601,PGR-00093596/2026,DOCUMENTO,CIVINT/STIC,CIVINT-STIC-U08,Nelson Mock,CIVINT-STIC-U01,Gabriela Simulada,2026-09-11T08:16:33-03:00,2026-09-25,-12,ENCERRADA,DEVOLVIDA_COM_ATRASO,2026-10-07T16:00:00-03:00
DES001731,EXP003608,PGR-00026140/2026,DOCUMENTO,CIVINT/STIC,CIVINT-STIC-U04,João Rascunho,CIVINT-STIC-U01,Gabriela Simulada,2026-08-04T02:00:14-03:00,2026-08-12,-10,ENCERRADA,DEVOLVIDA_COM_ATRASO,2026-08-22T01:41:00-03:00
DES001732,EXP003609,PGR-00055395/2026,DOCUMENTO,CIVINT/STIC,CIVINT-STIC-U02,Heitor Protótipo,CIVINT-STIC-U01,Gabriela Simulada,2026-09-01T21:12:44-03:00,2026-09-08,-17,ENCERRADA,DEVOLVIDA_COM_ATRASO,2026-09-25T08:03:00-03:00
DES001733,EXP003610,PGR-00096119/2026,DOCUMENTO,CIVINT/STIC,CIVINT-STIC-U03,Isabela Piloto,CIVINT-STIC-U01,Gabriela Simulada,2026-06-23T17:54:12-03:00,2026-06-26,-2,ENCERRADA,DEVOLVIDA_COM_ATRASO,2026-06-28T00:09:00-03:00
DES001734,EXP003613,PGR-00095705/2026,DOCUMENTO,CIVINT/STIC,CIVINT-STIC-U08,Nelson Mock,CIVINT-STIC-U01,Gabriela Simulada,2026-07-16T05:24:01-03:00,2026-07-19,-13,ENCERRADA,DEVOLVIDA_COM_ATRASO,2026-08-01T04:54:00-03:00
DES001735,EXP003614,PGR-00073660/2026,DOCUMENTO,CIVINT/STIC,CIVINT-STIC-U06,Lucas Esboço,CIVINT-STIC-U01,Gabriela Simulada,2026-06-28T01:16:57-03:00,2026-07-02,-31,ENCERRADA,DEVOLVIDA_COM_ATRASO,2026-08-02T11:32:00-03:00
DES001736,EXP003615,PGR-00064088/2026,DOCUMENTO,CIVINT/STIC,CIVINT-STIC-U08,Nelson Mock,CIVINT-STIC-U01,Gabriela Simulada,2026-07-30T09:34:27-03:00,2026-08-08,-12,ENCERRADA,DEVOLVIDA_COM_ATRASO,2026-08-20T17:17:00-03:00
DES001737,EXP003616,PGR-00078562/2026,DOCUMENTO,CIVINT/STIC,CIVINT-STIC-U04,João Rascunho,CIVINT-STIC-U01,Gabriela Simulada,2026-08-18T03:17:13-03:00,2026-08-26,8,ENCERRADA,DEVOLVIDA_NO_PRAZO,2026-08-18T17:41:00-03:00
DES001738,EXP003620,PGR-00031381/2026,DOCUMENTO,CIVINT/STIC,CIVINT-STIC-U04,João Rascunho,CIVINT-STIC-U01,Gabriela Simulada,2026-06-11T13:45:39-03:00,2026-06-24,1,ENCERRADA,DEVOLVIDA_NO_PRAZO,2026-06-23T05:14:00-03:00
DES001739,EXP003621,PGR-00050528/2026,DOCUMENTO,CIVINT/STIC,CIVINT-STIC-U05,Karina Ensaio,CIVINT-STIC-U01,Gabriela Simulada,2026-07-06T20:19:32-03:00,2026-07-19,-12,ENCERRADA,DEVOLVIDA_COM_ATRASO,2026-07-31T15:44:00-03:00
DES001740,EXP003623,PGR-00020152/2026,DOCUMENTO,CIVINT/STIC,CIVINT-STIC-U06,Lucas Esboço,CIVINT-STIC-U01,Gabriela Simulada,2026-07-14T10:05:22-03:00,2026-07-17,-39,ENCERRADA,DEVOLVIDA_COM_ATRASO,2026-08-25T01:01:00-03:00
DES001741,EXP003624,PGR-00099639/2026,DOCUMENTO,CIVINT/STIC,CIVINT-STIC-U05,Karina Ensaio,CIVINT-STIC-U01,Gabriela Simulada,2026-07-19T08:52:12-03:00,2026-08-03,3,ENCERRADA,DEVOLVIDA_NO_PRAZO,2026-07-31T01:18:00-03:00
DES001742,EXP003629,PGR-00010627/2026,DOCUMENTO,CIVINT/STIC,CIVINT-STIC-U05,Karina Ensaio,CIVINT-STIC-U01,Gabriela Simulada,2026-08-02T12:05:06-03:00,2026-08-14,-14,ENCERRADA,DEVOLVIDA_COM_ATRASO,2026-08-28T02:13:00-03:00
DES001743,EXP003632,PGR-00066895/2026,DOCUMENTO,CIVINT/STIC,CIVINT-STIC-U04,João Rascunho,CIVINT-STIC-U01,Gabriela Simulada,2026-07-23T16:40:18-03:00,2026-07-27,-6,ENCERRADA,DEVOLVIDA_COM_ATRASO,2026-08-02T18:09:00-03:00
DES001744,EXP003634,PGR-00058833/2026,DOCUMENTO,CIVINT/STIC,CIVINT-STIC-U08,Nelson Mock,CIVINT-STIC-U01,Gabriela Simulada,2026-07-28T20:27:08-03:00,2026-08-02,-3,ENCERRADA,DEVOLVIDA_COM_ATRASO,2026-08-05T10:47:00-03:00
DES001745,EXP003635,PGR-00038337/2026,DOCUMENTO,CIVINT/STIC,CIVINT-STIC-U08,Nelson Mock,CIVINT-STIC-U01,Gabriela Simulada,2026-08-02T12:28:18-03:00,2026-08-15,-18,ENCERRADA,DEVOLVIDA_COM_ATRASO,2026-09-02T17:20:00-03:00
DES001746,EXP003636,PGR-00073173/2026,DOCUMENTO,CIVINT/STIC,CIVINT-STIC-U04,João Rascunho,CIVINT-STIC-U01,Gabriela Simulada,2026-07-21T01:38:10-03:00,2026-07-25,3,ENCERRADA,DEVOLVIDA_NO_PRAZO,2026-07-22T02:18:00-03:00
DES001747,EXP003637,PGR-00085660/2026,DOCUMENTO,CIVINT/STIC,CIVINT-STIC-U07,Marina Maquete,CIVINT-STIC-U01,Gabriela Simulada,2026-07-28T00:30:39-03:00,2026-08-01,-34,ENCERRADA,DEVOLVIDA_COM_ATRASO,2026-09-04T05:03:00-03:00
DES001748,EXP003639,PGR-00038397/2026,DOCUMENTO,CIVINT/STIC,CIVINT-STIC-U05,Karina Ensaio,CIVINT-STIC-U01,Gabriela Simulada,2026-09-24T23:02:50-03:00,2026-10-06,10,ENCERRADA,DEVOLVIDA_NO_PRAZO,2026-09-26T16:43:00-03:00
DES001749,EXP003642,PGR-00052539/2026,DOCUMENTO,CIVINT/STIC,CIVINT-STIC-U07,Marina Maquete,CIVINT-STIC-U01,Gabriela Simulada,2026-06-18T20:00:42-03:00,2026-06-26,-32,ENCERRADA,DEVOLVIDA_COM_ATRASO,2026-07-28T09:30:00-03:00
DES001750,EXP003645,PGR-00070993/2026,DOCUMENTO,CIVINT/STIC,CIVINT-STIC-U05,Karina Ensaio,CIVINT-STIC-U01,Gabriela Simulada,2026-09-23T03:17:23-03:00,2026-09-30,1,ENCERRADA,DEVOLVIDA_NO_PRAZO,2026-09-29T09:57:00-03:00
DES001751,EXP003646,PGR-00035176/2026,DOCUMENTO,CIVINT/STIC,CIVINT-STIC-U07,Marina Maquete,CIVINT-STIC-U01,Gabriela Simulada,2026-07-17T01:51:57-03:00,2026-07-31,-12,ENCERRADA,DEVOLVIDA_COM_ATRASO,2026-08-12T19:54:00-03:00
DES001752,EXP003647,PGR-00041235/2026,DOCUMENTO,CIVINT/STIC,CIVINT-STIC-U04,João Rascunho,CIVINT-STIC-U01,Gabriela Simulada,2026-09-19T15:53:23-03:00,2026-09-24,-9,ENCERRADA,DEVOLVIDA_COM_ATRASO,2026-10-03T14:12:00-03:00
DES001753,EXP003653,PGR-00014227/2026,DOCUMENTO,CIVINT/STIC,CIVINT-STIC-U07,Marina Maquete,CIVINT-STIC-U01,Gabriela Simulada,2026-08-20T15:57:53-03:00,2026-09-01,-23,ENCERRADA,DEVOLVIDA_COM_ATRASO,2026-09-24T20:35:00-03:00
DES001754,EXP003654,PGR-00018727/2026,DOCUMENTO,CIVINT/STIC,CIVINT-STIC-U08,Nelson Mock,CIVINT-STIC-U01,Gabriela Simulada,2026-07-27T13:26:58-03:00,2026-08-09,9,ENCERRADA,DEVOLVIDA_NO_PRAZO,2026-07-31T11:42:00-03:00
DES001755,EXP003663,PGR-00088739/2026,DOCUMENTO,CIVINT/STIC,CIVINT-STIC-U05,Karina Ensaio,CIVINT-STIC-U01,Gabriela Simulada,2026-09-08T14:36:33-03:00,2026-09-13,-3,ENCERRADA,DEVOLVIDA_COM_ATRASO,2026-09-16T13:58:00-03:00
DES001756,EXP003666,PGR-00050653/2026,DOCUMENTO,CIVINT/STIC,CIVINT-STIC-U03,Isabela Piloto,CIVINT-STIC-U01,Gabriela Simulada,2026-07-15T21:43:48-03:00,2026-07-20,2,ENCERRADA,DEVOLVIDA_NO_PRAZO,2026-07-18T00:18:00-03:00
DES001757,EXP003671,PGR-00063717/2026,DOCUMENTO,CIVINT/STIC,CIVINT-STIC-U03,Isabela Piloto,CIVINT-STIC-U01,Gabriela Simulada,2026-08-27T07:09:39-03:00,2026-09-10,-9,ENCERRADA,DEVOLVIDA_COM_ATRASO,2026-09-19T11:36:00-03:00
DES001758,EXP003673,PGR-00060887/2026,DOCUMENTO,CIVINT/STIC,CIVINT-STIC-U02,Heitor Protótipo,CIVINT-STIC-U01,Gabriela Simulada,2026-09-26T16:40:20-03:00,2026-10-09,2,ENCERRADA,DEVOLVIDA_NO_PRAZO,2026-10-07T16:00:00-03:00
DES001759,EXP003674,PGR-00085885/2026,DOCUMENTO,CIVINT/STIC,CIVINT-STIC-U04,João Rascunho,CIVINT-STIC-U01,Gabriela Simulada,2026-08-10T07:18:46-03:00,2026-08-20,-6,ENCERRADA,DEVOLVIDA_COM_ATRASO,2026-08-26T23:35:00-03:00
DES001760,EXP003675,PGR-00072793/2026,DOCUMENTO,CIVINT/STIC,CIVINT-STIC-U05,Karina Ensaio,CIVINT-STIC-U01,Gabriela Simulada,2026-07-10T20:53:51-03:00,2026-07-14,0,ENCERRADA,DEVOLVIDA_NO_PRAZO,2026-07-14T22:55:00-03:00
DES001761,EXP003679,PGR-00035181/2026,DOCUMENTO,CIVINT/STIC,CIVINT-STIC-U04,João Rascunho,CIVINT-STIC-U01,Gabriela Simulada,2026-07-31T15:34:41-03:00,2026-08-07,-29,ENCERRADA,DEVOLVIDA_COM_ATRASO,2026-09-05T04:11:00-03:00
DES001762,EXP003682,PGR-00081234/2026,DOCUMENTO,CIVINT/STIC,CIVINT-STIC-U03,Isabela Piloto,CIVINT-STIC-U01,Gabriela Simulada,2026-09-11T23:25:51-03:00,2026-09-17,-20,ENCERRADA,DEVOLVIDA_COM_ATRASO,2026-10-07T16:00:00-03:00
DES001763,EXP003683,PGR-00048186/2026,DOCUMENTO,CIVINT/STIC,CIVINT-STIC-U06,Lucas Esboço,CIVINT-STIC-U01,Gabriela Simulada,2026-09-14T15:02:39-03:00,2026-09-26,-11,ENCERRADA,DEVOLVIDA_COM_ATRASO,2026-10-07T03:26:00-03:00
DES001764,EXP003689,PGR-00072230/2026,DOCUMENTO,CIVINT/STIC,CIVINT-STIC-U08,Nelson Mock,CIVINT-STIC-U01,Gabriela Simulada,2026-08-20T16:52:04-03:00,2026-09-03,13,ENCERRADA,DEVOLVIDA_NO_PRAZO,2026-08-21T23:59:00-03:00
DES001765,EXP003690,PGR-00087246/2026,DOCUMENTO,CIVINT/STIC,CIVINT-STIC-U04,João Rascunho,CIVINT-STIC-U01,Gabriela Simulada,2026-07-20T15:17:02-03:00,2026-07-30,-11,ENCERRADA,DEVOLVIDA_COM_ATRASO,2026-08-10T19:09:00-03:00
DES001766,EXP003692,PGR-00036679/2026,DOCUMENTO,CIVINT/STIC,CIVINT-STIC-U08,Nelson Mock,CIVINT-STIC-U01,Gabriela Simulada,2026-07-03T16:58:33-03:00,2026-07-18,1,ENCERRADA,DEVOLVIDA_NO_PRAZO,2026-07-17T10:23:00-03:00
DES001767,EXP003694,PGR-00043277/2026,DOCUMENTO,CIVINT/STIC,CIVINT-STIC-U08,Nelson Mock,CIVINT-STIC-U01,Gabriela Simulada,2026-07-19T05:53:22-03:00,2026-08-03,4,ENCERRADA,DEVOLVIDA_NO_PRAZO,2026-07-30T20:33:00-03:00
DES001768,EXP003695,PGR-00047146/2026,DOCUMENTO,CIVINT/STIC,CIVINT-STIC-U08,Nelson Mock,CIVINT-STIC-U01,Gabriela Simulada,2026-06-18T13:49:08-03:00,2026-07-03,-24,ENCERRADA,DEVOLVIDA_COM_ATRASO,2026-07-27T02:42:00-03:00
DES001769,EXP003699,PGR-00090212/2026,DOCUMENTO,CIVINT/STIC,CIVINT-STIC-U08,Nelson Mock,CIVINT-STIC-U01,Gabriela Simulada,2026-08-22T02:49:56-03:00,2026-08-27,-1,ENCERRADA,DEVOLVIDA_COM_ATRASO,2026-08-28T09:00:00-03:00
DES001770,EXP003700,PGR-00094740/2026,DOCUMENTO,CIVINT/STIC,CIVINT-STIC-U08,Nelson Mock,CIVINT-STIC-U01,Gabriela Simulada,2026-07-03T06:23:00-03:00,2026-07-06,-27,ENCERRADA,DEVOLVIDA_COM_ATRASO,2026-08-02T21:11:00-03:00
DES001771,EXP003701,PGR-00046642/2026,DOCUMENTO,CIVINT/STIC,CIVINT-STIC-U02,Heitor Protótipo,CIVINT-STIC-U01,Gabriela Simulada,2026-06-19T15:08:40-03:00,2026-07-03,-16,ENCERRADA,DEVOLVIDA_COM_ATRASO,2026-07-19T22:19:00-03:00
DES001772,EXP003703,PGR-00025464/2026,DOCUMENTO,CIVINT/STIC,CIVINT-STIC-U08,Nelson Mock,CIVINT-STIC-U01,Gabriela Simulada,2026-09-11T22:09:47-03:00,2026-09-22,3,ENCERRADA,DEVOLVIDA_NO_PRAZO,2026-09-19T05:16:00-03:00
DES001773,EXP003707,PGR-00026401/2026,DOCUMENTO,CIVINT/STIC,CIVINT-STIC-U04,João Rascunho,CIVINT-STIC-U01,Gabriela Simulada,2026-07-19T16:24:20-03:00,2026-07-24,-28,ENCERRADA,DEVOLVIDA_COM_ATRASO,2026-08-21T12:51:00-03:00
DES001774,EXP003709,PGR-00082379/2026,DOCUMENTO,CIVINT/STIC,CIVINT-STIC-U08,Nelson Mock,CIVINT-STIC-U01,Gabriela Simulada,2026-07-26T04:33:53-03:00,2026-07-31,-6,ENCERRADA,DEVOLVIDA_COM_ATRASO,2026-08-06T13:34:00-03:00
DES001775,EXP003714,PGR-00092904/2026,DOCUMENTO,CIVINT/STIC,CIVINT-STIC-U07,Marina Maquete,CIVINT-STIC-U01,Gabriela Simulada,2026-07-18T01:49:11-03:00,2026-07-24,-35,ENCERRADA,DEVOLVIDA_COM_ATRASO,2026-08-28T20:52:00-03:00
DES001776,EXP003716,PGR-00037686/2026,DOCUMENTO,CIVINT/STIC,CIVINT-STIC-U05,Karina Ensaio,CIVINT-STIC-U01,Gabriela Simulada,2026-07-28T20:53:15-03:00,2026-08-01,-22,ENCERRADA,DEVOLVIDA_COM_ATRASO,2026-08-23T21:14:00-03:00
DES001777,EXP003717,PGR-00011601/2026,DOCUMENTO,CIVINT/STIC,CIVINT-STIC-U05,Karina Ensaio,CIVINT-STIC-U01,Gabriela Simulada,2026-09-28T06:10:54-03:00,2026-10-05,-2,ENCERRADA,DEVOLVIDA_COM_ATRASO,2026-10-07T16:00:00-03:00
DES001778,EXP003720,PGR-00044585/2026,DOCUMENTO,CIVINT/STIC,CIVINT-STIC-U02,Heitor Protótipo,CIVINT-STIC-U01,Gabriela Simulada,2026-08-28T21:44:12-03:00,2026-09-09,-21,ENCERRADA,DEVOLVIDA_COM_ATRASO,2026-09-30T13:25:00-03:00
DES001779,EXP003723,PGR-00097035/2026,DOCUMENTO,CIVINT/STIC,CIVINT-STIC-U04,João Rascunho,CIVINT-STIC-U01,Gabriela Simulada,2026-09-16T23:14:13-03:00,2026-09-20,-17,ENCERRADA,DEVOLVIDA_COM_ATRASO,2026-10-07T16:00:00-03:00
DES001780,EXP003724,PGR-00042375/2026,DOCUMENTO,CIVINT/STIC,CIVINT-STIC-U02,Heitor Protótipo,CIVINT-STIC-U01,Gabriela Simulada,2026-09-29T11:00:53-03:00,2026-10-04,-3,ENCERRADA,DEVOLVIDA_COM_ATRASO,2026-10-07T16:00:00-03:00
DES001781,EXP003727,PGR-00040342/2026,DOCUMENTO,CIVINT/STIC,CIVINT-STIC-U02,Heitor Protótipo,CIVINT-STIC-U01,Gabriela Simulada,2026-07-10T16:40:40-03:00,2026-07-21,-6,ENCERRADA,DEVOLVIDA_COM_ATRASO,2026-07-27T18:30:00-03:00
DES001782,EXP003729,PGR-00015653/2026,DOCUMENTO,CIVINT/STIC,CIVINT-STIC-U03,Isabela Piloto,CIVINT-STIC-U01,Gabriela Simulada,2026-07-11T15:48:45-03:00,2026-07-21,-23,ENCERRADA,DEVOLVIDA_COM_ATRASO,2026-08-13T22:45:00-03:00
DES001783,EXP003731,PGR-00001769/2026,DOCUMENTO,CIVINT/STIC,CIVINT-STIC-U07,Marina Maquete,CIVINT-STIC-U01,Gabriela Simulada,2026-09-17T13:05:30-03:00,2026-09-20,-17,ENCERRADA,DEVOLVIDA_COM_ATRASO,2026-10-07T16:00:00-03:00
DES001784,EXP003732,PGR-00046492/2026,DOCUMENTO,CIVINT/STIC,CIVINT-STIC-U05,Karina Ensaio,CIVINT-STIC-U01,Gabriela Simulada,2026-07-10T18:50:46-03:00,2026-07-22,-13,ENCERRADA,DEVOLVIDA_COM_ATRASO,2026-08-04T03:13:00-03:00
DES001785,EXP003733,PGR-00049282/2026,DOCUMENTO,CIVINT/STIC,CIVINT-STIC-U08,Nelson Mock,CIVINT-STIC-U01,Gabriela Simulada,2026-06-12T04:51:36-03:00,2026-06-26,10,ENCERRADA,DEVOLVIDA_NO_PRAZO,2026-06-16T23:41:00-03:00
DES001786,EXP003734,PGR-00083127/2026,DOCUMENTO,CIVINT/STIC,CIVINT-STIC-U05,Karina Ensaio,CIVINT-STIC-U01,Gabriela Simulada,2026-06-27T06:22:21-03:00,2026-07-05,2,ENCERRADA,DEVOLVIDA_NO_PRAZO,2026-07-03T06:49:00-03:00
DES001787,EXP003735,PGR-00084019/2026,DOCUMENTO,CIVINT/STIC,CIVINT-STIC-U05,Karina Ensaio,CIVINT-STIC-U01,Gabriela Simulada,2026-08-30T12:00:47-03:00,2026-09-02,-2,ENCERRADA,DEVOLVIDA_COM_ATRASO,2026-09-04T09:58:00-03:00
DES001788,EXP003736,PGR-00094514/2026,DOCUMENTO,CIVINT/STIC,CIVINT-STIC-U07,Marina Maquete,CIVINT-STIC-U01,Gabriela Simulada,2026-08-02T11:58:08-03:00,2026-08-09,4,ENCERRADA,DEVOLVIDA_NO_PRAZO,2026-08-05T09:56:00-03:00
DES001789,EXP003737,PGR-00018069/2026,DOCUMENTO,CIVINT/STIC,CIVINT-STIC-U04,João Rascunho,CIVINT-STIC-U01,Gabriela Simulada,2026-07-11T21:36:35-03:00,2026-07-15,-38,ENCERRADA,DEVOLVIDA_COM_ATRASO,2026-08-22T10:32:00-03:00
DES001790,EXP003738,PGR-00096352/2026,DOCUMENTO,CIVINT/STIC,CIVINT-STIC-U07,Marina Maquete,CIVINT-STIC-U01,Gabriela Simulada,2026-06-11T16:35:43-03:00,2026-06-26,-12,ENCERRADA,DEVOLVIDA_COM_ATRASO,2026-07-08T16:13:00-03:00
DES001791,EXP003742,PGR-00030296/2026,DOCUMENTO,CIVINT/STIC,CIVINT-STIC-U05,Karina Ensaio,CIVINT-STIC-U01,Gabriela Simulada,2026-09-05T20:14:55-03:00,2026-09-08,-18,ENCERRADA,DEVOLVIDA_COM_ATRASO,2026-09-26T23:47:00-03:00
DES001792,EXP003743,PGR-00067009/2026,DOCUMENTO,CIVINT/STIC,CIVINT-STIC-U07,Marina Maquete,CIVINT-STIC-U01,Gabriela Simulada,2026-09-03T21:59:35-03:00,2026-09-11,-26,ENCERRADA,DEVOLVIDA_COM_ATRASO,2026-10-07T16:00:00-03:00
DES001793,EXP003744,PGR-00004908/2026,DOCUMENTO,CIVINT/STIC,CIVINT-STIC-U06,Lucas Esboço,CIVINT-STIC-U01,Gabriela Simulada,2026-06-13T13:55:13-03:00,2026-06-19,1,ENCERRADA,DEVOLVIDA_NO_PRAZO,2026-06-18T15:59:00-03:00
DES001794,EXP003745,PGR-00013509/2026,DOCUMENTO,CIVINT/STIC,CIVINT-STIC-U02,Heitor Protótipo,CIVINT-STIC-U01,Gabriela Simulada,2026-07-05T18:48:34-03:00,2026-07-13,-19,ENCERRADA,DEVOLVIDA_COM_ATRASO,2026-08-01T09:54:00-03:00
DES001795,EXP003747,PGR-00059324/2026,DOCUMENTO,CIVINT/STIC,CIVINT-STIC-U03,Isabela Piloto,CIVINT-STIC-U01,Gabriela Simulada,2026-08-12T12:47:46-03:00,2026-08-21,-10,ENCERRADA,DEVOLVIDA_COM_ATRASO,2026-08-31T09:51:00-03:00
DES001796,EXP003749,PGR-00088195/2026,DOCUMENTO,CIVINT/STIC,CIVINT-STIC-U05,Karina Ensaio,CIVINT-STIC-U01,Gabriela Simulada,2026-08-03T14:41:01-03:00,2026-08-16,0,ENCERRADA,DEVOLVIDA_NO_PRAZO,2026-08-16T15:19:00-03:00
DES001797,EXP003750,PGR-00070688/2026,DOCUMENTO,CIVINT/STIC,CIVINT-STIC-U08,Nelson Mock,CIVINT-STIC-U01,Gabriela Simulada,2026-09-07T14:45:44-03:00,2026-09-19,-11,ENCERRADA,DEVOLVIDA_COM_ATRASO,2026-09-30T23:33:00-03:00
DES001798,EXP003751,PGR-00059357/2026,DOCUMENTO,CIVINT/STIC,CIVINT-STIC-U03,Isabela Piloto,CIVINT-STIC-U01,Gabriela Simulada,2026-07-25T03:12:02-03:00,2026-08-07,-15,ENCERRADA,DEVOLVIDA_COM_ATRASO,2026-08-22T23:53:00-03:00
DES001799,EXP003752,PGR-00050349/2026,DOCUMENTO,CIVINT/STIC,CIVINT-STIC-U04,João Rascunho,CIVINT-STIC-U01,Gabriela Simulada,2026-09-17T08:20:49-03:00,2026-09-25,-12,ENCERRADA,DEVOLVIDA_COM_ATRASO,2026-10-07T16:00:00-03:00
DES001800,EXP003754,PGR-00029367/2026,DOCUMENTO,CIVINT/STIC,CIVINT-STIC-U08,Nelson Mock,CIVINT-STIC-U01,Gabriela Simulada,2026-09-10T14:23:50-03:00,2026-09-20,9,ENCERRADA,DEVOLVIDA_NO_PRAZO,2026-09-11T20:06:00-03:00
DES001801,EXP003755,PGR-00077538/2026,DOCUMENTO,CIVINT/STIC,CIVINT-STIC-U05,Karina Ensaio,CIVINT-STIC-U01,Gabriela Simulada,2026-09-03T09:46:33-03:00,2026-09-07,-8,ENCERRADA,DEVOLVIDA_COM_ATRASO,2026-09-15T01:05:00-03:00
DES001802,EXP003757,PGR-00090883/2026,DOCUMENTO,CIVINT/STIC,CIVINT-STIC-U06,Lucas Esboço,CIVINT-STIC-U01,Gabriela Simulada,2026-07-04T21:52:22-03:00,2026-07-16,-4,ENCERRADA,DEVOLVIDA_COM_ATRASO,2026-07-20T21:58:00-03:00
DES001803,EXP003758,PGR-00082951/2026,DOCUMENTO,CIVINT/STIC,CIVINT-STIC-U06,Lucas Esboço,CIVINT-STIC-U01,Gabriela Simulada,2026-07-25T02:31:52-03:00,2026-07-31,-30,ENCERRADA,DEVOLVIDA_COM_ATRASO,2026-08-30T07:43:00-03:00
DES001804,EXP003761,PGR-00094451/2026,DOCUMENTO,CIVINT/STIC,CIVINT-STIC-U05,Karina Ensaio,CIVINT-STIC-U01,Gabriela Simulada,2026-08-04T11:10:59-03:00,2026-08-13,8,ENCERRADA,DEVOLVIDA_NO_PRAZO,2026-08-05T12:22:00-03:00
DES001805,EXP003764,PGR-00066125/2026,DOCUMENTO,CIVINT/STIC,CIVINT-STIC-U03,Isabela Piloto,CIVINT-STIC-U01,Gabriela Simulada,2026-09-23T21:16:25-03:00,2026-10-04,-3,ENCERRADA,DEVOLVIDA_COM_ATRASO,2026-10-07T16:00:00-03:00
DES001806,EXP003765,PGR-00015212/2026,DOCUMENTO,CIVINT/STIC,CIVINT-STIC-U03,Isabela Piloto,CIVINT-STIC-U01,Gabriela Simulada,2026-07-29T04:10:59-03:00,2026-08-03,-30,ENCERRADA,DEVOLVIDA_COM_ATRASO,2026-09-02T15:32:00-03:00
DES001807,EXP003766,PGR-00084950/2026,DOCUMENTO,CIVINT/STIC,CIVINT-STIC-U02,Heitor Protótipo,CIVINT-STIC-U01,Gabriela Simulada,2026-09-06T01:43:06-03:00,2026-09-17,-1,ENCERRADA,DEVOLVIDA_COM_ATRASO,2026-09-18T22:36:00-03:00
DES001808,EXP003767,PGR-00024456/2026,DOCUMENTO,CIVINT/STIC,CIVINT-STIC-U02,Heitor Protótipo,CIVINT-STIC-U01,Gabriela Simulada,2026-06-15T06:40:53-03:00,2026-06-23,-15,ENCERRADA,DEVOLVIDA_COM_ATRASO,2026-07-08T04:44:00-03:00
DES001809,EXP003776,PGR-00067856/2026,DOCUMENTO,CIVINT/STIC,CIVINT-STIC-U04,João Rascunho,CIVINT-STIC-U01,Gabriela Simulada,2026-08-10T08:26:46-03:00,2026-08-25,-1,ENCERRADA,DEVOLVIDA_COM_ATRASO,2026-08-26T20:16:00-03:00
DES001810,EXP003779,PGR-00083938/2026,DOCUMENTO,CIVINT/STIC,CIVINT-STIC-U03,Isabela Piloto,CIVINT-STIC-U01,Gabriela Simulada,2026-08-18T08:57:43-03:00,2026-08-26,2,ENCERRADA,DEVOLVIDA_NO_PRAZO,2026-08-24T07:15:00-03:00
DES001811,EXP003780,PGR-00009079/2026,DOCUMENTO,CIVINT/STIC,CIVINT-STIC-U08,Nelson Mock,CIVINT-STIC-U01,Gabriela Simulada,2026-07-28T08:26:45-03:00,2026-08-04,-13,ENCERRADA,DEVOLVIDA_COM_ATRASO,2026-08-17T21:09:00-03:00
DES001812,EXP003781,PGR-00013111/2026,DOCUMENTO,CIVINT/STIC,CIVINT-STIC-U06,Lucas Esboço,CIVINT-STIC-U01,Gabriela Simulada,2026-08-10T18:47:48-03:00,2026-08-22,-8,ENCERRADA,DEVOLVIDA_COM_ATRASO,2026-08-30T15:51:00-03:00
DES001813,EXP003784,PGR-00098860/2026,DOCUMENTO,CIVINT/STIC,CIVINT-STIC-U06,Lucas Esboço,CIVINT-STIC-U01,Gabriela Simulada,2026-09-25T10:44:40-03:00,2026-10-07,0,ENCERRADA,DEVOLVIDA_NO_PRAZO,2026-10-07T13:35:00-03:00
DES001814,EXP003785,PGR-00056473/2026,DOCUMENTO,CIVINT/STIC,CIVINT-STIC-U07,Marina Maquete,CIVINT-STIC-U01,Gabriela Simulada,2026-08-01T22:15:04-03:00,2026-08-15,-8,ENCERRADA,DEVOLVIDA_COM_ATRASO,2026-08-23T11:15:00-03:00
DES001815,EXP003787,PGR-00092265/2026,DOCUMENTO,CIVINT/STIC,CIVINT-STIC-U06,Lucas Esboço,CIVINT-STIC-U01,Gabriela Simulada,2026-06-18T10:54:11-03:00,2026-07-03,8,ENCERRADA,DEVOLVIDA_NO_PRAZO,2026-06-25T00:14:00-03:00
DES001816,EXP003789,PGR-00055248/2026,DOCUMENTO,CIVINT/STIC,CIVINT-STIC-U04,João Rascunho,CIVINT-STIC-U01,Gabriela Simulada,2026-09-11T18:51:12-03:00,2026-09-20,2,ENCERRADA,DEVOLVIDA_NO_PRAZO,2026-09-18T02:53:00-03:00
DES001817,EXP003790,PGR-00089954/2026,DOCUMENTO,CIVINT/STIC,CIVINT-STIC-U02,Heitor Protótipo,CIVINT-STIC-U01,Gabriela Simulada,2026-08-15T13:23:45-03:00,2026-08-26,-9,ENCERRADA,DEVOLVIDA_COM_ATRASO,2026-09-04T21:42:00-03:00
DES001818,EXP003791,PGR-00096539/2026,DOCUMENTO,CIVINT/STIC,CIVINT-STIC-U03,Isabela Piloto,CIVINT-STIC-U01,Gabriela Simulada,2026-08-30T19:10:31-03:00,2026-09-08,-29,ENCERRADA,DEVOLVIDA_COM_ATRASO,2026-10-07T16:00:00-03:00
DES001819,EXP003792,PGR-00094858/2026,DOCUMENTO,CIVINT/STIC,CIVINT-STIC-U04,João Rascunho,CIVINT-STIC-U01,Gabriela Simulada,2026-06-24T05:33:51-03:00,2026-07-07,3,ENCERRADA,DEVOLVIDA_NO_PRAZO,2026-07-04T23:46:00-03:00
DES001820,EXP003798,PGR-00074167/2026,DOCUMENTO,CIVINT/STIC,CIVINT-STIC-U03,Isabela Piloto,CIVINT-STIC-U01,Gabriela Simulada,2026-09-09T12:05:32-03:00,2026-09-16,-21,ENCERRADA,DEVOLVIDA_COM_ATRASO,2026-10-07T16:00:00-03:00
DES001821,EXP003799,PGR-00094805/2026,DOCUMENTO,CIVINT/STIC,CIVINT-STIC-U04,João Rascunho,CIVINT-STIC-U01,Gabriela Simulada,2026-06-22T20:11:43-03:00,2026-07-05,9,ENCERRADA,DEVOLVIDA_NO_PRAZO,2026-06-26T07:35:00-03:00
DES001822,EXP003800,PGR-00035637/2026,DOCUMENTO,CIVINT/STIC,CIVINT-STIC-U04,João Rascunho,CIVINT-STIC-U01,Gabriela Simulada,2026-07-03T17:31:45-03:00,2026-07-09,2,ENCERRADA,DEVOLVIDA_NO_PRAZO,2026-07-07T06:42:00-03:00
DES001823,EXP003802,PGR-00042543/2026,DOCUMENTO,CIVINT/STIC,CIVINT-STIC-U08,Nelson Mock,CIVINT-STIC-U01,Gabriela Simulada,2026-08-07T02:11:43-03:00,2026-08-15,-34,ENCERRADA,DEVOLVIDA_COM_ATRASO,2026-09-18T10:00:00-03:00
DES001824,EXP003804,PGR-00068778/2026,DOCUMENTO,CIVINT/STIC,CIVINT-STIC-U06,Lucas Esboço,CIVINT-STIC-U01,Gabriela Simulada,2026-09-03T21:00:12-03:00,2026-09-13,3,ENCERRADA,DEVOLVIDA_NO_PRAZO,2026-09-10T08:12:00-03:00
DES001825,EXP003806,PGR-00055208/2026,DOCUMENTO,CIVINT/STIC,CIVINT-STIC-U08,Nelson Mock,CIVINT-STIC-U01,Gabriela Simulada,2026-07-29T09:37:53-03:00,2026-08-07,-26,ENCERRADA,DEVOLVIDA_COM_ATRASO,2026-09-02T03:33:00-03:00
DES001826,EXP003808,PGR-00006275/2026,DOCUMENTO,CIVINT/STIC,CIVINT-STIC-U05,Karina Ensaio,CIVINT-STIC-U01,Gabriela Simulada,2026-08-08T07:10:39-03:00,2026-08-20,-27,ENCERRADA,DEVOLVIDA_COM_ATRASO,2026-09-16T21:26:00-03:00
DES001827,EXP003811,PGR-00042326/2026,DOCUMENTO,CIVINT/STIC,CIVINT-STIC-U03,Isabela Piloto,CIVINT-STIC-U01,Gabriela Simulada,2026-08-26T03:42:08-03:00,2026-09-07,-12,ENCERRADA,DEVOLVIDA_COM_ATRASO,2026-09-19T19:19:00-03:00
DES001828,EXP003812,PGR-00082650/2026,DOCUMENTO,CIVINT/STIC,CIVINT-STIC-U02,Heitor Protótipo,CIVINT-STIC-U01,Gabriela Simulada,2026-09-09T23:48:04-03:00,2026-09-12,-2,ENCERRADA,DEVOLVIDA_COM_ATRASO,2026-09-14T18:36:00-03:00
DES001829,EXP003813,PGR-00017303/2026,DOCUMENTO,CIVINT/STIC,CIVINT-STIC-U05,Karina Ensaio,CIVINT-STIC-U01,Gabriela Simulada,2026-06-21T04:23:09-03:00,2026-06-27,-12,ENCERRADA,DEVOLVIDA_COM_ATRASO,2026-07-09T10:40:00-03:00
DES001830,EXP003815,PGR-00098863/2026,DOCUMENTO,CIVINT/STIC,CIVINT-STIC-U03,Isabela Piloto,CIVINT-STIC-U01,Gabriela Simulada,2026-07-14T20:47:06-03:00,2026-07-23,-34,ENCERRADA,DEVOLVIDA_COM_ATRASO,2026-08-26T00:54:00-03:00
DES001831,EXP003818,PGR-00098137/2026,DOCUMENTO,CIVINT/STIC,CIVINT-STIC-U05,Karina Ensaio,CIVINT-STIC-U01,Gabriela Simulada,2026-09-19T18:23:35-03:00,2026-09-30,-7,ENCERRADA,DEVOLVIDA_COM_ATRASO,2026-10-07T16:00:00-03:00
DES001832,EXP003820,PGR-00028267/2026,DOCUMENTO,CIVINT/STIC,CIVINT-STIC-U06,Lucas Esboço,CIVINT-STIC-U01,Gabriela Simulada,2026-09-25T10:41:57-03:00,2026-10-01,1,ENCERRADA,DEVOLVIDA_NO_PRAZO,2026-09-30T07:20:00-03:00
DES001833,EXP003821,PGR-00056572/2026,DOCUMENTO,CIVINT/STIC,CIVINT-STIC-U04,João Rascunho,CIVINT-STIC-U01,Gabriela Simulada,2026-06-20T17:15:51-03:00,2026-07-02,-17,ENCERRADA,DEVOLVIDA_COM_ATRASO,2026-07-19T13:32:00-03:00
DES001834,EXP003823,PGR-00028285/2026,DOCUMENTO,CIVINT/STIC,CIVINT-STIC-U05,Karina Ensaio,CIVINT-STIC-U01,Gabriela Simulada,2026-09-01T13:42:02-03:00,2026-09-07,-10,ENCERRADA,DEVOLVIDA_COM_ATRASO,2026-09-17T12:06:00-03:00
DES001835,EXP003824,PGR-00067521/2026,DOCUMENTO,CIVINT/STIC,CIVINT-STIC-U04,João Rascunho,CIVINT-STIC-U01,Gabriela Simulada,2026-07-03T05:56:10-03:00,2026-07-09,-9,ENCERRADA,DEVOLVIDA_COM_ATRASO,2026-07-18T05:45:00-03:00
DES001836,EXP003825,PGR-00052675/2026,DOCUMENTO,CIVINT/STIC,CIVINT-STIC-U02,Heitor Protótipo,CIVINT-STIC-U01,Gabriela Simulada,2026-09-18T18:28:08-03:00,2026-09-28,-9,ENCERRADA,DEVOLVIDA_COM_ATRASO,2026-10-07T16:00:00-03:00
DES001837,EXP003826,PGR-00027854/2026,DOCUMENTO,CIVINT/STIC,CIVINT-STIC-U05,Karina Ensaio,CIVINT-STIC-U01,Gabriela Simulada,2026-07-06T05:39:11-03:00,2026-07-12,3,ENCERRADA,DEVOLVIDA_NO_PRAZO,2026-07-09T12:49:00-03:00
DES001838,EXP003827,PGR-00096423/2026,DOCUMENTO,CIVINT/STIC,CIVINT-STIC-U03,Isabela Piloto,CIVINT-STIC-U01,Gabriela Simulada,2026-09-25T19:09:06-03:00,2026-10-07,0,ENCERRADA,DEVOLVIDA_NO_PRAZO,2026-10-07T16:00:00-03:00
DES001839,EXP003828,PGR-00048509/2026,DOCUMENTO,CIVINT/STIC,CIVINT-STIC-U07,Marina Maquete,CIVINT-STIC-U01,Gabriela Simulada,2026-08-03T07:48:46-03:00,2026-08-15,9,ENCERRADA,DEVOLVIDA_NO_PRAZO,2026-08-06T09:54:00-03:00
DES001840,EXP003830,PGR-00045824/2026,DOCUMENTO,CIVINT/STIC,CIVINT-STIC-U06,Lucas Esboço,CIVINT-STIC-U01,Gabriela Simulada,2026-07-30T12:00:58-03:00,2026-08-07,5,ENCERRADA,DEVOLVIDA_NO_PRAZO,2026-08-02T06:45:00-03:00
DES001841,EXP003831,PGR-00036597/2026,DOCUMENTO,CIVINT/STIC,CIVINT-STIC-U07,Marina Maquete,CIVINT-STIC-U01,Gabriela Simulada,2026-07-09T19:47:18-03:00,2026-07-16,-11,ENCERRADA,DEVOLVIDA_COM_ATRASO,2026-07-27T11:26:00-03:00
DES001842,EXP003833,PGR-00085683/2026,DOCUMENTO,CIVINT/STIC,CIVINT-STIC-U05,Karina Ensaio,CIVINT-STIC-U01,Gabriela Simulada,2026-07-20T00:39:32-03:00,2026-08-03,12,ENCERRADA,DEVOLVIDA_NO_PRAZO,2026-07-22T21:49:00-03:00
DES001843,EXP003834,PGR-00031304/2026,DOCUMENTO,CIVINT/STIC,CIVINT-STIC-U08,Nelson Mock,CIVINT-STIC-U01,Gabriela Simulada,2026-07-22T09:13:15-03:00,2026-08-05,-13,ENCERRADA,DEVOLVIDA_COM_ATRASO,2026-08-18T21:32:00-03:00
DES001844,EXP003844,PGR-00084361/2026,DOCUMENTO,CIVINT/STIC,CIVINT-STIC-U05,Karina Ensaio,CIVINT-STIC-U01,Gabriela Simulada,2026-09-07T21:01:28-03:00,2026-09-12,1,ENCERRADA,DEVOLVIDA_NO_PRAZO,2026-09-11T05:20:00-03:00
DES001845,EXP003845,PGR-00092768/2026,DOCUMENTO,CIVINT/STIC,CIVINT-STIC-U07,Marina Maquete,CIVINT-STIC-U01,Gabriela Simulada,2026-08-06T08:48:05-03:00,2026-08-16,-31,ENCERRADA,DEVOLVIDA_COM_ATRASO,2026-09-16T21:47:00-03:00
DES001846,EXP003847,PGR-00000217/2026,DOCUMENTO,CIVINT/STIC,CIVINT-STIC-U05,Karina Ensaio,CIVINT-STIC-U01,Gabriela Simulada,2026-07-25T08:00:53-03:00,2026-07-28,-27,ENCERRADA,DEVOLVIDA_COM_ATRASO,2026-08-24T14:31:00-03:00
DES001847,EXP003848,PGR-00021384/2026,DOCUMENTO,CIVINT/STIC,CIVINT-STIC-U07,Marina Maquete,CIVINT-STIC-U01,Gabriela Simulada,2026-07-16T18:29:04-03:00,2026-07-22,-36,ENCERRADA,DEVOLVIDA_COM_ATRASO,2026-08-27T06:49:00-03:00
DES001848,EXP003850,PGR-00086836/2026,DOCUMENTO,CIVINT/STIC,CIVINT-STIC-U02,Heitor Protótipo,CIVINT-STIC-U01,Gabriela Simulada,2026-06-11T12:25:27-03:00,2026-06-18,-6,ENCERRADA,DEVOLVIDA_COM_ATRASO,2026-06-24T23:31:00-03:00
DES001849,EXP003852,PGR-00013579/2026,DOCUMENTO,CIVINT/STIC,CIVINT-STIC-U03,Isabela Piloto,CIVINT-STIC-U01,Gabriela Simulada,2026-08-18T05:34:27-03:00,2026-08-27,-9,ENCERRADA,DEVOLVIDA_COM_ATRASO,2026-09-05T21:02:00-03:00
DES001850,EXP003853,PGR-00044059/2026,DOCUMENTO,CIVINT/STIC,CIVINT-STIC-U02,Heitor Protótipo,CIVINT-STIC-U01,Gabriela Simulada,2026-07-18T04:35:20-03:00,2026-07-31,-3,ENCERRADA,DEVOLVIDA_COM_ATRASO,2026-08-03T03:51:00-03:00
DES001851,EXP003856,PGR-00006853/2026,DOCUMENTO,CIVINT/STIC,CIVINT-STIC-U06,Lucas Esboço,CIVINT-STIC-U01,Gabriela Simulada,2026-09-19T02:23:24-03:00,2026-09-25,-12,ENCERRADA,DEVOLVIDA_COM_ATRASO,2026-10-07T16:00:00-03:00
DES001852,EXP003859,PGR-00010379/2026,DOCUMENTO,CIVINT/STIC,CIVINT-STIC-U04,João Rascunho,CIVINT-STIC-U01,Gabriela Simulada,2026-08-01T15:10:53-03:00,2026-08-12,-19,ENCERRADA,DEVOLVIDA_COM_ATRASO,2026-08-31T19:31:00-03:00
DES001853,EXP003860,PGR-00072366/2026,DOCUMENTO,CIVINT/STIC,CIVINT-STIC-U03,Isabela Piloto,CIVINT-STIC-U01,Gabriela Simulada,2026-07-30T21:37:17-03:00,2026-08-13,6,ENCERRADA,DEVOLVIDA_NO_PRAZO,2026-08-07T17:59:00-03:00
DES001854,EXP003862,PGR-00047061/2026,DOCUMENTO,CIVINT/STIC,CIVINT-STIC-U03,Isabela Piloto,CIVINT-STIC-U01,Gabriela Simulada,2026-06-20T03:09:20-03:00,2026-06-23,-2,ENCERRADA,DEVOLVIDA_COM_ATRASO,2026-06-25T08:49:00-03:00
DES001855,EXP003863,PGR-00019352/2026,DOCUMENTO,CIVINT/STIC,CIVINT-STIC-U02,Heitor Protótipo,CIVINT-STIC-U01,Gabriela Simulada,2026-07-02T21:36:59-03:00,2026-07-16,-26,ENCERRADA,DEVOLVIDA_COM_ATRASO,2026-08-11T13:47:00-03:00
DES001856,EXP003864,PGR-00035919/2026,DOCUMENTO,CIVINT/STIC,CIVINT-STIC-U02,Heitor Protótipo,CIVINT-STIC-U01,Gabriela Simulada,2026-09-04T20:57:45-03:00,2026-09-15,-22,ENCERRADA,DEVOLVIDA_COM_ATRASO,2026-10-07T16:00:00-03:00
DES001857,EXP003865,PGR-00015073/2026,DOCUMENTO,CIVINT/STIC,CIVINT-STIC-U03,Isabela Piloto,CIVINT-STIC-U01,Gabriela Simulada,2026-08-20T14:38:10-03:00,2026-08-26,-11,ENCERRADA,DEVOLVIDA_COM_ATRASO,2026-09-06T09:29:00-03:00
DES001858,EXP003866,PGR-00026823/2026,DOCUMENTO,CIVINT/STIC,CIVINT-STIC-U05,Karina Ensaio,CIVINT-STIC-U01,Gabriela Simulada,2026-06-20T21:08:48-03:00,2026-06-28,-27,ENCERRADA,DEVOLVIDA_COM_ATRASO,2026-07-25T21:05:00-03:00
DES001859,EXP003868,PGR-00089906/2026,DOCUMENTO,CIVINT/STIC,CIVINT-STIC-U06,Lucas Esboço,CIVINT-STIC-U01,Gabriela Simulada,2026-08-26T23:29:03-03:00,2026-09-06,-23,ENCERRADA,DEVOLVIDA_COM_ATRASO,2026-09-29T07:48:00-03:00
DES001860,EXP003869,PGR-00074578/2026,DOCUMENTO,CIVINT/STIC,CIVINT-STIC-U03,Isabela Piloto,CIVINT-STIC-U01,Gabriela Simulada,2026-06-17T22:10:25-03:00,2026-06-24,-26,ENCERRADA,DEVOLVIDA_COM_ATRASO,2026-07-20T00:56:00-03:00
DES001861,EXP003870,PGR-00077960/2026,DOCUMENTO,CIVINT/STIC,CIVINT-STIC-U06,Lucas Esboço,CIVINT-STIC-U01,Gabriela Simulada,2026-06-13T19:13:43-03:00,2026-06-19,4,ENCERRADA,DEVOLVIDA_NO_PRAZO,2026-06-15T10:36:00-03:00
DES001862,EXP003871,PGR-00028456/2026,DOCUMENTO,CIVINT/STIC,CIVINT-STIC-U06,Lucas Esboço,CIVINT-STIC-U01,Gabriela Simulada,2026-07-02T14:38:43-03:00,2026-07-06,-10,ENCERRADA,DEVOLVIDA_COM_ATRASO,2026-07-16T10:17:00-03:00
DES001863,EXP003877,PGR-00091779/2026,DOCUMENTO,CIVINT/STIC,CIVINT-STIC-U08,Nelson Mock,CIVINT-STIC-U01,Gabriela Simulada,2026-07-08T17:17:47-03:00,2026-07-23,-1,ENCERRADA,DEVOLVIDA_COM_ATRASO,2026-07-24T14:01:00-03:00
DES001864,EXP003878,PGR-00054332/2026,DOCUMENTO,CIVINT/STIC,CIVINT-STIC-U08,Nelson Mock,CIVINT-STIC-U01,Gabriela Simulada,2026-08-16T03:07:21-03:00,2026-08-28,2,ENCERRADA,DEVOLVIDA_NO_PRAZO,2026-08-26T09:57:00-03:00
DES001865,EXP003879,PGR-00029470/2026,DOCUMENTO,CIVINT/STIC,CIVINT-STIC-U08,Nelson Mock,CIVINT-STIC-U01,Gabriela Simulada,2026-08-01T00:18:50-03:00,2026-08-07,3,ENCERRADA,DEVOLVIDA_NO_PRAZO,2026-08-04T21:12:00-03:00
DES001866,EXP003881,PGR-00055287/2026,DOCUMENTO,CIVINT/STIC,CIVINT-STIC-U08,Nelson Mock,CIVINT-STIC-U01,Gabriela Simulada,2026-09-23T11:44:02-03:00,2026-10-05,10,ENCERRADA,DEVOLVIDA_NO_PRAZO,2026-09-25T07:36:00-03:00
DES001867,EXP003884,PGR-00067120/2026,DOCUMENTO,CIVINT/STIC,CIVINT-STIC-U07,Marina Maquete,CIVINT-STIC-U01,Gabriela Simulada,2026-09-07T19:21:38-03:00,2026-09-17,2,ENCERRADA,DEVOLVIDA_NO_PRAZO,2026-09-15T13:51:00-03:00
DES001868,EXP003885,PGR-00072491/2026,DOCUMENTO,CIVINT/STIC,CIVINT-STIC-U07,Marina Maquete,CIVINT-STIC-U01,Gabriela Simulada,2026-09-09T18:48:19-03:00,2026-09-13,2,ENCERRADA,DEVOLVIDA_NO_PRAZO,2026-09-11T07:17:00-03:00
DES001869,EXP003886,PGR-00053182/2026,DOCUMENTO,CIVINT/STIC,CIVINT-STIC-U06,Lucas Esboço,CIVINT-STIC-U01,Gabriela Simulada,2026-07-28T18:11:28-03:00,2026-08-03,0,ENCERRADA,DEVOLVIDA_NO_PRAZO,2026-08-03T20:33:00-03:00
DES001870,EXP003887,PGR-00060177/2026,DOCUMENTO,CIVINT/STIC,CIVINT-STIC-U04,João Rascunho,CIVINT-STIC-U01,Gabriela Simulada,2026-08-17T10:09:21-03:00,2026-08-21,-21,ENCERRADA,DEVOLVIDA_COM_ATRASO,2026-09-11T04:18:00-03:00
DES001871,EXP003890,PGR-00033778/2026,DOCUMENTO,CIVINT/STIC,CIVINT-STIC-U07,Marina Maquete,CIVINT-STIC-U01,Gabriela Simulada,2026-08-03T06:13:39-03:00,2026-08-11,-15,ENCERRADA,DEVOLVIDA_COM_ATRASO,2026-08-26T18:34:00-03:00
DES001872,EXP003892,PGR-00051802/2026,DOCUMENTO,CIVINT/STIC,CIVINT-STIC-U03,Isabela Piloto,CIVINT-STIC-U01,Gabriela Simulada,2026-09-28T13:36:14-03:00,2026-10-05,-2,ENCERRADA,DEVOLVIDA_COM_ATRASO,2026-10-07T16:00:00-03:00
DES001873,EXP003894,PGR-00087218/2026,DOCUMENTO,CIVINT/STIC,CIVINT-STIC-U05,Karina Ensaio,CIVINT-STIC-U01,Gabriela Simulada,2026-07-10T03:41:54-03:00,2026-07-19,-27,ENCERRADA,DEVOLVIDA_COM_ATRASO,2026-08-15T18:51:00-03:00
DES001874,EXP003898,PGR-00013398/2026,DOCUMENTO,CIVINT/STIC,CIVINT-STIC-U02,Heitor Protótipo,CIVINT-STIC-U01,Gabriela Simulada,2026-06-16T19:33:45-03:00,2026-06-27,-12,ENCERRADA,DEVOLVIDA_COM_ATRASO,2026-07-09T23:40:00-03:00
DES001875,EXP003900,PGR-00004513/2026,DOCUMENTO,CIVINT/STIC,CIVINT-STIC-U05,Karina Ensaio,CIVINT-STIC-U01,Gabriela Simulada,2026-08-14T08:00:49-03:00,2026-08-27,8,ENCERRADA,DEVOLVIDA_NO_PRAZO,2026-08-19T17:20:00-03:00
DES001876,EXP003904,PGR-00029434/2026,DOCUMENTO,CIVINT/STIC,CIVINT-STIC-U03,Isabela Piloto,CIVINT-STIC-U01,Gabriela Simulada,2026-08-06T07:11:57-03:00,2026-08-21,10,ENCERRADA,DEVOLVIDA_NO_PRAZO,2026-08-11T03:43:00-03:00
DES001877,EXP003905,PGR-00016291/2026,DOCUMENTO,CIVINT/STIC,CIVINT-STIC-U08,Nelson Mock,CIVINT-STIC-U01,Gabriela Simulada,2026-07-01T20:46:33-03:00,2026-07-11,2,ENCERRADA,DEVOLVIDA_NO_PRAZO,2026-07-09T01:06:00-03:00
DES001878,EXP003906,PGR-00076791/2026,DOCUMENTO,CIVINT/STIC,CIVINT-STIC-U06,Lucas Esboço,CIVINT-STIC-U01,Gabriela Simulada,2026-07-05T01:39:09-03:00,2026-07-14,-11,ENCERRADA,DEVOLVIDA_COM_ATRASO,2026-07-25T11:20:00-03:00
DES001879,EXP003907,PGR-00021542/2026,DOCUMENTO,CIVINT/STIC,CIVINT-STIC-U05,Karina Ensaio,CIVINT-STIC-U01,Gabriela Simulada,2026-06-28T07:23:03-03:00,2026-07-02,-11,ENCERRADA,DEVOLVIDA_COM_ATRASO,2026-07-13T17:27:00-03:00
DES001880,EXP003908,PGR-00033317/2026,DOCUMENTO,CIVINT/STIC,CIVINT-STIC-U02,Heitor Protótipo,CIVINT-STIC-U01,Gabriela Simulada,2026-07-10T10:04:53-03:00,2026-07-23,-11,ENCERRADA,DEVOLVIDA_COM_ATRASO,2026-08-03T01:49:00-03:00
DES001881,EXP003909,PGR-00076333/2026,DOCUMENTO,CIVINT/STIC,CIVINT-STIC-U06,Lucas Esboço,CIVINT-STIC-U01,Gabriela Simulada,2026-06-10T06:35:46-03:00,2026-06-24,-6,ENCERRADA,DEVOLVIDA_COM_ATRASO,2026-06-30T23:46:00-03:00
DES001882,EXP003911,PGR-00060588/2026,DOCUMENTO,CIVINT/STIC,CIVINT-STIC-U06,Lucas Esboço,CIVINT-STIC-U01,Gabriela Simulada,2026-08-23T05:05:36-03:00,2026-09-07,1,ENCERRADA,DEVOLVIDA_NO_PRAZO,2026-09-06T12:40:00-03:00
DES001883,EXP003912,PGR-00055190/2026,DOCUMENTO,CIVINT/STIC,CIVINT-STIC-U03,Isabela Piloto,CIVINT-STIC-U01,Gabriela Simulada,2026-06-18T10:03:02-03:00,2026-06-29,11,ENCERRADA,DEVOLVIDA_NO_PRAZO,2026-06-18T23:53:00-03:00
DES001884,EXP003913,PGR-00065638/2026,DOCUMENTO,CIVINT/STIC,CIVINT-STIC-U06,Lucas Esboço,CIVINT-STIC-U01,Gabriela Simulada,2026-07-10T04:19:16-03:00,2026-07-24,6,ENCERRADA,DEVOLVIDA_NO_PRAZO,2026-07-18T19:26:00-03:00
DES001885,EXP003921,PGR-00085020/2026,DOCUMENTO,CIVINT/STIC,CIVINT-STIC-U02,Heitor Protótipo,CIVINT-STIC-U01,Gabriela Simulada,2026-09-22T16:27:23-03:00,2026-10-02,-5,ENCERRADA,DEVOLVIDA_COM_ATRASO,2026-10-07T16:00:00-03:00
DES001886,EXP003923,PGR-00010824/2026,DOCUMENTO,CIVINT/STIC,CIVINT-STIC-U07,Marina Maquete,CIVINT-STIC-U01,Gabriela Simulada,2026-07-06T17:16:01-03:00,2026-07-21,9,ENCERRADA,DEVOLVIDA_NO_PRAZO,2026-07-12T11:57:00-03:00
DES001887,EXP003927,PGR-00051171/2026,DOCUMENTO,CIVINT/STIC,CIVINT-STIC-U03,Isabela Piloto,CIVINT-STIC-U01,Gabriela Simulada,2026-09-05T12:39:36-03:00,2026-09-19,3,ENCERRADA,DEVOLVIDA_NO_PRAZO,2026-09-16T17:49:00-03:00
DES001888,EXP003929,PGR-00050760/2026,DOCUMENTO,CIVINT/STIC,CIVINT-STIC-U06,Lucas Esboço,CIVINT-STIC-U01,Gabriela Simulada,2026-07-03T12:44:05-03:00,2026-07-17,-8,ENCERRADA,DEVOLVIDA_COM_ATRASO,2026-07-25T04:30:00-03:00
DES001889,EXP003930,PGR-00009373/2026,DOCUMENTO,CIVINT/STIC,CIVINT-STIC-U05,Karina Ensaio,CIVINT-STIC-U01,Gabriela Simulada,2026-07-29T13:16:17-03:00,2026-08-12,4,ENCERRADA,DEVOLVIDA_NO_PRAZO,2026-08-08T06:41:00-03:00
DES001890,EXP003932,PGR-00049118/2026,DOCUMENTO,CIVINT/STIC,CIVINT-STIC-U07,Marina Maquete,CIVINT-STIC-U01,Gabriela Simulada,2026-07-08T12:31:46-03:00,2026-07-12,-32,ENCERRADA,DEVOLVIDA_COM_ATRASO,2026-08-13T12:06:00-03:00
DES001891,EXP003933,PGR-00028542/2026,DOCUMENTO,CIVINT/STIC,CIVINT-STIC-U05,Karina Ensaio,CIVINT-STIC-U01,Gabriela Simulada,2026-07-08T06:31:42-03:00,2026-07-15,-24,ENCERRADA,DEVOLVIDA_COM_ATRASO,2026-08-08T10:22:00-03:00
DES001892,EXP003934,PGR-00096975/2026,DOCUMENTO,CIVINT/STIC,CIVINT-STIC-U06,Lucas Esboço,CIVINT-STIC-U01,Gabriela Simulada,2026-08-30T03:31:51-03:00,2026-09-09,-9,ENCERRADA,DEVOLVIDA_COM_ATRASO,2026-09-18T04:57:00-03:00
DES001893,EXP003938,PGR-00027579/2026,DOCUMENTO,CIVINT/STIC,CIVINT-STIC-U06,Lucas Esboço,CIVINT-STIC-U01,Gabriela Simulada,2026-07-15T00:57:16-03:00,2026-07-25,5,ENCERRADA,DEVOLVIDA_NO_PRAZO,2026-07-20T09:57:00-03:00
DES001894,EXP003940,PGR-00051582/2026,DOCUMENTO,CIVINT/STIC,CIVINT-STIC-U04,João Rascunho,CIVINT-STIC-U01,Gabriela Simulada,2026-08-05T16:45:43-03:00,2026-08-19,-29,ENCERRADA,DEVOLVIDA_COM_ATRASO,2026-09-17T10:10:00-03:00
DES001895,EXP003941,PGR-00058873/2026,DOCUMENTO,CIVINT/STIC,CIVINT-STIC-U03,Isabela Piloto,CIVINT-STIC-U01,Gabriela Simulada,2026-06-27T16:19:03-03:00,2026-07-12,0,ENCERRADA,DEVOLVIDA_NO_PRAZO,2026-07-12T14:22:00-03:00
DES001896,EXP003942,PGR-00041739/2026,DOCUMENTO,CIVINT/STIC,CIVINT-STIC-U06,Lucas Esboço,CIVINT-STIC-U01,Gabriela Simulada,2026-08-27T12:54:39-03:00,2026-08-30,-34,ENCERRADA,DEVOLVIDA_COM_ATRASO,2026-10-03T19:19:00-03:00
DES001897,EXP003943,PGR-00026628/2026,DOCUMENTO,CIVINT/STIC,CIVINT-STIC-U05,Karina Ensaio,CIVINT-STIC-U01,Gabriela Simulada,2026-06-14T02:50:12-03:00,2026-06-23,9,ENCERRADA,DEVOLVIDA_NO_PRAZO,2026-06-14T03:07:00-03:00
DES001898,EXP003946,PGR-00048505/2026,DOCUMENTO,CIVINT/STIC,CIVINT-STIC-U03,Isabela Piloto,CIVINT-STIC-U01,Gabriela Simulada,2026-09-15T02:08:59-03:00,2026-09-19,-18,ENCERRADA,DEVOLVIDA_COM_ATRASO,2026-10-07T16:00:00-03:00
DES001899,EXP003948,PGR-00026751/2026,DOCUMENTO,CIVINT/STIC,CIVINT-STIC-U04,João Rascunho,CIVINT-STIC-U01,Gabriela Simulada,2026-09-13T00:28:19-03:00,2026-09-20,-17,ENCERRADA,DEVOLVIDA_COM_ATRASO,2026-10-07T16:00:00-03:00
DES001900,EXP003953,PGR-00064816/2026,DOCUMENTO,CIVINT/STIC,CIVINT-STIC-U05,Karina Ensaio,CIVINT-STIC-U01,Gabriela Simulada,2026-09-27T06:14:47-03:00,2026-10-12,8,ENCERRADA,DEVOLVIDA_NO_PRAZO,2026-10-04T23:48:00-03:00
DES001901,EXP003957,PGR-00048580/2026,DOCUMENTO,CIVINT/STIC,CIVINT-STIC-U05,Karina Ensaio,CIVINT-STIC-U01,Gabriela Simulada,2026-07-20T17:53:34-03:00,2026-08-03,-17,ENCERRADA,DEVOLVIDA_COM_ATRASO,2026-08-20T01:17:00-03:00
DES001902,EXP003958,PGR-00001876/2026,DOCUMENTO,CIVINT/STIC,CIVINT-STIC-U07,Marina Maquete,CIVINT-STIC-U01,Gabriela Simulada,2026-06-22T03:08:14-03:00,2026-06-28,-13,ENCERRADA,DEVOLVIDA_COM_ATRASO,2026-07-11T10:33:00-03:00
DES001903,EXP003959,PGR-00051376/2026,DOCUMENTO,CIVINT/STIC,CIVINT-STIC-U06,Lucas Esboço,CIVINT-STIC-U01,Gabriela Simulada,2026-07-13T10:20:22-03:00,2026-07-21,-10,ENCERRADA,DEVOLVIDA_COM_ATRASO,2026-07-31T18:42:00-03:00
DES001904,EXP003962,PGR-00031967/2026,DOCUMENTO,CIVINT/STIC,CIVINT-STIC-U03,Isabela Piloto,CIVINT-STIC-U01,Gabriela Simulada,2026-09-07T08:54:01-03:00,2026-09-13,-2,ENCERRADA,DEVOLVIDA_COM_ATRASO,2026-09-15T20:20:00-03:00
DES001905,EXP003963,PGR-00018282/2026,DOCUMENTO,CIVINT/STIC,CIVINT-STIC-U05,Karina Ensaio,CIVINT-STIC-U01,Gabriela Simulada,2026-09-11T19:29:08-03:00,2026-09-17,-20,ENCERRADA,DEVOLVIDA_COM_ATRASO,2026-10-07T16:00:00-03:00
DES001906,EXP003964,PGR-00092937/2026,DOCUMENTO,CIVINT/STIC,CIVINT-STIC-U03,Isabela Piloto,CIVINT-STIC-U01,Gabriela Simulada,2026-09-11T07:29:11-03:00,2026-09-22,-15,ENCERRADA,DEVOLVIDA_COM_ATRASO,2026-10-07T16:00:00-03:00
DES001907,EXP003965,PGR-00013143/2026,DOCUMENTO,CIVINT/STIC,CIVINT-STIC-U06,Lucas Esboço,CIVINT-STIC-U01,Gabriela Simulada,2026-08-29T17:11:59-03:00,2026-09-11,-25,ENCERRADA,DEVOLVIDA_COM_ATRASO,2026-10-06T17:00:00-03:00
DES001908,EXP003966,PGR-00093116/2026,DOCUMENTO,CIVINT/STIC,CIVINT-STIC-U08,Nelson Mock,CIVINT-STIC-U01,Gabriela Simulada,2026-08-30T16:13:39-03:00,2026-09-06,7,ENCERRADA,DEVOLVIDA_NO_PRAZO,2026-08-30T20:39:00-03:00
DES001909,EXP003973,PGR-00029410/2026,DOCUMENTO,CIVINT/STIC,CIVINT-STIC-U07,Marina Maquete,CIVINT-STIC-U01,Gabriela Simulada,2026-08-21T20:43:52-03:00,2026-09-04,3,ENCERRADA,DEVOLVIDA_NO_PRAZO,2026-09-01T13:29:00-03:00
DES001910,EXP003981,PGR-00099907/2026,DOCUMENTO,CIVINT/STIC,CIVINT-STIC-U04,João Rascunho,CIVINT-STIC-U01,Gabriela Simulada,2026-09-05T11:48:57-03:00,2026-09-09,-27,ENCERRADA,DEVOLVIDA_COM_ATRASO,2026-10-06T17:12:00-03:00
DES001911,EXP003982,PGR-00017317/2026,DOCUMENTO,CIVINT/STIC,CIVINT-STIC-U07,Marina Maquete,CIVINT-STIC-U01,Gabriela Simulada,2026-09-27T10:47:37-03:00,2026-10-08,1,ENCERRADA,DEVOLVIDA_NO_PRAZO,2026-10-07T16:00:00-03:00
DES001912,EXP003983,PGR-00056692/2026,DOCUMENTO,CIVINT/STIC,CIVINT-STIC-U04,João Rascunho,CIVINT-STIC-U01,Gabriela Simulada,2026-06-26T19:31:40-03:00,2026-07-01,-18,ENCERRADA,DEVOLVIDA_COM_ATRASO,2026-07-19T22:46:00-03:00
DES001913,EXP003984,PGR-00030332/2026,DOCUMENTO,CIVINT/STIC,CIVINT-STIC-U05,Karina Ensaio,CIVINT-STIC-U01,Gabriela Simulada,2026-07-29T01:25:58-03:00,2026-08-01,-26,ENCERRADA,DEVOLVIDA_COM_ATRASO,2026-08-27T15:14:00-03:00
DES001914,EXP003985,PGR-00011868/2026,DOCUMENTO,CIVINT/STIC,CIVINT-STIC-U08,Nelson Mock,CIVINT-STIC-U01,Gabriela Simulada,2026-06-13T15:46:54-03:00,2026-06-20,-12,ENCERRADA,DEVOLVIDA_COM_ATRASO,2026-07-02T22:38:00-03:00
DES001915,EXP003991,PGR-00076826/2026,DOCUMENTO,CIVINT/STIC,CIVINT-STIC-U07,Marina Maquete,CIVINT-STIC-U01,Gabriela Simulada,2026-09-05T03:58:46-03:00,2026-09-09,-2,ENCERRADA,DEVOLVIDA_COM_ATRASO,2026-09-11T02:26:00-03:00
DES001916,EXP003992,PGR-00019628/2026,DOCUMENTO,CIVINT/STIC,CIVINT-STIC-U07,Marina Maquete,CIVINT-STIC-U01,Gabriela Simulada,2026-08-11T20:07:33-03:00,2026-08-22,-26,ENCERRADA,DEVOLVIDA_COM_ATRASO,2026-09-17T17:47:00-03:00
DES001917,EXP003993,PGR-00056046/2026,DOCUMENTO,CIVINT/STIC,CIVINT-STIC-U06,Lucas Esboço,CIVINT-STIC-U01,Gabriela Simulada,2026-06-15T09:51:02-03:00,2026-06-18,-5,ENCERRADA,DEVOLVIDA_COM_ATRASO,2026-06-23T09:15:00-03:00
DES001918,EXP004000,PGR-00015844/2026,DOCUMENTO,CIVINT/STIC,CIVINT-STIC-U03,Isabela Piloto,CIVINT-STIC-U01,Gabriela Simulada,2026-07-18T15:13:39-03:00,2026-07-29,-15,ENCERRADA,DEVOLVIDA_COM_ATRASO,2026-08-13T06:31:00-03:00
DES001919,EXP004001,PGR-00046374/2026,DOCUMENTO,CIVINT/STIC,CIVINT-STIC-U02,Heitor Protótipo,CIVINT-STIC-U01,Gabriela Simulada,2026-07-05T02:18:40-03:00,2026-07-10,-20,ENCERRADA,DEVOLVIDA_COM_ATRASO,2026-07-30T19:12:00-03:00
DES001920,EXP004005,PGR-00016762/2026,DOCUMENTO,CIVINT/STIC,CIVINT-STIC-U02,Heitor Protótipo,CIVINT-STIC-U01,Gabriela Simulada,2026-06-26T15:01:03-03:00,2026-07-09,-6,ENCERRADA,DEVOLVIDA_COM_ATRASO,2026-07-15T16:07:00-03:00
DES001921,EXP004007,PGR-00035724/2026,DOCUMENTO,CIVINT/STIC,CIVINT-STIC-U08,Nelson Mock,CIVINT-STIC-U01,Gabriela Simulada,2026-08-04T03:27:19-03:00,2026-08-17,7,ENCERRADA,DEVOLVIDA_NO_PRAZO,2026-08-10T02:37:00-03:00
DES001922,EXP004010,PGR-00000089/2026,DOCUMENTO,CIVINT/STIC,CIVINT-STIC-U02,Heitor Protótipo,CIVINT-STIC-U01,Gabriela Simulada,2026-08-08T19:35:03-03:00,2026-08-19,-13,ENCERRADA,DEVOLVIDA_COM_ATRASO,2026-09-01T06:53:00-03:00
DES001923,EXP004011,PGR-00089367/2026,DOCUMENTO,CIVINT/STIC,CIVINT-STIC-U03,Isabela Piloto,CIVINT-STIC-U01,Gabriela Simulada,2026-08-19T04:12:00-03:00,2026-08-26,-14,ENCERRADA,DEVOLVIDA_COM_ATRASO,2026-09-09T20:26:00-03:00
DES001924,EXP004013,PGR-00008835/2026,DOCUMENTO,CIVINT/STIC,CIVINT-STIC-U05,Karina Ensaio,CIVINT-STIC-U01,Gabriela Simulada,2026-08-29T05:15:03-03:00,2026-09-04,4,ENCERRADA,DEVOLVIDA_NO_PRAZO,2026-08-31T01:45:00-03:00
DES001925,EXP004015,PGR-00042385/2026,DOCUMENTO,CIVINT/STIC,CIVINT-STIC-U04,João Rascunho,CIVINT-STIC-U01,Gabriela Simulada,2026-09-30T08:20:44-03:00,2026-10-08,1,ENCERRADA,DEVOLVIDA_NO_PRAZO,2026-10-07T16:00:00-03:00
DES001926,EXP004016,PGR-00019873/2026,DOCUMENTO,CIVINT/STIC,CIVINT-STIC-U03,Isabela Piloto,CIVINT-STIC-U01,Gabriela Simulada,2026-08-11T21:20:15-03:00,2026-08-14,-20,ENCERRADA,DEVOLVIDA_COM_ATRASO,2026-09-03T15:51:00-03:00
DES001927,EXP004018,PGR-00025645/2026,DOCUMENTO,CIVINT/STIC,CIVINT-STIC-U06,Lucas Esboço,CIVINT-STIC-U01,Gabriela Simulada,2026-08-02T15:48:38-03:00,2026-08-14,-22,ENCERRADA,DEVOLVIDA_COM_ATRASO,2026-09-05T05:57:00-03:00
DES001928,EXP004019,PGR-00068169/2026,DOCUMENTO,CIVINT/STIC,CIVINT-STIC-U03,Isabela Piloto,CIVINT-STIC-U01,Gabriela Simulada,2026-08-01T17:22:32-03:00,2026-08-08,-32,ENCERRADA,DEVOLVIDA_COM_ATRASO,2026-09-09T05:19:00-03:00
DES001929,EXP004020,PGR-00005328/2026,DOCUMENTO,CIVINT/STIC,CIVINT-STIC-U05,Karina Ensaio,CIVINT-STIC-U01,Gabriela Simulada,2026-06-29T20:20:59-03:00,2026-07-10,4,ENCERRADA,DEVOLVIDA_NO_PRAZO,2026-07-06T23:11:00-03:00
DES001930,EXP004021,PGR-00088130/2026,DOCUMENTO,CIVINT/STIC,CIVINT-STIC-U03,Isabela Piloto,CIVINT-STIC-U01,Gabriela Simulada,2026-09-11T17:26:53-03:00,2026-09-17,-20,ENCERRADA,DEVOLVIDA_COM_ATRASO,2026-10-07T16:00:00-03:00
DES001931,EXP004022,PGR-00022425/2026,DOCUMENTO,CIVINT/STIC,CIVINT-STIC-U07,Marina Maquete,CIVINT-STIC-U01,Gabriela Simulada,2026-08-20T05:52:51-03:00,2026-08-25,-31,ENCERRADA,DEVOLVIDA_COM_ATRASO,2026-09-25T11:16:00-03:00
DES001932,EXP004023,PGR-00004064/2026,DOCUMENTO,CIVINT/STIC,CIVINT-STIC-U08,Nelson Mock,CIVINT-STIC-U01,Gabriela Simulada,2026-09-20T08:33:56-03:00,2026-09-27,-3,ENCERRADA,DEVOLVIDA_COM_ATRASO,2026-09-30T00:55:00-03:00
DES001933,EXP004024,PGR-00000478/2026,DOCUMENTO,CIVINT/STIC,CIVINT-STIC-U05,Karina Ensaio,CIVINT-STIC-U01,Gabriela Simulada,2026-07-23T00:54:09-03:00,2026-08-03,-13,ENCERRADA,DEVOLVIDA_COM_ATRASO,2026-08-16T15:59:00-03:00
DES001934,EXP004025,PGR-00016915/2026,DOCUMENTO,CIVINT/STIC,CIVINT-STIC-U02,Heitor Protótipo,CIVINT-STIC-U01,Gabriela Simulada,2026-08-18T19:51:25-03:00,2026-08-21,-4,ENCERRADA,DEVOLVIDA_COM_ATRASO,2026-08-25T17:10:00-03:00
DES001935,EXP004027,PGR-00055796/2026,DOCUMENTO,CIVINT/STIC,CIVINT-STIC-U03,Isabela Piloto,CIVINT-STIC-U01,Gabriela Simulada,2026-07-10T15:14:34-03:00,2026-07-23,-21,ENCERRADA,DEVOLVIDA_COM_ATRASO,2026-08-13T16:34:00-03:00
DES001936,EXP004030,PGR-00066991/2026,DOCUMENTO,CIVINT/STIC,CIVINT-STIC-U07,Marina Maquete,CIVINT-STIC-U01,Gabriela Simulada,2026-09-24T20:08:33-03:00,2026-10-04,-3,ENCERRADA,DEVOLVIDA_COM_ATRASO,2026-10-07T16:00:00-03:00
DES001937,EXP004031,PGR-00015001/2026,DOCUMENTO,CIVINT/STIC,CIVINT-STIC-U05,Karina Ensaio,CIVINT-STIC-U01,Gabriela Simulada,2026-06-27T01:48:50-03:00,2026-07-10,-6,ENCERRADA,DEVOLVIDA_COM_ATRASO,2026-07-16T19:37:00-03:00
DES001938,EXP004037,PGR-00097962/2026,DOCUMENTO,CIVINT/STIC,CIVINT-STIC-U02,Heitor Protótipo,CIVINT-STIC-U01,Gabriela Simulada,2026-08-17T07:30:09-03:00,2026-08-21,-38,ENCERRADA,DEVOLVIDA_COM_ATRASO,2026-09-28T00:09:00-03:00
DES001939,EXP004039,PGR-00031818/2026,DOCUMENTO,CIVINT/STIC,CIVINT-STIC-U03,Isabela Piloto,CIVINT-STIC-U01,Gabriela Simulada,2026-07-14T23:48:43-03:00,2026-07-24,-15,ENCERRADA,DEVOLVIDA_COM_ATRASO,2026-08-08T11:59:00-03:00
DES001940,EXP004040,PGR-00084648/2026,DOCUMENTO,CIVINT/STIC,CIVINT-STIC-U06,Lucas Esboço,CIVINT-STIC-U01,Gabriela Simulada,2026-08-14T21:46:24-03:00,2026-08-19,-31,ENCERRADA,DEVOLVIDA_COM_ATRASO,2026-09-19T20:37:00-03:00
DES001941,EXP004043,PGR-00006714/2026,DOCUMENTO,CIVINT/STIC,CIVINT-STIC-U06,Lucas Esboço,CIVINT-STIC-U01,Gabriela Simulada,2026-09-05T15:50:59-03:00,2026-09-17,-20,ENCERRADA,DEVOLVIDA_COM_ATRASO,2026-10-07T16:00:00-03:00
DES001942,EXP004049,PGR-00020493/2026,DOCUMENTO,CIVINT/STIC,CIVINT-STIC-U06,Lucas Esboço,CIVINT-STIC-U01,Gabriela Simulada,2026-06-14T14:39:08-03:00,2026-06-27,-32,ENCERRADA,DEVOLVIDA_COM_ATRASO,2026-07-29T10:02:00-03:00
DES001943,EXP004050,PGR-00006170/2026,DOCUMENTO,CIVINT/STIC,CIVINT-STIC-U03,Isabela Piloto,CIVINT-STIC-U01,Gabriela Simulada,2026-09-04T23:19:02-03:00,2026-09-09,-28,ENCERRADA,DEVOLVIDA_COM_ATRASO,2026-10-07T16:00:00-03:00
DES001944,EXP004052,PGR-00094938/2026,DOCUMENTO,CIVINT/STIC,CIVINT-STIC-U06,Lucas Esboço,CIVINT-STIC-U01,Gabriela Simulada,2026-08-26T01:02:53-03:00,2026-09-03,-17,ENCERRADA,DEVOLVIDA_COM_ATRASO,2026-09-20T17:47:00-03:00
DES001945,EXP004054,PGR-00043046/2026,DOCUMENTO,CIVINT/STIC,CIVINT-STIC-U03,Isabela Piloto,CIVINT-STIC-U01,Gabriela Simulada,2026-06-12T04:23:13-03:00,2026-06-23,1,ENCERRADA,DEVOLVIDA_NO_PRAZO,2026-06-22T17:53:00-03:00
DES001946,EXP004055,PGR-00083714/2026,DOCUMENTO,CIVINT/STIC,CIVINT-STIC-U02,Heitor Protótipo,CIVINT-STIC-U01,Gabriela Simulada,2026-08-26T08:30:42-03:00,2026-09-10,-10,ENCERRADA,DEVOLVIDA_COM_ATRASO,2026-09-20T07:54:00-03:00
DES001947,EXP004058,PGR-00016216/2026,DOCUMENTO,CIVINT/STIC,CIVINT-STIC-U03,Isabela Piloto,CIVINT-STIC-U01,Gabriela Simulada,2026-07-06T17:23:58-03:00,2026-07-18,1,ENCERRADA,DEVOLVIDA_NO_PRAZO,2026-07-17T00:19:00-03:00
DES001948,EXP004060,PGR-00062486/2026,DOCUMENTO,CIVINT/STIC,CIVINT-STIC-U06,Lucas Esboço,CIVINT-STIC-U01,Gabriela Simulada,2026-09-21T02:11:02-03:00,2026-09-25,0,ENCERRADA,DEVOLVIDA_NO_PRAZO,2026-09-25T22:47:00-03:00
DES001949,EXP004061,PGR-00089720/2026,DOCUMENTO,CIVINT/STIC,CIVINT-STIC-U02,Heitor Protótipo,CIVINT-STIC-U01,Gabriela Simulada,2026-07-08T04:11:18-03:00,2026-07-18,-27,ENCERRADA,DEVOLVIDA_COM_ATRASO,2026-08-14T14:44:00-03:00
DES001950,EXP004062,PGR-00007636/2026,DOCUMENTO,CIVINT/STIC,CIVINT-STIC-U06,Lucas Esboço,CIVINT-STIC-U01,Gabriela Simulada,2026-07-19T10:04:21-03:00,2026-07-23,-5,ENCERRADA,DEVOLVIDA_COM_ATRASO,2026-07-28T02:04:00-03:00
DES001951,EXP004063,PGR-00057977/2026,DOCUMENTO,CIVINT/STIC,CIVINT-STIC-U04,João Rascunho,CIVINT-STIC-U01,Gabriela Simulada,2026-08-11T22:48:25-03:00,2026-08-20,-6,ENCERRADA,DEVOLVIDA_COM_ATRASO,2026-08-26T11:46:00-03:00
DES001952,EXP004065,PGR-00005712/2026,DOCUMENTO,CIVINT/STIC,CIVINT-STIC-U08,Nelson Mock,CIVINT-STIC-U01,Gabriela Simulada,2026-08-10T01:21:13-03:00,2026-08-21,-24,ENCERRADA,DEVOLVIDA_COM_ATRASO,2026-09-14T16:33:00-03:00
DES001953,EXP004067,PGR-00077986/2026,DOCUMENTO,CIVINT/STIC,CIVINT-STIC-U07,Marina Maquete,CIVINT-STIC-U01,Gabriela Simulada,2026-07-09T09:25:37-03:00,2026-07-18,-1,ENCERRADA,DEVOLVIDA_COM_ATRASO,2026-07-19T18:05:00-03:00
DES001954,EXP004068,PGR-00050984/2026,DOCUMENTO,CIVINT/STIC,CIVINT-STIC-U04,João Rascunho,CIVINT-STIC-U01,Gabriela Simulada,2026-07-01T04:10:07-03:00,2026-07-04,-4,ENCERRADA,DEVOLVIDA_COM_ATRASO,2026-07-08T22:02:00-03:00
DES001955,EXP004073,PGR-00028694/2026,DOCUMENTO,CIVINT/STIC,CIVINT-STIC-U07,Marina Maquete,CIVINT-STIC-U01,Gabriela Simulada,2026-07-13T03:06:19-03:00,2026-07-19,-30,ENCERRADA,DEVOLVIDA_COM_ATRASO,2026-08-18T11:53:00-03:00
DES001956,EXP004076,PGR-00078519/2026,DOCUMENTO,CIVINT/STIC,CIVINT-STIC-U08,Nelson Mock,CIVINT-STIC-U01,Gabriela Simulada,2026-08-02T22:19:48-03:00,2026-08-10,-10,ENCERRADA,DEVOLVIDA_COM_ATRASO,2026-08-20T18:00:00-03:00
DES001957,EXP004078,PGR-00064235/2026,DOCUMENTO,CIVINT/STIC,CIVINT-STIC-U02,Heitor Protótipo,CIVINT-STIC-U01,Gabriela Simulada,2026-09-16T20:22:19-03:00,2026-09-30,12,ENCERRADA,DEVOLVIDA_NO_PRAZO,2026-09-18T16:00:00-03:00
DES001958,EXP004083,PGR-00022530/2026,DOCUMENTO,CIVINT/STIC,CIVINT-STIC-U06,Lucas Esboço,CIVINT-STIC-U01,Gabriela Simulada,2026-09-24T01:01:43-03:00,2026-10-08,1,ENCERRADA,DEVOLVIDA_NO_PRAZO,2026-10-07T16:00:00-03:00
DES001959,EXP004084,PGR-00024339/2026,DOCUMENTO,CIVINT/STIC,CIVINT-STIC-U07,Marina Maquete,CIVINT-STIC-U01,Gabriela Simulada,2026-06-27T21:33:20-03:00,2026-07-02,-9,ENCERRADA,DEVOLVIDA_COM_ATRASO,2026-07-11T20:49:00-03:00
DES001960,EXP004086,PGR-00087937/2026,DOCUMENTO,CIVINT/STIC,CIVINT-STIC-U06,Lucas Esboço,CIVINT-STIC-U01,Gabriela Simulada,2026-09-15T05:08:58-03:00,2026-09-25,-12,ENCERRADA,DEVOLVIDA_COM_ATRASO,2026-10-07T16:00:00-03:00
DES001961,EXP004087,PGR-00064330/2026,DOCUMENTO,CIVINT/STIC,CIVINT-STIC-U04,João Rascunho,CIVINT-STIC-U01,Gabriela Simulada,2026-08-03T08:40:41-03:00,2026-08-12,-27,ENCERRADA,DEVOLVIDA_COM_ATRASO,2026-09-08T15:32:00-03:00
DES001962,EXP004088,PGR-00008059/2026,DOCUMENTO,CIVINT/STIC,CIVINT-STIC-U08,Nelson Mock,CIVINT-STIC-U01,Gabriela Simulada,2026-06-25T11:13:39-03:00,2026-07-08,13,ENCERRADA,DEVOLVIDA_NO_PRAZO,2026-06-25T20:39:00-03:00
DES001963,EXP004091,PGR-00002599/2026,DOCUMENTO,CIVINT/STIC,CIVINT-STIC-U04,João Rascunho,CIVINT-STIC-U01,Gabriela Simulada,2026-06-22T02:01:57-03:00,2026-07-07,-16,ENCERRADA,DEVOLVIDA_COM_ATRASO,2026-07-23T11:47:00-03:00
DES001964,EXP004093,PGR-00039767/2026,DOCUMENTO,CIVINT/STIC,CIVINT-STIC-U05,Karina Ensaio,CIVINT-STIC-U01,Gabriela Simulada,2026-07-02T17:18:06-03:00,2026-07-08,0,ENCERRADA,DEVOLVIDA_NO_PRAZO,2026-07-08T18:11:00-03:00
DES001965,EXP004095,PGR-00072778/2026,DOCUMENTO,CIVINT/STIC,CIVINT-STIC-U07,Marina Maquete,CIVINT-STIC-U01,Gabriela Simulada,2026-08-07T17:35:07-03:00,2026-08-20,-27,ENCERRADA,DEVOLVIDA_COM_ATRASO,2026-09-16T04:37:00-03:00
DES001966,EXP004097,PGR-00062717/2026,DOCUMENTO,CIVINT/STIC,CIVINT-STIC-U07,Marina Maquete,CIVINT-STIC-U01,Gabriela Simulada,2026-09-06T07:47:03-03:00,2026-09-11,-11,ENCERRADA,DEVOLVIDA_COM_ATRASO,2026-09-22T23:55:00-03:00
DES001967,EXP004098,PGR-00082156/2026,DOCUMENTO,CIVINT/STIC,CIVINT-STIC-U06,Lucas Esboço,CIVINT-STIC-U01,Gabriela Simulada,2026-09-08T15:46:56-03:00,2026-09-17,-20,ENCERRADA,DEVOLVIDA_COM_ATRASO,2026-10-07T16:00:00-03:00
DES001968,EXP004099,PGR-00061788/2026,DOCUMENTO,CIVINT/STIC,CIVINT-STIC-U02,Heitor Protótipo,CIVINT-STIC-U01,Gabriela Simulada,2026-09-20T19:56:47-03:00,2026-10-05,-2,ENCERRADA,DEVOLVIDA_COM_ATRASO,2026-10-07T16:00:00-03:00
DES001969,EXP004100,PGR-00079560/2026,DOCUMENTO,CIVINT/STIC,CIVINT-STIC-U04,João Rascunho,CIVINT-STIC-U01,Gabriela Simulada,2026-09-25T03:48:10-03:00,2026-10-10,3,ENCERRADA,DEVOLVIDA_NO_PRAZO,2026-10-07T16:00:00-03:00
DES001970,EXP004101,PGR-00088912/2026,DOCUMENTO,CIVINT/STIC,CIVINT-STIC-U06,Lucas Esboço,CIVINT-STIC-U01,Gabriela Simulada,2026-07-27T20:23:45-03:00,2026-08-03,-7,ENCERRADA,DEVOLVIDA_COM_ATRASO,2026-08-10T14:38:00-03:00
DES001971,EXP004103,PGR-00014530/2026,DOCUMENTO,CIVINT/STIC,CIVINT-STIC-U03,Isabela Piloto,CIVINT-STIC-U01,Gabriela Simulada,2026-06-15T01:22:30-03:00,2026-06-30,-21,ENCERRADA,DEVOLVIDA_COM_ATRASO,2026-07-21T10:42:00-03:00
DES001972,EXP004105,PGR-00002505/2026,DOCUMENTO,CIVINT/STIC,CIVINT-STIC-U07,Marina Maquete,CIVINT-STIC-U01,Gabriela Simulada,2026-09-03T19:59:34-03:00,2026-09-14,7,ENCERRADA,DEVOLVIDA_NO_PRAZO,2026-09-07T00:20:00-03:00
DES001973,EXP004106,PGR-00005184/2026,DOCUMENTO,CIVINT/STIC,CIVINT-STIC-U05,Karina Ensaio,CIVINT-STIC-U01,Gabriela Simulada,2026-09-20T03:58:56-03:00,2026-09-26,5,ENCERRADA,DEVOLVIDA_NO_PRAZO,2026-09-21T14:36:00-03:00
DES001974,EXP004109,1.34.533.344315/2023-99,EXTRAJUDICIAL,CIVINT/STIC,CIVINT-STIC-U03,Isabela Piloto,CIVINT-STIC-U01,Gabriela Simulada,2026-07-16T02:57:39-03:00,2026-07-23,0,ENCERRADA,DEVOLVIDA_NO_PRAZO,2026-07-23T07:50:00-03:00
