data,siglaSetor,gerenciador,idUsuario,nomeUsuario,recebimentos,designacoes,marcadores,anotacoes,minutas,assinaturas,prorrogacoes,envios,arquivamentos,prazosCumpridosNoPrazo,prazosCumpridosComAtraso,totalAcoes
2026-07-10,CIVINT/STIC,DOCUMENTO,CIVINT-STIC-U01,Gabriela Simulada,1,11,0,2,2,4,0,0,0,0,0,20
2026-07-10,CIVINT/STIC,DOCUMENTO,CIVINT-STIC-U02,Heitor Protótipo,4,0,0,1,1,0,0,1,0,1,0,7
2026-07-10,CIVINT/STIC,DOCUMENTO,CIVINT-STIC-U04,João Rascunho,0,0,0,2,0,0,0,0,1,0,1,3
2026-07-10,CIVINT/STIC,DOCUMENTO,CIVINT-STIC-U05,Karina Ensaio,3,0,0,1,1,0,0,0,0,0,0,5
2026-07-10,CIVINT/STIC,DOCUMENTO,CIVINT-STIC-U06,Lucas Esboço,1,0,0,1,0,0,0,0,0,0,0,2
2026-07-10,CIVINT/STIC,DOCUMENTO,CIVINT-STIC-U07,Marina Maquete,2,0,0,1,1,0,0,2,2,3,1,8
2026-07-10,CIVINT/STIC,DOCUMENTO,CIVINT-STIC-U08,Nelson Mock,2,0,0,2,1,0,0,0,0,0,0,5
2026-07-10,GABSUB3-DVT,DOCUMENTO,GABSUB3-DVT-U02,Bruno Teste,1,1,0,0,1,0,0,0,0,0,0,3
2026-07-10,GABSUB3-DVT,DOCUMENTO,GABSUB3-DVT-U03,Carla Modelo,2,0,0,0,0,0,0,0,0,0,0,2
2026-07-10,GABSUB3-DVT,DOCUMENTO,GABSUB3-DVT-U04,Diego Fictício,1,0,0,0,0,0,0,0,0,0,0,1
2026-07-10,GABSUB3-DVT,DOCUMENTO,GABSUB3-DVT-U05,Elisa Amostra,1,0,0,0,0,0,0,0,0,0,0,1
2026-07-10,GABSUB3-DVT,DOCUMENTO,GABSUB3-DVT-U06,Fábio Demo,0,0,0,1,0,0,0,0,0,0,0,1
2026-07-11,CIVINT/STIC,DOCUMENTO,CIVINT-STIC-U01,Gabriela Simulada,3,5,0,2,1,3,0,0,0,0,0,14
2026-07-11,CIVINT/STIC,DOCUMENTO,CIVINT-STIC-U02,Heitor Protótipo,2,0,0,2,0,0,0,0,1,1,0,5
2026-07-11,CIVINT/STIC,DOCUMENTO,CIVINT-STIC-U03,Isabela Piloto,1,0,0,3,1,0,0,0,0,0,0,5
2026-07-11,CIVINT/STIC,DOCUMENTO,CIVINT-STIC-U04,João Rascunho,0,0,0,3,0,0,0,0,0,0,0,3
2026-07-11,CIVINT/STIC,DOCUMENTO,CIVINT-STIC-U05,Karina Ensaio,0,0,0,2,1,0,0,1,1,2,0,5
2026-07-11,CIVINT/STIC,DOCUMENTO,CIVINT-STIC-U06,Lucas Esboço,2,0,1,2,1,0,0,0,0,0,0,6
2026-07-11,CIVINT/STIC,DOCUMENTO,CIVINT-STIC-U07,Marina Maquete,1,0,0,0,0,0,0,0,0,0,0,1
2026-07-11,CIVINT/STIC,DOCUMENTO,CIVINT-STIC-U08,Nelson Mock,1,0,0,2,0,0,0,0,0,0,0,3
2026-07-11,GABSUB3-DVT,DOCUMENTO,GABSUB3-DVT-U03,Carla Modelo,1,0,0,1,0,0,0,1,0,0,1,3
2026-07-11,GABSUB3-DVT,DOCUMENTO,GABSUB3-DVT-U06,Fábio Demo,0,0,0,1,0,0,0,0,0,0,0,1
2026-07-12,CIVINT/STIC,DOCUMENTO,CIVINT-STIC-U01,Gabriela Simulada,1,9,0,1,1,6,0,0,1,0,1,19
2026-07-12,CIVINT/STIC,DOCUMENTO,CIVINT-STIC-U02,Heitor Protótipo,1,0,1,2,0,0,0,0,0,0,0,4
2026-07-12,CIVINT/STIC,DOCUMENTO,CIVINT-STIC-U03,Isabela Piloto,4,0,0,1,0,0,0,0,1,0,1,6
2026-07-12,CIVINT/STIC,DOCUMENTO,CIVINT-STIC-U04,João Rascunho,1,0,0,0,1,0,0,0,1,1,0,3
2026-07-12,CIVINT/STIC,DOCUMENTO,CIVINT-STIC-U05,Karina Ensaio,1,0,0,0,0,0,0,2,1,2,1,4
2026-07-12,CIVINT/STIC,DOCUMENTO,CIVINT-STIC-U06,Lucas Esboço,0,0,0,2,1,0,0,1,1,1,1,5
2026-07-12,CIVINT/STIC,DOCUMENTO,CIVINT-STIC-U07,Marina Maquete,0,0,0,1,0,0,0,0,0,0,0,1
2026-07-12,CIVINT/STIC,DOCUMENTO,CIVINT-STIC-U08,Nelson Mock,0,0,0,2,0,0,0,1,1,1,1,4
2026-07-12,GABSUB3-DVT,DOCUMENTO,GABSUB3-DVT-U01,Ana Exemplo,0,0,0,0,0,1,0,0,0,0,0,1
2026-07-12,GABSUB3-DVT,DOCUMENTO,GABSUB3-DVT-U02,Bruno Teste,0,2,0,0,1,0,0,0,0,0,0,3
2026-07-12,GABSUB3-DVT,DOCUMENTO,GABSUB3-DVT-U03,Carla Modelo,0,0,0,0,1,0,0,0,0,0,0,1
2026-07-12,GABSUB3-DVT,DOCUMENTO,GABSUB3-DVT-U04,Diego Fictício,1,0,0,1,0,0,0,1,0,0,1,3
2026-07-12,GABSUB3-DVT,DOCUMENTO,GABSUB3-DVT-U05,Elisa Amostra,0,0,0,0,1,0,0,0,0,0,0,1
2026-07-12,GABSUB3-DVT,DOCUMENTO,GABSUB3-DVT-U06,Fábio Demo,0,0,1,0,0,0,0,0,0,0,0,1
2026-07-12,GABSUB3-DVT,JUDICIAL,GABSUB3-DVT-U06,Fábio Demo,0,0,0,0,1,0,0,0,0,0,0,1
2026-07-13,CIVINT/STIC,DOCUMENTO,CIVINT-STIC-U01,Gabriela Simulada,2,4,0,0,0,3,0,2,0,1,1,11
2026-07-13,CIVINT/STIC,DOCUMENTO,CIVINT-STIC-U02,Heitor Protótipo,3,0,0,2,0,0,0,0,0,0,0,5
2026-07-13,CIVINT/STIC,DOCUMENTO,CIVINT-STIC-U03,Isabela Piloto,3,0,0,1,0,0,0,0,0,0,0,4
2026-07-13,CIVINT/STIC,DOCUMENTO,CIVINT-STIC-U04,João Rascunho,2,0,0,3,0,0,0,0,0,0,0,5
2026-07-13,CIVINT/STIC,DOCUMENTO,CIVINT-STIC-U05,Karina Ensaio,1,0,0,3,0,0,0,0,0,0,0,4
2026-07-13,CIVINT/STIC,DOCUMENTO,CIVINT-STIC-U06,Lucas Esboço,1,0,0,0,0,0,0,0,1,1,0,2
2026-07-13,CIVINT/STIC,DOCUMENTO,CIVINT-STIC-U07,Marina Maquete,2,0,0,1,1,0,0,1,0,1,0,5
2026-07-13,CIVINT/STIC,DOCUMENTO,CIVINT-STIC-U08,Nelson Mock,0,0,0,1,0,0,0,3,0,1,2,4
2026-07-13,CIVINT/STIC,EXTRAJUDICIAL,CIVINT-STIC-U04,João Rascunho,1,0,0,0,0,0,0,0,0,0,0,1
2026-07-13,GABSUB3-DVT,DOCUMENTO,GABSUB3-DVT-U01,Ana Exemplo,0,0,0,0,0,1,0,0,0,0,0,1
2026-07-13,GABSUB3-DVT,DOCUMENTO,GABSUB3-DVT-U02,Bruno Teste,0,0,0,0,1,0,0,0,1,1,0,2
2026-07-13,GABSUB3-DVT,DOCUMENTO,GABSUB3-DVT-U03,Carla Modelo,0,0,0,2,0,0,0,0,0,0,0,2
2026-07-13,GABSUB3-DVT,DOCUMENTO,GABSUB3-DVT-U04,Diego Fictício,0,0,0,0,0,0,0,1,0,1,0,1
2026-07-13,GABSUB3-DVT,JUDICIAL,GABSUB3-DVT-U06,Fábio Demo,0,0,0,0,1,0,0,0,0,0,0,1
2026-07-14,CIVINT/STIC,DOCUMENTO,CIVINT-STIC-U01,Gabriela Simulada,1,4,0,0,0,1,0,0,0,0,0,6
2026-07-14,CIVINT/STIC,DOCUMENTO,CIVINT-STIC-U02,Heitor Protótipo,2,0,1,3,0,0,0,1,0,0,1,7
2026-07-14,CIVINT/STIC,DOCUMENTO,CIVINT-STIC-U03,Isabela Piloto,0,0,0,3,0,0,0,1,0,1,0,4
2026-07-14,CIVINT/STIC,DOCUMENTO,CIVINT-STIC-U04,João Rascunho,3,0,0,1,0,0,0,0,0,0,0,4
2026-07-14,CIVINT/STIC,DOCUMENTO,CIVINT-STIC-U05,Karina Ensaio,1,0,0,1,1,0,0,0,1,1,0,4
2026-07-14,CIVINT/STIC,DOCUMENTO,CIVINT-STIC-U06,Lucas Esboço,3,0,0,2,3,0,0,0,0,0,0,8
2026-07-14,CIVINT/STIC,DOCUMENTO,CIVINT-STIC-U07,Marina Maquete,3,0,0,1,0,0,0,0,0,0,0,4
2026-07-14,CIVINT/STIC,DOCUMENTO,CIVINT-STIC-U08,Nelson Mock,3,0,0,2,0,0,0,0,0,0,0,5
2026-07-14,GABSUB3-DVT,DOCUMENTO,GABSUB3-DVT-U02,Bruno Teste,2,1,0,0,0,0,0,0,0,0,0,3
2026-07-14,GABSUB3-DVT,DOCUMENTO,GABSUB3-DVT-U04,Diego Fictício,1,0,0,0,0,0,0,0,0,0,0,1
2026-07-14,GABSUB3-DVT,DOCUMENTO,GABSUB3-DVT-U05,Elisa Amostra,1,0,0,0,0,0,0,0,0,0,0,1
2026-07-15,CIVINT/STIC,DOCUMENTO,CIVINT-STIC-U01,Gabriela Simulada,3,8,0,0,0,2,0,0,0,0,0,13
2026-07-15,CIVINT/STIC,DOCUMENTO,CIVINT-STIC-U02,Heitor Protótipo,1,0,0,3,1,0,0,0,0,0,0,5
2026-07-15,CIVINT/STIC,DOCUMENTO,CIVINT-STIC-U03,Isabela Piloto,3,0,0,1,0,0,0,0,0,0,0,4
2026-07-15,CIVINT/STIC,DOCUMENTO,CIVINT-STIC-U04,João Rascunho,2,0,0,3,3,0,0,1,0,0,1,9
2026-07-15,CIVINT/STIC,DOCUMENTO,CIVINT-STIC-U05,Karina Ensaio,1,0,0,2,1,0,0,1,0,1,0,5
2026-07-15,CIVINT/STIC,DOCUMENTO,CIVINT-STIC-U06,Lucas Esboço,1,0,0,0,1,0,0,0,0,0,0,2
2026-07-15,CIVINT/STIC,DOCUMENTO,CIVINT-STIC-U08,Nelson Mock,1,0,0,1,0,0,0,1,0,0,1,3
2026-07-15,GABSUB3-DVT,DOCUMENTO,GABSUB3-DVT-U02,Bruno Teste,1,2,0,0,0,0,0,0,0,0,0,3
2026-07-15,GABSUB3-DVT,DOCUMENTO,GABSUB3-DVT-U03,Carla Modelo,0,0,0,1,0,0,0,1,0,0,1,2
2026-07-15,GABSUB3-DVT,JUDICIAL,GABSUB3-DVT-U03,Carla Modelo,1,0,0,0,0,0,0,0,0,0,0,1
2026-07-15,GABSUB3-DVT,JUDICIAL,GABSUB3-DVT-U05,Elisa Amostra,0,0,0,0,0,0,0,0,1,1,0,1
2026-07-16,CIVINT/STIC,DOCUMENTO,CIVINT-STIC-U01,Gabriela Simulada,3,9,0,0,1,6,0,0,1,0,1,20
2026-07-16,CIVINT/STIC,DOCUMENTO,CIVINT-STIC-U02,Heitor Protótipo,3,0,0,0,0,0,0,1,0,0,1,4
2026-07-16,CIVINT/STIC,DOCUMENTO,CIVINT-STIC-U03,Isabela Piloto,1,0,0,0,2,0,0,2,0,0,2,5
2026-07-16,CIVINT/STIC,DOCUMENTO,CIVINT-STIC-U04,João Rascunho,3,0,0,2,0,0,0,1,0,0,1,6
2026-07-16,CIVINT/STIC,DOCUMENTO,CIVINT-STIC-U05,Karina Ensaio,1,0,1,2,1,0,0,1,1,1,1,7
2026-07-16,CIVINT/STIC,DOCUMENTO,CIVINT-STIC-U06,Lucas Esboço,1,0,0,0,0,0,0,0,0,0,0,1
2026-07-16,CIVINT/STIC,DOCUMENTO,CIVINT-STIC-U07,Marina Maquete,1,0,0,1,0,0,0,0,0,0,0,2
2026-07-16,CIVINT/STIC,DOCUMENTO,CIVINT-STIC-U08,Nelson Mock,3,0,0,3,1,0,0,0,0,0,0,7
2026-07-16,CIVINT/STIC,EXTRAJUDICIAL,CIVINT-STIC-U01,Gabriela Simulada,0,1,0,0,0,0,0,0,0,0,0,1
2026-07-16,GABSUB3-DVT,DOCUMENTO,GABSUB3-DVT-U01,Ana Exemplo,0,0,0,0,1,0,0,0,0,0,0,1
2026-07-16,GABSUB3-DVT,DOCUMENTO,GABSUB3-DVT-U02,Bruno Teste,0,2,0,0,0,0,0,0,0,0,0,2
2026-07-16,GABSUB3-DVT,DOCUMENTO,GABSUB3-DVT-U04,Diego Fictício,1,0,0,1,0,0,0,0,0,0,0,2
2026-07-16,GABSUB3-DVT,DOCUMENTO,GABSUB3-DVT-U05,Elisa Amostra,1,0,0,0,0,0,0,0,0,0,0,1
2026-07-16,GABSUB3-DVT,DOCUMENTO,GABSUB3-DVT-U06,Fábio Demo,1,0,0,0,0,0,0,0,0,0,0,1
2026-07-16,GABSUB3-DVT,JUDICIAL,GABSUB3-DVT-U01,Ana Exemplo,0,0,0,0,1,0,0,0,0,0,0,1
2026-07-16,GABSUB3-DVT,JUDICIAL,GABSUB3-DVT-U02,Bruno Teste,0,0,0,0,1,0,0,0,0,0,0,1
2026-07-17,CIVINT/STIC,DOCUMENTO,CIVINT-STIC-U01,Gabriela Simulada,4,4,0,2,1,6,1,1,0,1,0,19
2026-07-17,CIVINT/STIC,DOCUMENTO,CIVINT-STIC-U02,Heitor Protótipo,1,0,0,0,0,0,0,1,1,1,1,3
2026-07-17,CIVINT/STIC,DOCUMENTO,CIVINT-STIC-U03,Isabela Piloto,2,0,0,1,1,0,0,4,0,4,0,8
2026-07-17,CIVINT/STIC,DOCUMENTO,CIVINT-STIC-U04,João Rascunho,1,0,0,1,4,0,0,0,0,0,0,6
2026-07-17,CIVINT/STIC,DOCUMENTO,CIVINT-STIC-U05,Karina Ensaio,3,0,1,0,2,0,0,0,0,0,0,6
2026-07-17,CIVINT/STIC,DOCUMENTO,CIVINT-STIC-U06,Lucas Esboço,4,0,0,3,0,0,0,0,0,0,0,7
2026-07-17,CIVINT/STIC,DOCUMENTO,CIVINT-STIC-U07,Marina Maquete,3,0,0,2,2,0,0,0,0,0,0,7
2026-07-17,CIVINT/STIC,DOCUMENTO,CIVINT-STIC-U08,Nelson Mock,0,0,0,0,2,0,0,0,0,0,0,2
2026-07-17,GABSUB3-DVT,DOCUMENTO,GABSUB3-DVT-U01,Ana Exemplo,1,0,0,0,0,1,0,0,0,0,0,2
2026-07-17,GABSUB3-DVT,DOCUMENTO,GABSUB3-DVT-U02,Bruno Teste,1,2,0,1,0,0,0,0,0,0,0,4
2026-07-17,GABSUB3-DVT,DOCUMENTO,GABSUB3-DVT-U03,Carla Modelo,0,0,0,0,1,0,0,0,0,0,0,1
2026-07-17,GABSUB3-DVT,DOCUMENTO,GABSUB3-DVT-U05,Elisa Amostra,0,0,0,0,1,0,0,0,0,0,0,1
2026-07-17,GABSUB3-DVT,DOCUMENTO,GABSUB3-DVT-U06,Fábio Demo,1,0,0,0,0,0,0,0,0,0,0,1
2026-07-17,GABSUB3-DVT,JUDICIAL,GABSUB3-DVT-U03,Carla Modelo,0,0,0,1,0,0,0,0,0,0,0,1
2026-07-18,CIVINT/STIC,DOCUMENTO,CIVINT-STIC-U01,Gabriela Simulada,1,16,0,0,1,6,0,2,0,2,0,26
2026-07-18,CIVINT/STIC,DOCUMENTO,CIVINT-STIC-U02,Heitor Protótipo,1,0,0,2,1,0,0,2,0,2,0,6
2026-07-18,CIVINT/STIC,DOCUMENTO,CIVINT-STIC-U03,Isabela Piloto,2,0,0,0,1,0,0,3,0,3,0,6
2026-07-18,CIVINT/STIC,DOCUMENTO,CIVINT-STIC-U04,João Rascunho,4,0,0,1,3,0,0,0,0,0,0,8
2026-07-18,CIVINT/STIC,DOCUMENTO,CIVINT-STIC-U05,Karina Ensaio,2,0,0,3,0,0,0,0,0,0,0,5
2026-07-18,CIVINT/STIC,DOCUMENTO,CIVINT-STIC-U06,Lucas Esboço,0,0,0,0,1,0,0,0,0,0,0,1
2026-07-18,CIVINT/STIC,DOCUMENTO,CIVINT-STIC-U07,Marina Maquete,1,0,0,2,0,0,0,0,0,0,0,3
2026-07-18,CIVINT/STIC,DOCUMENTO,CIVINT-STIC-U08,Nelson Mock,3,0,1,2,1,0,0,0,0,0,0,7
2026-07-18,CIVINT/STIC,EXTRAJUDICIAL,CIVINT-STIC-U05,Karina Ensaio,0,0,0,0,1,0,0,0,0,0,0,1
2026-07-18,GABSUB3-DVT,DOCUMENTO,GABSUB3-DVT-U01,Ana Exemplo,0,0,0,0,1,1,0,0,0,0,0,2
2026-07-18,GABSUB3-DVT,DOCUMENTO,GABSUB3-DVT-U02,Bruno Teste,0,1,0,0,0,0,0,0,0,0,0,1
2026-07-18,GABSUB3-DVT,DOCUMENTO,GABSUB3-DVT-U04,Diego Fictício,2,0,0,1,0,0,0,1,0,1,0,4
2026-07-18,GABSUB3-DVT,DOCUMENTO,GABSUB3-DVT-U06,Fábio Demo,1,0,0,0,0,0,0,1,0,1,0,2
2026-07-18,GABSUB3-DVT,JUDICIAL,GABSUB3-DVT-U01,Ana Exemplo,0,0,0,0,0,1,0,0,0,0,0,1
2026-07-18,GABSUB3-DVT,JUDICIAL,GABSUB3-DVT-U02,Bruno Teste,0,1,0,0,0,0,0,0,0,0,0,1
2026-07-18,GABSUB3-DVT,JUDICIAL,GABSUB3-DVT-U05,Elisa Amostra,1,0,0,0,0,0,0,0,0,0,0,1
2026-07-19,CIVINT/STIC,DOCUMENTO,CIVINT-STIC-U01,Gabriela Simulada,1,9,0,1,1,4,1,1,1,0,2,19
2026-07-19,CIVINT/STIC,DOCUMENTO,CIVINT-STIC-U02,Heitor Protótipo,2,0,0,1,0,0,0,0,0,0,0,3
2026-07-19,CIVINT/STIC,DOCUMENTO,CIVINT-STIC-U03,Isabela Piloto,2,0,0,1,0,0,0,1,0,0,1,4
2026-07-19,CIVINT/STIC,DOCUMENTO,CIVINT-STIC-U04,João Rascunho,2,0,1,1,0,0,0,1,0,1,0,5
2026-07-19,CIVINT/STIC,DOCUMENTO,CIVINT-STIC-U05,Karina Ensaio,2,0,0,2,0,0,0,1,0,1,0,5
2026-07-19,CIVINT/STIC,DOCUMENTO,CIVINT-STIC-U06,Lucas Esboço,0,0,0,3,1,0,0,2,0,0,2,6
2026-07-19,CIVINT/STIC,DOCUMENTO,CIVINT-STIC-U07,Marina Maquete,0,0,0,1,1,0,0,1,0,1,0,3
2026-07-19,CIVINT/STIC,DOCUMENTO,CIVINT-STIC-U08,Nelson Mock,2,0,0,0,0,0,0,0,1,1,0,3
2026-07-19,GABSUB3-DVT,DOCUMENTO,GABSUB3-DVT-U01,Ana Exemplo,1,0,0,0,0,1,0,0,0,0,0,2
2026-07-19,GABSUB3-DVT,DOCUMENTO,GABSUB3-DVT-U02,Bruno Teste,1,4,0,0,1,0,0,0,0,0,0,6
2026-07-19,GABSUB3-DVT,DOCUMENTO,GABSUB3-DVT-U03,Carla Modelo,1,0,0,0,0,0,0,1,0,0,1,2
2026-07-19,GABSUB3-DVT,DOCUMENTO,GABSUB3-DVT-U04,Diego Fictício,1,0,0,1,0,0,0,0,0,0,0,2
2026-07-19,GABSUB3-DVT,JUDICIAL,GABSUB3-DVT-U02,Bruno Teste,1,0,0,0,0,0,0,0,0,0,0,1
2026-07-19,GABSUB3-DVT,JUDICIAL,GABSUB3-DVT-U06,Fábio Demo,0,0,0,0,0,0,0,0,1,0,1,1
2026-07-20,CIVINT/STIC,DOCUMENTO,CIVINT-STIC-U01,Gabriela Simulada,2,10,0,1,1,6,0,0,2,0,2,22
2026-07-20,CIVINT/STIC,DOCUMENTO,CIVINT-STIC-U02,Heitor Protótipo,0,0,1,3,0,0,0,0,0,0,0,4
2026-07-20,CIVINT/STIC,DOCUMENTO,CIVINT-STIC-U03,Isabela Piloto,2,0,0,1,0,0,0,1,0,1,0,4
2026-07-20,CIVINT/STIC,DOCUMENTO,CIVINT-STIC-U04,João Rascunho,1,0,1,2,1,0,0,1,1,1,1,7
2026-07-20,CIVINT/STIC,DOCUMENTO,CIVINT-STIC-U05,Karina Ensaio,0,0,0,2,1,0,0,1,1,2,0,5
2026-07-20,CIVINT/STIC,DOCUMENTO,CIVINT-STIC-U07,Marina Maquete,2,0,0,1,0,0,0,0,0,0,0,3
2026-07-20,CIVINT/STIC,DOCUMENTO,CIVINT-STIC-U08,Nelson Mock,4,0,0,3,0,0,0,0,0,0,0,7
2026-07-20,CIVINT/STIC,EXTRAJUDICIAL,CIVINT-STIC-U01,Gabriela Simulada,0,0,0,0,0,1,0,0,0,0,0,1
2026-07-20,GABSUB3-DVT,DOCUMENTO,GABSUB3-DVT-U01,Ana Exemplo,1,0,0,0,0,0,0,0,0,0,0,1
2026-07-20,GABSUB3-DVT,DOCUMENTO,GABSUB3-DVT-U02,Bruno Teste,0,1,0,1,0,0,0,0,0,0,0,2
2026-07-20,GABSUB3-DVT,DOCUMENTO,GABSUB3-DVT-U06,Fábio Demo,1,0,0,0,0,0,0,0,0,0,0,1
2026-07-20,GABSUB3-DVT,JUDICIAL,GABSUB3-DVT-U01,Ana Exemplo,1,0,0,0,0,1,0,0,0,0,0,2
2026-07-20,GABSUB3-DVT,JUDICIAL,GABSUB3-DVT-U02,Bruno Teste,0,1,0,0,0,0,0,0,0,0,0,1
2026-07-20,GABSUB3-DVT,JUDICIAL,GABSUB3-DVT-U06,Fábio Demo,1,0,0,0,0,0,0,0,0,0,0,1
2026-07-21,CIVINT/STIC,DOCUMENTO,CIVINT-STIC-U01,Gabriela Simulada,1,5,0,1,0,5,0,1,0,0,1,13
2026-07-21,CIVINT/STIC,DOCUMENTO,CIVINT-STIC-U02,Heitor Protótipo,3,0,0,1,0,0,0,0,0,0,0,4
2026-07-21,CIVINT/STIC,DOCUMENTO,CIVINT-STIC-U03,Isabela Piloto,2,0,0,0,0,0,0,0,0,0,0,2
2026-07-21,CIVINT/STIC,DOCUMENTO,CIVINT-STIC-U04,João Rascunho,3,0,0,3,0,0,0,1,0,1,0,7
2026-07-21,CIVINT/STIC,DOCUMENTO,CIVINT-STIC-U05,Karina Ensaio,1,0,0,1,0,0,0,0,0,0,0,2
2026-07-21,CIVINT/STIC,DOCUMENTO,CIVINT-STIC-U06,Lucas Esboço,2,0,1,0,0,0,0,2,0,0,2,5
2026-07-21,CIVINT/STIC,DOCUMENTO,CIVINT-STIC-U07,Marina Maquete,3,0,0,3,1,0,0,1,0,0,1,8
2026-07-21,CIVINT/STIC,DOCUMENTO,CIVINT-STIC-U08,Nelson Mock,1,0,0,3,1,0,0,0,1,0,1,6
2026-07-21,GABSUB3-DVT,DOCUMENTO,GABSUB3-DVT-U01,Ana Exemplo,1,0,0,1,0,1,0,0,0,0,0,3
2026-07-21,GABSUB3-DVT,DOCUMENTO,GABSUB3-DVT-U02,Bruno Teste,0,2,0,0,2,0,0,0,0,0,0,4
2026-07-21,GABSUB3-DVT,DOCUMENTO,GABSUB3-DVT-U04,Diego Fictício,0,0,0,0,0,0,0,1,0,0,1,1
2026-07-21,GABSUB3-DVT,DOCUMENTO,GABSUB3-DVT-U05,Elisa Amostra,0,0,0,1,0,0,0,0,0,0,0,1
2026-07-21,GABSUB3-DVT,JUDICIAL,GABSUB3-DVT-U01,Ana Exemplo,0,0,0,0,0,1,0,0,0,0,0,1
2026-07-21,GABSUB3-DVT,JUDICIAL,GABSUB3-DVT-U02,Bruno Teste,0,2,0,0,0,0,0,0,0,0,0,2
2026-07-21,GABSUB3-DVT,JUDICIAL,GABSUB3-DVT-U03,Carla Modelo,1,0,0,0,0,0,0,0,0,0,0,1
2026-07-22,CIVINT/STIC,DOCUMENTO,CIVINT-STIC-U01,Gabriela Simulada,2,7,0,1,0,3,0,1,0,0,1,14
2026-07-22,CIVINT/STIC,DOCUMENTO,CIVINT-STIC-U02,Heitor Protótipo,0,0,0,3,0,0,0,1,0,0,1,4
2026-07-22,CIVINT/STIC,DOCUMENTO,CIVINT-STIC-U03,Isabela Piloto,0,0,0,1,1,0,0,0,0,0,0,2
2026-07-22,CIVINT/STIC,DOCUMENTO,CIVINT-STIC-U04,João Rascunho,2,0,0,2,0,0,0,0,1,0,1,5
2026-07-22,CIVINT/STIC,DOCUMENTO,CIVINT-STIC-U05,Karina Ensaio,2,0,0,2,0,0,0,1,1,2,0,6
2026-07-22,CIVINT/STIC,DOCUMENTO,CIVINT-STIC-U06,Lucas Esboço,1,0,0,2,1,0,0,1,1,1,1,6
2026-07-22,CIVINT/STIC,DOCUMENTO,CIVINT-STIC-U07,Marina Maquete,2,0,0,2,1,0,0,0,0,0,0,5
2026-07-22,CIVINT/STIC,DOCUMENTO,CIVINT-STIC-U08,Nelson Mock,1,0,0,2,1,0,0,1,0,1,0,5
2026-07-22,GABSUB3-DVT,DOCUMENTO,GABSUB3-DVT-U01,Ana Exemplo,0,0,0,0,0,2,0,1,0,1,0,3
2026-07-22,GABSUB3-DVT,DOCUMENTO,GABSUB3-DVT-U02,Bruno Teste,0,1,0,1,0,0,0,0,0,0,0,2
2026-07-22,GABSUB3-DVT,DOCUMENTO,GABSUB3-DVT-U04,Diego Fictício,1,0,0,0,0,0,0,1,0,0,1,2
2026-07-22,GABSUB3-DVT,DOCUMENTO,GABSUB3-DVT-U05,Elisa Amostra,0,0,0,0,0,0,0,1,0,0,1,1
2026-07-22,GABSUB3-DVT,DOCUMENTO,GABSUB3-DVT-U06,Fábio Demo,0,0,0,0,0,0,0,1,0,1,0,1
2026-07-22,GABSUB3-DVT,JUDICIAL,GABSUB3-DVT-U05,Elisa Amostra,0,0,0,1,0,0,0,0,0,0,0,1
2026-07-23,CIVINT/STIC,DOCUMENTO,CIVINT-STIC-U01,Gabriela Simulada,5,9,0,0,0,6,0,1,0,0,1,21
2026-07-23,CIVINT/STIC,DOCUMENTO,CIVINT-STIC-U02,Heitor Protótipo,1,0,0,2,1,0,0,0,0,0,0,4
2026-07-23,CIVINT/STIC,DOCUMENTO,CIVINT-STIC-U03,Isabela Piloto,3,0,0,1,0,0,0,1,0,0,1,5
2026-07-23,CIVINT/STIC,DOCUMENTO,CIVINT-STIC-U04,João Rascunho,2,0,0,2,0,0,0,0,0,0,0,4
2026-07-23,CIVINT/STIC,DOCUMENTO,CIVINT-STIC-U05,Karina Ensaio,5,0,1,3,2,0,0,1,2,3,0,14
2026-07-23,CIVINT/STIC,DOCUMENTO,CIVINT-STIC-U06,Lucas Esboço,3,0,0,2,1,0,0,0,0,0,0,6
2026-07-23,CIVINT/STIC,DOCUMENTO,CIVINT-STIC-U07,Marina Maquete,0,0,0,1,0,0,0,0,0,0,0,1
2026-07-23,CIVINT/STIC,DOCUMENTO,CIVINT-STIC-U08,Nelson Mock,4,0,0,3,1,0,0,1,0,1,0,9
2026-07-23,CIVINT/STIC,EXTRAJUDICIAL,CIVINT-STIC-U02,Heitor Protótipo,0,0,0,0,0,0,0,1,0,1,0,1
2026-07-23,GABSUB3-DVT,DOCUMENTO,GABSUB3-DVT-U01,Ana Exemplo,1,0,0,0,0,1,0,0,0,0,0,2
2026-07-23,GABSUB3-DVT,DOCUMENTO,GABSUB3-DVT-U02,Bruno Teste,0,1,0,0,1,0,0,0,0,0,0,2
2026-07-23,GABSUB3-DVT,DOCUMENTO,GABSUB3-DVT-U06,Fábio Demo,1,0,1,0,0,0,0,0,0,0,0,2
2026-07-23,GABSUB3-DVT,JUDICIAL,GABSUB3-DVT-U01,Ana Exemplo,0,0,0,0,0,1,0,0,0,0,0,1
2026-07-23,GABSUB3-DVT,JUDICIAL,GABSUB3-DVT-U02,Bruno Teste,0,0,0,0,0,0,0,0,1,1,0,1
2026-07-23,GABSUB3-DVT,JUDICIAL,GABSUB3-DVT-U06,Fábio Demo,1,0,0,0,0,0,0,0,0,0,0,1
2026-07-24,CIVINT/STIC,DOCUMENTO,CIVINT-STIC-U01,Gabriela Simulada,5,7,0,0,0,3,0,1,0,0,1,16
2026-07-24,CIVINT/STIC,DOCUMENTO,CIVINT-STIC-U02,Heitor Protótipo,2,0,0,3,1,0,0,2,0,2,0,8
2026-07-24,CIVINT/STIC,DOCUMENTO,CIVINT-STIC-U03,Isabela Piloto,1,0,0,2,1,0,0,0,0,0,0,4
2026-07-24,CIVINT/STIC,DOCUMENTO,CIVINT-STIC-U04,João Rascunho,4,0,0,1,0,0,0,1,0,1,0,6
2026-07-24,CIVINT/STIC,DOCUMENTO,CIVINT-STIC-U05,Karina Ensaio,0,0,0,0,0,0,0,2,0,1,1,2
2026-07-24,CIVINT/STIC,DOCUMENTO,CIVINT-STIC-U06,Lucas Esboço,1,0,0,3,1,0,0,1,0,0,1,6
2026-07-24,CIVINT/STIC,DOCUMENTO,CIVINT-STIC-U07,Marina Maquete,0,0,0,1,0,0,0,0,0,0,0,1
2026-07-24,CIVINT/STIC,DOCUMENTO,CIVINT-STIC-U08,Nelson Mock,2,0,0,2,2,0,0,2,0,2,0,8
2026-07-24,GABSUB3-DVT,DOCUMENTO,GABSUB3-DVT-U01,Ana Exemplo,2,0,0,0,0,1,0,1,0,1,0,4
2026-07-24,GABSUB3-DVT,DOCUMENTO,GABSUB3-DVT-U02,Bruno Teste,0,1,0,1,0,0,0,0,0,0,0,2
2026-07-24,GABSUB3-DVT,DOCUMENTO,GABSUB3-DVT-U03,Carla Modelo,0,0,0,0,0,0,0,1,0,0,1,1
2026-07-24,GABSUB3-DVT,DOCUMENTO,GABSUB3-DVT-U04,Diego Fictício,0,0,0,1,0,0,0,1,0,1,0,2
2026-07-24,GABSUB3-DVT,DOCUMENTO,GABSUB3-DVT-U05,Elisa Amostra,0,0,1,1,1,0,0,0,1,1,0,4
2026-07-24,GABSUB3-DVT,DOCUMENTO,GABSUB3-DVT-U06,Fábio Demo,0,0,1,0,0,0,0,0,0,0,0,1
2026-07-24,GABSUB3-DVT,JUDICIAL,GABSUB3-DVT-U02,Bruno Teste,0,1,0,0,0,0,0,0,0,0,0,1
2026-07-24,GABSUB3-DVT,JUDICIAL,GABSUB3-DVT-U05,Elisa Amostra,0,0,0,0,0,0,0,1,0,0,1,1
2026-07-25,CIVINT/STIC,DOCUMENTO,CIVINT-STIC-U01,Gabriela Simulada,3,8,0,2,0,3,0,0,0,0,0,16
2026-07-25,CIVINT/STIC,DOCUMENTO,CIVINT-STIC-U02,Heitor Protótipo,4,0,0,1,1,0,0,0,1,0,1,7
2026-07-25,CIVINT/STIC,DOCUMENTO,CIVINT-STIC-U03,Isabela Piloto,0,0,1,1,0,0,0,1,0,1,0,3
2026-07-25,CIVINT/STIC,DOCUMENTO,CIVINT-STIC-U04,João Rascunho,1,0,0,0,1,0,0,1,0,0,1,3
2026-07-25,CIVINT/STIC,DOCUMENTO,CIVINT-STIC-U05,Karina Ensaio,1,0,2,2,2,0,0,1,0,0,1,8
2026-07-25,CIVINT/STIC,DOCUMENTO,CIVINT-STIC-U06,Lucas Esboço,2,0,0,0,1,0,0,1,0,0,1,4
2026-07-25,CIVINT/STIC,DOCUMENTO,CIVINT-STIC-U07,Marina Maquete,4,0,0,2,1,0,0,0,0,0,0,7
2026-07-25,CIVINT/STIC,DOCUMENTO,CIVINT-STIC-U08,Nelson Mock,2,0,0,4,0,0,0,1,0,0,1,7
2026-07-25,GABSUB3-DVT,DOCUMENTO,GABSUB3-DVT-U01,Ana Exemplo,2,0,0,0,0,0,0,0,0,0,0,2
2026-07-25,GABSUB3-DVT,DOCUMENTO,GABSUB3-DVT-U02,Bruno Teste,0,0,0,0,1,0,0,0,0,0,0,1
2026-07-25,GABSUB3-DVT,DOCUMENTO,GABSUB3-DVT-U03,Carla Modelo,0,0,0,1,1,0,0,0,0,0,0,2
2026-07-25,GABSUB3-DVT,DOCUMENTO,GABSUB3-DVT-U04,Diego Fictício,0,0,0,0,1,0,0,0,0,0,0,1
2026-07-25,GABSUB3-DVT,DOCUMENTO,GABSUB3-DVT-U05,Elisa Amostra,1,0,0,0,1,0,0,0,0,0,0,2
2026-07-25,GABSUB3-DVT,JUDICIAL,GABSUB3-DVT-U03,Carla Modelo,0,0,0,0,1,0,0,0,0,0,0,1
2026-07-26,CIVINT/STIC,DOCUMENTO,CIVINT-STIC-U01,Gabriela Simulada,1,10,0,3,2,4,0,0,0,0,0,20
2026-07-26,CIVINT/STIC,DOCUMENTO,CIVINT-STIC-U02,Heitor Protótipo,2,0,0,5,1,0,0,0,1,0,1,9
2026-07-26,CIVINT/STIC,DOCUMENTO,CIVINT-STIC-U03,Isabela Piloto,4,0,0,1,0,0,0,0,0,0,0,5
2026-07-26,CIVINT/STIC,DOCUMENTO,CIVINT-STIC-U04,João Rascunho,4,0,0,2,0,0,0,1,0,1,0,7
2026-07-26,CIVINT/STIC,DOCUMENTO,CIVINT-STIC-U05,Karina Ensaio,1,0,0,2,2,0,0,0,0,0,0,5
2026-07-26,CIVINT/STIC,DOCUMENTO,CIVINT-STIC-U06,Lucas Esboço,3,0,0,1,0,0,0,1,0,0,1,5
2026-07-26,CIVINT/STIC,DOCUMENTO,CIVINT-STIC-U07,Marina Maquete,0,0,1,2,2,0,0,0,0,0,0,5
2026-07-26,CIVINT/STIC,DOCUMENTO,CIVINT-STIC-U08,Nelson Mock,4,0,0,0,1,0,0,0,0,0,0,5
2026-07-26,CIVINT/STIC,EXTRAJUDICIAL,CIVINT-STIC-U07,Marina Maquete,0,0,0,1,0,0,0,0,0,0,0,1
2026-07-26,GABSUB3-DVT,DOCUMENTO,GABSUB3-DVT-U01,Ana Exemplo,0,0,0,1,0,0,0,0,0,0,0,1
2026-07-26,GABSUB3-DVT,DOCUMENTO,GABSUB3-DVT-U02,Bruno Teste,0,1,0,0,0,0,0,0,0,0,0,1
2026-07-26,GABSUB3-DVT,DOCUMENTO,GABSUB3-DVT-U03,Carla Modelo,0,0,0,1,0,0,0,0,0,0,0,1
2026-07-26,GABSUB3-DVT,DOCUMENTO,GABSUB3-DVT-U04,Diego Fictício,0,0,0,2,0,0,0,0,0,0,0,2
2026-07-26,GABSUB3-DVT,DOCUMENTO,GABSUB3-DVT-U05,Elisa Amostra,1,0,0,1,0,0,0,0,0,0,0,2
2026-07-26,GABSUB3-DVT,DOCUMENTO,GABSUB3-DVT-U06,Fábio Demo,1,0,0,0,0,0,0,0,0,0,0,1
2026-07-26,GABSUB3-DVT,JUDICIAL,GABSUB3-DVT-U03,Carla Modelo,0,0,0,0,1,0,0,0,0,0,0,1
2026-07-27,CIVINT/STIC,DOCUMENTO,CIVINT-STIC-U01,Gabriela Simulada,2,8,0,0,0,7,0,0,0,0,0,17
2026-07-27,CIVINT/STIC,DOCUMENTO,CIVINT-STIC-U02,Heitor Protótipo,1,0,0,1,0,0,0,0,0,0,0,2
2026-07-27,CIVINT/STIC,DOCUMENTO,CIVINT-STIC-U03,Isabela Piloto,1,0,0,1,0,0,0,0,0,0,0,2
2026-07-27,CIVINT/STIC,DOCUMENTO,CIVINT-STIC-U04,João Rascunho,2,0,0,0,2,0,0,0,0,0,0,4
2026-07-27,CIVINT/STIC,DOCUMENTO,CIVINT-STIC-U05,Karina Ensaio,1,0,0,1,3,0,0,2,0,2,0,7
2026-07-27,CIVINT/STIC,DOCUMENTO,CIVINT-STIC-U06,Lucas Esboço,3,0,0,0,2,0,0,1,0,0,1,6
2026-07-27,CIVINT/STIC,DOCUMENTO,CIVINT-STIC-U07,Marina Maquete,3,0,0,2,1,0,0,1,0,1,0,7
2026-07-27,CIVINT/STIC,DOCUMENTO,CIVINT-STIC-U08,Nelson Mock,0,0,1,1,1,0,0,1,0,0,1,4
2026-07-27,GABSUB3-DVT,DOCUMENTO,GABSUB3-DVT-U01,Ana Exemplo,0,0,0,0,0,2,0,0,0,0,0,2
2026-07-27,GABSUB3-DVT,DOCUMENTO,GABSUB3-DVT-U02,Bruno Teste,0,1,0,1,0,0,0,0,0,0,0,2
2026-07-27,GABSUB3-DVT,DOCUMENTO,GABSUB3-DVT-U03,Carla Modelo,1,0,0,0,0,0,0,0,0,0,0,1
2026-07-27,GABSUB3-DVT,DOCUMENTO,GABSUB3-DVT-U04,Diego Fictício,0,0,0,1,0,0,0,0,0,0,0,1
2026-07-28,CIVINT/STIC,DOCUMENTO,CIVINT-STIC-U01,Gabriela Simulada,0,5,1,0,1,6,0,2,0,1,1,15
2026-07-28,CIVINT/STIC,DOCUMENTO,CIVINT-STIC-U02,Heitor Protótipo,1,0,0,2,0,0,0,1,0,0,1,4
2026-07-28,CIVINT/STIC,DOCUMENTO,CIVINT-STIC-U03,Isabela Piloto,3,0,0,1,1,0,0,1,1,1,1,7
2026-07-28,CIVINT/STIC,DOCUMENTO,CIVINT-STIC-U04,João Rascunho,0,0,0,2,1,0,0,2,0,1,1,5
2026-07-28,CIVINT/STIC,DOCUMENTO,CIVINT-STIC-U05,Karina Ensaio,2,0,0,4,0,0,0,1,0,0,1,7
2026-07-28,CIVINT/STIC,DOCUMENTO,CIVINT-STIC-U06,Lucas Esboço,2,0,1,3,0,0,0,2,0,1,1,8
2026-07-28,CIVINT/STIC,DOCUMENTO,CIVINT-STIC-U07,Marina Maquete,2,0,1,2,0,0,0,0,0,0,0,5
2026-07-28,CIVINT/STIC,DOCUMENTO,CIVINT-STIC-U08,Nelson Mock,1,0,0,0,3,0,0,2,0,1,1,6
2026-07-28,GABSUB3-DVT,DOCUMENTO,GABSUB3-DVT-U01,Ana Exemplo,1,0,0,1,0,0,0,0,0,0,0,2
2026-07-28,GABSUB3-DVT,DOCUMENTO,GABSUB3-DVT-U03,Carla Modelo,0,0,0,0,0,0,0,1,0,1,0,1
2026-07-28,GABSUB3-DVT,DOCUMENTO,GABSUB3-DVT-U04,Diego Fictício,0,0,0,1,1,0,0,0,0,0,0,2
2026-07-28,GABSUB3-DVT,DOCUMENTO,GABSUB3-DVT-U05,Elisa Amostra,0,0,0,1,0,0,0,0,0,0,0,1
2026-07-28,GABSUB3-DVT,DOCUMENTO,GABSUB3-DVT-U06,Fábio Demo,1,0,0,0,0,0,0,0,0,0,0,1
2026-07-29,CIVINT/STIC,DOCUMENTO,CIVINT-STIC-U01,Gabriela Simulada,1,11,0,3,1,4,0,0,0,0,0,20
2026-07-29,CIVINT/STIC,DOCUMENTO,CIVINT-STIC-U02,Heitor Protótipo,3,0,0,3,3,0,0,2,1,2,1,12
2026-07-29,CIVINT/STIC,DOCUMENTO,CIVINT-STIC-U03,Isabela Piloto,1,0,0,5,0,0,0,0,0,0,0,6
2026-07-29,CIVINT/STIC,DOCUMENTO,CIVINT-STIC-U04,João Rascunho,1,0,0,0,2,0,0,1,0,0,1,4
2026-07-29,CIVINT/STIC,DOCUMENTO,CIVINT-STIC-U05,Karina Ensaio,0,0,0,1,0,0,0,0,0,0,0,1
2026-07-29,CIVINT/STIC,DOCUMENTO,CIVINT-STIC-U06,Lucas Esboço,2,0,0,2,2,0,0,0,0,0,0,6
2026-07-29,CIVINT/STIC,DOCUMENTO,CIVINT-STIC-U07,Marina Maquete,4,0,0,1,1,0,0,0,1,0,1,7
2026-07-29,CIVINT/STIC,DOCUMENTO,CIVINT-STIC-U08,Nelson Mock,2,0,1,1,0,0,0,0,0,0,0,4
2026-07-29,GABSUB3-DVT,DOCUMENTO,GABSUB3-DVT-U01,Ana Exemplo,0,0,0,1,0,0,0,1,0,0,1,2
2026-07-29,GABSUB3-DVT,DOCUMENTO,GABSUB3-DVT-U02,Bruno Teste,1,1,1,0,0,0,0,0,0,0,0,3
2026-07-29,GABSUB3-DVT,DOCUMENTO,GABSUB3-DVT-U03,Carla Modelo,1,0,0,1,1,0,0,0,0,0,0,3
2026-07-29,GABSUB3-DVT,DOCUMENTO,GABSUB3-DVT-U04,Diego Fictício,0,0,0,0,0,0,0,1,1,0,2,2
2026-07-29,GABSUB3-DVT,DOCUMENTO,GABSUB3-DVT-U05,Elisa Amostra,0,0,0,1,0,0,0,0,0,0,0,1
2026-07-29,GABSUB3-DVT,JUDICIAL,GABSUB3-DVT-U02,Bruno Teste,1,0,0,0,0,0,0,1,0,0,1,2
2026-07-30,CIVINT/STIC,DOCUMENTO,CIVINT-STIC-U01,Gabriela Simulada,6,6,1,0,0,10,0,1,0,0,1,24
2026-07-30,CIVINT/STIC,DOCUMENTO,CIVINT-STIC-U02,Heitor Protótipo,3,0,0,2,1,0,0,1,0,1,0,7
2026-07-30,CIVINT/STIC,DOCUMENTO,CIVINT-STIC-U03,Isabela Piloto,3,0,0,2,1,0,0,0,0,0,0,6
2026-07-30,CIVINT/STIC,DOCUMENTO,CIVINT-STIC-U04,João Rascunho,1,0,0,2,0,0,0,1,2,1,2,6
2026-07-30,CIVINT/STIC,DOCUMENTO,CIVINT-STIC-U05,Karina Ensaio,1,0,0,2,1,0,0,0,1,0,1,5
2026-07-30,CIVINT/STIC,DOCUMENTO,CIVINT-STIC-U06,Lucas Esboço,0,0,0,1,3,0,0,0,0,0,0,4
2026-07-30,CIVINT/STIC,DOCUMENTO,CIVINT-STIC-U07,Marina Maquete,2,0,0,2,0,0,0,0,0,0,0,4
2026-07-30,CIVINT/STIC,DOCUMENTO,CIVINT-STIC-U08,Nelson Mock,2,0,1,3,1,0,0,2,0,2,0,9
2026-07-30,GABSUB3-DVT,DOCUMENTO,GABSUB3-DVT-U01,Ana Exemplo,0,0,0,0,0,1,0,0,0,0,0,1
2026-07-30,GABSUB3-DVT,DOCUMENTO,GABSUB3-DVT-U02,Bruno Teste,0,2,0,1,0,0,0,0,0,0,0,3
2026-07-30,GABSUB3-DVT,DOCUMENTO,GABSUB3-DVT-U03,Carla Modelo,0,0,0,1,1,0,0,1,0,1,0,3
2026-07-30,GABSUB3-DVT,DOCUMENTO,GABSUB3-DVT-U04,Diego Fictício,1,0,0,0,0,0,0,0,0,0,0,1
2026-07-30,GABSUB3-DVT,DOCUMENTO,GABSUB3-DVT-U05,Elisa Amostra,0,0,0,0,0,0,0,1,1,0,2,2
2026-07-30,GABSUB3-DVT,DOCUMENTO,GABSUB3-DVT-U06,Fábio Demo,0,0,1,0,0,0,0,0,0,0,0,1
2026-07-30,GABSUB3-DVT,JUDICIAL,GABSUB3-DVT-U01,Ana Exemplo,0,0,0,0,0,1,0,0,0,0,0,1
2026-07-31,CIVINT/STIC,DOCUMENTO,CIVINT-STIC-U01,Gabriela Simulada,3,8,0,2,2,6,1,1,2,2,1,25
2026-07-31,CIVINT/STIC,DOCUMENTO,CIVINT-STIC-U02,Heitor Protótipo,2,0,0,3,2,0,0,0,0,0,0,7
2026-07-31,CIVINT/STIC,DOCUMENTO,CIVINT-STIC-U03,Isabela Piloto,2,0,0,1,0,0,0,2,0,1,1,5
2026-07-31,CIVINT/STIC,DOCUMENTO,CIVINT-STIC-U04,João Rascunho,1,0,0,2,2,0,0,0,0,0,0,5
2026-07-31,CIVINT/STIC,DOCUMENTO,CIVINT-STIC-U05,Karina Ensaio,2,0,0,3,2,0,0,2,0,0,2,9
2026-07-31,CIVINT/STIC,DOCUMENTO,CIVINT-STIC-U06,Lucas Esboço,2,0,0,1,3,0,0,0,0,0,0,6
2026-07-31,CIVINT/STIC,DOCUMENTO,CIVINT-STIC-U07,Marina Maquete,1,0,0,3,3,0,0,1,0,1,0,8
2026-07-31,CIVINT/STIC,DOCUMENTO,CIVINT-STIC-U08,Nelson Mock,1,0,0,3,0,0,0,2,0,2,0,6
2026-07-31,CIVINT/STIC,EXTRAJUDICIAL,CIVINT-STIC-U07,Marina Maquete,1,0,0,0,0,0,0,0,0,0,0,1
2026-07-31,GABSUB3-DVT,DOCUMENTO,GABSUB3-DVT-U01,Ana Exemplo,0,0,0,0,0,2,0,0,0,0,0,2
2026-07-31,GABSUB3-DVT,DOCUMENTO,GABSUB3-DVT-U02,Bruno Teste,0,0,0,1,0,0,0,0,0,0,0,1
2026-07-31,GABSUB3-DVT,DOCUMENTO,GABSUB3-DVT-U03,Carla Modelo,1,0,0,0,1,0,0,0,0,0,0,2
2026-07-31,GABSUB3-DVT,DOCUMENTO,GABSUB3-DVT-U04,Diego Fictício,1,0,0,0,0,0,0,0,0,0,0,1
2026-07-31,GABSUB3-DVT,JUDICIAL,GABSUB3-DVT-U02,Bruno Teste,0,0,0,1,0,0,0,1,0,1,0,2
2026-07-31,GABSUB3-DVT,JUDICIAL,GABSUB3-DVT-U04,Diego Fictício,0,0,0,1,0,0,0,0,0,0,0,1
2026-08-01,CIVINT/STIC,DOCUMENTO,CIVINT-STIC-U01,Gabriela Simulada,1,6,0,1,3,7,0,1,0,0,1,19
2026-08-01,CIVINT/STIC,DOCUMENTO,CIVINT-STIC-U02,Heitor Protótipo,3,0,0,5,1,0,0,0,0,0,0,9
2026-08-01,CIVINT/STIC,DOCUMENTO,CIVINT-STIC-U03,Isabela Piloto,3,0,0,2,0,0,0,0,0,0,0,5
2026-08-01,CIVINT/STIC,DOCUMENTO,CIVINT-STIC-U04,João Rascunho,0,0,0,3,0,0,0,1,0,1,0,4
2026-08-01,CIVINT/STIC,DOCUMENTO,CIVINT-STIC-U05,Karina Ensaio,5,0,1,0,0,0,0,2,0,0,2,8
2026-08-01,CIVINT/STIC,DOCUMENTO,CIVINT-STIC-U06,Lucas Esboço,0,0,0,1,1,0,0,1,0,1,0,3
2026-08-01,CIVINT/STIC,DOCUMENTO,CIVINT-STIC-U07,Marina Maquete,3,0,0,2,0,0,0,1,2,1,2,8
2026-08-01,CIVINT/STIC,DOCUMENTO,CIVINT-STIC-U08,Nelson Mock,1,0,0,5,1,0,0,0,0,0,0,7
2026-08-01,CIVINT/STIC,EXTRAJUDICIAL,CIVINT-STIC-U06,Lucas Esboço,0,0,0,1,0,0,0,0,0,0,0,1
2026-08-01,GABSUB3-DVT,DOCUMENTO,GABSUB3-DVT-U01,Ana Exemplo,0,0,0,0,0,1,0,0,0,0,0,1
2026-08-01,GABSUB3-DVT,DOCUMENTO,GABSUB3-DVT-U02,Bruno Teste,1,1,0,1,0,0,0,0,0,0,0,3
2026-08-01,GABSUB3-DVT,DOCUMENTO,GABSUB3-DVT-U03,Carla Modelo,1,0,0,1,0,0,0,0,0,0,0,2
2026-08-01,GABSUB3-DVT,DOCUMENTO,GABSUB3-DVT-U04,Diego Fictício,1,0,1,0,0,0,0,1,0,1,0,3
2026-08-01,GABSUB3-DVT,DOCUMENTO,GABSUB3-DVT-U06,Fábio Demo,1,0,0,0,0,0,0,0,0,0,0,1
2026-08-01,GABSUB3-DVT,JUDICIAL,GABSUB3-DVT-U02,Bruno Teste,1,0,0,0,0,0,0,0,0,0,0,1
2026-08-01,GABSUB3-DVT,JUDICIAL,GABSUB3-DVT-U03,Carla Modelo,0,0,0,0,0,0,0,1,0,0,1,1
2026-08-02,CIVINT/STIC,DOCUMENTO,CIVINT-STIC-U01,Gabriela Simulada,1,9,0,5,1,6,0,2,0,0,2,24
2026-08-02,CIVINT/STIC,DOCUMENTO,CIVINT-STIC-U02,Heitor Protótipo,2,0,0,1,1,0,0,2,0,1,1,6
2026-08-02,CIVINT/STIC,DOCUMENTO,CIVINT-STIC-U03,Isabela Piloto,3,0,0,2,0,0,0,1,2,2,1,8
2026-08-02,CIVINT/STIC,DOCUMENTO,CIVINT-STIC-U04,João Rascunho,2,0,0,2,0,0,0,0,0,0,0,4
2026-08-02,CIVINT/STIC,DOCUMENTO,CIVINT-STIC-U05,Karina Ensaio,4,0,0,1,1,0,0,0,0,0,0,6
2026-08-02,CIVINT/STIC,DOCUMENTO,CIVINT-STIC-U06,Lucas Esboço,2,0,0,3,1,0,0,2,0,0,2,8
2026-08-02,CIVINT/STIC,DOCUMENTO,CIVINT-STIC-U07,Marina Maquete,3,0,0,1,0,0,0,1,0,1,0,5
2026-08-02,CIVINT/STIC,DOCUMENTO,CIVINT-STIC-U08,Nelson Mock,4,0,0,0,2,0,0,2,0,1,1,8
2026-08-02,CIVINT/STIC,EXTRAJUDICIAL,CIVINT-STIC-U06,Lucas Esboço,0,0,0,0,0,0,0,0,1,1,0,1
2026-08-02,GABSUB3-DVT,DOCUMENTO,GABSUB3-DVT-U01,Ana Exemplo,0,0,0,1,0,0,0,1,0,0,1,2
2026-08-02,GABSUB3-DVT,DOCUMENTO,GABSUB3-DVT-U02,Bruno Teste,1,1,0,0,0,0,0,0,0,0,0,2
2026-08-02,GABSUB3-DVT,DOCUMENTO,GABSUB3-DVT-U03,Carla Modelo,0,0,0,0,0,0,0,1,0,1,0,1
2026-08-02,GABSUB3-DVT,DOCUMENTO,GABSUB3-DVT-U05,Elisa Amostra,2,0,0,0,1,0,0,0,0,0,0,3
2026-08-02,GABSUB3-DVT,DOCUMENTO,GABSUB3-DVT-U06,Fábio Demo,0,0,1,1,0,0,0,0,0,0,0,2
2026-08-02,GABSUB3-DVT,JUDICIAL,GABSUB3-DVT-U03,Carla Modelo,1,0,0,0,0,0,0,0,0,0,0,1
2026-08-02,GABSUB3-DVT,JUDICIAL,GABSUB3-DVT-U04,Diego Fictício,0,0,0,1,0,0,0,0,0,0,0,1
2026-08-02,GABSUB3-DVT,JUDICIAL,GABSUB3-DVT-U06,Fábio Demo,1,0,0,0,0,0,0,0,0,0,0,1
2026-08-03,CIVINT/STIC,DOCUMENTO,CIVINT-STIC-U01,Gabriela Simulada,1,12,0,1,1,3,1,1,0,1,0,20
2026-08-03,CIVINT/STIC,DOCUMENTO,CIVINT-STIC-U02,Heitor Protótipo,3,0,0,1,0,0,0,0,0,0,0,4
2026-08-03,CIVINT/STIC,DOCUMENTO,CIVINT-STIC-U03,Isabela Piloto,5,0,0,4,1,0,0,1,0,1,0,11
2026-08-03,CIVINT/STIC,DOCUMENTO,CIVINT-STIC-U04,João Rascunho,3,0,0,1,1,0,0,1,1,1,1,7
2026-08-03,CIVINT/STIC,DOCUMENTO,CIVINT-STIC-U05,Karina Ensaio,2,0,0,1,0,0,0,1,0,1,0,4
2026-08-03,CIVINT/STIC,DOCUMENTO,CIVINT-STIC-U06,Lucas Esboço,3,0,0,4,0,0,0,0,0,0,0,7
2026-08-03,CIVINT/STIC,DOCUMENTO,CIVINT-STIC-U07,Marina Maquete,3,0,0,0,0,0,0,2,0,1,1,5
2026-08-03,CIVINT/STIC,DOCUMENTO,CIVINT-STIC-U08,Nelson Mock,1,0,0,1,2,0,0,2,0,1,1,6
2026-08-03,GABSUB3-DVT,DOCUMENTO,GABSUB3-DVT-U01,Ana Exemplo,2,0,0,0,0,1,0,0,0,0,0,3
2026-08-03,GABSUB3-DVT,DOCUMENTO,GABSUB3-DVT-U02,Bruno Teste,0,3,0,0,1,0,0,0,0,0,0,4
2026-08-03,GABSUB3-DVT,DOCUMENTO,GABSUB3-DVT-U03,Carla Modelo,1,0,0,0,1,0,0,1,0,0,1,3
2026-08-03,GABSUB3-DVT,DOCUMENTO,GABSUB3-DVT-U05,Elisa Amostra,0,0,0,0,0,0,0,0,1,0,1,1
2026-08-03,GABSUB3-DVT,JUDICIAL,GABSUB3-DVT-U02,Bruno Teste,0,1,0,0,0,0,0,0,0,0,0,1
2026-08-03,GABSUB3-DVT,JUDICIAL,GABSUB3-DVT-U03,Carla Modelo,0,0,0,0,1,0,0,0,0,0,0,1
2026-08-04,CIVINT/STIC,DOCUMENTO,CIVINT-STIC-U01,Gabriela Simulada,0,8,0,0,0,3,0,0,1,0,1,12
2026-08-04,CIVINT/STIC,DOCUMENTO,CIVINT-STIC-U02,Heitor Protótipo,3,0,0,5,0,0,0,1,0,0,1,9
2026-08-04,CIVINT/STIC,DOCUMENTO,CIVINT-STIC-U03,Isabela Piloto,3,0,0,1,0,0,0,0,0,0,0,4
2026-08-04,CIVINT/STIC,DOCUMENTO,CIVINT-STIC-U04,João Rascunho,2,0,0,1,2,0,0,0,0,0,0,5
2026-08-04,CIVINT/STIC,DOCUMENTO,CIVINT-STIC-U05,Karina Ensaio,2,0,0,1,0,0,0,0,0,0,0,3
2026-08-04,CIVINT/STIC,DOCUMENTO,CIVINT-STIC-U06,Lucas Esboço,0,0,0,2,0,0,0,2,0,1,1,4
2026-08-04,CIVINT/STIC,DOCUMENTO,CIVINT-STIC-U07,Marina Maquete,7,0,0,3,0,0,0,0,0,0,0,10
2026-08-04,CIVINT/STIC,DOCUMENTO,CIVINT-STIC-U08,Nelson Mock,2,0,0,2,1,0,0,0,1,1,0,6
2026-08-04,GABSUB3-DVT,DOCUMENTO,GABSUB3-DVT-U01,Ana Exemplo,0,0,0,1,0,0,0,0,0,0,0,1
2026-08-04,GABSUB3-DVT,DOCUMENTO,GABSUB3-DVT-U02,Bruno Teste,1,1,0,0,0,0,0,0,0,0,0,2
2026-08-04,GABSUB3-DVT,DOCUMENTO,GABSUB3-DVT-U03,Carla Modelo,1,0,0,0,0,0,0,0,0,0,0,1
2026-08-04,GABSUB3-DVT,DOCUMENTO,GABSUB3-DVT-U04,Diego Fictício,0,0,0,1,0,0,0,0,0,0,0,1
2026-08-04,GABSUB3-DVT,JUDICIAL,GABSUB3-DVT-U01,Ana Exemplo,0,0,0,0,0,1,0,0,0,0,0,1
2026-08-05,CIVINT/STIC,DOCUMENTO,CIVINT-STIC-U01,Gabriela Simulada,1,8,0,0,0,4,0,1,1,1,1,15
2026-08-05,CIVINT/STIC,DOCUMENTO,CIVINT-STIC-U02,Heitor Protótipo,4,0,0,2,2,0,0,1,0,1,0,9
2026-08-05,CIVINT/STIC,DOCUMENTO,CIVINT-STIC-U03,Isabela Piloto,1,0,1,3,0,0,0,1,0,1,0,6
2026-08-05,CIVINT/STIC,DOCUMENTO,CIVINT-STIC-U04,João Rascunho,0,0,0,1,1,0,0,1,0,1,0,3
2026-08-05,CIVINT/STIC,DOCUMENTO,CIVINT-STIC-U05,Karina Ensaio,3,0,0,1,1,0,0,1,0,1,0,6
2026-08-05,CIVINT/STIC,DOCUMENTO,CIVINT-STIC-U06,Lucas Esboço,1,0,0,4,4,0,0,1,0,1,0,10
2026-08-05,CIVINT/STIC,DOCUMENTO,CIVINT-STIC-U07,Marina Maquete,3,0,0,4,0,0,0,3,0,2,1,10
2026-08-05,CIVINT/STIC,DOCUMENTO,CIVINT-STIC-U08,Nelson Mock,0,0,0,3,1,0,0,2,1,2,1,7
2026-08-05,GABSUB3-DVT,DOCUMENTO,GABSUB3-DVT-U01,Ana Exemplo,0,0,0,0,0,1,0,0,0,0,0,1
2026-08-05,GABSUB3-DVT,DOCUMENTO,GABSUB3-DVT-U02,Bruno Teste,1,1,0,0,0,0,0,0,0,0,0,2
2026-08-05,GABSUB3-DVT,DOCUMENTO,GABSUB3-DVT-U03,Carla Modelo,2,0,1,0,0,0,0,0,0,0,0,3
2026-08-05,GABSUB3-DVT,DOCUMENTO,GABSUB3-DVT-U06,Fábio Demo,0,0,0,2,0,0,0,0,0,0,0,2
2026-08-05,GABSUB3-DVT,JUDICIAL,GABSUB3-DVT-U02,Bruno Teste,0,1,0,0,0,0,0,0,0,0,0,1
2026-08-05,GABSUB3-DVT,JUDICIAL,GABSUB3-DVT-U04,Diego Fictício,1,0,0,0,0,0,0,1,0,1,0,2
2026-08-06,CIVINT/STIC,DOCUMENTO,CIVINT-STIC-U01,Gabriela Simulada,0,14,0,2,0,7,0,0,0,0,0,23
2026-08-06,CIVINT/STIC,DOCUMENTO,CIVINT-STIC-U02,Heitor Protótipo,1,0,0,2,1,0,0,4,0,3,1,8
2026-08-06,CIVINT/STIC,DOCUMENTO,CIVINT-STIC-U03,Isabela Piloto,2,0,0,0,0,0,0,1,1,1,1,4
2026-08-06,CIVINT/STIC,DOCUMENTO,CIVINT-STIC-U04,João Rascunho,0,0,0,0,1,0,0,0,1,0,1,2
2026-08-06,CIVINT/STIC,DOCUMENTO,CIVINT-STIC-U05,Karina Ensaio,2,0,0,3,1,0,0,0,1,0,1,7
2026-08-06,CIVINT/STIC,DOCUMENTO,CIVINT-STIC-U06,Lucas Esboço,1,0,1,3,0,0,0,0,0,0,0,5
2026-08-06,CIVINT/STIC,DOCUMENTO,CIVINT-STIC-U07,Marina Maquete,2,0,0,2,1,0,0,1,0,1,0,6
2026-08-06,CIVINT/STIC,DOCUMENTO,CIVINT-STIC-U08,Nelson Mock,4,0,0,1,0,0,0,2,2,3,1,9
2026-08-06,GABSUB3-DVT,DOCUMENTO,GABSUB3-DVT-U01,Ana Exemplo,1,0,0,0,0,1,0,0,0,0,0,2
2026-08-06,GABSUB3-DVT,DOCUMENTO,GABSUB3-DVT-U02,Bruno Teste,0,1,0,0,0,0,0,0,0,0,0,1
2026-08-06,GABSUB3-DVT,DOCUMENTO,GABSUB3-DVT-U03,Carla Modelo,1,0,1,1,0,0,0,1,0,0,1,4
2026-08-06,GABSUB3-DVT,DOCUMENTO,GABSUB3-DVT-U04,Diego Fictício,1,0,0,2,0,0,0,0,0,0,0,3
2026-08-06,GABSUB3-DVT,DOCUMENTO,GABSUB3-DVT-U05,Elisa Amostra,1,0,0,2,0,0,0,1,0,1,0,4
2026-08-06,GABSUB3-DVT,DOCUMENTO,GABSUB3-DVT-U06,Fábio Demo,0,0,1,1,0,0,0,0,0,0,0,2
2026-08-06,GABSUB3-DVT,JUDICIAL,GABSUB3-DVT-U04,Diego Fictício,0,0,0,1,0,0,0,0,0,0,0,1
2026-08-06,GABSUB3-DVT,JUDICIAL,GABSUB3-DVT-U05,Elisa Amostra,0,0,0,1,0,0,0,0,0,0,0,1
2026-08-06,GABSUB3-DVT,JUDICIAL,GABSUB3-DVT-U06,Fábio Demo,1,0,0,0,0,0,0,0,0,0,0,1
2026-08-07,CIVINT/STIC,DOCUMENTO,CIVINT-STIC-U01,Gabriela Simulada,4,10,0,2,2,4,0,0,0,0,0,22
2026-08-07,CIVINT/STIC,DOCUMENTO,CIVINT-STIC-U02,Heitor Protótipo,5,0,1,1,1,0,0,0,0,0,0,8
2026-08-07,CIVINT/STIC,DOCUMENTO,CIVINT-STIC-U03,Isabela Piloto,2,0,0,2,1,0,0,0,1,1,0,6
2026-08-07,CIVINT/STIC,DOCUMENTO,CIVINT-STIC-U04,João Rascunho,3,0,1,2,0,0,0,0,1,1,0,7
2026-08-07,CIVINT/STIC,DOCUMENTO,CIVINT-STIC-U05,Karina Ensaio,1,0,1,3,0,0,0,1,0,0,1,6
2026-08-07,CIVINT/STIC,DOCUMENTO,CIVINT-STIC-U06,Lucas Esboço,3,0,0,1,0,0,0,1,0,0,1,5
2026-08-07,CIVINT/STIC,DOCUMENTO,CIVINT-STIC-U07,Marina Maquete,4,0,0,0,2,0,0,2,3,3,2,11
2026-08-07,CIVINT/STIC,DOCUMENTO,CIVINT-STIC-U08,Nelson Mock,0,0,1,1,0,0,0,0,0,0,0,2
2026-08-07,GABSUB3-DVT,DOCUMENTO,GABSUB3-DVT-U01,Ana Exemplo,1,0,0,1,0,1,0,0,1,1,0,4
2026-08-07,GABSUB3-DVT,DOCUMENTO,GABSUB3-DVT-U02,Bruno Teste,0,2,0,0,0,0,0,0,0,0,0,2
2026-08-07,GABSUB3-DVT,DOCUMENTO,GABSUB3-DVT-U03,Carla Modelo,1,0,0,0,0,0,0,0,0,0,0,1
2026-08-07,GABSUB3-DVT,DOCUMENTO,GABSUB3-DVT-U04,Diego Fictício,0,0,0,1,0,0,0,0,0,0,0,1
2026-08-07,GABSUB3-DVT,DOCUMENTO,GABSUB3-DVT-U05,Elisa Amostra,0,0,0,0,1,0,0,0,0,0,0,1
2026-08-07,GABSUB3-DVT,DOCUMENTO,GABSUB3-DVT-U06,Fábio Demo,0,0,0,1,0,0,0,0,0,0,0,1
2026-08-07,GABSUB3-DVT,JUDICIAL,GABSUB3-DVT-U01,Ana Exemplo,0,0,0,0,1,2,0,0,0,0,0,3
2026-08-07,GABSUB3-DVT,JUDICIAL,GABSUB3-DVT-U04,Diego Fictício,0,0,0,0,1,0,0,0,0,0,0,1
2026-08-07,GABSUB3-DVT,JUDICIAL,GABSUB3-DVT-U05,Elisa Amostra,1,0,0,1,0,0,0,0,0,0,0,2
2026-08-08,CIVINT/STIC,DOCUMENTO,CIVINT-STIC-U01,Gabriela Simulada,2,5,0,2,0,6,0,0,1,1,0,16
2026-08-08,CIVINT/STIC,DOCUMENTO,CIVINT-STIC-U02,Heitor Protótipo,1,0,0,0,0,0,0,1,0,0,1,2
2026-08-08,CIVINT/STIC,DOCUMENTO,CIVINT-STIC-U03,Isabela Piloto,1,0,0,1,2,0,0,0,0,0,0,4
2026-08-08,CIVINT/STIC,DOCUMENTO,CIVINT-STIC-U04,João Rascunho,1,0,1,2,1,0,0,0,0,0,0,5
2026-08-08,CIVINT/STIC,DOCUMENTO,CIVINT-STIC-U05,Karina Ensaio,2,0,0,2,0,0,0,3,1,1,3,8
2026-08-08,CIVINT/STIC,DOCUMENTO,CIVINT-STIC-U06,Lucas Esboço,2,0,0,1,1,0,0,0,0,0,0,4
2026-08-08,CIVINT/STIC,DOCUMENTO,CIVINT-STIC-U07,Marina Maquete,1,0,0,3,0,0,0,1,1,1,1,6
2026-08-08,CIVINT/STIC,DOCUMENTO,CIVINT-STIC-U08,Nelson Mock,4,0,0,5,0,0,0,1,0,1,0,10
2026-08-08,GABSUB3-DVT,DOCUMENTO,GABSUB3-DVT-U01,Ana Exemplo,0,0,0,0,1,1,0,0,0,0,0,2
2026-08-08,GABSUB3-DVT,DOCUMENTO,GABSUB3-DVT-U02,Bruno Teste,0,2,0,0,0,0,0,1,0,1,0,3
2026-08-08,GABSUB3-DVT,DOCUMENTO,GABSUB3-DVT-U03,Carla Modelo,0,0,0,1,0,0,0,1,0,0,1,2
2026-08-08,GABSUB3-DVT,DOCUMENTO,GABSUB3-DVT-U04,Diego Fictício,0,0,0,0,0,0,0,1,1,0,2,2
2026-08-08,GABSUB3-DVT,DOCUMENTO,GABSUB3-DVT-U05,Elisa Amostra,2,0,0,0,1,0,0,0,0,0,0,3
2026-08-08,GABSUB3-DVT,DOCUMENTO,GABSUB3-DVT-U06,Fábio Demo,0,0,0,1,0,0,0,0,0,0,0,1
2026-08-08,GABSUB3-DVT,JUDICIAL,GABSUB3-DVT-U02,Bruno Teste,0,0,0,0,0,0,0,0,1,1,0,1
2026-08-08,GABSUB3-DVT,JUDICIAL,GABSUB3-DVT-U05,Elisa Amostra,0,0,0,1,0,0,0,0,0,0,0,1
2026-08-09,CIVINT/STIC,DOCUMENTO,CIVINT-STIC-U01,Gabriela Simulada,3,7,0,2,2,4,0,0,0,0,0,18
2026-08-09,CIVINT/STIC,DOCUMENTO,CIVINT-STIC-U02,Heitor Protótipo,0,0,0,1,1,0,0,0,0,0,0,2
2026-08-09,CIVINT/STIC,DOCUMENTO,CIVINT-STIC-U03,Isabela Piloto,1,0,0,2,2,0,0,1,1,1,1,7
2026-08-09,CIVINT/STIC,DOCUMENTO,CIVINT-STIC-U04,João Rascunho,1,0,0,2,0,0,0,0,0,0,0,3
2026-08-09,CIVINT/STIC,DOCUMENTO,CIVINT-STIC-U05,Karina Ensaio,2,0,0,0,2,0,0,1,0,0,1,5
2026-08-09,CIVINT/STIC,DOCUMENTO,CIVINT-STIC-U06,Lucas Esboço,1,0,0,0,1,0,0,1,0,0,1,3
2026-08-09,CIVINT/STIC,DOCUMENTO,CIVINT-STIC-U07,Marina Maquete,2,0,1,0,2,0,0,1,0,0,1,6
2026-08-09,CIVINT/STIC,DOCUMENTO,CIVINT-STIC-U08,Nelson Mock,4,0,0,7,0,0,0,1,0,1,0,12
2026-08-09,CIVINT/STIC,EXTRAJUDICIAL,CIVINT-STIC-U04,João Rascunho,0,0,0,0,0,0,0,0,1,1,0,1
2026-08-09,GABSUB3-DVT,DOCUMENTO,GABSUB3-DVT-U01,Ana Exemplo,0,0,0,1,0,3,0,0,0,0,0,4
2026-08-09,GABSUB3-DVT,DOCUMENTO,GABSUB3-DVT-U02,Bruno Teste,0,1,0,0,0,0,0,0,0,0,0,1
2026-08-09,GABSUB3-DVT,DOCUMENTO,GABSUB3-DVT-U04,Diego Fictício,1,0,0,0,0,0,0,0,0,0,0,1
2026-08-09,GABSUB3-DVT,DOCUMENTO,GABSUB3-DVT-U05,Elisa Amostra,0,0,0,0,0,0,0,0,1,0,1,1
2026-08-09,GABSUB3-DVT,JUDICIAL,GABSUB3-DVT-U01,Ana Exemplo,0,0,0,0,0,0,0,1,0,1,0,1
2026-08-09,GABSUB3-DVT,JUDICIAL,GABSUB3-DVT-U02,Bruno Teste,0,1,0,0,0,0,0,0,0,0,0,1
2026-08-09,GABSUB3-DVT,JUDICIAL,GABSUB3-DVT-U04,Diego Fictício,0,0,0,0,0,0,0,1,0,0,1,1
2026-08-10,CIVINT/STIC,DOCUMENTO,CIVINT-STIC-U01,Gabriela Simulada,3,11,0,1,1,5,0,0,1,0,1,22
2026-08-10,CIVINT/STIC,DOCUMENTO,CIVINT-STIC-U02,Heitor Protótipo,2,0,0,2,2,0,0,2,1,3,0,9
2026-08-10,CIVINT/STIC,DOCUMENTO,CIVINT-STIC-U03,Isabela Piloto,3,0,0,2,2,0,0,0,0,0,0,7
2026-08-10,CIVINT/STIC,DOCUMENTO,CIVINT-STIC-U04,João Rascunho,5,0,0,2,0,0,0,0,0,0,0,7
2026-08-10,CIVINT/STIC,DOCUMENTO,CIVINT-STIC-U05,Karina Ensaio,0,0,2,1,0,0,0,2,0,1,1,5
2026-08-10,CIVINT/STIC,DOCUMENTO,CIVINT-STIC-U06,Lucas Esboço,1,0,0,3,1,0,0,0,1,1,0,6
2026-08-10,CIVINT/STIC,DOCUMENTO,CIVINT-STIC-U07,Marina Maquete,0,0,1,2,0,0,0,2,1,2,1,6
2026-08-10,CIVINT/STIC,DOCUMENTO,CIVINT-STIC-U08,Nelson Mock,0,0,0,3,1,0,0,0,0,0,0,4
2026-08-10,GABSUB3-DVT,DOCUMENTO,GABSUB3-DVT-U01,Ana Exemplo,0,0,0,0,0,1,0,0,0,0,0,1
2026-08-10,GABSUB3-DVT,DOCUMENTO,GABSUB3-DVT-U02,Bruno Teste,0,0,0,2,0,0,0,1,0,1,0,3
2026-08-10,GABSUB3-DVT,DOCUMENTO,GABSUB3-DVT-U04,Diego Fictício,0,0,0,1,1,0,0,0,0,0,0,2
2026-08-10,GABSUB3-DVT,DOCUMENTO,GABSUB3-DVT-U06,Fábio Demo,2,0,0,0,0,0,0,0,0,0,0,2
2026-08-11,CIVINT/STIC,DOCUMENTO,CIVINT-STIC-U01,Gabriela Simulada,2,10,0,1,0,3,1,1,0,1,0,18
2026-08-11,CIVINT/STIC,DOCUMENTO,CIVINT-STIC-U02,Heitor Protótipo,2,0,0,2,0,0,0,0,0,0,0,4
2026-08-11,CIVINT/STIC,DOCUMENTO,CIVINT-STIC-U03,Isabela Piloto,1,0,1,2,0,0,0,0,1,1,0,5
2026-08-11,CIVINT/STIC,DOCUMENTO,CIVINT-STIC-U04,João Rascunho,1,0,0,3,1,0,0,0,0,0,0,5
2026-08-11,CIVINT/STIC,DOCUMENTO,CIVINT-STIC-U05,Karina Ensaio,3,0,0,0,1,0,0,3,1,1,3,8
2026-08-11,CIVINT/STIC,DOCUMENTO,CIVINT-STIC-U06,Lucas Esboço,1,0,0,2,1,0,0,0,0,0,0,4
2026-08-11,CIVINT/STIC,DOCUMENTO,CIVINT-STIC-U07,Marina Maquete,1,0,1,1,1,0,0,0,0,0,0,4
2026-08-11,CIVINT/STIC,DOCUMENTO,CIVINT-STIC-U08,Nelson Mock,2,0,0,2,1,0,0,2,1,2,1,8
2026-08-11,GABSUB3-DVT,DOCUMENTO,GABSUB3-DVT-U01,Ana Exemplo,0,0,0,1,0,0,0,0,0,0,0,1
2026-08-11,GABSUB3-DVT,DOCUMENTO,GABSUB3-DVT-U02,Bruno Teste,0,0,0,0,1,0,0,0,0,0,0,1
2026-08-11,GABSUB3-DVT,DOCUMENTO,GABSUB3-DVT-U03,Carla Modelo,3,0,0,0,0,0,0,0,0,0,0,3
2026-08-11,GABSUB3-DVT,DOCUMENTO,GABSUB3-DVT-U05,Elisa Amostra,1,0,0,0,0,0,0,0,0,0,0,1
2026-08-11,GABSUB3-DVT,DOCUMENTO,GABSUB3-DVT-U06,Fábio Demo,1,0,1,2,0,0,0,1,0,0,1,5
2026-08-11,GABSUB3-DVT,JUDICIAL,GABSUB3-DVT-U03,Carla Modelo,1,0,0,0,0,0,0,0,0,0,0,1
2026-08-12,CIVINT/STIC,DOCUMENTO,CIVINT-STIC-U01,Gabriela Simulada,2,6,1,2,0,4,1,1,0,0,1,17
2026-08-12,CIVINT/STIC,DOCUMENTO,CIVINT-STIC-U02,Heitor Protótipo,2,0,2,2,2,0,0,2,0,0,2,10
2026-08-12,CIVINT/STIC,DOCUMENTO,CIVINT-STIC-U03,Isabela Piloto,4,0,2,4,1,0,0,0,1,1,0,12
2026-08-12,CIVINT/STIC,DOCUMENTO,CIVINT-STIC-U04,João Rascunho,2,0,1,0,1,0,0,0,0,0,0,4
2026-08-12,CIVINT/STIC,DOCUMENTO,CIVINT-STIC-U05,Karina Ensaio,2,0,1,2,0,0,0,1,0,1,0,6
2026-08-12,CIVINT/STIC,DOCUMENTO,CIVINT-STIC-U06,Lucas Esboço,3,0,0,1,0,0,0,0,1,0,1,5
2026-08-12,CIVINT/STIC,DOCUMENTO,CIVINT-STIC-U07,Marina Maquete,1,0,0,0,2,0,0,1,0,0,1,4
2026-08-12,CIVINT/STIC,DOCUMENTO,CIVINT-STIC-U08,Nelson Mock,2,0,0,3,0,0,0,0,0,0,0,5
2026-08-12,GABSUB3-DVT,DOCUMENTO,GABSUB3-DVT-U01,Ana Exemplo,0,0,0,1,0,0,0,0,0,0,0,1
2026-08-12,GABSUB3-DVT,DOCUMENTO,GABSUB3-DVT-U02,Bruno Teste,1,2,0,0,1,0,0,1,0,0,1,5
2026-08-12,GABSUB3-DVT,DOCUMENTO,GABSUB3-DVT-U03,Carla Modelo,0,0,0,0,1,0,0,0,0,0,0,1
2026-08-12,GABSUB3-DVT,DOCUMENTO,GABSUB3-DVT-U04,Diego Fictício,2,0,0,0,0,0,0,0,0,0,0,2
2026-08-12,GABSUB3-DVT,JUDICIAL,GABSUB3-DVT-U04,Diego Fictício,0,0,0,2,0,0,0,0,0,0,0,2
2026-08-12,GABSUB3-DVT,JUDICIAL,GABSUB3-DVT-U05,Elisa Amostra,1,0,0,0,0,0,0,0,0,0,0,1
2026-08-13,CIVINT/STIC,DOCUMENTO,CIVINT-STIC-U01,Gabriela Simulada,4,8,0,1,0,5,1,1,0,0,1,20
2026-08-13,CIVINT/STIC,DOCUMENTO,CIVINT-STIC-U02,Heitor Protótipo,1,0,0,1,1,0,0,0,0,0,0,3
2026-08-13,CIVINT/STIC,DOCUMENTO,CIVINT-STIC-U03,Isabela Piloto,3,0,0,2,0,0,0,0,0,0,0,5
2026-08-13,CIVINT/STIC,DOCUMENTO,CIVINT-STIC-U04,João Rascunho,2,0,0,2,0,0,0,0,0,0,0,4
2026-08-13,CIVINT/STIC,DOCUMENTO,CIVINT-STIC-U05,Karina Ensaio,4,0,0,2,1,0,0,2,1,1,2,10
2026-08-13,CIVINT/STIC,DOCUMENTO,CIVINT-STIC-U06,Lucas Esboço,4,0,0,3,0,0,0,1,0,0,1,8
2026-08-13,CIVINT/STIC,DOCUMENTO,CIVINT-STIC-U07,Marina Maquete,1,0,0,1,0,0,0,2,1,2,1,5
2026-08-13,CIVINT/STIC,DOCUMENTO,CIVINT-STIC-U08,Nelson Mock,1,0,1,5,0,0,0,1,0,1,0,8
2026-08-13,CIVINT/STIC,EXTRAJUDICIAL,CIVINT-STIC-U01,Gabriela Simulada,1,0,0,0,0,0,0,0,0,0,0,1
2026-08-13,GABSUB3-DVT,DOCUMENTO,GABSUB3-DVT-U01,Ana Exemplo,1,0,0,0,1,0,0,0,0,0,0,2
2026-08-13,GABSUB3-DVT,DOCUMENTO,GABSUB3-DVT-U02,Bruno Teste,0,3,0,0,0,0,0,0,0,0,0,3
2026-08-13,GABSUB3-DVT,DOCUMENTO,GABSUB3-DVT-U04,Diego Fictício,1,0,0,0,1,0,0,1,0,0,1,3
2026-08-13,GABSUB3-DVT,DOCUMENTO,GABSUB3-DVT-U05,Elisa Amostra,1,0,0,1,0,0,0,0,0,0,0,2
2026-08-13,GABSUB3-DVT,DOCUMENTO,GABSUB3-DVT-U06,Fábio Demo,0,0,0,1,0,0,0,0,0,0,0,1
2026-08-13,GABSUB3-DVT,JUDICIAL,GABSUB3-DVT-U01,Ana Exemplo,1,0,0,0,0,0,0,0,0,0,0,1
2026-08-14,CIVINT/STIC,DOCUMENTO,CIVINT-STIC-U01,Gabriela Simulada,3,8,1,3,0,2,1,1,0,0,1,19
2026-08-14,CIVINT/STIC,DOCUMENTO,CIVINT-STIC-U02,Heitor Protótipo,3,0,1,0,2,0,0,0,0,0,0,6
2026-08-14,CIVINT/STIC,DOCUMENTO,CIVINT-STIC-U03,Isabela Piloto,2,0,1,1,0,0,0,2,2,2,2,8
2026-08-14,CIVINT/STIC,DOCUMENTO,CIVINT-STIC-U04,João Rascunho,2,0,0,4,2,0,0,0,1,1,0,9
2026-08-14,CIVINT/STIC,DOCUMENTO,CIVINT-STIC-U05,Karina Ensaio,3,0,1,1,0,0,0,3,0,0,3,8
2026-08-14,CIVINT/STIC,DOCUMENTO,CIVINT-STIC-U06,Lucas Esboço,2,0,0,1,0,0,0,0,0,0,0,3
2026-08-14,CIVINT/STIC,DOCUMENTO,CIVINT-STIC-U07,Marina Maquete,3,0,0,3,0,0,0,0,0,0,0,6
2026-08-14,CIVINT/STIC,DOCUMENTO,CIVINT-STIC-U08,Nelson Mock,1,0,0,1,1,0,0,1,1,0,2,5
2026-08-14,CIVINT/STIC,EXTRAJUDICIAL,CIVINT-STIC-U01,Gabriela Simulada,0,1,0,0,0,0,0,0,0,0,0,1
2026-08-14,GABSUB3-DVT,DOCUMENTO,GABSUB3-DVT-U01,Ana Exemplo,1,0,0,0,0,0,1,0,0,0,0,2
2026-08-14,GABSUB3-DVT,DOCUMENTO,GABSUB3-DVT-U02,Bruno Teste,0,0,0,3,0,0,0,0,0,0,0,3
2026-08-14,GABSUB3-DVT,DOCUMENTO,GABSUB3-DVT-U03,Carla Modelo,1,0,0,0,0,0,0,0,0,0,0,1
2026-08-14,GABSUB3-DVT,DOCUMENTO,GABSUB3-DVT-U06,Fábio Demo,1,0,0,1,3,0,0,0,0,0,0,5
2026-08-14,GABSUB3-DVT,JUDICIAL,GABSUB3-DVT-U02,Bruno Teste,0,1,0,0,0,0,0,0,0,0,0,1
2026-08-15,CIVINT/STIC,DOCUMENTO,CIVINT-STIC-U01,Gabriela Simulada,2,11,0,2,1,1,1,0,1,0,1,19
2026-08-15,CIVINT/STIC,DOCUMENTO,CIVINT-STIC-U02,Heitor Protótipo,4,0,0,0,1,0,0,1,1,1,1,7
2026-08-15,CIVINT/STIC,DOCUMENTO,CIVINT-STIC-U03,Isabela Piloto,2,0,0,2,1,0,0,1,0,1,0,6
2026-08-15,CIVINT/STIC,DOCUMENTO,CIVINT-STIC-U04,João Rascunho,3,0,0,2,0,0,0,0,0,0,0,5
2026-08-15,CIVINT/STIC,DOCUMENTO,CIVINT-STIC-U05,Karina Ensaio,4,0,0,4,1,0,0,0,0,0,0,9
2026-08-15,CIVINT/STIC,DOCUMENTO,CIVINT-STIC-U06,Lucas Esboço,1,0,0,5,0,0,0,1,0,0,1,7
2026-08-15,CIVINT/STIC,DOCUMENTO,CIVINT-STIC-U07,Marina Maquete,2,0,0,3,0,0,0,0,0,0,0,5
2026-08-15,CIVINT/STIC,DOCUMENTO,CIVINT-STIC-U08,Nelson Mock,2,0,0,1,0,0,0,0,2,0,2,5
2026-08-15,GABSUB3-DVT,DOCUMENTO,GABSUB3-DVT-U01,Ana Exemplo,0,0,0,0,0,1,0,0,0,0,0,1
2026-08-15,GABSUB3-DVT,DOCUMENTO,GABSUB3-DVT-U02,Bruno Teste,1,1,0,2,1,0,0,0,0,0,0,5
2026-08-15,GABSUB3-DVT,DOCUMENTO,GABSUB3-DVT-U03,Carla Modelo,0,0,0,1,0,0,0,1,0,1,0,2
2026-08-15,GABSUB3-DVT,DOCUMENTO,GABSUB3-DVT-U04,Diego Fictício,1,0,0,0,0,0,0,1,0,0,1,2
2026-08-15,GABSUB3-DVT,JUDICIAL,GABSUB3-DVT-U02,Bruno Teste,0,1,0,0,0,0,0,0,0,0,0,1
2026-08-16,CIVINT/STIC,DOCUMENTO,CIVINT-STIC-U01,Gabriela Simulada,2,14,0,3,0,2,0,1,0,1,0,22
2026-08-16,CIVINT/STIC,DOCUMENTO,CIVINT-STIC-U02,Heitor Protótipo,4,0,0,3,0,0,0,0,1,0,1,8
2026-08-16,CIVINT/STIC,DOCUMENTO,CIVINT-STIC-U03,Isabela Piloto,2,0,0,4,0,0,0,1,0,1,0,7
2026-08-16,CIVINT/STIC,DOCUMENTO,CIVINT-STIC-U04,João Rascunho,2,0,1,3,1,0,0,0,0,0,0,7
2026-08-16,CIVINT/STIC,DOCUMENTO,CIVINT-STIC-U05,Karina Ensaio,2,0,0,3,0,0,0,1,0,0,1,6
2026-08-16,CIVINT/STIC,DOCUMENTO,CIVINT-STIC-U06,Lucas Esboço,0,0,1,1,0,0,0,0,0,0,0,2
2026-08-16,CIVINT/STIC,DOCUMENTO,CIVINT-STIC-U07,Marina Maquete,3,0,1,2,1,0,0,0,0,0,0,7
2026-08-16,CIVINT/STIC,DOCUMENTO,CIVINT-STIC-U08,Nelson Mock,0,0,0,1,1,0,0,0,1,0,1,3
2026-08-16,GABSUB3-DVT,DOCUMENTO,GABSUB3-DVT-U01,Ana Exemplo,1,0,0,0,0,2,0,1,0,1,0,4
2026-08-16,GABSUB3-DVT,DOCUMENTO,GABSUB3-DVT-U02,Bruno Teste,0,3,0,0,1,0,0,0,0,0,0,4
2026-08-16,GABSUB3-DVT,DOCUMENTO,GABSUB3-DVT-U03,Carla Modelo,1,0,0,1,0,0,0,0,0,0,0,2
2026-08-16,GABSUB3-DVT,DOCUMENTO,GABSUB3-DVT-U04,Diego Fictício,0,0,0,2,0,0,0,0,0,0,0,2
2026-08-16,GABSUB3-DVT,DOCUMENTO,GABSUB3-DVT-U05,Elisa Amostra,1,0,0,0,0,0,0,0,0,0,0,1
2026-08-16,GABSUB3-DVT,DOCUMENTO,GABSUB3-DVT-U06,Fábio Demo,0,0,1,0,0,0,0,0,0,0,0,1
2026-08-17,CIVINT/STIC,DOCUMENTO,CIVINT-STIC-U01,Gabriela Simulada,4,10,0,3,1,3,1,0,0,0,0,22
2026-08-17,CIVINT/STIC,DOCUMENTO,CIVINT-STIC-U02,Heitor Protótipo,2,0,1,2,0,0,0,0,0,0,0,5
2026-08-17,CIVINT/STIC,DOCUMENTO,CIVINT-STIC-U03,Isabela Piloto,2,0,1,1,0,0,0,1,1,1,1,6
2026-08-17,CIVINT/STIC,DOCUMENTO,CIVINT-STIC-U04,João Rascunho,1,0,0,0,0,0,0,1,0,1,0,2
2026-08-17,CIVINT/STIC,DOCUMENTO,CIVINT-STIC-U05,Karina Ensaio,2,0,1,3,3,0,0,0,0,0,0,9
2026-08-17,CIVINT/STIC,DOCUMENTO,CIVINT-STIC-U06,Lucas Esboço,0,0,1,2,0,0,0,0,0,0,0,3
2026-08-17,CIVINT/STIC,DOCUMENTO,CIVINT-STIC-U07,Marina Maquete,3,0,0,4,1,0,0,3,0,2,1,11
2026-08-17,CIVINT/STIC,DOCUMENTO,CIVINT-STIC-U08,Nelson Mock,0,0,0,3,1,0,0,0,0,0,0,4
2026-08-17,GABSUB3-DVT,DOCUMENTO,GABSUB3-DVT-U01,Ana Exemplo,2,0,0,1,0,1,0,0,0,0,0,4
2026-08-17,GABSUB3-DVT,DOCUMENTO,GABSUB3-DVT-U02,Bruno Teste,0,2,0,0,0,0,0,1,0,1,0,3
2026-08-17,GABSUB3-DVT,DOCUMENTO,GABSUB3-DVT-U03,Carla Modelo,0,0,1,0,1,0,0,0,0,0,0,2
2026-08-17,GABSUB3-DVT,DOCUMENTO,GABSUB3-DVT-U04,Diego Fictício,0,0,0,0,1,0,0,0,0,0,0,1
2026-08-17,GABSUB3-DVT,DOCUMENTO,GABSUB3-DVT-U06,Fábio Demo,1,0,0,0,0,0,0,0,0,0,0,1
2026-08-18,CIVINT/STIC,DOCUMENTO,CIVINT-STIC-U01,Gabriela Simulada,1,13,1,2,0,5,0,1,0,1,0,23
2026-08-18,CIVINT/STIC,DOCUMENTO,CIVINT-STIC-U02,Heitor Protótipo,3,0,0,4,1,0,0,1,0,0,1,9
2026-08-18,CIVINT/STIC,DOCUMENTO,CIVINT-STIC-U03,Isabela Piloto,2,0,1,0,0,0,0,1,0,0,1,4
2026-08-18,CIVINT/STIC,DOCUMENTO,CIVINT-STIC-U04,João Rascunho,4,0,1,2,1,0,0,0,1,1,0,9
2026-08-18,CIVINT/STIC,DOCUMENTO,CIVINT-STIC-U05,Karina Ensaio,4,0,1,1,1,0,0,1,0,0,1,8
2026-08-18,CIVINT/STIC,DOCUMENTO,CIVINT-STIC-U06,Lucas Esboço,1,0,0,2,1,0,0,0,1,1,0,5
2026-08-18,CIVINT/STIC,DOCUMENTO,CIVINT-STIC-U07,Marina Maquete,0,0,0,5,1,0,0,0,0,0,0,6
2026-08-18,CIVINT/STIC,DOCUMENTO,CIVINT-STIC-U08,Nelson Mock,8,0,0,2,2,0,0,0,0,0,0,12
2026-08-18,GABSUB3-DVT,DOCUMENTO,GABSUB3-DVT-U01,Ana Exemplo,1,0,0,1,0,1,0,0,0,0,0,3
2026-08-18,GABSUB3-DVT,DOCUMENTO,GABSUB3-DVT-U02,Bruno Teste,1,2,0,0,0,0,0,0,0,0,0,3
2026-08-18,GABSUB3-DVT,DOCUMENTO,GABSUB3-DVT-U04,Diego Fictício,1,0,0,0,0,0,0,0,0,0,0,1
2026-08-18,GABSUB3-DVT,DOCUMENTO,GABSUB3-DVT-U05,Elisa Amostra,0,0,0,1,0,0,0,1,0,0,1,2
2026-08-18,GABSUB3-DVT,DOCUMENTO,GABSUB3-DVT-U06,Fábio Demo,0,0,0,1,0,0,0,1,0,0,1,2
2026-08-18,GABSUB3-DVT,JUDICIAL,GABSUB3-DVT-U03,Carla Modelo,0,0,0,1,0,0,0,0,0,0,0,1
2026-08-19,CIVINT/STIC,DOCUMENTO,CIVINT-STIC-U01,Gabriela Simulada,5,9,0,2,1,3,0,2,0,1,1,22
2026-08-19,CIVINT/STIC,DOCUMENTO,CIVINT-STIC-U02,Heitor Protótipo,1,0,0,4,1,0,0,0,0,0,0,6
2026-08-19,CIVINT/STIC,DOCUMENTO,CIVINT-STIC-U03,Isabela Piloto,1,0,2,2,2,0,0,1,1,0,2,9
2026-08-19,CIVINT/STIC,DOCUMENTO,CIVINT-STIC-U04,João Rascunho,3,0,1,2,1,0,0,1,1,1,1,9
2026-08-19,CIVINT/STIC,DOCUMENTO,CIVINT-STIC-U05,Karina Ensaio,3,0,1,3,1,0,0,1,0,1,0,9
2026-08-19,CIVINT/STIC,DOCUMENTO,CIVINT-STIC-U06,Lucas Esboço,4,0,0,3,2,0,0,0,0,0,0,9
2026-08-19,CIVINT/STIC,DOCUMENTO,CIVINT-STIC-U07,Marina Maquete,5,0,1,3,1,0,0,0,0,0,0,10
2026-08-19,CIVINT/STIC,DOCUMENTO,CIVINT-STIC-U08,Nelson Mock,3,0,0,3,0,0,0,0,0,0,0,6
2026-08-19,GABSUB3-DVT,DOCUMENTO,GABSUB3-DVT-U01,Ana Exemplo,0,0,0,0,0,2,0,0,0,0,0,2
2026-08-19,GABSUB3-DVT,DOCUMENTO,GABSUB3-DVT-U02,Bruno Teste,2,2,1,1,0,0,0,0,0,0,0,6
2026-08-19,GABSUB3-DVT,DOCUMENTO,GABSUB3-DVT-U03,Carla Modelo,1,0,0,0,0,0,0,1,0,0,1,2
2026-08-19,GABSUB3-DVT,DOCUMENTO,GABSUB3-DVT-U04,Diego Fictício,1,0,0,0,0,0,0,0,0,0,0,1
2026-08-19,GABSUB3-DVT,DOCUMENTO,GABSUB3-DVT-U05,Elisa Amostra,0,0,0,0,1,0,0,0,0,0,0,1
2026-08-19,GABSUB3-DVT,DOCUMENTO,GABSUB3-DVT-U06,Fábio Demo,0,0,0,0,1,0,0,0,0,0,0,1
2026-08-19,GABSUB3-DVT,EXTRAJUDICIAL,GABSUB3-DVT-U06,Fábio Demo,1,0,0,0,0,0,0,0,0,0,0,1
2026-08-19,GABSUB3-DVT,JUDICIAL,GABSUB3-DVT-U06,Fábio Demo,0,0,0,1,0,0,0,1,0,0,1,2
2026-08-20,CIVINT/STIC,DOCUMENTO,CIVINT-STIC-U01,Gabriela Simulada,0,8,2,4,1,4,0,0,0,0,0,19
2026-08-20,CIVINT/STIC,DOCUMENTO,CIVINT-STIC-U02,Heitor Protótipo,3,0,0,1,3,0,0,0,1,0,1,8
2026-08-20,CIVINT/STIC,DOCUMENTO,CIVINT-STIC-U03,Isabela Piloto,2,0,0,0,0,0,0,1,0,1,0,3
2026-08-20,CIVINT/STIC,DOCUMENTO,CIVINT-STIC-U04,João Rascunho,3,0,1,4,0,0,0,3,0,3,0,11
2026-08-20,CIVINT/STIC,DOCUMENTO,CIVINT-STIC-U05,Karina Ensaio,2,0,0,3,2,0,0,1,0,0,1,8
2026-08-20,CIVINT/STIC,DOCUMENTO,CIVINT-STIC-U06,Lucas Esboço,1,0,0,2,1,0,0,0,1,0,1,5
2026-08-20,CIVINT/STIC,DOCUMENTO,CIVINT-STIC-U07,Marina Maquete,0,0,1,3,1,0,0,2,1,2,1,8
2026-08-20,CIVINT/STIC,DOCUMENTO,CIVINT-STIC-U08,Nelson Mock,2,0,0,3,0,0,0,1,0,1,0,6
2026-08-20,GABSUB3-DVT,DOCUMENTO,GABSUB3-DVT-U01,Ana Exemplo,1,0,0,0,0,0,0,0,0,0,0,1
2026-08-20,GABSUB3-DVT,DOCUMENTO,GABSUB3-DVT-U02,Bruno Teste,0,2,1,0,0,0,0,0,0,0,0,3
2026-08-20,GABSUB3-DVT,DOCUMENTO,GABSUB3-DVT-U03,Carla Modelo,0,0,0,0,0,0,0,0,1,0,1,1
2026-08-20,GABSUB3-DVT,DOCUMENTO,GABSUB3-DVT-U05,Elisa Amostra,1,0,0,1,2,0,0,0,0,0,0,4
2026-08-20,GABSUB3-DVT,EXTRAJUDICIAL,GABSUB3-DVT-U02,Bruno Teste,0,1,0,0,0,0,0,0,0,0,0,1
2026-08-20,GABSUB3-DVT,JUDICIAL,GABSUB3-DVT-U01,Ana Exemplo,0,0,1,0,0,0,0,0,0,0,0,1
2026-08-21,CIVINT/STIC,DOCUMENTO,CIVINT-STIC-U01,Gabriela Simulada,3,7,0,2,3,6,0,0,0,0,0,21
2026-08-21,CIVINT/STIC,DOCUMENTO,CIVINT-STIC-U02,Heitor Protótipo,7,0,0,0,0,0,0,1,0,1,0,8
2026-08-21,CIVINT/STIC,DOCUMENTO,CIVINT-STIC-U03,Isabela Piloto,5,0,0,2,0,0,0,0,0,0,0,7
2026-08-21,CIVINT/STIC,DOCUMENTO,CIVINT-STIC-U04,João Rascunho,4,0,0,0,2,0,0,0,0,0,0,6
2026-08-21,CIVINT/STIC,DOCUMENTO,CIVINT-STIC-U05,Karina Ensaio,3,0,1,5,1,0,0,1,0,1,0,11
2026-08-21,CIVINT/STIC,DOCUMENTO,CIVINT-STIC-U06,Lucas Esboço,2,0,2,1,1,0,0,2,0,1,1,8
2026-08-21,CIVINT/STIC,DOCUMENTO,CIVINT-STIC-U07,Marina Maquete,2,0,1,1,1,0,0,0,0,0,0,5
2026-08-21,CIVINT/STIC,DOCUMENTO,CIVINT-STIC-U08,Nelson Mock,5,0,0,2,0,0,0,1,0,1,0,8
2026-08-21,GABSUB3-DVT,DOCUMENTO,GABSUB3-DVT-U01,Ana Exemplo,0,0,0,1,1,1,0,1,0,0,1,4
2026-08-21,GABSUB3-DVT,DOCUMENTO,GABSUB3-DVT-U02,Bruno Teste,0,2,0,0,0,0,0,0,0,0,0,2
2026-08-21,GABSUB3-DVT,DOCUMENTO,GABSUB3-DVT-U03,Carla Modelo,0,0,0,2,0,0,0,0,0,0,0,2
2026-08-21,GABSUB3-DVT,DOCUMENTO,GABSUB3-DVT-U04,Diego Fictício,0,0,0,0,1,0,0,0,0,0,0,1
2026-08-21,GABSUB3-DVT,JUDICIAL,GABSUB3-DVT-U02,Bruno Teste,1,0,0,0,0,0,0,0,0,0,0,1
2026-08-22,CIVINT/STIC,DOCUMENTO,CIVINT-STIC-U01,Gabriela Simulada,2,10,0,2,1,3,2,0,0,0,0,20
2026-08-22,CIVINT/STIC,DOCUMENTO,CIVINT-STIC-U02,Heitor Protótipo,1,0,1,2,1,0,0,0,0,0,0,5
2026-08-22,CIVINT/STIC,DOCUMENTO,CIVINT-STIC-U03,Isabela Piloto,4,0,0,3,0,0,0,0,2,1,1,9
2026-08-22,CIVINT/STIC,DOCUMENTO,CIVINT-STIC-U04,João Rascunho,2,0,0,2,1,0,0,1,1,1,1,7
2026-08-22,CIVINT/STIC,DOCUMENTO,CIVINT-STIC-U05,Karina Ensaio,3,0,2,1,3,0,0,0,0,0,0,9
2026-08-22,CIVINT/STIC,DOCUMENTO,CIVINT-STIC-U06,Lucas Esboço,1,0,2,2,7,0,0,0,0,0,0,12
2026-08-22,CIVINT/STIC,DOCUMENTO,CIVINT-STIC-U07,Marina Maquete,2,0,0,0,1,0,0,0,0,0,0,3
2026-08-22,CIVINT/STIC,DOCUMENTO,CIVINT-STIC-U08,Nelson Mock,2,0,1,0,1,0,0,0,1,0,1,5
2026-08-22,GABSUB3-DVT,DOCUMENTO,GABSUB3-DVT-U01,Ana Exemplo,2,0,0,0,0,0,0,0,0,0,0,2
2026-08-22,GABSUB3-DVT,DOCUMENTO,GABSUB3-DVT-U02,Bruno Teste,1,1,0,0,0,0,0,0,0,0,0,2
2026-08-22,GABSUB3-DVT,DOCUMENTO,GABSUB3-DVT-U03,Carla Modelo,0,0,0,0,0,0,0,2,0,1,1,2
2026-08-22,GABSUB3-DVT,DOCUMENTO,GABSUB3-DVT-U04,Diego Fictício,0,0,0,2,0,0,0,0,0,0,0,2
2026-08-22,GABSUB3-DVT,DOCUMENTO,GABSUB3-DVT-U05,Elisa Amostra,2,0,0,2,0,0,0,1,0,1,0,5
2026-08-22,GABSUB3-DVT,DOCUMENTO,GABSUB3-DVT-U06,Fábio Demo,1,0,0,0,0,0,0,0,0,0,0,1
2026-08-22,GABSUB3-DVT,JUDICIAL,GABSUB3-DVT-U04,Diego Fictício,0,0,0,1,0,0,0,0,0,0,0,1
2026-08-23,CIVINT/STIC,DOCUMENTO,CIVINT-STIC-U01,Gabriela Simulada,2,14,0,1,0,6,0,1,1,1,1,25
2026-08-23,CIVINT/STIC,DOCUMENTO,CIVINT-STIC-U02,Heitor Protótipo,2,0,1,0,1,0,0,2,0,0,2,6
2026-08-23,CIVINT/STIC,DOCUMENTO,CIVINT-STIC-U03,Isabela Piloto,3,0,1,1,1,0,0,2,0,1,1,8
2026-08-23,CIVINT/STIC,DOCUMENTO,CIVINT-STIC-U04,João Rascunho,1,0,2,2,1,0,0,1,0,1,0,7
2026-08-23,CIVINT/STIC,DOCUMENTO,CIVINT-STIC-U05,Karina Ensaio,3,0,0,3,1,0,0,0,0,0,0,7
2026-08-23,CIVINT/STIC,DOCUMENTO,CIVINT-STIC-U06,Lucas Esboço,2,0,0,2,3,0,0,1,0,1,0,8
2026-08-23,CIVINT/STIC,DOCUMENTO,CIVINT-STIC-U07,Marina Maquete,0,0,1,1,0,0,0,1,0,1,0,3
2026-08-23,CIVINT/STIC,DOCUMENTO,CIVINT-STIC-U08,Nelson Mock,3,0,0,0,2,0,0,0,0,0,0,5
2026-08-23,GABSUB3-DVT,DOCUMENTO,GABSUB3-DVT-U01,Ana Exemplo,1,0,0,0,0,1,1,0,0,0,0,3
2026-08-23,GABSUB3-DVT,DOCUMENTO,GABSUB3-DVT-U02,Bruno Teste,1,4,1,0,0,0,0,1,0,1,0,7
2026-08-23,GABSUB3-DVT,DOCUMENTO,GABSUB3-DVT-U03,Carla Modelo,0,0,0,1,0,0,0,0,0,0,0,1
2026-08-23,GABSUB3-DVT,DOCUMENTO,GABSUB3-DVT-U04,Diego Fictício,0,0,0,1,0,0,0,0,0,0,0,1
2026-08-23,GABSUB3-DVT,DOCUMENTO,GABSUB3-DVT-U05,Elisa Amostra,0,0,0,0,1,0,0,0,0,0,0,1
2026-08-23,GABSUB3-DVT,DOCUMENTO,GABSUB3-DVT-U06,Fábio Demo,1,0,0,0,0,0,0,1,0,0,1,2
2026-08-23,GABSUB3-DVT,JUDICIAL,GABSUB3-DVT-U02,Bruno Teste,0,1,0,0,0,0,0,0,0,0,0,1
2026-08-23,GABSUB3-DVT,JUDICIAL,GABSUB3-DVT-U03,Carla Modelo,1,0,0,0,0,0,0,0,0,0,0,1
2026-08-24,CIVINT/STIC,DOCUMENTO,CIVINT-STIC-U01,Gabriela Simulada,3,11,0,4,1,4,0,3,0,1,2,26
2026-08-24,CIVINT/STIC,DOCUMENTO,CIVINT-STIC-U02,Heitor Protótipo,3,0,1,4,1,0,0,0,0,0,0,9
2026-08-24,CIVINT/STIC,DOCUMENTO,CIVINT-STIC-U03,Isabela Piloto,4,0,0,4,1,0,0,0,0,0,0,9
2026-08-24,CIVINT/STIC,DOCUMENTO,CIVINT-STIC-U04,João Rascunho,3,0,2,1,0,0,0,1,0,1,0,7
2026-08-24,CIVINT/STIC,DOCUMENTO,CIVINT-STIC-U05,Karina Ensaio,0,0,1,0,4,0,0,1,1,1,1,7
2026-08-24,CIVINT/STIC,DOCUMENTO,CIVINT-STIC-U06,Lucas Esboço,3,0,0,0,0,0,0,0,0,0,0,3
2026-08-24,CIVINT/STIC,DOCUMENTO,CIVINT-STIC-U07,Marina Maquete,2,0,0,1,1,0,0,0,0,0,0,4
2026-08-24,CIVINT/STIC,DOCUMENTO,CIVINT-STIC-U08,Nelson Mock,5,0,0,1,3,0,0,1,0,0,1,10
2026-08-24,GABSUB3-DVT,DOCUMENTO,GABSUB3-DVT-U01,Ana Exemplo,1,0,0,0,1,0,0,0,0,0,0,2
2026-08-24,GABSUB3-DVT,DOCUMENTO,GABSUB3-DVT-U02,Bruno Teste,1,4,0,0,0,0,0,0,0,0,0,5
2026-08-24,GABSUB3-DVT,DOCUMENTO,GABSUB3-DVT-U03,Carla Modelo,1,0,0,0,1,0,0,0,0,0,0,2
2026-08-24,GABSUB3-DVT,DOCUMENTO,GABSUB3-DVT-U04,Diego Fictício,2,0,0,0,0,0,0,0,0,0,0,2
2026-08-24,GABSUB3-DVT,DOCUMENTO,GABSUB3-DVT-U05,Elisa Amostra,0,0,0,2,0,0,0,0,0,0,0,2
2026-08-24,GABSUB3-DVT,DOCUMENTO,GABSUB3-DVT-U06,Fábio Demo,1,0,0,0,0,0,0,0,0,0,0,1
2026-08-24,GABSUB3-DVT,EXTRAJUDICIAL,GABSUB3-DVT-U04,Diego Fictício,1,0,0,0,0,0,0,0,0,0,0,1
2026-08-24,GABSUB3-DVT,JUDICIAL,GABSUB3-DVT-U02,Bruno Teste,0,1,0,0,0,0,0,0,0,0,0,1
2026-08-24,GABSUB3-DVT,JUDICIAL,GABSUB3-DVT-U06,Fábio Demo,0,0,0,0,1,0,0,0,0,0,0,1
2026-08-25,CIVINT/STIC,DOCUMENTO,CIVINT-STIC-U01,Gabriela Simulada,4,16,0,2,0,5,0,2,0,1,1,29
2026-08-25,CIVINT/STIC,DOCUMENTO,CIVINT-STIC-U02,Heitor Protótipo,3,0,1,1,2,0,0,2,1,1,2,10
2026-08-25,CIVINT/STIC,DOCUMENTO,CIVINT-STIC-U03,Isabela Piloto,4,0,1,0,2,0,0,2,1,2,1,10
2026-08-25,CIVINT/STIC,DOCUMENTO,CIVINT-STIC-U04,João Rascunho,5,0,1,4,0,0,0,0,0,0,0,10
2026-08-25,CIVINT/STIC,DOCUMENTO,CIVINT-STIC-U05,Karina Ensaio,2,0,0,3,2,0,0,0,0,0,0,7
2026-08-25,CIVINT/STIC,DOCUMENTO,CIVINT-STIC-U06,Lucas Esboço,5,0,1,3,4,0,0,2,0,0,2,15
2026-08-25,CIVINT/STIC,DOCUMENTO,CIVINT-STIC-U07,Marina Maquete,4,0,1,1,2,0,0,0,0,0,0,8
2026-08-25,CIVINT/STIC,DOCUMENTO,CIVINT-STIC-U08,Nelson Mock,4,0,0,0,1,0,0,2,0,0,2,7
2026-08-25,GABSUB3-DVT,DOCUMENTO,GABSUB3-DVT-U01,Ana Exemplo,1,0,0,1,0,0,0,0,0,0,0,2
2026-08-25,GABSUB3-DVT,DOCUMENTO,GABSUB3-DVT-U02,Bruno Teste,0,3,0,0,0,0,0,0,0,0,0,3
2026-08-25,GABSUB3-DVT,DOCUMENTO,GABSUB3-DVT-U03,Carla Modelo,1,0,1,2,0,0,0,0,0,0,0,4
2026-08-25,GABSUB3-DVT,DOCUMENTO,GABSUB3-DVT-U05,Elisa Amostra,0,0,0,0,0,0,0,1,0,1,0,1
2026-08-25,GABSUB3-DVT,DOCUMENTO,GABSUB3-DVT-U06,Fábio Demo,1,0,1,0,0,0,0,0,0,0,0,2
2026-08-26,CIVINT/STIC,DOCUMENTO,CIVINT-STIC-U01,Gabriela Simulada,5,10,0,4,2,4,0,1,0,1,0,26
2026-08-26,CIVINT/STIC,DOCUMENTO,CIVINT-STIC-U02,Heitor Protótipo,5,0,0,3,2,0,0,2,0,0,2,12
2026-08-26,CIVINT/STIC,DOCUMENTO,CIVINT-STIC-U03,Isabela Piloto,2,0,0,0,3,0,0,0,0,0,0,5
2026-08-26,CIVINT/STIC,DOCUMENTO,CIVINT-STIC-U04,João Rascunho,0,0,0,2,1,0,0,0,1,0,1,4
2026-08-26,CIVINT/STIC,DOCUMENTO,CIVINT-STIC-U05,Karina Ensaio,0,0,0,0,3,0,0,1,1,1,1,5
2026-08-26,CIVINT/STIC,DOCUMENTO,CIVINT-STIC-U06,Lucas Esboço,3,0,1,2,0,0,0,1,0,0,1,7
2026-08-26,CIVINT/STIC,DOCUMENTO,CIVINT-STIC-U07,Marina Maquete,2,0,1,1,2,0,0,0,1,1,0,7
2026-08-26,CIVINT/STIC,DOCUMENTO,CIVINT-STIC-U08,Nelson Mock,2,0,0,2,0,0,0,1,0,1,0,5
2026-08-26,GABSUB3-DVT,DOCUMENTO,GABSUB3-DVT-U01,Ana Exemplo,1,0,1,2,0,0,0,0,0,0,0,4
2026-08-26,GABSUB3-DVT,DOCUMENTO,GABSUB3-DVT-U02,Bruno Teste,1,1,0,0,0,0,0,0,0,0,0,2
2026-08-26,GABSUB3-DVT,DOCUMENTO,GABSUB3-DVT-U03,Carla Modelo,0,0,1,0,0,0,0,1,0,0,1,2
2026-08-26,GABSUB3-DVT,DOCUMENTO,GABSUB3-DVT-U04,Diego Fictício,0,0,0,1,0,0,0,0,0,0,0,1
2026-08-26,GABSUB3-DVT,DOCUMENTO,GABSUB3-DVT-U05,Elisa Amostra,2,0,1,1,0,0,0,0,0,0,0,4
2026-08-26,GABSUB3-DVT,DOCUMENTO,GABSUB3-DVT-U06,Fábio Demo,2,0,0,1,0,0,0,1,0,0,1,4
2026-08-26,GABSUB3-DVT,JUDICIAL,GABSUB3-DVT-U01,Ana Exemplo,1,0,0,0,0,0,1,0,0,0,0,2
2026-08-26,GABSUB3-DVT,JUDICIAL,GABSUB3-DVT-U03,Carla Modelo,0,0,0,0,0,0,0,0,1,0,1,1
2026-08-26,GABSUB3-DVT,JUDICIAL,GABSUB3-DVT-U05,Elisa Amostra,0,0,0,1,0,0,0,0,0,0,0,1
2026-08-27,CIVINT/STIC,DOCUMENTO,CIVINT-STIC-U01,Gabriela Simulada,4,6,0,4,1,4,0,1,0,1,0,20
2026-08-27,CIVINT/STIC,DOCUMENTO,CIVINT-STIC-U02,Heitor Protótipo,2,0,0,4,1,0,0,1,1,0,2,9
2026-08-27,CIVINT/STIC,DOCUMENTO,CIVINT-STIC-U03,Isabela Piloto,2,0,0,3,0,0,0,0,0,0,0,5
2026-08-27,CIVINT/STIC,DOCUMENTO,CIVINT-STIC-U04,João Rascunho,2,0,0,2,3,0,0,1,1,2,0,9
2026-08-27,CIVINT/STIC,DOCUMENTO,CIVINT-STIC-U05,Karina Ensaio,1,0,0,5,1,0,0,0,0,0,0,7
2026-08-27,CIVINT/STIC,DOCUMENTO,CIVINT-STIC-U06,Lucas Esboço,1,0,1,4,0,0,0,1,1,2,0,8
2026-08-27,CIVINT/STIC,DOCUMENTO,CIVINT-STIC-U07,Marina Maquete,2,0,2,2,1,0,0,0,0,0,0,7
2026-08-27,CIVINT/STIC,DOCUMENTO,CIVINT-STIC-U08,Nelson Mock,2,0,0,0,0,0,0,0,0,0,0,2
2026-08-27,GABSUB3-DVT,DOCUMENTO,GABSUB3-DVT-U01,Ana Exemplo,1,0,0,1,0,0,0,0,0,0,0,2
2026-08-27,GABSUB3-DVT,DOCUMENTO,GABSUB3-DVT-U02,Bruno Teste,0,0,0,0,0,0,0,1,0,0,1,1
2026-08-27,GABSUB3-DVT,DOCUMENTO,GABSUB3-DVT-U05,Elisa Amostra,1,0,0,0,0,0,0,0,0,0,0,1
2026-08-27,GABSUB3-DVT,DOCUMENTO,GABSUB3-DVT-U06,Fábio Demo,1,0,0,0,0,0,0,0,0,0,0,1
2026-08-27,GABSUB3-DVT,EXTRAJUDICIAL,GABSUB3-DVT-U02,Bruno Teste,0,1,0,0,0,0,0,0,0,0,0,1
2026-08-27,GABSUB3-DVT,JUDICIAL,GABSUB3-DVT-U02,Bruno Teste,0,1,0,1,0,0,0,0,0,0,0,2
2026-08-27,GABSUB3-DVT,JUDICIAL,GABSUB3-DVT-U05,Elisa Amostra,1,0,0,0,0,0,0,0,0,0,0,1
2026-08-28,CIVINT/STIC,DOCUMENTO,CIVINT-STIC-U01,Gabriela Simulada,4,8,1,2,1,6,1,0,0,0,0,23
2026-08-28,CIVINT/STIC,DOCUMENTO,CIVINT-STIC-U02,Heitor Protótipo,2,0,0,3,0,0,0,2,0,1,1,7
2026-08-28,CIVINT/STIC,DOCUMENTO,CIVINT-STIC-U03,Isabela Piloto,2,0,2,0,1,0,0,1,1,1,1,7
2026-08-28,CIVINT/STIC,DOCUMENTO,CIVINT-STIC-U04,João Rascunho,5,0,0,2,3,0,0,0,0,0,0,10
2026-08-28,CIVINT/STIC,DOCUMENTO,CIVINT-STIC-U05,Karina Ensaio,4,0,0,5,1,0,0,1,1,0,2,12
2026-08-28,CIVINT/STIC,DOCUMENTO,CIVINT-STIC-U06,Lucas Esboço,6,0,3,2,3,0,0,1,1,1,1,16
2026-08-28,CIVINT/STIC,DOCUMENTO,CIVINT-STIC-U07,Marina Maquete,3,0,0,0,0,0,0,0,1,1,0,4
2026-08-28,CIVINT/STIC,DOCUMENTO,CIVINT-STIC-U08,Nelson Mock,5,0,0,1,1,0,0,0,0,0,0,7
2026-08-28,GABSUB3-DVT,DOCUMENTO,GABSUB3-DVT-U01,Ana Exemplo,1,0,0,0,0,0,0,0,1,0,1,2
2026-08-28,GABSUB3-DVT,DOCUMENTO,GABSUB3-DVT-U02,Bruno Teste,0,2,0,0,0,0,0,0,0,0,0,2
2026-08-28,GABSUB3-DVT,DOCUMENTO,GABSUB3-DVT-U04,Diego Fictício,1,0,0,0,0,0,0,0,0,0,0,1
2026-08-28,GABSUB3-DVT,DOCUMENTO,GABSUB3-DVT-U05,Elisa Amostra,1,0,0,0,0,0,0,0,0,0,0,1
2026-08-28,GABSUB3-DVT,DOCUMENTO,GABSUB3-DVT-U06,Fábio Demo,2,0,1,1,0,0,0,0,0,0,0,4
2026-08-29,CIVINT/STIC,DOCUMENTO,CIVINT-STIC-U01,Gabriela Simulada,2,14,1,3,1,4,0,0,1,0,1,26
2026-08-29,CIVINT/STIC,DOCUMENTO,CIVINT-STIC-U02,Heitor Protótipo,2,0,0,4,1,0,0,0,1,0,1,8
2026-08-29,CIVINT/STIC,DOCUMENTO,CIVINT-STIC-U03,Isabela Piloto,1,0,2,4,1,0,0,0,0,0,0,8
2026-08-29,CIVINT/STIC,DOCUMENTO,CIVINT-STIC-U04,João Rascunho,3,0,2,2,1,0,0,0,0,0,0,8
2026-08-29,CIVINT/STIC,DOCUMENTO,CIVINT-STIC-U05,Karina Ensaio,2,0,0,4,0,0,0,0,0,0,0,6
2026-08-29,CIVINT/STIC,DOCUMENTO,CIVINT-STIC-U06,Lucas Esboço,3,0,1,2,0,0,0,1,0,1,0,7
2026-08-29,CIVINT/STIC,DOCUMENTO,CIVINT-STIC-U07,Marina Maquete,4,0,0,1,0,0,0,0,0,0,0,5
2026-08-29,CIVINT/STIC,DOCUMENTO,CIVINT-STIC-U08,Nelson Mock,3,0,0,3,0,0,0,0,0,0,0,6
2026-08-29,GABSUB3-DVT,DOCUMENTO,GABSUB3-DVT-U01,Ana Exemplo,0,0,1,0,0,0,0,0,0,0,0,1
2026-08-29,GABSUB3-DVT,DOCUMENTO,GABSUB3-DVT-U02,Bruno Teste,1,2,0,0,0,0,0,0,0,0,0,3
2026-08-29,GABSUB3-DVT,DOCUMENTO,GABSUB3-DVT-U03,Carla Modelo,2,0,0,1,1,0,0,0,0,0,0,4
2026-08-29,GABSUB3-DVT,DOCUMENTO,GABSUB3-DVT-U06,Fábio Demo,0,0,0,2,0,0,0,0,0,0,0,2
2026-08-30,CIVINT/STIC,DOCUMENTO,CIVINT-STIC-U01,Gabriela Simulada,4,15,1,0,1,7,1,1,0,0,1,30
2026-08-30,CIVINT/STIC,DOCUMENTO,CIVINT-STIC-U02,Heitor Protótipo,2,0,0,2,3,0,0,0,1,0,1,8
2026-08-30,CIVINT/STIC,DOCUMENTO,CIVINT-STIC-U03,Isabela Piloto,4,0,1,5,1,0,0,0,0,0,0,11
2026-08-30,CIVINT/STIC,DOCUMENTO,CIVINT-STIC-U04,João Rascunho,3,0,0,3,0,0,0,0,1,1,0,7
2026-08-30,CIVINT/STIC,DOCUMENTO,CIVINT-STIC-U05,Karina Ensaio,2,0,3,2,0,0,0,0,0,0,0,7
2026-08-30,CIVINT/STIC,DOCUMENTO,CIVINT-STIC-U06,Lucas Esboço,6,0,3,4,3,0,0,3,1,0,4,20
2026-08-30,CIVINT/STIC,DOCUMENTO,CIVINT-STIC-U07,Marina Maquete,5,0,0,5,1,0,0,2,1,3,0,14
2026-08-30,CIVINT/STIC,DOCUMENTO,CIVINT-STIC-U08,Nelson Mock,1,0,0,1,3,0,0,1,0,0,1,6
2026-08-30,CIVINT/STIC,EXTRAJUDICIAL,CIVINT-STIC-U03,Isabela Piloto,0,0,0,1,0,0,0,0,0,0,0,1
2026-08-30,GABSUB3-DVT,DOCUMENTO,GABSUB3-DVT-U01,Ana Exemplo,1,0,0,2,0,0,0,0,0,0,0,3
2026-08-30,GABSUB3-DVT,DOCUMENTO,GABSUB3-DVT-U02,Bruno Teste,0,5,0,2,0,0,0,0,0,0,0,7
2026-08-30,GABSUB3-DVT,DOCUMENTO,GABSUB3-DVT-U03,Carla Modelo,0,0,0,2,0,0,0,0,0,0,0,2
2026-08-30,GABSUB3-DVT,DOCUMENTO,GABSUB3-DVT-U04,Diego Fictício,0,0,0,0,0,0,0,1,0,0,1,1
2026-08-30,GABSUB3-DVT,DOCUMENTO,GABSUB3-DVT-U05,Elisa Amostra,1,0,0,0,0,0,0,0,0,0,0,1
2026-08-30,GABSUB3-DVT,DOCUMENTO,GABSUB3-DVT-U06,Fábio Demo,3,0,0,0,0,0,0,0,1,1,0,4
2026-08-30,GABSUB3-DVT,JUDICIAL,GABSUB3-DVT-U02,Bruno Teste,0,1,0,0,0,0,0,0,0,0,0,1
2026-08-31,CIVINT/STIC,DOCUMENTO,CIVINT-STIC-U01,Gabriela Simulada,4,10,0,4,0,4,0,1,0,0,1,23
2026-08-31,CIVINT/STIC,DOCUMENTO,CIVINT-STIC-U02,Heitor Protótipo,3,0,1,2,2,0,0,1,0,1,0,9
2026-08-31,CIVINT/STIC,DOCUMENTO,CIVINT-STIC-U03,Isabela Piloto,3,0,1,2,0,0,0,1,0,0,1,7
2026-08-31,CIVINT/STIC,DOCUMENTO,CIVINT-STIC-U04,João Rascunho,1,0,1,4,1,0,0,0,1,1,0,8
2026-08-31,CIVINT/STIC,DOCUMENTO,CIVINT-STIC-U05,Karina Ensaio,4,0,1,5,0,0,0,1,0,0,1,11
2026-08-31,CIVINT/STIC,DOCUMENTO,CIVINT-STIC-U06,Lucas Esboço,6,0,1,1,2,0,0,0,0,0,0,10
2026-08-31,CIVINT/STIC,DOCUMENTO,CIVINT-STIC-U07,Marina Maquete,8,0,0,5,1,0,0,1,1,1,1,16
2026-08-31,CIVINT/STIC,DOCUMENTO,CIVINT-STIC-U08,Nelson Mock,2,0,0,2,2,0,0,1,0,1,0,7
2026-08-31,GABSUB3-DVT,DOCUMENTO,GABSUB3-DVT-U01,Ana Exemplo,2,0,0,1,1,0,1,0,0,0,0,5
2026-08-31,GABSUB3-DVT,DOCUMENTO,GABSUB3-DVT-U02,Bruno Teste,1,3,0,0,0,0,0,0,0,0,0,4
2026-08-31,GABSUB3-DVT,DOCUMENTO,GABSUB3-DVT-U03,Carla Modelo,1,0,1,0,0,0,0,0,0,0,0,2
2026-08-31,GABSUB3-DVT,DOCUMENTO,GABSUB3-DVT-U04,Diego Fictício,1,0,0,1,0,0,0,0,0,0,0,2
2026-08-31,GABSUB3-DVT,DOCUMENTO,GABSUB3-DVT-U05,Elisa Amostra,0,0,0,1,0,0,0,0,0,0,0,1
2026-08-31,GABSUB3-DVT,DOCUMENTO,GABSUB3-DVT-U06,Fábio Demo,3,0,0,1,1,0,0,0,0,0,0,5
2026-08-31,GABSUB3-DVT,EXTRAJUDICIAL,GABSUB3-DVT-U03,Carla Modelo,0,0,0,0,1,0,0,0,0,0,0,1
2026-08-31,GABSUB3-DVT,JUDICIAL,GABSUB3-DVT-U06,Fábio Demo,0,0,0,1,0,0,0,0,0,0,0,1
2026-09-01,CIVINT/STIC,DOCUMENTO,CIVINT-STIC-U01,Gabriela Simulada,5,16,0,4,2,7,0,1,0,0,1,35
2026-09-01,CIVINT/STIC,DOCUMENTO,CIVINT-STIC-U02,Heitor Protótipo,2,0,2,3,0,0,0,0,0,0,0,7
2026-09-01,CIVINT/STIC,DOCUMENTO,CIVINT-STIC-U03,Isabela Piloto,5,0,1,4,0,0,0,0,1,1,0,11
2026-09-01,CIVINT/STIC,DOCUMENTO,CIVINT-STIC-U04,João Rascunho,2,0,0,2,0,0,0,0,1,0,1,5
2026-09-01,CIVINT/STIC,DOCUMENTO,CIVINT-STIC-U05,Karina Ensaio,1,0,0,5,0,0,0,2,0,1,1,8
2026-09-01,CIVINT/STIC,DOCUMENTO,CIVINT-STIC-U06,Lucas Esboço,2,0,3,4,0,0,0,1,0,0,1,10
2026-09-01,CIVINT/STIC,DOCUMENTO,CIVINT-STIC-U07,Marina Maquete,7,0,2,5,1,0,0,1,1,1,1,17
2026-09-01,CIVINT/STIC,DOCUMENTO,CIVINT-STIC-U08,Nelson Mock,4,0,0,2,1,0,0,2,0,1,1,9
2026-09-01,GABSUB3-DVT,DOCUMENTO,GABSUB3-DVT-U01,Ana Exemplo,1,0,0,0,0,0,0,0,0,0,0,1
2026-09-01,GABSUB3-DVT,DOCUMENTO,GABSUB3-DVT-U02,Bruno Teste,0,2,0,0,0,0,0,0,0,0,0,2
2026-09-01,GABSUB3-DVT,DOCUMENTO,GABSUB3-DVT-U03,Carla Modelo,1,0,0,1,0,0,0,0,0,0,0,2
2026-09-01,GABSUB3-DVT,DOCUMENTO,GABSUB3-DVT-U04,Diego Fictício,3,0,0,1,1,0,0,0,0,0,0,5
2026-09-01,GABSUB3-DVT,DOCUMENTO,GABSUB3-DVT-U05,Elisa Amostra,1,0,2,0,0,0,0,0,0,0,0,3
2026-09-01,GABSUB3-DVT,DOCUMENTO,GABSUB3-DVT-U06,Fábio Demo,1,0,0,1,0,0,0,0,0,0,0,2
2026-09-01,GABSUB3-DVT,JUDICIAL,GABSUB3-DVT-U03,Carla Modelo,1,0,0,0,0,0,0,0,0,0,0,1
2026-09-02,CIVINT/STIC,DOCUMENTO,CIVINT-STIC-U01,Gabriela Simulada,4,16,3,3,3,5,1,0,0,0,0,35
2026-09-02,CIVINT/STIC,DOCUMENTO,CIVINT-STIC-U02,Heitor Protótipo,3,0,0,2,1,0,0,0,1,0,1,7
2026-09-02,CIVINT/STIC,DOCUMENTO,CIVINT-STIC-U03,Isabela Piloto,3,0,1,6,2,0,0,1,0,1,0,13
2026-09-02,CIVINT/STIC,DOCUMENTO,CIVINT-STIC-U04,João Rascunho,5,0,0,3,2,0,0,1,0,1,0,11
2026-09-02,CIVINT/STIC,DOCUMENTO,CIVINT-STIC-U05,Karina Ensaio,0,0,0,1,0,0,0,1,1,1,1,3
2026-09-02,CIVINT/STIC,DOCUMENTO,CIVINT-STIC-U06,Lucas Esboço,2,0,1,2,1,0,0,3,1,1,3,10
2026-09-02,CIVINT/STIC,DOCUMENTO,CIVINT-STIC-U07,Marina Maquete,5,0,0,3,1,0,0,2,0,0,2,11
2026-09-02,CIVINT/STIC,DOCUMENTO,CIVINT-STIC-U08,Nelson Mock,4,0,2,4,1,0,0,0,1,0,1,12
2026-09-02,GABSUB3-DVT,DOCUMENTO,GABSUB3-DVT-U01,Ana Exemplo,0,0,0,3,0,0,0,0,0,0,0,3
2026-09-02,GABSUB3-DVT,DOCUMENTO,GABSUB3-DVT-U02,Bruno Teste,1,3,0,0,0,0,0,0,0,0,0,4
2026-09-02,GABSUB3-DVT,DOCUMENTO,GABSUB3-DVT-U03,Carla Modelo,0,0,1,1,0,0,0,0,0,0,0,2
2026-09-02,GABSUB3-DVT,DOCUMENTO,GABSUB3-DVT-U04,Diego Fictício,2,0,0,0,0,0,0,0,0,0,0,2
2026-09-02,GABSUB3-DVT,DOCUMENTO,GABSUB3-DVT-U06,Fábio Demo,2,0,0,1,0,0,0,0,0,0,0,3
2026-09-02,GABSUB3-DVT,JUDICIAL,GABSUB3-DVT-U01,Ana Exemplo,0,0,0,0,0,1,0,0,0,0,0,1
2026-09-02,GABSUB3-DVT,JUDICIAL,GABSUB3-DVT-U05,Elisa Amostra,0,0,0,0,1,0,0,0,0,0,0,1
2026-09-03,CIVINT/STIC,DOCUMENTO,CIVINT-STIC-U01,Gabriela Simulada,5,18,0,4,0,6,1,0,0,0,0,34
2026-09-03,CIVINT/STIC,DOCUMENTO,CIVINT-STIC-U02,Heitor Protótipo,3,0,0,6,3,0,0,0,0,0,0,12
2026-09-03,CIVINT/STIC,DOCUMENTO,CIVINT-STIC-U03,Isabela Piloto,4,0,0,3,0,0,0,0,0,0,0,7
2026-09-03,CIVINT/STIC,DOCUMENTO,CIVINT-STIC-U04,João Rascunho,2,0,1,3,1,0,0,0,0,0,0,7
2026-09-03,CIVINT/STIC,DOCUMENTO,CIVINT-STIC-U05,Karina Ensaio,1,0,0,1,0,0,0,0,1,0,1,3
2026-09-03,CIVINT/STIC,DOCUMENTO,CIVINT-STIC-U06,Lucas Esboço,6,0,0,4,2,0,0,0,0,0,0,12
2026-09-03,CIVINT/STIC,DOCUMENTO,CIVINT-STIC-U07,Marina Maquete,3,0,2,4,3,0,0,0,0,0,0,12
2026-09-03,CIVINT/STIC,DOCUMENTO,CIVINT-STIC-U08,Nelson Mock,4,0,0,2,0,0,0,1,0,1,0,7
2026-09-03,GABSUB3-DVT,DOCUMENTO,GABSUB3-DVT-U01,Ana Exemplo,1,0,0,1,0,0,1,0,0,0,0,3
2026-09-03,GABSUB3-DVT,DOCUMENTO,GABSUB3-DVT-U02,Bruno Teste,1,7,0,1,0,0,0,0,0,0,0,9
2026-09-03,GABSUB3-DVT,DOCUMENTO,GABSUB3-DVT-U03,Carla Modelo,0,0,1,1,1,0,0,0,0,0,0,3
2026-09-03,GABSUB3-DVT,DOCUMENTO,GABSUB3-DVT-U04,Diego Fictício,1,0,0,0,0,0,0,0,1,0,1,2
2026-09-03,GABSUB3-DVT,DOCUMENTO,GABSUB3-DVT-U05,Elisa Amostra,0,0,0,1,0,0,0,0,0,0,0,1
2026-09-03,GABSUB3-DVT,DOCUMENTO,GABSUB3-DVT-U06,Fábio Demo,0,0,0,1,0,0,0,0,0,0,0,1
2026-09-03,GABSUB3-DVT,EXTRAJUDICIAL,GABSUB3-DVT-U03,Carla Modelo,0,0,0,1,0,0,0,0,0,0,0,1
2026-09-03,GABSUB3-DVT,JUDICIAL,GABSUB3-DVT-U01,Ana Exemplo,0,0,1,0,0,0,0,0,0,0,0,1
2026-09-04,CIVINT/STIC,DOCUMENTO,CIVINT-STIC-U01,Gabriela Simulada,6,14,0,3,1,6,0,1,0,0,1,31
2026-09-04,CIVINT/STIC,DOCUMENTO,CIVINT-STIC-U02,Heitor Protótipo,6,0,0,3,1,0,0,2,0,2,0,12
2026-09-04,CIVINT/STIC,DOCUMENTO,CIVINT-STIC-U03,Isabela Piloto,4,0,2,7,1,0,0,1,0,1,0,15
2026-09-04,CIVINT/STIC,DOCUMENTO,CIVINT-STIC-U04,João Rascunho,6,0,0,5,1,0,0,2,0,0,2,14
2026-09-04,CIVINT/STIC,DOCUMENTO,CIVINT-STIC-U05,Karina Ensaio,2,0,0,2,0,0,0,0,1,1,0,5
2026-09-04,CIVINT/STIC,DOCUMENTO,CIVINT-STIC-U06,Lucas Esboço,4,0,0,1,1,0,0,0,0,0,0,6
2026-09-04,CIVINT/STIC,DOCUMENTO,CIVINT-STIC-U07,Marina Maquete,1,0,0,4,0,0,0,0,0,0,0,5
2026-09-04,CIVINT/STIC,DOCUMENTO,CIVINT-STIC-U08,Nelson Mock,5,0,0,3,1,0,0,1,0,0,1,10
2026-09-04,GABSUB3-DVT,DOCUMENTO,GABSUB3-DVT-U01,Ana Exemplo,0,0,2,0,1,1,0,0,0,0,0,4
2026-09-04,GABSUB3-DVT,DOCUMENTO,GABSUB3-DVT-U02,Bruno Teste,1,3,0,0,0,0,0,0,1,0,1,5
2026-09-04,GABSUB3-DVT,DOCUMENTO,GABSUB3-DVT-U03,Carla Modelo,1,0,1,1,0,0,0,0,0,0,0,3
2026-09-04,GABSUB3-DVT,DOCUMENTO,GABSUB3-DVT-U04,Diego Fictício,2,0,1,1,1,0,0,0,0,0,0,5
2026-09-04,GABSUB3-DVT,DOCUMENTO,GABSUB3-DVT-U05,Elisa Amostra,3,0,1,0,0,0,0,0,0,0,0,4
2026-09-04,GABSUB3-DVT,DOCUMENTO,GABSUB3-DVT-U06,Fábio Demo,1,0,0,0,1,0,0,0,0,0,0,2
2026-09-04,GABSUB3-DVT,JUDICIAL,GABSUB3-DVT-U02,Bruno Teste,0,1,0,0,0,0,0,0,0,0,0,1
2026-09-05,CIVINT/STIC,DOCUMENTO,CIVINT-STIC-U01,Gabriela Simulada,2,28,1,1,1,5,2,0,1,1,0,41
2026-09-05,CIVINT/STIC,DOCUMENTO,CIVINT-STIC-U02,Heitor Protótipo,4,0,2,3,3,0,0,1,1,1,1,14
2026-09-05,CIVINT/STIC,DOCUMENTO,CIVINT-STIC-U03,Isabela Piloto,6,0,0,6,2,0,0,0,1,0,1,15
2026-09-05,CIVINT/STIC,DOCUMENTO,CIVINT-STIC-U04,João Rascunho,4,0,6,4,1,0,0,0,0,0,0,15
2026-09-05,CIVINT/STIC,DOCUMENTO,CIVINT-STIC-U05,Karina Ensaio,4,0,0,0,3,0,0,2,0,0,2,9
2026-09-05,CIVINT/STIC,DOCUMENTO,CIVINT-STIC-U06,Lucas Esboço,8,0,0,2,1,0,0,0,0,0,0,11
2026-09-05,CIVINT/STIC,DOCUMENTO,CIVINT-STIC-U07,Marina Maquete,4,0,0,2,0,0,0,1,0,0,1,7
2026-09-05,CIVINT/STIC,DOCUMENTO,CIVINT-STIC-U08,Nelson Mock,3,0,0,3,1,0,0,1,0,1,0,8
2026-09-05,CIVINT/STIC,EXTRAJUDICIAL,CIVINT-STIC-U08,Nelson Mock,1,0,0,0,0,0,0,0,0,0,0,1
2026-09-05,GABSUB3-DVT,DOCUMENTO,GABSUB3-DVT-U01,Ana Exemplo,1,0,0,1,0,0,0,0,0,0,0,2
2026-09-05,GABSUB3-DVT,DOCUMENTO,GABSUB3-DVT-U02,Bruno Teste,0,4,0,0,0,0,0,0,0,0,0,4
2026-09-05,GABSUB3-DVT,DOCUMENTO,GABSUB3-DVT-U03,Carla Modelo,0,0,1,3,1,0,0,0,0,0,0,5
2026-09-05,GABSUB3-DVT,DOCUMENTO,GABSUB3-DVT-U05,Elisa Amostra,1,0,0,0,0,0,0,0,0,0,0,1
2026-09-05,GABSUB3-DVT,DOCUMENTO,GABSUB3-DVT-U06,Fábio Demo,0,0,0,0,1,0,0,0,0,0,0,1
2026-09-05,GABSUB3-DVT,JUDICIAL,GABSUB3-DVT-U01,Ana Exemplo,1,0,0,0,0,0,0,0,0,0,0,1
2026-09-05,GABSUB3-DVT,JUDICIAL,GABSUB3-DVT-U04,Diego Fictício,0,0,0,1,0,0,0,0,1,0,1,2
2026-09-06,CIVINT/STIC,DOCUMENTO,CIVINT-STIC-U01,Gabriela Simulada,3,17,2,4,1,7,2,1,2,2,1,39
2026-09-06,CIVINT/STIC,DOCUMENTO,CIVINT-STIC-U02,Heitor Protótipo,3,0,0,1,2,0,0,0,0,0,0,6
2026-09-06,CIVINT/STIC,DOCUMENTO,CIVINT-STIC-U03,Isabela Piloto,6,0,0,5,1,0,0,0,0,0,0,12
2026-09-06,CIVINT/STIC,DOCUMENTO,CIVINT-STIC-U04,João Rascunho,3,0,1,4,2,0,0,0,2,1,1,12
2026-09-06,CIVINT/STIC,DOCUMENTO,CIVINT-STIC-U05,Karina Ensaio,3,0,0,0,1,0,0,1,0,1,0,5
2026-09-06,CIVINT/STIC,DOCUMENTO,CIVINT-STIC-U06,Lucas Esboço,4,0,1,2,1,0,0,0,0,0,0,8
2026-09-06,CIVINT/STIC,DOCUMENTO,CIVINT-STIC-U07,Marina Maquete,5,0,0,1,4,0,0,1,1,0,2,12
2026-09-06,CIVINT/STIC,DOCUMENTO,CIVINT-STIC-U08,Nelson Mock,3,0,1,2,1,0,0,0,1,0,1,8
2026-09-06,CIVINT/STIC,EXTRAJUDICIAL,CIVINT-STIC-U03,Isabela Piloto,1,0,0,0,0,0,0,0,0,0,0,1
2026-09-06,GABSUB3-DVT,DOCUMENTO,GABSUB3-DVT-U01,Ana Exemplo,3,0,0,0,1,0,0,0,0,0,0,4
2026-09-06,GABSUB3-DVT,DOCUMENTO,GABSUB3-DVT-U02,Bruno Teste,1,6,0,1,0,0,0,1,0,0,1,9
2026-09-06,GABSUB3-DVT,DOCUMENTO,GABSUB3-DVT-U03,Carla Modelo,2,0,0,0,1,0,0,0,0,0,0,3
2026-09-06,GABSUB3-DVT,DOCUMENTO,GABSUB3-DVT-U05,Elisa Amostra,0,0,0,0,1,0,0,0,0,0,0,1
2026-09-06,GABSUB3-DVT,DOCUMENTO,GABSUB3-DVT-U06,Fábio Demo,1,0,0,0,1,0,0,0,0,0,0,2
2026-09-06,GABSUB3-DVT,JUDICIAL,GABSUB3-DVT-U02,Bruno Teste,1,0,0,0,0,0,0,0,0,0,0,1
2026-09-07,CIVINT/STIC,DOCUMENTO,CIVINT-STIC-U01,Gabriela Simulada,4,26,1,1,4,4,2,2,1,2,1,45
2026-09-07,CIVINT/STIC,DOCUMENTO,CIVINT-STIC-U02,Heitor Protótipo,6,0,2,4,1,0,0,0,2,0,2,15
2026-09-07,CIVINT/STIC,DOCUMENTO,CIVINT-STIC-U03,Isabela Piloto,1,0,1,4,0,0,0,0,0,0,0,6
2026-09-07,CIVINT/STIC,DOCUMENTO,CIVINT-STIC-U04,João Rascunho,2,0,4,1,3,0,0,1,0,1,0,11
2026-09-07,CIVINT/STIC,DOCUMENTO,CIVINT-STIC-U05,Karina Ensaio,6,0,2,1,1,0,0,3,0,1,2,13
2026-09-07,CIVINT/STIC,DOCUMENTO,CIVINT-STIC-U06,Lucas Esboço,4,0,2,7,1,0,0,0,0,0,0,14
2026-09-07,CIVINT/STIC,DOCUMENTO,CIVINT-STIC-U07,Marina Maquete,2,0,0,5,1,0,0,0,0,0,0,8
2026-09-07,CIVINT/STIC,DOCUMENTO,CIVINT-STIC-U08,Nelson Mock,0,0,0,2,4,0,0,0,2,1,1,8
2026-09-07,CIVINT/STIC,EXTRAJUDICIAL,CIVINT-STIC-U01,Gabriela Simulada,0,1,0,0,0,0,0,0,0,0,0,1
2026-09-07,GABSUB3-DVT,DOCUMENTO,GABSUB3-DVT-U01,Ana Exemplo,0,0,0,1,0,3,1,0,0,0,0,5
2026-09-07,GABSUB3-DVT,DOCUMENTO,GABSUB3-DVT-U02,Bruno Teste,1,1,0,0,1,0,0,0,0,0,0,3
2026-09-07,GABSUB3-DVT,DOCUMENTO,GABSUB3-DVT-U03,Carla Modelo,1,0,0,0,1,0,0,0,0,0,0,2
2026-09-07,GABSUB3-DVT,DOCUMENTO,GABSUB3-DVT-U04,Diego Fictício,1,0,0,1,1,0,0,0,0,0,0,3
2026-09-07,GABSUB3-DVT,DOCUMENTO,GABSUB3-DVT-U05,Elisa Amostra,0,0,3,0,1,0,0,0,0,0,0,4
2026-09-07,GABSUB3-DVT,DOCUMENTO,GABSUB3-DVT-U06,Fábio Demo,0,0,0,0,1,0,0,1,0,0,1,2
2026-09-07,GABSUB3-DVT,EXTRAJUDICIAL,GABSUB3-DVT-U01,Ana Exemplo,0,0,0,0,0,1,0,0,0,0,0,1
2026-09-07,GABSUB3-DVT,JUDICIAL,GABSUB3-DVT-U01,Ana Exemplo,1,0,0,0,0,0,0,0,0,0,0,1
2026-09-07,GABSUB3-DVT,JUDICIAL,GABSUB3-DVT-U02,Bruno Teste,0,2,0,0,0,0,0,0,0,0,0,2
2026-09-08,CIVINT/STIC,DOCUMENTO,CIVINT-STIC-U01,Gabriela Simulada,3,12,0,1,1,2,0,0,1,0,1,20
2026-09-08,CIVINT/STIC,DOCUMENTO,CIVINT-STIC-U02,Heitor Protótipo,5,0,1,2,2,0,0,2,0,0,2,12
2026-09-08,CIVINT/STIC,DOCUMENTO,CIVINT-STIC-U03,Isabela Piloto,7,0,3,1,0,0,0,1,0,0,1,12
2026-09-08,CIVINT/STIC,DOCUMENTO,CIVINT-STIC-U04,João Rascunho,5,0,0,3,1,0,0,0,1,0,1,10
2026-09-08,CIVINT/STIC,DOCUMENTO,CIVINT-STIC-U05,Karina Ensaio,7,0,3,4,2,0,0,0,0,0,0,16
2026-09-08,CIVINT/STIC,DOCUMENTO,CIVINT-STIC-U06,Lucas Esboço,5,0,1,3,5,0,0,0,0,0,0,14
2026-09-08,CIVINT/STIC,DOCUMENTO,CIVINT-STIC-U07,Marina Maquete,4,0,1,3,0,0,0,0,0,0,0,8
2026-09-08,CIVINT/STIC,DOCUMENTO,CIVINT-STIC-U08,Nelson Mock,7,0,0,2,1,0,0,1,2,1,2,13
2026-09-08,GABSUB3-DVT,DOCUMENTO,GABSUB3-DVT-U01,Ana Exemplo,0,0,1,0,1,0,0,0,0,0,0,2
2026-09-08,GABSUB3-DVT,DOCUMENTO,GABSUB3-DVT-U02,Bruno Teste,0,2,1,1,0,0,0,1,0,0,1,5
2026-09-08,GABSUB3-DVT,DOCUMENTO,GABSUB3-DVT-U03,Carla Modelo,1,0,0,0,0,0,0,0,0,0,0,1
2026-09-08,GABSUB3-DVT,DOCUMENTO,GABSUB3-DVT-U04,Diego Fictício,1,0,1,1,0,0,0,1,0,0,1,4
2026-09-08,GABSUB3-DVT,DOCUMENTO,GABSUB3-DVT-U05,Elisa Amostra,2,0,0,2,2,0,0,0,0,0,0,6
2026-09-08,GABSUB3-DVT,DOCUMENTO,GABSUB3-DVT-U06,Fábio Demo,0,0,0,0,1,0,0,0,0,0,0,1
2026-09-08,GABSUB3-DVT,EXTRAJUDICIAL,GABSUB3-DVT-U05,Elisa Amostra,0,0,0,1,0,0,0,0,0,0,0,1
2026-09-08,GABSUB3-DVT,JUDICIAL,GABSUB3-DVT-U05,Elisa Amostra,0,0,0,0,1,0,0,0,0,0,0,1
2026-09-09,CIVINT/STIC,DOCUMENTO,CIVINT-STIC-U01,Gabriela Simulada,5,20,0,6,2,11,1,1,1,0,2,47
2026-09-09,CIVINT/STIC,DOCUMENTO,CIVINT-STIC-U02,Heitor Protótipo,5,0,0,3,3,0,0,1,0,1,0,12
2026-09-09,CIVINT/STIC,DOCUMENTO,CIVINT-STIC-U03,Isabela Piloto,11,0,0,2,2,0,0,1,0,0,1,16
2026-09-09,CIVINT/STIC,DOCUMENTO,CIVINT-STIC-U04,João Rascunho,4,0,3,4,1,0,0,2,0,1,1,14
2026-09-09,CIVINT/STIC,DOCUMENTO,CIVINT-STIC-U05,Karina Ensaio,5,0,2,6,2,0,0,1,0,1,0,16
2026-09-09,CIVINT/STIC,DOCUMENTO,CIVINT-STIC-U06,Lucas Esboço,6,0,4,3,2,0,0,0,0,0,0,15
2026-09-09,CIVINT/STIC,DOCUMENTO,CIVINT-STIC-U07,Marina Maquete,5,0,3,5,2,0,0,1,0,0,1,16
2026-09-09,CIVINT/STIC,DOCUMENTO,CIVINT-STIC-U08,Nelson Mock,2,0,0,3,1,0,0,0,0,0,0,6
2026-09-09,GABSUB3-DVT,DOCUMENTO,GABSUB3-DVT-U01,Ana Exemplo,1,0,1,0,1,1,1,0,0,0,0,5
2026-09-09,GABSUB3-DVT,DOCUMENTO,GABSUB3-DVT-U02,Bruno Teste,1,2,0,0,0,0,0,0,1,0,1,4
2026-09-09,GABSUB3-DVT,DOCUMENTO,GABSUB3-DVT-U03,Carla Modelo,2,0,0,1,1,0,0,0,0,0,0,4
2026-09-09,GABSUB3-DVT,DOCUMENTO,GABSUB3-DVT-U04,Diego Fictício,1,0,1,0,0,0,0,0,0,0,0,2
2026-09-09,GABSUB3-DVT,DOCUMENTO,GABSUB3-DVT-U05,Elisa Amostra,0,0,1,1,0,0,0,0,0,0,0,2
2026-09-09,GABSUB3-DVT,DOCUMENTO,GABSUB3-DVT-U06,Fábio Demo,1,0,1,0,0,0,0,0,0,0,0,2
2026-09-09,GABSUB3-DVT,JUDICIAL,GABSUB3-DVT-U02,Bruno Teste,0,1,0,0,0,0,0,0,0,0,0,1
2026-09-09,GABSUB3-DVT,JUDICIAL,GABSUB3-DVT-U05,Elisa Amostra,0,0,0,0,1,0,0,0,0,0,0,1
2026-09-10,CIVINT/STIC,DOCUMENTO,CIVINT-STIC-U01,Gabriela Simulada,2,28,1,2,3,6,2,0,1,1,0,45
2026-09-10,CIVINT/STIC,DOCUMENTO,CIVINT-STIC-U02,Heitor Protótipo,4,0,4,4,1,0,0,1,1,2,0,15
2026-09-10,CIVINT/STIC,DOCUMENTO,CIVINT-STIC-U03,Isabela Piloto,4,0,3,3,5,0,0,0,0,0,0,15
2026-09-10,CIVINT/STIC,DOCUMENTO,CIVINT-STIC-U04,João Rascunho,4,0,2,3,3,0,0,0,0,0,0,12
2026-09-10,CIVINT/STIC,DOCUMENTO,CIVINT-STIC-U05,Karina Ensaio,6,0,3,4,2,0,0,1,0,0,1,16
2026-09-10,CIVINT/STIC,DOCUMENTO,CIVINT-STIC-U06,Lucas Esboço,5,0,1,4,3,0,0,1,1,2,0,15
2026-09-10,CIVINT/STIC,DOCUMENTO,CIVINT-STIC-U07,Marina Maquete,2,0,1,11,2,0,0,0,1,1,0,17
2026-09-10,CIVINT/STIC,DOCUMENTO,CIVINT-STIC-U08,Nelson Mock,4,0,0,4,0,0,0,0,0,0,0,8
2026-09-10,CIVINT/STIC,EXTRAJUDICIAL,CIVINT-STIC-U08,Nelson Mock,1,0,0,0,0,0,0,0,0,0,0,1
2026-09-10,GABSUB3-DVT,DOCUMENTO,GABSUB3-DVT-U01,Ana Exemplo,0,0,0,4,1,0,0,0,0,0,0,5
2026-09-10,GABSUB3-DVT,DOCUMENTO,GABSUB3-DVT-U02,Bruno Teste,0,4,1,0,0,0,0,0,0,0,0,5
2026-09-10,GABSUB3-DVT,DOCUMENTO,GABSUB3-DVT-U03,Carla Modelo,0,0,0,0,2,0,0,0,0,0,0,2
2026-09-10,GABSUB3-DVT,DOCUMENTO,GABSUB3-DVT-U04,Diego Fictício,1,0,0,0,0,0,0,0,0,0,0,1
2026-09-10,GABSUB3-DVT,DOCUMENTO,GABSUB3-DVT-U05,Elisa Amostra,2,0,0,0,0,0,0,0,0,0,0,2
2026-09-10,GABSUB3-DVT,DOCUMENTO,GABSUB3-DVT-U06,Fábio Demo,2,0,0,4,3,0,0,0,0,0,0,9
2026-09-11,CIVINT/STIC,DOCUMENTO,CIVINT-STIC-U01,Gabriela Simulada,7,20,1,5,0,13,3,1,0,1,0,50
2026-09-11,CIVINT/STIC,DOCUMENTO,CIVINT-STIC-U02,Heitor Protótipo,3,0,0,2,1,0,0,0,0,0,0,6
2026-09-11,CIVINT/STIC,DOCUMENTO,CIVINT-STIC-U03,Isabela Piloto,1,0,0,3,4,0,0,1,1,2,0,10
2026-09-11,CIVINT/STIC,DOCUMENTO,CIVINT-STIC-U04,João Rascunho,5,0,0,2,2,0,0,2,0,1,1,11
2026-09-11,CIVINT/STIC,DOCUMENTO,CIVINT-STIC-U05,Karina Ensaio,4,0,4,4,4,0,0,0,0,0,0,16
2026-09-11,CIVINT/STIC,DOCUMENTO,CIVINT-STIC-U06,Lucas Esboço,1,0,3,2,2,0,0,0,0,0,0,8
2026-09-11,CIVINT/STIC,DOCUMENTO,CIVINT-STIC-U07,Marina Maquete,8,0,0,1,1,0,0,2,0,2,0,12
2026-09-11,CIVINT/STIC,DOCUMENTO,CIVINT-STIC-U08,Nelson Mock,5,0,1,4,1,0,0,0,0,0,0,11
2026-09-11,GABSUB3-DVT,DOCUMENTO,GABSUB3-DVT-U01,Ana Exemplo,0,0,0,0,0,1,1,0,0,0,0,2
2026-09-11,GABSUB3-DVT,DOCUMENTO,GABSUB3-DVT-U02,Bruno Teste,3,5,0,1,1,0,0,0,0,0,0,10
2026-09-11,GABSUB3-DVT,DOCUMENTO,GABSUB3-DVT-U03,Carla Modelo,5,0,1,1,1,0,0,0,0,0,0,8
2026-09-11,GABSUB3-DVT,DOCUMENTO,GABSUB3-DVT-U05,Elisa Amostra,0,0,0,2,0,0,0,0,0,0,0,2
2026-09-11,GABSUB3-DVT,DOCUMENTO,GABSUB3-DVT-U06,Fábio Demo,0,0,0,0,1,0,0,1,0,0,1,2
2026-09-11,GABSUB3-DVT,JUDICIAL,GABSUB3-DVT-U06,Fábio Demo,0,0,0,1,0,0,0,1,0,0,1,2
2026-09-12,CIVINT/STIC,DOCUMENTO,CIVINT-STIC-U01,Gabriela Simulada,5,13,2,2,5,9,5,0,0,0,0,41
2026-09-12,CIVINT/STIC,DOCUMENTO,CIVINT-STIC-U02,Heitor Protótipo,6,0,1,3,5,0,0,0,0,0,0,15
2026-09-12,CIVINT/STIC,DOCUMENTO,CIVINT-STIC-U03,Isabela Piloto,4,0,2,4,2,0,0,0,0,0,0,12
2026-09-12,CIVINT/STIC,DOCUMENTO,CIVINT-STIC-U04,João Rascunho,5,0,5,3,2,0,0,0,0,0,0,15
2026-09-12,CIVINT/STIC,DOCUMENTO,CIVINT-STIC-U05,Karina Ensaio,4,0,1,4,2,0,0,0,0,0,0,11
2026-09-12,CIVINT/STIC,DOCUMENTO,CIVINT-STIC-U06,Lucas Esboço,3,0,2,3,0,0,0,2,0,1,1,10
2026-09-12,CIVINT/STIC,DOCUMENTO,CIVINT-STIC-U07,Marina Maquete,4,0,3,1,5,0,0,0,0,0,0,13
2026-09-12,CIVINT/STIC,DOCUMENTO,CIVINT-STIC-U08,Nelson Mock,3,0,3,2,2,0,0,2,0,1,1,12
2026-09-12,GABSUB3-DVT,DOCUMENTO,GABSUB3-DVT-U01,Ana Exemplo,0,0,1,0,2,1,0,0,0,0,0,4
2026-09-12,GABSUB3-DVT,DOCUMENTO,GABSUB3-DVT-U02,Bruno Teste,1,3,0,2,1,0,0,1,0,0,1,8
2026-09-12,GABSUB3-DVT,DOCUMENTO,GABSUB3-DVT-U03,Carla Modelo,0,0,0,2,0,0,0,0,0,0,0,2
2026-09-12,GABSUB3-DVT,DOCUMENTO,GABSUB3-DVT-U04,Diego Fictício,1,0,0,0,0,0,0,0,0,0,0,1
2026-09-12,GABSUB3-DVT,DOCUMENTO,GABSUB3-DVT-U05,Elisa Amostra,0,0,1,2,0,0,0,0,0,0,0,3
2026-09-12,GABSUB3-DVT,DOCUMENTO,GABSUB3-DVT-U06,Fábio Demo,3,0,0,0,0,0,0,0,0,0,0,3
2026-09-12,GABSUB3-DVT,JUDICIAL,GABSUB3-DVT-U01,Ana Exemplo,0,0,0,1,1,0,0,0,0,0,0,2
2026-09-12,GABSUB3-DVT,JUDICIAL,GABSUB3-DVT-U04,Diego Fictício,0,0,0,1,0,0,0,0,0,0,0,1
2026-09-13,CIVINT/STIC,DOCUMENTO,CIVINT-STIC-U01,Gabriela Simulada,2,21,1,7,3,13,1,0,0,0,0,48
2026-09-13,CIVINT/STIC,DOCUMENTO,CIVINT-STIC-U02,Heitor Protótipo,5,0,2,4,2,0,0,1,0,1,0,14
2026-09-13,CIVINT/STIC,DOCUMENTO,CIVINT-STIC-U03,Isabela Piloto,5,0,0,5,0,0,0,0,0,0,0,10
2026-09-13,CIVINT/STIC,DOCUMENTO,CIVINT-STIC-U04,João Rascunho,2,0,1,6,1,0,0,0,0,0,0,10
2026-09-13,CIVINT/STIC,DOCUMENTO,CIVINT-STIC-U05,Karina Ensaio,1,0,1,10,1,0,0,0,0,0,0,13
2026-09-13,CIVINT/STIC,DOCUMENTO,CIVINT-STIC-U06,Lucas Esboço,6,0,1,8,1,0,0,0,1,1,0,17
2026-09-13,CIVINT/STIC,DOCUMENTO,CIVINT-STIC-U07,Marina Maquete,8,0,2,6,1,0,0,0,1,1,0,18
2026-09-13,CIVINT/STIC,DOCUMENTO,CIVINT-STIC-U08,Nelson Mock,6,0,3,4,5,0,0,1,0,1,0,19
2026-09-13,GABSUB3-DVT,DOCUMENTO,GABSUB3-DVT-U01,Ana Exemplo,0,0,0,0,1,1,0,0,0,0,0,2
2026-09-13,GABSUB3-DVT,DOCUMENTO,GABSUB3-DVT-U02,Bruno Teste,0,4,0,1,1,0,0,0,0,0,0,6
2026-09-13,GABSUB3-DVT,DOCUMENTO,GABSUB3-DVT-U03,Carla Modelo,1,0,0,0,0,0,0,0,0,0,0,1
2026-09-13,GABSUB3-DVT,DOCUMENTO,GABSUB3-DVT-U04,Diego Fictício,3,0,1,0,1,0,0,0,0,0,0,5
2026-09-13,GABSUB3-DVT,DOCUMENTO,GABSUB3-DVT-U05,Elisa Amostra,0,0,0,2,1,0,0,0,0,0,0,3
2026-09-13,GABSUB3-DVT,DOCUMENTO,GABSUB3-DVT-U06,Fábio Demo,1,0,0,1,0,0,0,0,0,0,0,2
2026-09-13,GABSUB3-DVT,JUDICIAL,GABSUB3-DVT-U01,Ana Exemplo,1,0,0,0,0,0,0,0,0,0,0,1
2026-09-14,CIVINT/STIC,DOCUMENTO,CIVINT-STIC-U01,Gabriela Simulada,8,20,1,4,3,6,0,2,0,0,2,44
2026-09-14,CIVINT/STIC,DOCUMENTO,CIVINT-STIC-U02,Heitor Protótipo,7,0,1,6,4,0,0,2,0,2,0,20
2026-09-14,CIVINT/STIC,DOCUMENTO,CIVINT-STIC-U03,Isabela Piloto,3,0,4,5,5,0,0,0,1,1,0,18
2026-09-14,CIVINT/STIC,DOCUMENTO,CIVINT-STIC-U04,João Rascunho,8,0,1,2,4,0,0,1,0,1,0,16
2026-09-14,CIVINT/STIC,DOCUMENTO,CIVINT-STIC-U05,Karina Ensaio,3,0,2,5,2,0,0,1,1,2,0,14
2026-09-14,CIVINT/STIC,DOCUMENTO,CIVINT-STIC-U06,Lucas Esboço,5,0,1,4,1,0,0,3,1,1,3,15
2026-09-14,CIVINT/STIC,DOCUMENTO,CIVINT-STIC-U07,Marina Maquete,5,0,1,6,1,0,0,0,0,0,0,13
2026-09-14,CIVINT/STIC,DOCUMENTO,CIVINT-STIC-U08,Nelson Mock,6,0,3,6,3,0,0,0,0,0,0,18
2026-09-14,GABSUB3-DVT,DOCUMENTO,GABSUB3-DVT-U01,Ana Exemplo,0,0,0,0,2,2,1,0,0,0,0,5
2026-09-14,GABSUB3-DVT,DOCUMENTO,GABSUB3-DVT-U02,Bruno Teste,1,3,0,0,0,0,0,0,0,0,0,4
2026-09-14,GABSUB3-DVT,DOCUMENTO,GABSUB3-DVT-U03,Carla Modelo,1,0,0,1,0,0,0,0,0,0,0,2
2026-09-14,GABSUB3-DVT,DOCUMENTO,GABSUB3-DVT-U04,Diego Fictício,1,0,0,3,0,0,0,0,0,0,0,4
2026-09-14,GABSUB3-DVT,DOCUMENTO,GABSUB3-DVT-U05,Elisa Amostra,2,0,0,0,0,0,0,1,0,0,1,3
2026-09-14,GABSUB3-DVT,DOCUMENTO,GABSUB3-DVT-U06,Fábio Demo,1,0,0,1,0,0,0,0,0,0,0,2
2026-09-15,CIVINT/STIC,DOCUMENTO,CIVINT-STIC-U01,Gabriela Simulada,5,17,4,4,4,17,1,1,0,0,1,53
2026-09-15,CIVINT/STIC,DOCUMENTO,CIVINT-STIC-U02,Heitor Protótipo,5,0,3,7,3,0,0,2,0,1,1,20
2026-09-15,CIVINT/STIC,DOCUMENTO,CIVINT-STIC-U03,Isabela Piloto,0,0,1,2,1,0,0,1,0,0,1,5
2026-09-15,CIVINT/STIC,DOCUMENTO,CIVINT-STIC-U04,João Rascunho,6,0,3,4,4,0,0,0,0,0,0,17
2026-09-15,CIVINT/STIC,DOCUMENTO,CIVINT-STIC-U05,Karina Ensaio,7,0,5,4,3,0,0,0,1,1,0,20
2026-09-15,CIVINT/STIC,DOCUMENTO,CIVINT-STIC-U06,Lucas Esboço,4,0,2,4,1,0,0,0,2,1,1,13
2026-09-15,CIVINT/STIC,DOCUMENTO,CIVINT-STIC-U07,Marina Maquete,5,0,4,7,1,0,0,1,0,1,0,18
2026-09-15,CIVINT/STIC,DOCUMENTO,CIVINT-STIC-U08,Nelson Mock,6,0,1,5,3,0,0,0,0,0,0,15
2026-09-15,CIVINT/STIC,EXTRAJUDICIAL,CIVINT-STIC-U08,Nelson Mock,0,0,0,0,1,0,0,0,0,0,0,1
2026-09-15,GABSUB3-DVT,DOCUMENTO,GABSUB3-DVT-U01,Ana Exemplo,1,0,0,3,0,1,0,0,0,0,0,5
2026-09-15,GABSUB3-DVT,DOCUMENTO,GABSUB3-DVT-U02,Bruno Teste,1,5,0,2,0,0,0,0,0,0,0,8
2026-09-15,GABSUB3-DVT,DOCUMENTO,GABSUB3-DVT-U03,Carla Modelo,0,0,0,1,0,0,0,0,0,0,0,1
2026-09-15,GABSUB3-DVT,DOCUMENTO,GABSUB3-DVT-U04,Diego Fictício,1,0,0,2,0,0,0,0,0,0,0,3
2026-09-15,GABSUB3-DVT,DOCUMENTO,GABSUB3-DVT-U05,Elisa Amostra,3,0,0,0,2,0,0,0,0,0,0,5
2026-09-15,GABSUB3-DVT,DOCUMENTO,GABSUB3-DVT-U06,Fábio Demo,2,0,0,3,0,0,0,0,0,0,0,5
2026-09-15,GABSUB3-DVT,JUDICIAL,GABSUB3-DVT-U02,Bruno Teste,2,0,0,0,0,0,0,0,0,0,0,2
2026-09-15,GABSUB3-DVT,JUDICIAL,GABSUB3-DVT-U05,Elisa Amostra,0,0,0,0,1,0,0,0,0,0,0,1
2026-09-16,CIVINT/STIC,DOCUMENTO,CIVINT-STIC-U01,Gabriela Simulada,2,21,2,5,1,10,3,1,0,0,1,45
2026-09-16,CIVINT/STIC,DOCUMENTO,CIVINT-STIC-U02,Heitor Protótipo,2,0,2,3,2,0,0,3,0,2,1,12
2026-09-16,CIVINT/STIC,DOCUMENTO,CIVINT-STIC-U03,Isabela Piloto,2,0,1,7,5,0,0,1,2,2,1,18
2026-09-16,CIVINT/STIC,DOCUMENTO,CIVINT-STIC-U04,João Rascunho,7,0,2,4,0,0,0,1,1,2,0,15
2026-09-16,CIVINT/STIC,DOCUMENTO,CIVINT-STIC-U05,Karina Ensaio,6,0,2,11,3,0,0,2,1,1,2,25
2026-09-16,CIVINT/STIC,DOCUMENTO,CIVINT-STIC-U06,Lucas Esboço,7,0,1,7,5,0,0,0,0,0,0,20
2026-09-16,CIVINT/STIC,DOCUMENTO,CIVINT-STIC-U07,Marina Maquete,4,0,2,2,4,0,0,0,0,0,0,12
2026-09-16,CIVINT/STIC,DOCUMENTO,CIVINT-STIC-U08,Nelson Mock,5,0,4,3,0,0,0,1,1,0,2,14
2026-09-16,GABSUB3-DVT,DOCUMENTO,GABSUB3-DVT-U01,Ana Exemplo,2,0,1,3,3,0,0,0,0,0,0,9
2026-09-16,GABSUB3-DVT,DOCUMENTO,GABSUB3-DVT-U02,Bruno Teste,1,2,1,1,0,0,0,0,0,0,0,5
2026-09-16,GABSUB3-DVT,DOCUMENTO,GABSUB3-DVT-U03,Carla Modelo,3,0,0,2,1,0,0,1,0,1,0,7
2026-09-16,GABSUB3-DVT,DOCUMENTO,GABSUB3-DVT-U04,Diego Fictício,1,0,0,1,1,0,0,0,0,0,0,3
2026-09-16,GABSUB3-DVT,DOCUMENTO,GABSUB3-DVT-U05,Elisa Amostra,1,0,0,2,0,0,0,0,1,0,1,4
2026-09-16,GABSUB3-DVT,DOCUMENTO,GABSUB3-DVT-U06,Fábio Demo,3,0,0,1,0,0,0,0,0,0,0,4
2026-09-16,GABSUB3-DVT,EXTRAJUDICIAL,GABSUB3-DVT-U05,Elisa Amostra,0,0,0,0,0,0,0,1,0,1,0,1
2026-09-16,GABSUB3-DVT,JUDICIAL,GABSUB3-DVT-U01,Ana Exemplo,0,0,0,0,1,0,0,0,0,0,0,1
2026-09-16,GABSUB3-DVT,JUDICIAL,GABSUB3-DVT-U02,Bruno Teste,0,1,0,2,0,0,0,0,0,0,0,3
2026-09-16,GABSUB3-DVT,JUDICIAL,GABSUB3-DVT-U05,Elisa Amostra,1,0,0,0,0,0,0,0,0,0,0,1
2026-09-17,CIVINT/STIC,DOCUMENTO,CIVINT-STIC-U01,Gabriela Simulada,7,21,2,3,1,16,4,2,1,0,3,57
2026-09-17,CIVINT/STIC,DOCUMENTO,CIVINT-STIC-U02,Heitor Protótipo,7,0,3,7,2,0,0,2,0,0,2,21
2026-09-17,CIVINT/STIC,DOCUMENTO,CIVINT-STIC-U03,Isabela Piloto,1,0,2,4,4,0,0,1,0,0,0,12
2026-09-17,CIVINT/STIC,DOCUMENTO,CIVINT-STIC-U04,João Rascunho,4,0,0,8,2,0,0,0,0,0,0,14
2026-09-17,CIVINT/STIC,DOCUMENTO,CIVINT-STIC-U05,Karina Ensaio,6,0,4,3,2,0,0,3,1,2,1,19
2026-09-17,CIVINT/STIC,DOCUMENTO,CIVINT-STIC-U06,Lucas Esboço,4,0,1,5,4,0,0,0,0,0,0,14
2026-09-17,CIVINT/STIC,DOCUMENTO,CIVINT-STIC-U07,Marina Maquete,7,0,1,9,3,0,0,0,1,1,0,21
2026-09-17,CIVINT/STIC,DOCUMENTO,CIVINT-STIC-U08,Nelson Mock,5,0,4,11,2,0,0,2,0,0,1,24
2026-09-17,GABSUB3-DVT,DOCUMENTO,GABSUB3-DVT-U01,Ana Exemplo,4,0,0,0,1,1,0,0,0,0,0,6
2026-09-17,GABSUB3-DVT,DOCUMENTO,GABSUB3-DVT-U02,Bruno Teste,1,5,0,1,0,0,0,0,0,0,0,7
2026-09-17,GABSUB3-DVT,DOCUMENTO,GABSUB3-DVT-U03,Carla Modelo,1,0,0,2,0,0,0,0,0,0,0,3
2026-09-17,GABSUB3-DVT,DOCUMENTO,GABSUB3-DVT-U04,Diego Fictício,0,0,2,1,0,0,0,0,0,0,0,3
2026-09-17,GABSUB3-DVT,DOCUMENTO,GABSUB3-DVT-U05,Elisa Amostra,0,0,0,2,1,0,0,1,0,0,1,4
2026-09-17,GABSUB3-DVT,DOCUMENTO,GABSUB3-DVT-U06,Fábio Demo,2,0,0,2,1,0,0,0,0,0,0,5
2026-09-18,CIVINT/STIC,DOCUMENTO,CIVINT-STIC-U01,Gabriela Simulada,5,23,4,7,3,13,3,3,1,2,1,62
2026-09-18,CIVINT/STIC,DOCUMENTO,CIVINT-STIC-U02,Heitor Protótipo,5,0,0,6,2,0,0,3,0,0,0,16
2026-09-18,CIVINT/STIC,DOCUMENTO,CIVINT-STIC-U03,Isabela Piloto,3,0,4,10,0,0,0,3,0,1,0,20
2026-09-18,CIVINT/STIC,DOCUMENTO,CIVINT-STIC-U04,João Rascunho,7,0,2,9,1,0,0,4,0,1,0,23
2026-09-18,CIVINT/STIC,DOCUMENTO,CIVINT-STIC-U05,Karina Ensaio,8,0,2,7,5,0,0,0,0,0,0,22
2026-09-18,CIVINT/STIC,DOCUMENTO,CIVINT-STIC-U06,Lucas Esboço,2,0,1,6,3,0,0,3,0,0,0,15
2026-09-18,CIVINT/STIC,DOCUMENTO,CIVINT-STIC-U07,Marina Maquete,6,0,2,7,2,0,0,2,1,1,0,20
2026-09-18,CIVINT/STIC,DOCUMENTO,CIVINT-STIC-U08,Nelson Mock,2,0,5,8,4,0,0,3,1,2,0,23
2026-09-18,GABSUB3-DVT,DOCUMENTO,GABSUB3-DVT-U01,Ana Exemplo,2,0,1,3,0,1,0,2,0,2,0,9
2026-09-18,GABSUB3-DVT,DOCUMENTO,GABSUB3-DVT-U02,Bruno Teste,2,4,0,0,0,0,0,0,0,0,0,6
2026-09-18,GABSUB3-DVT,DOCUMENTO,GABSUB3-DVT-U03,Carla Modelo,0,0,0,1,0,0,0,0,0,0,0,1
2026-09-18,GABSUB3-DVT,DOCUMENTO,GABSUB3-DVT-U04,Diego Fictício,2,0,1,1,0,0,0,0,0,0,0,4
2026-09-18,GABSUB3-DVT,DOCUMENTO,GABSUB3-DVT-U06,Fábio Demo,2,0,0,2,0,0,0,0,0,0,0,4
2026-09-18,GABSUB3-DVT,JUDICIAL,GABSUB3-DVT-U05,Elisa Amostra,1,0,0,0,0,0,0,0,0,0,0,1
2026-09-19,CIVINT/STIC,DOCUMENTO,CIVINT-STIC-U01,Gabriela Simulada,10,27,2,8,2,14,5,6,0,1,1,74
2026-09-19,CIVINT/STIC,DOCUMENTO,CIVINT-STIC-U02,Heitor Protótipo,9,0,3,11,4,0,0,3,1,1,1,31
2026-09-19,CIVINT/STIC,DOCUMENTO,CIVINT-STIC-U03,Isabela Piloto,6,0,1,12,2,0,0,3,0,0,1,24
2026-09-19,CIVINT/STIC,DOCUMENTO,CIVINT-STIC-U04,João Rascunho,3,0,2,5,5,0,0,4,0,1,1,19
2026-09-19,CIVINT/STIC,DOCUMENTO,CIVINT-STIC-U05,Karina Ensaio,4,0,5,4,5,0,0,3,0,0,0,21
2026-09-19,CIVINT/STIC,DOCUMENTO,CIVINT-STIC-U06,Lucas Esboço,3,0,2,6,6,0,0,2,0,0,0,19
2026-09-19,CIVINT/STIC,DOCUMENTO,CIVINT-STIC-U07,Marina Maquete,3,0,5,11,0,0,0,2,0,0,1,21
2026-09-19,CIVINT/STIC,DOCUMENTO,CIVINT-STIC-U08,Nelson Mock,7,0,2,10,5,0,0,2,0,0,0,26
2026-09-19,GABSUB3-DVT,DOCUMENTO,GABSUB3-DVT-U01,Ana Exemplo,2,0,0,2,2,1,0,0,0,0,0,7
2026-09-19,GABSUB3-DVT,DOCUMENTO,GABSUB3-DVT-U02,Bruno Teste,0,6,0,2,1,0,0,0,0,0,0,9
2026-09-19,GABSUB3-DVT,DOCUMENTO,GABSUB3-DVT-U03,Carla Modelo,2,0,0,0,0,0,0,0,0,0,0,2
2026-09-19,GABSUB3-DVT,DOCUMENTO,GABSUB3-DVT-U04,Diego Fictício,1,0,1,1,2,0,0,0,0,0,0,5
2026-09-19,GABSUB3-DVT,DOCUMENTO,GABSUB3-DVT-U05,Elisa Amostra,0,0,1,0,0,0,0,0,0,0,0,1
2026-09-19,GABSUB3-DVT,DOCUMENTO,GABSUB3-DVT-U06,Fábio Demo,2,0,0,1,0,0,0,0,0,0,0,3
2026-09-19,GABSUB3-DVT,JUDICIAL,GABSUB3-DVT-U01,Ana Exemplo,0,0,0,0,0,1,0,0,0,0,0,1
2026-09-19,GABSUB3-DVT,JUDICIAL,GABSUB3-DVT-U02,Bruno Teste,0,0,0,2,0,0,0,0,0,0,0,2
2026-09-19,GABSUB3-DVT,JUDICIAL,GABSUB3-DVT-U04,Diego Fictício,1,0,0,0,0,0,0,0,0,0,0,1
2026-09-20,CIVINT/STIC,DOCUMENTO,CIVINT-STIC-U01,Gabriela Simulada,2,30,2,4,3,23,6,3,1,0,1,74
2026-09-20,CIVINT/STIC,DOCUMENTO,CIVINT-STIC-U02,Heitor Protótipo,7,0,1,7,0,0,0,4,1,1,1,20
2026-09-20,CIVINT/STIC,DOCUMENTO,CIVINT-STIC-U03,Isabela Piloto,9,0,5,6,3,0,0,0,0,0,0,23
2026-09-20,CIVINT/STIC,DOCUMENTO,CIVINT-STIC-U04,João Rascunho,9,0,4,2,5,0,0,5,0,0,2,25
2026-09-20,CIVINT/STIC,DOCUMENTO,CIVINT-STIC-U05,Karina Ensaio,7,0,4,8,2,0,0,4,0,1,0,25
2026-09-20,CIVINT/STIC,DOCUMENTO,CIVINT-STIC-U06,Lucas Esboço,10,0,3,4,0,0,0,2,0,0,1,19
2026-09-20,CIVINT/STIC,DOCUMENTO,CIVINT-STIC-U07,Marina Maquete,7,0,1,5,2,0,0,1,2,0,2,18
2026-09-20,CIVINT/STIC,DOCUMENTO,CIVINT-STIC-U08,Nelson Mock,4,0,3,6,6,0,0,1,0,1,0,20
2026-09-20,CIVINT/STIC,EXTRAJUDICIAL,CIVINT-STIC-U06,Lucas Esboço,1,0,0,0,0,0,0,0,0,0,0,1
2026-09-20,GABSUB3-DVT,DOCUMENTO,GABSUB3-DVT-U01,Ana Exemplo,0,0,2,4,1,2,0,1,0,0,0,10
2026-09-20,GABSUB3-DVT,DOCUMENTO,GABSUB3-DVT-U02,Bruno Teste,0,6,0,1,0,0,0,0,0,0,0,7
2026-09-20,GABSUB3-DVT,DOCUMENTO,GABSUB3-DVT-U03,Carla Modelo,0,0,1,0,0,0,0,0,0,0,0,1
2026-09-20,GABSUB3-DVT,DOCUMENTO,GABSUB3-DVT-U04,Diego Fictício,1,0,0,0,0,0,0,1,0,0,1,2
2026-09-20,GABSUB3-DVT,DOCUMENTO,GABSUB3-DVT-U05,Elisa Amostra,0,0,2,1,0,0,0,1,0,0,1,4
2026-09-20,GABSUB3-DVT,DOCUMENTO,GABSUB3-DVT-U06,Fábio Demo,2,0,1,0,2,0,0,0,1,0,1,6
2026-09-20,GABSUB3-DVT,JUDICIAL,GABSUB3-DVT-U02,Bruno Teste,0,2,0,1,0,0,0,0,0,0,0,3
2026-09-20,GABSUB3-DVT,JUDICIAL,GABSUB3-DVT-U03,Carla Modelo,1,0,0,0,0,0,0,0,0,0,0,1
2026-09-20,GABSUB3-DVT,JUDICIAL,GABSUB3-DVT-U04,Diego Fictício,0,0,0,2,0,0,0,1,0,0,1,3
2026-09-20,GABSUB3-DVT,JUDICIAL,GABSUB3-DVT-U06,Fábio Demo,1,0,0,0,0,0,0,0,0,0,0,1
2026-09-21,CIVINT/STIC,DOCUMENTO,CIVINT-STIC-U01,Gabriela Simulada,3,28,2,9,5,23,5,1,0,0,0,76
2026-09-21,CIVINT/STIC,DOCUMENTO,CIVINT-STIC-U02,Heitor Protótipo,11,0,1,4,6,0,0,7,0,0,1,29
2026-09-21,CIVINT/STIC,DOCUMENTO,CIVINT-STIC-U03,Isabela Piloto,3,0,1,5,3,0,0,4,0,1,0,16
2026-09-21,CIVINT/STIC,DOCUMENTO,CIVINT-STIC-U04,João Rascunho,11,0,1,8,4,0,0,2,1,1,0,27
2026-09-21,CIVINT/STIC,DOCUMENTO,CIVINT-STIC-U05,Karina Ensaio,6,0,1,5,4,0,0,5,0,0,0,21
2026-09-21,CIVINT/STIC,DOCUMENTO,CIVINT-STIC-U06,Lucas Esboço,3,0,1,3,1,0,0,3,0,1,0,11
2026-09-21,CIVINT/STIC,DOCUMENTO,CIVINT-STIC-U07,Marina Maquete,1,0,3,11,3,0,0,4,0,1,0,22
2026-09-21,CIVINT/STIC,DOCUMENTO,CIVINT-STIC-U08,Nelson Mock,5,0,2,5,2,0,0,2,0,0,1,16
2026-09-21,CIVINT/STIC,EXTRAJUDICIAL,CIVINT-STIC-U07,Marina Maquete,0,0,0,1,0,0,0,0,0,0,0,1
2026-09-21,GABSUB3-DVT,DOCUMENTO,GABSUB3-DVT-U01,Ana Exemplo,1,0,0,0,0,0,0,0,0,0,0,1
2026-09-21,GABSUB3-DVT,DOCUMENTO,GABSUB3-DVT-U02,Bruno Teste,1,5,0,0,1,0,0,0,0,0,0,7
2026-09-21,GABSUB3-DVT,DOCUMENTO,GABSUB3-DVT-U03,Carla Modelo,3,0,1,1,0,0,0,0,0,0,0,5
2026-09-21,GABSUB3-DVT,DOCUMENTO,GABSUB3-DVT-U04,Diego Fictício,3,0,0,2,0,0,0,0,0,0,0,5
2026-09-21,GABSUB3-DVT,DOCUMENTO,GABSUB3-DVT-U05,Elisa Amostra,4,0,1,1,2,0,0,0,0,0,0,8
2026-09-21,GABSUB3-DVT,DOCUMENTO,GABSUB3-DVT-U06,Fábio Demo,1,0,0,0,2,0,0,0,1,1,0,4
2026-09-21,GABSUB3-DVT,JUDICIAL,GABSUB3-DVT-U02,Bruno Teste,0,0,1,0,0,0,0,0,0,0,0,1
2026-09-21,GABSUB3-DVT,JUDICIAL,GABSUB3-DVT-U03,Carla Modelo,1,0,0,0,0,0,0,0,0,0,0,1
2026-09-21,GABSUB3-DVT,JUDICIAL,GABSUB3-DVT-U04,Diego Fictício,0,0,0,1,0,0,0,0,0,0,0,1
2026-09-22,CIVINT/STIC,DOCUMENTO,CIVINT-STIC-U01,Gabriela Simulada,3,29,2,10,3,18,3,2,0,0,2,70
2026-09-22,CIVINT/STIC,DOCUMENTO,CIVINT-STIC-U02,Heitor Protótipo,4,0,4,8,3,0,0,8,0,0,3,27
2026-09-22,CIVINT/STIC,DOCUMENTO,CIVINT-STIC-U03,Isabela Piloto,3,0,3,7,5,0,0,2,0,0,0,20
2026-09-22,CIVINT/STIC,DOCUMENTO,CIVINT-STIC-U04,João Rascunho,5,0,1,8,2,0,0,2,0,1,1,18
2026-09-22,CIVINT/STIC,DOCUMENTO,CIVINT-STIC-U05,Karina Ensaio,6,0,3,5,7,0,0,5,0,1,1,26
2026-09-22,CIVINT/STIC,DOCUMENTO,CIVINT-STIC-U06,Lucas Esboço,6,0,4,6,5,0,0,3,0,0,2,24
2026-09-22,CIVINT/STIC,DOCUMENTO,CIVINT-STIC-U07,Marina Maquete,6,0,1,7,2,0,0,2,0,0,0,18
2026-09-22,CIVINT/STIC,DOCUMENTO,CIVINT-STIC-U08,Nelson Mock,5,0,2,6,3,0,0,3,1,1,0,20
2026-09-22,CIVINT/STIC,EXTRAJUDICIAL,CIVINT-STIC-U04,João Rascunho,0,0,0,1,0,0,0,0,0,0,0,1
2026-09-22,GABSUB3-DVT,DOCUMENTO,GABSUB3-DVT-U01,Ana Exemplo,2,0,2,3,2,3,1,0,0,0,0,13
2026-09-22,GABSUB3-DVT,DOCUMENTO,GABSUB3-DVT-U02,Bruno Teste,2,6,1,1,1,0,0,0,0,0,0,11
2026-09-22,GABSUB3-DVT,DOCUMENTO,GABSUB3-DVT-U03,Carla Modelo,1,0,0,2,0,0,0,0,0,0,0,3
2026-09-22,GABSUB3-DVT,DOCUMENTO,GABSUB3-DVT-U04,Diego Fictício,1,0,0,2,0,0,0,0,0,0,0,3
2026-09-22,GABSUB3-DVT,DOCUMENTO,GABSUB3-DVT-U05,Elisa Amostra,2,0,0,0,0,0,0,0,0,0,0,2
2026-09-22,GABSUB3-DVT,DOCUMENTO,GABSUB3-DVT-U06,Fábio Demo,1,0,0,1,2,0,0,1,0,1,0,5
2026-09-22,GABSUB3-DVT,JUDICIAL,GABSUB3-DVT-U01,Ana Exemplo,0,0,0,0,0,0,1,0,0,0,0,1
2026-09-22,GABSUB3-DVT,JUDICIAL,GABSUB3-DVT-U02,Bruno Teste,1,1,1,0,0,0,0,1,0,0,0,4
2026-09-22,GABSUB3-DVT,JUDICIAL,GABSUB3-DVT-U03,Carla Modelo,0,0,0,1,0,0,0,0,0,0,0,1
2026-09-22,GABSUB3-DVT,JUDICIAL,GABSUB3-DVT-U04,Diego Fictício,0,0,0,1,0,0,0,0,0,0,0,1
2026-09-22,GABSUB3-DVT,JUDICIAL,GABSUB3-DVT-U06,Fábio Demo,1,0,0,0,0,0,0,0,0,0,0,1
2026-09-23,CIVINT/STIC,DOCUMENTO,CIVINT-STIC-U01,Gabriela Simulada,9,32,1,5,7,30,3,1,0,0,0,88
2026-09-23,CIVINT/STIC,DOCUMENTO,CIVINT-STIC-U02,Heitor Protótipo,5,0,2,5,6,0,0,3,0,1,1,21
2026-09-23,CIVINT/STIC,DOCUMENTO,CIVINT-STIC-U03,Isabela Piloto,5,0,2,8,6,0,0,2,0,0,0,23
2026-09-23,CIVINT/STIC,DOCUMENTO,CIVINT-STIC-U04,João Rascunho,8,0,6,8,5,0,0,6,1,1,0,34
2026-09-23,CIVINT/STIC,DOCUMENTO,CIVINT-STIC-U05,Karina Ensaio,5,0,2,6,3,0,0,3,0,0,0,19
2026-09-23,CIVINT/STIC,DOCUMENTO,CIVINT-STIC-U06,Lucas Esboço,7,0,3,8,0,0,0,5,1,1,1,24
2026-09-23,CIVINT/STIC,DOCUMENTO,CIVINT-STIC-U07,Marina Maquete,5,0,3,3,1,0,0,0,0,0,0,12
2026-09-23,CIVINT/STIC,DOCUMENTO,CIVINT-STIC-U08,Nelson Mock,5,0,6,7,4,0,0,2,1,0,1,25
2026-09-23,CIVINT/STIC,EXTRAJUDICIAL,CIVINT-STIC-U05,Karina Ensaio,0,0,1,0,0,0,0,0,0,0,0,1
2026-09-23,CIVINT/STIC,EXTRAJUDICIAL,CIVINT-STIC-U08,Nelson Mock,0,0,0,0,1,0,0,0,0,0,0,1
2026-09-23,GABSUB3-DVT,DOCUMENTO,GABSUB3-DVT-U01,Ana Exemplo,0,0,2,1,0,0,2,1,0,1,0,6
2026-09-23,GABSUB3-DVT,DOCUMENTO,GABSUB3-DVT-U02,Bruno Teste,1,6,0,2,0,0,0,0,0,0,0,9
2026-09-23,GABSUB3-DVT,DOCUMENTO,GABSUB3-DVT-U03,Carla Modelo,1,0,0,3,2,0,0,1,0,0,1,7
2026-09-23,GABSUB3-DVT,DOCUMENTO,GABSUB3-DVT-U04,Diego Fictício,2,0,0,1,0,0,0,0,0,0,0,3
2026-09-23,GABSUB3-DVT,DOCUMENTO,GABSUB3-DVT-U05,Elisa Amostra,2,0,1,2,0,0,0,0,0,0,0,5
2026-09-23,GABSUB3-DVT,DOCUMENTO,GABSUB3-DVT-U06,Fábio Demo,1,0,0,0,2,0,0,0,1,1,0,4
2026-09-23,GABSUB3-DVT,JUDICIAL,GABSUB3-DVT-U01,Ana Exemplo,0,0,0,1,0,0,0,0,0,0,0,1
2026-09-23,GABSUB3-DVT,JUDICIAL,GABSUB3-DVT-U02,Bruno Teste,0,3,0,0,0,0,0,0,0,0,0,3
2026-09-23,GABSUB3-DVT,JUDICIAL,GABSUB3-DVT-U03,Carla Modelo,3,0,0,1,0,0,0,0,0,0,0,4
2026-09-23,GABSUB3-DVT,JUDICIAL,GABSUB3-DVT-U04,Diego Fictício,2,0,1,0,0,0,0,0,0,0,0,3
2026-09-23,GABSUB3-DVT,JUDICIAL,GABSUB3-DVT-U05,Elisa Amostra,0,0,0,1,0,0,0,0,0,0,0,1
2026-09-24,CIVINT/STIC,DOCUMENTO,CIVINT-STIC-U01,Gabriela Simulada,1,24,8,7,2,25,3,3,1,1,1,74
2026-09-24,CIVINT/STIC,DOCUMENTO,CIVINT-STIC-U02,Heitor Protótipo,4,0,2,5,4,0,0,6,0,1,0,21
2026-09-24,CIVINT/STIC,DOCUMENTO,CIVINT-STIC-U03,Isabela Piloto,12,0,4,4,3,0,0,5,0,0,0,28
2026-09-24,CIVINT/STIC,DOCUMENTO,CIVINT-STIC-U04,João Rascunho,9,0,4,10,5,0,0,3,1,1,1,32
2026-09-24,CIVINT/STIC,DOCUMENTO,CIVINT-STIC-U05,Karina Ensaio,5,0,5,10,0,0,0,3,0,0,0,23
2026-09-24,CIVINT/STIC,DOCUMENTO,CIVINT-STIC-U06,Lucas Esboço,3,0,2,7,5,0,0,2,1,1,0,20
2026-09-24,CIVINT/STIC,DOCUMENTO,CIVINT-STIC-U07,Marina Maquete,6,0,4,7,3,0,0,1,0,0,0,21
2026-09-24,CIVINT/STIC,DOCUMENTO,CIVINT-STIC-U08,Nelson Mock,4,0,1,11,8,0,0,7,0,2,1,31
2026-09-24,CIVINT/STIC,EXTRAJUDICIAL,CIVINT-STIC-U03,Isabela Piloto,0,0,0,1,0,0,0,0,0,0,0,1
2026-09-24,GABSUB3-DVT,DOCUMENTO,GABSUB3-DVT-U01,Ana Exemplo,4,0,0,3,1,1,0,0,0,0,0,9
2026-09-24,GABSUB3-DVT,DOCUMENTO,GABSUB3-DVT-U02,Bruno Teste,3,5,0,1,1,0,0,0,0,0,0,10
2026-09-24,GABSUB3-DVT,DOCUMENTO,GABSUB3-DVT-U03,Carla Modelo,2,0,1,3,1,0,0,1,0,0,1,8
2026-09-24,GABSUB3-DVT,DOCUMENTO,GABSUB3-DVT-U04,Diego Fictício,0,0,0,2,0,0,0,0,0,0,0,2
2026-09-24,GABSUB3-DVT,DOCUMENTO,GABSUB3-DVT-U05,Elisa Amostra,0,0,2,1,2,0,0,0,0,0,0,5
2026-09-24,GABSUB3-DVT,DOCUMENTO,GABSUB3-DVT-U06,Fábio Demo,2,0,2,3,1,0,0,0,0,0,0,8
2026-09-24,GABSUB3-DVT,JUDICIAL,GABSUB3-DVT-U01,Ana Exemplo,1,0,0,1,0,0,0,0,0,0,0,2
2026-09-24,GABSUB3-DVT,JUDICIAL,GABSUB3-DVT-U02,Bruno Teste,0,2,0,1,0,0,0,0,0,0,0,3
2026-09-24,GABSUB3-DVT,JUDICIAL,GABSUB3-DVT-U06,Fábio Demo,0,0,0,0,1,0,0,0,0,0,0,1
2026-09-25,CIVINT/STIC,DOCUMENTO,CIVINT-STIC-U01,Gabriela Simulada,5,25,3,8,4,18,2,2,1,1,0,68
2026-09-25,CIVINT/STIC,DOCUMENTO,CIVINT-STIC-U02,Heitor Protótipo,5,0,7,8,4,0,0,4,1,1,1,29
2026-09-25,CIVINT/STIC,DOCUMENTO,CIVINT-STIC-U03,Isabela Piloto,4,0,3,9,2,0,0,5,0,1,0,23
2026-09-25,CIVINT/STIC,DOCUMENTO,CIVINT-STIC-U04,João Rascunho,6,0,1,5,5,0,0,10,0,0,1,27
2026-09-25,CIVINT/STIC,DOCUMENTO,CIVINT-STIC-U05,Karina Ensaio,6,0,6,5,2,0,0,1,1,1,0,21
2026-09-25,CIVINT/STIC,DOCUMENTO,CIVINT-STIC-U06,Lucas Esboço,4,0,0,10,6,0,0,5,0,0,0,25
2026-09-25,CIVINT/STIC,DOCUMENTO,CIVINT-STIC-U07,Marina Maquete,6,0,4,9,2,0,0,4,0,0,0,25
2026-09-25,CIVINT/STIC,DOCUMENTO,CIVINT-STIC-U08,Nelson Mock,9,0,7,7,2,0,0,7,0,1,1,32
2026-09-25,GABSUB3-DVT,DOCUMENTO,GABSUB3-DVT-U01,Ana Exemplo,0,0,1,0,1,2,2,0,0,0,0,6
2026-09-25,GABSUB3-DVT,DOCUMENTO,GABSUB3-DVT-U02,Bruno Teste,1,6,1,3,2,0,0,0,0,0,0,13
2026-09-25,GABSUB3-DVT,DOCUMENTO,GABSUB3-DVT-U03,Carla Modelo,1,0,1,1,0,0,0,0,0,0,0,3
2026-09-25,GABSUB3-DVT,DOCUMENTO,GABSUB3-DVT-U04,Diego Fictício,1,0,0,1,1,0,0,1,0,0,1,4
2026-09-25,GABSUB3-DVT,DOCUMENTO,GABSUB3-DVT-U05,Elisa Amostra,0,0,0,4,2,0,0,0,0,0,0,6
2026-09-25,GABSUB3-DVT,DOCUMENTO,GABSUB3-DVT-U06,Fábio Demo,1,0,1,2,1,0,0,0,0,0,0,5
2026-09-25,GABSUB3-DVT,JUDICIAL,GABSUB3-DVT-U01,Ana Exemplo,0,0,1,0,0,0,0,0,0,0,0,1
2026-09-25,GABSUB3-DVT,JUDICIAL,GABSUB3-DVT-U02,Bruno Teste,0,1,0,0,0,0,0,0,0,0,0,1
2026-09-25,GABSUB3-DVT,JUDICIAL,GABSUB3-DVT-U03,Carla Modelo,0,0,0,1,0,0,0,0,0,0,0,1
2026-09-25,GABSUB3-DVT,JUDICIAL,GABSUB3-DVT-U04,Diego Fictício,0,0,0,1,0,0,0,0,0,0,0,1
2026-09-25,GABSUB3-DVT,JUDICIAL,GABSUB3-DVT-U05,Elisa Amostra,0,0,0,1,0,0,0,0,0,0,0,1
2026-09-25,GABSUB3-DVT,JUDICIAL,GABSUB3-DVT-U06,Fábio Demo,0,0,0,0,1,0,0,0,0,0,0,1
2026-09-26,CIVINT/STIC,DOCUMENTO,CIVINT-STIC-U01,Gabriela Simulada,3,34,5,12,5,24,4,3,0,0,0,90
2026-09-26,CIVINT/STIC,DOCUMENTO,CIVINT-STIC-U02,Heitor Protótipo,4,0,2,12,6,0,0,4,0,0,1,28
2026-09-26,CIVINT/STIC,DOCUMENTO,CIVINT-STIC-U03,Isabela Piloto,7,0,5,9,2,0,0,5,0,0,0,28
2026-09-26,CIVINT/STIC,DOCUMENTO,CIVINT-STIC-U04,João Rascunho,7,0,2,11,5,0,0,1,1,0,1,27
2026-09-26,CIVINT/STIC,DOCUMENTO,CIVINT-STIC-U05,Karina Ensaio,8,0,4,7,1,0,0,2,1,1,1,23
2026-09-26,CIVINT/STIC,DOCUMENTO,CIVINT-STIC-U06,Lucas Esboço,5,0,2,3,4,0,0,3,0,0,0,17
2026-09-26,CIVINT/STIC,DOCUMENTO,CIVINT-STIC-U07,Marina Maquete,6,0,4,9,3,0,0,4,0,0,1,26
2026-09-26,CIVINT/STIC,DOCUMENTO,CIVINT-STIC-U08,Nelson Mock,5,0,8,5,3,0,0,6,0,1,0,27
2026-09-26,CIVINT/STIC,EXTRAJUDICIAL,CIVINT-STIC-U01,Gabriela Simulada,0,0,0,0,0,1,0,0,0,0,0,1
2026-09-26,CIVINT/STIC,EXTRAJUDICIAL,CIVINT-STIC-U05,Karina Ensaio,0,0,0,0,0,0,0,1,0,0,0,1
2026-09-26,GABSUB3-DVT,DOCUMENTO,GABSUB3-DVT-U01,Ana Exemplo,1,0,0,1,1,0,0,0,0,0,0,3
2026-09-26,GABSUB3-DVT,DOCUMENTO,GABSUB3-DVT-U02,Bruno Teste,0,5,1,3,0,0,0,0,0,0,0,9
2026-09-26,GABSUB3-DVT,DOCUMENTO,GABSUB3-DVT-U03,Carla Modelo,1,0,2,1,1,0,0,0,0,0,0,5
2026-09-26,GABSUB3-DVT,DOCUMENTO,GABSUB3-DVT-U04,Diego Fictício,1,0,2,2,0,0,0,0,0,0,0,5
2026-09-26,GABSUB3-DVT,DOCUMENTO,GABSUB3-DVT-U05,Elisa Amostra,2,0,0,0,2,0,0,0,0,0,0,4
2026-09-26,GABSUB3-DVT,DOCUMENTO,GABSUB3-DVT-U06,Fábio Demo,2,0,0,2,0,0,0,0,0,0,0,4
2026-09-26,GABSUB3-DVT,JUDICIAL,GABSUB3-DVT-U03,Carla Modelo,0,0,1,1,0,0,0,0,0,0,0,2
2026-09-26,GABSUB3-DVT,JUDICIAL,GABSUB3-DVT-U04,Diego Fictício,0,0,0,1,0,0,0,0,0,0,0,1
2026-09-26,GABSUB3-DVT,JUDICIAL,GABSUB3-DVT-U05,Elisa Amostra,1,0,0,0,0,0,0,0,0,0,0,1
2026-09-26,GABSUB3-DVT,JUDICIAL,GABSUB3-DVT-U06,Fábio Demo,0,0,0,0,1,0,0,0,0,0,0,1
2026-09-27,CIVINT/STIC,DOCUMENTO,CIVINT-STIC-U01,Gabriela Simulada,7,22,7,13,6,20,5,2,0,0,0,82
2026-09-27,CIVINT/STIC,DOCUMENTO,CIVINT-STIC-U02,Heitor Protótipo,1,0,1,9,3,0,0,2,0,0,0,16
2026-09-27,CIVINT/STIC,DOCUMENTO,CIVINT-STIC-U03,Isabela Piloto,9,0,4,15,1,0,0,3,1,0,1,33
2026-09-27,CIVINT/STIC,DOCUMENTO,CIVINT-STIC-U04,João Rascunho,7,0,4,7,4,0,0,1,0,0,0,23
2026-09-27,CIVINT/STIC,DOCUMENTO,CIVINT-STIC-U05,Karina Ensaio,8,0,3,11,5,0,0,3,0,0,1,30
2026-09-27,CIVINT/STIC,DOCUMENTO,CIVINT-STIC-U06,Lucas Esboço,9,0,1,7,4,0,0,5,0,0,0,26
2026-09-27,CIVINT/STIC,DOCUMENTO,CIVINT-STIC-U07,Marina Maquete,2,0,8,7,4,0,0,6,0,0,0,27
2026-09-27,CIVINT/STIC,DOCUMENTO,CIVINT-STIC-U08,Nelson Mock,6,0,2,14,3,0,0,7,0,0,0,32
2026-09-27,CIVINT/STIC,EXTRAJUDICIAL,CIVINT-STIC-U08,Nelson Mock,0,0,1,0,0,0,0,0,0,0,0,1
2026-09-27,GABSUB3-DVT,DOCUMENTO,GABSUB3-DVT-U01,Ana Exemplo,1,0,2,1,0,2,1,1,0,0,0,8
2026-09-27,GABSUB3-DVT,DOCUMENTO,GABSUB3-DVT-U02,Bruno Teste,2,2,0,2,1,0,0,0,0,0,0,7
2026-09-27,GABSUB3-DVT,DOCUMENTO,GABSUB3-DVT-U03,Carla Modelo,0,0,0,3,1,0,0,0,0,0,0,4
2026-09-27,GABSUB3-DVT,DOCUMENTO,GABSUB3-DVT-U04,Diego Fictício,2,0,0,2,1,0,0,0,0,0,0,5
2026-09-27,GABSUB3-DVT,DOCUMENTO,GABSUB3-DVT-U05,Elisa Amostra,2,0,1,0,1,0,0,0,0,0,0,4
2026-09-27,GABSUB3-DVT,DOCUMENTO,GABSUB3-DVT-U06,Fábio Demo,2,0,0,3,1,0,0,0,0,0,0,6
2026-09-27,GABSUB3-DVT,JUDICIAL,GABSUB3-DVT-U03,Carla Modelo,0,0,1,1,0,0,0,0,0,0,0,2
2026-09-28,CIVINT/STIC,DOCUMENTO,CIVINT-STIC-U01,Gabriela Simulada,12,24,0,8,7,18,2,3,0,1,0,74
2026-09-28,CIVINT/STIC,DOCUMENTO,CIVINT-STIC-U02,Heitor Protótipo,6,0,4,4,3,0,0,6,0,1,1,23
2026-09-28,CIVINT/STIC,DOCUMENTO,CIVINT-STIC-U03,Isabela Piloto,7,0,1,11,5,0,0,4,1,0,1,29
2026-09-28,CIVINT/STIC,DOCUMENTO,CIVINT-STIC-U04,João Rascunho,7,0,4,8,7,0,0,8,0,0,0,34
2026-09-28,CIVINT/STIC,DOCUMENTO,CIVINT-STIC-U05,Karina Ensaio,7,0,4,12,4,0,0,4,0,0,2,31
2026-09-28,CIVINT/STIC,DOCUMENTO,CIVINT-STIC-U06,Lucas Esboço,4,0,4,6,4,0,0,4,0,0,1,22
2026-09-28,CIVINT/STIC,DOCUMENTO,CIVINT-STIC-U07,Marina Maquete,5,0,2,7,5,0,0,0,0,0,0,19
2026-09-28,CIVINT/STIC,DOCUMENTO,CIVINT-STIC-U08,Nelson Mock,6,0,4,8,3,0,0,4,1,1,2,26
2026-09-28,GABSUB3-DVT,DOCUMENTO,GABSUB3-DVT-U01,Ana Exemplo,0,0,4,3,1,0,2,0,0,0,0,10
2026-09-28,GABSUB3-DVT,DOCUMENTO,GABSUB3-DVT-U02,Bruno Teste,1,6,1,1,1,0,0,0,0,0,0,10
2026-09-28,GABSUB3-DVT,DOCUMENTO,GABSUB3-DVT-U03,Carla Modelo,0,0,1,3,1,0,0,0,0,0,0,5
2026-09-28,GABSUB3-DVT,DOCUMENTO,GABSUB3-DVT-U04,Diego Fictício,1,0,2,1,0,0,0,0,0,0,0,4
2026-09-28,GABSUB3-DVT,DOCUMENTO,GABSUB3-DVT-U05,Elisa Amostra,1,0,1,4,0,0,0,0,0,0,0,6
2026-09-28,GABSUB3-DVT,DOCUMENTO,GABSUB3-DVT-U06,Fábio Demo,1,0,0,1,1,0,0,0,1,0,1,4
2026-09-28,GABSUB3-DVT,JUDICIAL,GABSUB3-DVT-U03,Carla Modelo,0,0,0,1,0,0,0,0,0,0,0,1
2026-09-28,GABSUB3-DVT,JUDICIAL,GABSUB3-DVT-U06,Fábio Demo,0,0,0,0,1,0,0,0,0,0,0,1
2026-09-29,CIVINT/STIC,DOCUMENTO,CIVINT-STIC-U01,Gabriela Simulada,8,35,4,16,8,25,5,4,0,0,1,105
2026-09-29,CIVINT/STIC,DOCUMENTO,CIVINT-STIC-U02,Heitor Protótipo,5,0,6,15,4,0,0,5,0,0,0,35
2026-09-29,CIVINT/STIC,DOCUMENTO,CIVINT-STIC-U03,Isabela Piloto,5,0,5,9,6,0,0,8,1,1,1,34
2026-09-29,CIVINT/STIC,DOCUMENTO,CIVINT-STIC-U04,João Rascunho,3,0,1,11,6,0,0,6,2,2,1,29
2026-09-29,CIVINT/STIC,DOCUMENTO,CIVINT-STIC-U05,Karina Ensaio,7,0,1,12,4,0,0,4,1,0,1,29
2026-09-29,CIVINT/STIC,DOCUMENTO,CIVINT-STIC-U06,Lucas Esboço,5,0,2,15,4,0,0,4,0,0,1,30
2026-09-29,CIVINT/STIC,DOCUMENTO,CIVINT-STIC-U07,Marina Maquete,6,0,3,9,3,0,0,4,0,0,1,25
2026-09-29,CIVINT/STIC,DOCUMENTO,CIVINT-STIC-U08,Nelson Mock,4,0,0,15,0,0,0,3,0,0,1,22
2026-09-29,GABSUB3-DVT,DOCUMENTO,GABSUB3-DVT-U01,Ana Exemplo,2,0,1,4,0,4,0,1,0,0,0,12
2026-09-29,GABSUB3-DVT,DOCUMENTO,GABSUB3-DVT-U02,Bruno Teste,5,5,1,0,1,0,0,0,0,0,0,12
2026-09-29,GABSUB3-DVT,DOCUMENTO,GABSUB3-DVT-U03,Carla Modelo,1,0,2,3,1,0,0,0,0,0,0,7
2026-09-29,GABSUB3-DVT,DOCUMENTO,GABSUB3-DVT-U04,Diego Fictício,0,0,1,5,0,0,0,0,0,0,0,6
2026-09-29,GABSUB3-DVT,DOCUMENTO,GABSUB3-DVT-U05,Elisa Amostra,0,0,4,3,1,0,0,0,0,0,0,8
2026-09-29,GABSUB3-DVT,DOCUMENTO,GABSUB3-DVT-U06,Fábio Demo,2,0,0,4,1,0,0,0,0,0,0,7
2026-09-29,GABSUB3-DVT,JUDICIAL,GABSUB3-DVT-U02,Bruno Teste,0,0,0,1,0,0,0,0,0,0,0,1
2026-09-29,GABSUB3-DVT,JUDICIAL,GABSUB3-DVT-U06,Fábio Demo,0,0,0,1,0,0,0,0,0,0,0,1
2026-09-30,CIVINT/STIC,DOCUMENTO,CIVINT-STIC-U01,Gabriela Simulada,6,28,4,13,3,20,9,8,0,2,1,91
2026-09-30,CIVINT/STIC,DOCUMENTO,CIVINT-STIC-U02,Heitor Protótipo,8,0,4,5,5,0,0,4,0,0,1,26
2026-09-30,CIVINT/STIC,DOCUMENTO,CIVINT-STIC-U03,Isabela Piloto,6,0,7,5,3,0,0,1,1,0,1,23
2026-09-30,CIVINT/STIC,DOCUMENTO,CIVINT-STIC-U04,João Rascunho,7,0,10,10,3,0,0,4,0,0,2,34
2026-09-30,CIVINT/STIC,DOCUMENTO,CIVINT-STIC-U05,Karina Ensaio,7,0,1,10,8,0,0,4,2,2,1,32
2026-09-30,CIVINT/STIC,DOCUMENTO,CIVINT-STIC-U06,Lucas Esboço,3,0,5,10,6,0,0,5,0,0,0,29
2026-09-30,CIVINT/STIC,DOCUMENTO,CIVINT-STIC-U07,Marina Maquete,7,0,7,5,11,0,0,5,0,0,0,35
2026-09-30,CIVINT/STIC,DOCUMENTO,CIVINT-STIC-U08,Nelson Mock,0,0,3,11,4,0,0,5,0,2,0,23
2026-09-30,GABSUB3-DVT,DOCUMENTO,GABSUB3-DVT-U01,Ana Exemplo,1,0,0,0,0,3,1,0,0,0,0,5
2026-09-30,GABSUB3-DVT,DOCUMENTO,GABSUB3-DVT-U02,Bruno Teste,2,6,1,2,1,0,0,2,0,0,2,14
2026-09-30,GABSUB3-DVT,DOCUMENTO,GABSUB3-DVT-U03,Carla Modelo,3,0,3,3,3,0,0,2,0,1,1,14
2026-09-30,GABSUB3-DVT,DOCUMENTO,GABSUB3-DVT-U04,Diego Fictício,1,0,1,5,2,0,0,0,0,0,0,9
2026-09-30,GABSUB3-DVT,DOCUMENTO,GABSUB3-DVT-U05,Elisa Amostra,2,0,0,1,3,0,0,0,0,0,0,6
2026-09-30,GABSUB3-DVT,DOCUMENTO,GABSUB3-DVT-U06,Fábio Demo,0,0,0,4,1,0,0,0,0,0,0,5
2026-09-30,GABSUB3-DVT,JUDICIAL,GABSUB3-DVT-U01,Ana Exemplo,0,0,0,1,1,1,0,0,0,0,0,3
2026-09-30,GABSUB3-DVT,JUDICIAL,GABSUB3-DVT-U04,Diego Fictício,2,0,0,0,0,0,0,0,0,0,0,2
2026-09-30,GABSUB3-DVT,JUDICIAL,GABSUB3-DVT-U06,Fábio Demo,0,0,0,0,0,0,0,0,1,1,0,1
2026-10-01,CIVINT/STIC,DOCUMENTO,CIVINT-STIC-U01,Gabriela Simulada,4,28,6,8,7,22,2,8,0,1,0,85
2026-10-01,CIVINT/STIC,DOCUMENTO,CIVINT-STIC-U02,Heitor Protótipo,2,0,5,13,5,0,0,1,0,0,0,26
2026-10-01,CIVINT/STIC,DOCUMENTO,CIVINT-STIC-U03,Isabela Piloto,6,0,3,10,2,0,0,4,0,0,0,25
2026-10-01,CIVINT/STIC,DOCUMENTO,CIVINT-STIC-U04,João Rascunho,8,0,1,10,3,0,0,7,0,0,0,29
2026-10-01,CIVINT/STIC,DOCUMENTO,CIVINT-STIC-U05,Karina Ensaio,11,0,6,7,6,0,0,5,0,0,1,35
2026-10-01,CIVINT/STIC,DOCUMENTO,CIVINT-STIC-U06,Lucas Esboço,6,0,5,10,5,0,0,2,0,0,0,28
2026-10-01,CIVINT/STIC,DOCUMENTO,CIVINT-STIC-U07,Marina Maquete,5,0,7,7,4,0,0,3,0,0,0,26
2026-10-01,CIVINT/STIC,DOCUMENTO,CIVINT-STIC-U08,Nelson Mock,8,0,7,12,4,0,0,4,0,0,0,35
2026-10-01,GABSUB3-DVT,DOCUMENTO,GABSUB3-DVT-U01,Ana Exemplo,0,0,1,2,1,3,0,0,0,0,0,7
2026-10-01,GABSUB3-DVT,DOCUMENTO,GABSUB3-DVT-U02,Bruno Teste,3,5,1,1,2,0,0,1,0,1,0,13
2026-10-01,GABSUB3-DVT,DOCUMENTO,GABSUB3-DVT-U03,Carla Modelo,2,0,0,5,1,0,0,0,0,0,0,8
2026-10-01,GABSUB3-DVT,DOCUMENTO,GABSUB3-DVT-U04,Diego Fictício,1,0,1,5,2,0,0,0,0,0,0,9
2026-10-01,GABSUB3-DVT,DOCUMENTO,GABSUB3-DVT-U05,Elisa Amostra,0,0,0,2,0,0,0,0,0,0,0,2
2026-10-01,GABSUB3-DVT,DOCUMENTO,GABSUB3-DVT-U06,Fábio Demo,3,0,2,1,1,0,0,0,0,0,0,7
2026-10-01,GABSUB3-DVT,JUDICIAL,GABSUB3-DVT-U01,Ana Exemplo,0,0,0,0,2,0,0,0,0,0,0,2
2026-10-01,GABSUB3-DVT,JUDICIAL,GABSUB3-DVT-U02,Bruno Teste,1,0,0,0,0,0,0,0,0,0,0,1
2026-10-01,GABSUB3-DVT,JUDICIAL,GABSUB3-DVT-U04,Diego Fictício,1,0,0,1,0,0,0,0,0,0,0,2
2026-10-02,CIVINT/STIC,DOCUMENTO,CIVINT-STIC-U01,Gabriela Simulada,6,27,3,11,7,24,4,3,0,0,0,85
2026-10-02,CIVINT/STIC,DOCUMENTO,CIVINT-STIC-U02,Heitor Protótipo,7,0,3,21,10,0,0,4,0,0,0,45
2026-10-02,CIVINT/STIC,DOCUMENTO,CIVINT-STIC-U03,Isabela Piloto,6,0,1,14,6,0,0,0,0,0,0,27
2026-10-02,CIVINT/STIC,DOCUMENTO,CIVINT-STIC-U04,João Rascunho,8,0,4,8,6,0,0,5,0,0,1,31
2026-10-02,CIVINT/STIC,DOCUMENTO,CIVINT-STIC-U05,Karina Ensaio,6,0,4,13,2,0,0,7,0,1,0,32
2026-10-02,CIVINT/STIC,DOCUMENTO,CIVINT-STIC-U06,Lucas Esboço,3,0,5,7,5,0,0,4,0,0,0,24
2026-10-02,CIVINT/STIC,DOCUMENTO,CIVINT-STIC-U07,Marina Maquete,4,0,6,8,6,0,0,2,0,0,0,26
2026-10-02,CIVINT/STIC,DOCUMENTO,CIVINT-STIC-U08,Nelson Mock,11,0,8,15,7,0,0,4,0,0,1,45
2026-10-02,GABSUB3-DVT,DOCUMENTO,GABSUB3-DVT-U01,Ana Exemplo,7,0,1,3,1,2,4,0,0,0,0,18
2026-10-02,GABSUB3-DVT,DOCUMENTO,GABSUB3-DVT-U02,Bruno Teste,1,7,1,4,2,0,0,0,0,0,0,15
2026-10-02,GABSUB3-DVT,DOCUMENTO,GABSUB3-DVT-U03,Carla Modelo,0,0,2,4,1,0,0,0,0,0,0,7
2026-10-02,GABSUB3-DVT,DOCUMENTO,GABSUB3-DVT-U04,Diego Fictício,0,0,6,4,1,0,0,0,0,0,0,11
2026-10-02,GABSUB3-DVT,DOCUMENTO,GABSUB3-DVT-U05,Elisa Amostra,1,0,0,2,0,0,0,0,0,0,0,3
2026-10-02,GABSUB3-DVT,DOCUMENTO,GABSUB3-DVT-U06,Fábio Demo,2,0,0,3,2,0,0,0,0,0,0,7
2026-10-02,GABSUB3-DVT,JUDICIAL,GABSUB3-DVT-U01,Ana Exemplo,0,0,1,2,0,1,0,0,0,0,0,4
2026-10-02,GABSUB3-DVT,JUDICIAL,GABSUB3-DVT-U02,Bruno Teste,0,2,1,1,0,0,0,0,0,0,0,4
2026-10-03,CIVINT/STIC,DOCUMENTO,CIVINT-STIC-U01,Gabriela Simulada,5,33,7,9,3,33,6,2,0,0,0,98
2026-10-03,CIVINT/STIC,DOCUMENTO,CIVINT-STIC-U02,Heitor Protótipo,8,0,6,9,4,0,0,1,0,0,0,28
2026-10-03,CIVINT/STIC,DOCUMENTO,CIVINT-STIC-U03,Isabela Piloto,6,0,4,13,4,0,0,9,0,0,2,36
2026-10-03,CIVINT/STIC,DOCUMENTO,CIVINT-STIC-U04,João Rascunho,6,0,5,15,3,0,0,4,1,1,0,34
2026-10-03,CIVINT/STIC,DOCUMENTO,CIVINT-STIC-U05,Karina Ensaio,1,0,3,11,8,0,0,4,0,0,0,27
2026-10-03,CIVINT/STIC,DOCUMENTO,CIVINT-STIC-U06,Lucas Esboço,4,0,3,14,7,0,0,5,0,0,0,33
2026-10-03,CIVINT/STIC,DOCUMENTO,CIVINT-STIC-U07,Marina Maquete,6,0,7,11,11,0,0,6,1,1,0,42
2026-10-03,CIVINT/STIC,DOCUMENTO,CIVINT-STIC-U08,Nelson Mock,8,0,5,24,10,0,0,5,0,0,0,52
2026-10-03,CIVINT/STIC,EXTRAJUDICIAL,CIVINT-STIC-U08,Nelson Mock,0,0,0,1,0,0,0,0,0,0,0,1
2026-10-03,GABSUB3-DVT,DOCUMENTO,GABSUB3-DVT-U01,Ana Exemplo,1,0,2,2,2,1,3,1,0,0,1,12
2026-10-03,GABSUB3-DVT,DOCUMENTO,GABSUB3-DVT-U02,Bruno Teste,1,5,2,6,2,0,0,1,0,0,0,17
2026-10-03,GABSUB3-DVT,DOCUMENTO,GABSUB3-DVT-U03,Carla Modelo,1,0,0,5,4,0,0,0,0,0,0,10
2026-10-03,GABSUB3-DVT,DOCUMENTO,GABSUB3-DVT-U04,Diego Fictício,0,0,1,5,0,0,0,0,0,0,0,6
2026-10-03,GABSUB3-DVT,DOCUMENTO,GABSUB3-DVT-U05,Elisa Amostra,0,0,0,10,0,0,0,0,0,0,0,10
2026-10-03,GABSUB3-DVT,DOCUMENTO,GABSUB3-DVT-U06,Fábio Demo,2,0,2,5,3,0,0,0,0,0,0,12
2026-10-03,GABSUB3-DVT,EXTRAJUDICIAL,GABSUB3-DVT-U06,Fábio Demo,0,0,0,0,1,0,0,0,0,0,0,1
2026-10-03,GABSUB3-DVT,JUDICIAL,GABSUB3-DVT-U01,Ana Exemplo,0,0,0,0,1,1,0,0,0,0,0,2
2026-10-03,GABSUB3-DVT,JUDICIAL,GABSUB3-DVT-U02,Bruno Teste,0,1,0,0,0,0,0,0,0,0,0,1
2026-10-03,GABSUB3-DVT,JUDICIAL,GABSUB3-DVT-U05,Elisa Amostra,0,0,1,0,0,0,0,0,0,0,0,1
2026-10-04,CIVINT/STIC,DOCUMENTO,CIVINT-STIC-U01,Gabriela Simulada,4,32,5,18,8,45,11,4,0,0,0,127
2026-10-04,CIVINT/STIC,DOCUMENTO,CIVINT-STIC-U02,Heitor Protótipo,5,0,6,14,6,0,0,8,0,1,0,39
2026-10-04,CIVINT/STIC,DOCUMENTO,CIVINT-STIC-U03,Isabela Piloto,7,0,9,19,9,0,0,6,1,0,1,51
2026-10-04,CIVINT/STIC,DOCUMENTO,CIVINT-STIC-U04,João Rascunho,6,0,5,22,10,0,0,3,1,1,0,47
2026-10-04,CIVINT/STIC,DOCUMENTO,CIVINT-STIC-U05,Karina Ensaio,4,0,5,15,11,0,0,5,0,0,2,40
2026-10-04,CIVINT/STIC,DOCUMENTO,CIVINT-STIC-U06,Lucas Esboço,11,0,7,12,10,0,0,7,0,0,2,47
2026-10-04,CIVINT/STIC,DOCUMENTO,CIVINT-STIC-U07,Marina Maquete,9,0,2,15,8,0,0,9,0,0,0,43
2026-10-04,CIVINT/STIC,DOCUMENTO,CIVINT-STIC-U08,Nelson Mock,9,0,6,14,11,0,0,4,0,0,0,44
2026-10-04,GABSUB3-DVT,DOCUMENTO,GABSUB3-DVT-U01,Ana Exemplo,4,0,2,3,0,2,1,0,0,0,0,12
2026-10-04,GABSUB3-DVT,DOCUMENTO,GABSUB3-DVT-U02,Bruno Teste,0,8,0,3,2,0,0,1,0,1,0,14
2026-10-04,GABSUB3-DVT,DOCUMENTO,GABSUB3-DVT-U03,Carla Modelo,1,0,1,5,2,0,0,0,1,1,0,10
2026-10-04,GABSUB3-DVT,DOCUMENTO,GABSUB3-DVT-U04,Diego Fictício,2,0,4,8,4,0,0,0,0,0,0,18
2026-10-04,GABSUB3-DVT,DOCUMENTO,GABSUB3-DVT-U05,Elisa Amostra,1,0,2,3,1,0,0,0,0,0,0,7
2026-10-04,GABSUB3-DVT,DOCUMENTO,GABSUB3-DVT-U06,Fábio Demo,3,0,4,5,2,0,0,0,0,0,0,14
2026-10-04,GABSUB3-DVT,JUDICIAL,GABSUB3-DVT-U01,Ana Exemplo,1,0,0,1,0,0,1,0,0,0,0,3
2026-10-04,GABSUB3-DVT,JUDICIAL,GABSUB3-DVT-U03,Carla Modelo,0,0,0,0,1,0,0,0,0,0,0,1
2026-10-04,GABSUB3-DVT,JUDICIAL,GABSUB3-DVT-U04,Diego Fictício,0,0,0,0,1,0,0,0,0,0,0,1
2026-10-05,CIVINT/STIC,DOCUMENTO,CIVINT-STIC-U01,Gabriela Simulada,4,28,6,13,7,40,8,3,0,0,0,109
2026-10-05,CIVINT/STIC,DOCUMENTO,CIVINT-STIC-U02,Heitor Protótipo,1,0,7,18,8,0,0,3,0,1,0,37
2026-10-05,CIVINT/STIC,DOCUMENTO,CIVINT-STIC-U03,Isabela Piloto,8,0,6,13,1,0,0,4,0,0,0,32
2026-10-05,CIVINT/STIC,DOCUMENTO,CIVINT-STIC-U04,João Rascunho,6,0,4,15,4,0,0,9,1,1,2,39
2026-10-05,CIVINT/STIC,DOCUMENTO,CIVINT-STIC-U05,Karina Ensaio,6,0,8,16,10,0,0,4,2,0,2,46
2026-10-05,CIVINT/STIC,DOCUMENTO,CIVINT-STIC-U06,Lucas Esboço,6,0,7,15,8,0,0,2,0,1,0,38
2026-10-05,CIVINT/STIC,DOCUMENTO,CIVINT-STIC-U07,Marina Maquete,6,0,5,17,12,0,0,7,0,0,0,47
2026-10-05,CIVINT/STIC,DOCUMENTO,CIVINT-STIC-U08,Nelson Mock,10,0,3,13,7,0,0,2,0,0,0,35
2026-10-05,CIVINT/STIC,EXTRAJUDICIAL,CIVINT-STIC-U01,Gabriela Simulada,0,1,0,0,0,0,0,0,0,0,0,1
2026-10-05,CIVINT/STIC,EXTRAJUDICIAL,CIVINT-STIC-U03,Isabela Piloto,0,0,1,0,0,0,0,0,0,0,0,1
2026-10-05,CIVINT/STIC,EXTRAJUDICIAL,CIVINT-STIC-U05,Karina Ensaio,1,0,0,0,0,0,0,1,0,0,0,2
2026-10-05,GABSUB3-DVT,DOCUMENTO,GABSUB3-DVT-U01,Ana Exemplo,1,0,2,6,0,6,0,0,1,1,0,16
2026-10-05,GABSUB3-DVT,DOCUMENTO,GABSUB3-DVT-U02,Bruno Teste,1,4,2,3,2,0,0,0,0,0,0,12
2026-10-05,GABSUB3-DVT,DOCUMENTO,GABSUB3-DVT-U03,Carla Modelo,2,0,0,2,2,0,0,0,0,0,0,6
2026-10-05,GABSUB3-DVT,DOCUMENTO,GABSUB3-DVT-U04,Diego Fictício,0,0,1,7,3,0,0,0,0,0,0,11
2026-10-05,GABSUB3-DVT,DOCUMENTO,GABSUB3-DVT-U05,Elisa Amostra,2,0,3,3,3,0,0,0,0,0,0,11
2026-10-05,GABSUB3-DVT,DOCUMENTO,GABSUB3-DVT-U06,Fábio Demo,1,0,5,6,3,0,0,0,0,0,0,15
2026-10-05,GABSUB3-DVT,JUDICIAL,GABSUB3-DVT-U01,Ana Exemplo,0,0,0,0,0,1,1,0,0,0,0,2
2026-10-05,GABSUB3-DVT,JUDICIAL,GABSUB3-DVT-U02,Bruno Teste,0,1,0,0,0,0,0,0,0,0,0,1
2026-10-05,GABSUB3-DVT,JUDICIAL,GABSUB3-DVT-U03,Carla Modelo,0,0,0,1,0,0,0,0,0,0,0,1
2026-10-05,GABSUB3-DVT,JUDICIAL,GABSUB3-DVT-U04,Diego Fictício,1,0,0,0,2,0,0,0,0,0,0,3
2026-10-06,CIVINT/STIC,DOCUMENTO,CIVINT-STIC-U01,Gabriela Simulada,6,35,10,16,11,45,11,6,1,1,1,141
2026-10-06,CIVINT/STIC,DOCUMENTO,CIVINT-STIC-U02,Heitor Protótipo,4,0,4,23,5,0,0,1,0,0,0,37
2026-10-06,CIVINT/STIC,DOCUMENTO,CIVINT-STIC-U03,Isabela Piloto,6,0,6,21,6,0,0,3,0,0,0,42
2026-10-06,CIVINT/STIC,DOCUMENTO,CIVINT-STIC-U04,João Rascunho,4,0,4,19,7,0,0,4,0,0,1,38
2026-10-06,CIVINT/STIC,DOCUMENTO,CIVINT-STIC-U05,Karina Ensaio,8,0,9,12,10,0,0,5,1,1,2,45
2026-10-06,CIVINT/STIC,DOCUMENTO,CIVINT-STIC-U06,Lucas Esboço,6,0,9,15,9,0,0,6,1,0,1,46
2026-10-06,CIVINT/STIC,DOCUMENTO,CIVINT-STIC-U07,Marina Maquete,4,0,8,19,6,0,0,7,0,0,0,44
2026-10-06,CIVINT/STIC,DOCUMENTO,CIVINT-STIC-U08,Nelson Mock,11,0,5,28,7,0,0,5,0,0,0,56
2026-10-06,CIVINT/STIC,EXTRAJUDICIAL,CIVINT-STIC-U03,Isabela Piloto,0,0,0,2,0,0,0,0,0,0,0,2
2026-10-06,CIVINT/STIC,EXTRAJUDICIAL,CIVINT-STIC-U05,Karina Ensaio,0,0,0,1,0,0,0,0,0,0,0,1
2026-10-06,CIVINT/STIC,EXTRAJUDICIAL,CIVINT-STIC-U07,Marina Maquete,1,0,0,0,0,0,0,0,0,0,0,1
2026-10-06,CIVINT/STIC,EXTRAJUDICIAL,CIVINT-STIC-U08,Nelson Mock,0,0,0,1,0,0,0,0,0,0,0,1
2026-10-06,GABSUB3-DVT,DOCUMENTO,GABSUB3-DVT-U01,Ana Exemplo,1,0,5,5,3,7,4,0,1,1,0,26
2026-10-06,GABSUB3-DVT,DOCUMENTO,GABSUB3-DVT-U02,Bruno Teste,0,8,3,4,6,0,0,1,0,0,1,22
2026-10-06,GABSUB3-DVT,DOCUMENTO,GABSUB3-DVT-U03,Carla Modelo,3,0,0,3,2,0,0,0,0,0,0,8
2026-10-06,GABSUB3-DVT,DOCUMENTO,GABSUB3-DVT-U04,Diego Fictício,1,0,4,12,0,0,0,0,0,0,0,17
2026-10-06,GABSUB3-DVT,DOCUMENTO,GABSUB3-DVT-U05,Elisa Amostra,2,0,3,3,0,0,0,0,1,0,1,9
2026-10-06,GABSUB3-DVT,DOCUMENTO,GABSUB3-DVT-U06,Fábio Demo,3,0,2,8,3,0,0,0,0,0,0,16
2026-10-06,GABSUB3-DVT,JUDICIAL,GABSUB3-DVT-U01,Ana Exemplo,0,0,1,1,0,0,0,0,0,0,0,2
2026-10-06,GABSUB3-DVT,JUDICIAL,GABSUB3-DVT-U02,Bruno Teste,0,0,1,0,0,0,0,0,0,0,0,1
2026-10-06,GABSUB3-DVT,JUDICIAL,GABSUB3-DVT-U03,Carla Modelo,0,0,1,1,1,0,0,0,0,0,0,3
2026-10-06,GABSUB3-DVT,JUDICIAL,GABSUB3-DVT-U06,Fábio Demo,0,0,1,0,1,0,0,0,0,0,0,2
2026-10-07,CIVINT/STIC,DOCUMENTO,CIVINT-STIC-U01,Gabriela Simulada,10,86,7,23,14,78,11,24,4,6,10,257
2026-10-07,CIVINT/STIC,DOCUMENTO,CIVINT-STIC-U02,Heitor Protótipo,7,0,10,28,21,0,0,21,4,4,11,91
2026-10-07,CIVINT/STIC,DOCUMENTO,CIVINT-STIC-U03,Isabela Piloto,15,0,14,31,12,0,0,10,8,6,8,90
2026-10-07,CIVINT/STIC,DOCUMENTO,CIVINT-STIC-U04,João Rascunho,11,0,10,23,13,0,0,14,5,7,5,76
2026-10-07,CIVINT/STIC,DOCUMENTO,CIVINT-STIC-U05,Karina Ensaio,7,0,12,28,11,0,0,17,9,16,6,84
2026-10-07,CIVINT/STIC,DOCUMENTO,CIVINT-STIC-U06,Lucas Esboço,10,0,7,25,14,0,0,22,5,8,14,83
2026-10-07,CIVINT/STIC,DOCUMENTO,CIVINT-STIC-U07,Marina Maquete,6,0,16,25,16,0,0,18,6,4,14,87
2026-10-07,CIVINT/STIC,DOCUMENTO,CIVINT-STIC-U08,Nelson Mock,13,0,11,33,15,0,0,21,8,15,10,101
2026-10-07,CIVINT/STIC,EXTRAJUDICIAL,CIVINT-STIC-U01,Gabriela Simulada,0,1,0,0,0,1,0,0,0,0,0,2
2026-10-07,CIVINT/STIC,EXTRAJUDICIAL,CIVINT-STIC-U07,Marina Maquete,0,0,0,0,1,0,0,0,0,0,0,1
2026-10-07,GABSUB3-DVT,DOCUMENTO,GABSUB3-DVT-U01,Ana Exemplo,0,0,5,7,1,3,2,1,0,0,1,19
2026-10-07,GABSUB3-DVT,DOCUMENTO,GABSUB3-DVT-U02,Bruno Teste,4,11,2,8,1,0,0,0,0,0,0,26
2026-10-07,GABSUB3-DVT,DOCUMENTO,GABSUB3-DVT-U03,Carla Modelo,1,0,3,5,1,0,0,3,1,2,2,14
2026-10-07,GABSUB3-DVT,DOCUMENTO,GABSUB3-DVT-U04,Diego Fictício,1,0,7,7,3,0,0,2,0,0,2,20
2026-10-07,GABSUB3-DVT,DOCUMENTO,GABSUB3-DVT-U05,Elisa Amostra,1,0,2,12,3,0,0,2,1,1,2,21
2026-10-07,GABSUB3-DVT,DOCUMENTO,GABSUB3-DVT-U06,Fábio Demo,0,0,1,11,5,0,0,0,0,0,0,17
2026-10-07,GABSUB3-DVT,JUDICIAL,GABSUB3-DVT-U01,Ana Exemplo,0,0,0,1,0,2,0,0,1,0,1,4
2026-10-07,GABSUB3-DVT,JUDICIAL,GABSUB3-DVT-U02,Bruno Teste,0,0,0,1,0,0,0,0,0,0,0,1
2026-10-07,GABSUB3-DVT,JUDICIAL,GABSUB3-DVT-U05,Elisa Amostra,0,0,0,0,1,0,0,0,0,0,0,1
2026-10-07,GABSUB3-DVT,JUDICIAL,GABSUB3-DVT-U06,Fábio Demo,0,0,0,0,0,0,0,1,0,1,0,1
